version_id,total_number_of_taps,total_number_of_taps_broken,total_number_of_toilet_blocks,has_mixed_gender_blocks,total_male_student_toilets,total_male_student_toilets_working,total_male_student_toilets_broken,total_female_student_toilets,total_female_student_toilets_working,total_female_student_toilets_broken,total_male_teacher_toilets,total_male_teacher_toilets_working,total_male_teacher_toilets_broken,total_female_teacher_toilets,total_female_teacher_toilets_working,total_female_teacher_toilets_broken,number_toilet_blocks_that_have_soap,number_of_toilet_blocks_that_have_sanitary_bins,number_of_toilet_blocks_that_have_toiletpaper
LrmX8FAuJMKckWE6c,3,2,2,f,12.0,12.0,0.0,12.0,12.0,0.0,,,,,,,,,
H2wSN9EFbKzeSGjCh,26,10,8,f,11.0,6.0,5.0,12.0,8.0,4.0,,,,3.0,3,0.0,2,6,2
EbrJ8dHAyrQTpSaNj,47,14,14,t,14.5,11.5,3.0,21.5,16.5,5.0,2.0,2.0,0.0,3.0,3,0.0,6,6,5
SNuf4DBJszmQrAzS4,10,1,3,f,9.0,7.0,2.0,15.0,15.0,0.0,1.0,1.0,0.0,2.0,2,0.0,1,,1
JMwctXTYdunvweNYD,46,1,12,f,18.0,17.0,1.0,24.0,24.0,0.0,,,,,,,1,,
YLYWLt3BFmbGuRHBQ,14,14,4,f,8.0,7.0,1.0,11.0,11.0,0.0,,,,,,,3,,3
yAYPTyMxnk5pj2zT9,9,2,3,f,3.0,2.0,1.0,8.0,7.0,1.0,,,,,,,,2,
ZrghZT93L2bSWSofg,,,2,f,,,,0.0,0.0,0.0,,,,,,,,,2
esLPjFoMCrf7aGwqS,,,5,f,2.0,2.0,0.0,,,,0.0,0.0,0.0,0.0,0,0.0,,,
uyB7xpWYkTuuhsLzS,,,4,f,0.0,0.0,0.0,0.0,0.0,0.0,0.0,0.0,0.0,0.0,0,0.0,4,4,4
qNgGZm2CTNoa336qY,13,3,4,f,10.0,7.0,3.0,8.0,8.0,0.0,5.0,5.0,0.0,7.0,7,0.0,,,
2gqMBsR5BKHB3TEv6,30,0,10,f,16.0,16.0,0.0,24.0,24.0,0.0,4.0,4.0,0.0,6.0,6,0.0,,,
A9g2JXbafa9hggA23,14,4,5,f,10.0,6.0,4.0,11.0,7.0,4.0,1.0,1.0,0.0,2.0,2,0.0,,,
NY3CpQoLXKGkXkq8b,51,0,13,f,6.0,6.0,0.0,8.0,8.0,0.0,2.0,2.0,0.0,3.0,3,0.0,2,1,2
JpDqQfLuuC9qJrici,28,0,4,f,13.0,13.0,0.0,15.0,15.0,0.0,2.0,2.0,0.0,2.0,2,0.0,4,,4
hk4XMrnHxTastfL7s,6,3,2,f,11.0,8.0,3.0,18.0,12.0,6.0,,,,,,,,,
KrNZ7H2XmHuPpHRrN,,,2,f,0.0,0.0,0.0,0.0,0.0,0.0,,,,,,,,1,
6XmRH2cDbjXJd8Zri,18,11,4,f,8.0,6.0,2.0,10.0,7.0,3.0,,,,,,,,,
srdTLx3pxML3nwKPr,,,1,f,,,,,,,,,,,,,,,
rRCnvnKF3KB68xQfw,,,10,f,15.0,14.0,1.0,16.0,14.0,2.0,,,,4.0,3,1.0,,4,10
hTroeBPPurCSNxDGe,24,0,6,f,10.0,8.0,2.0,12.0,12.0,0.0,,,,,,,,1,
xuTGawqPYaYusxnm8,27,3,10,f,14.0,14.0,0.0,24.0,22.0,2.0,,,,,,,,,
pRKnFJGLubdAiTZEy,16,4,1,f,6.5,5.0,1.5,6.5,5.0,1.5,,,,,,,,,1
qs4DrHmATWN59Tptg,10,4,2,f,10.0,6.0,4.0,16.0,12.0,4.0,,,,,,,,,
Rvf9JkpRBRozBsyiq,,,1,f,,,,,,,,,,,,,,,
7Lt26udxHfpKtyAwY,,,1,f,,,,,,,,,,,,,,,
hJppCjP9YgzQPhsxp,14,1,4,f,6.0,5.0,1.0,11.0,9.0,2.0,,,,,,,,,
hrfAaJLuuBvdukdf9,14,4,6,f,11.0,8.0,3.0,15.0,10.0,5.0,1.0,1.0,0.0,1.0,1,0.0,,,
Ch6HJ6DZmFCYxKkww,12,6,2,f,6.0,3.0,3.0,5.0,5.0,0.0,,,,,,,,,
aMRD37JGNEmrz9FZ9,33,2,6,f,11.0,11.0,0.0,11.0,9.0,2.0,2.0,2.0,0.0,3.0,3,0.0,2,1,4
Pye3fvQETS2TCPKyt,0,2,4,f,6.0,4.0,2.0,11.0,7.0,4.0,,,,,,,,,
tDKj5hfjzok3tbGs9,30,18,10,f,17.0,8.0,9.0,26.0,11.0,15.0,,,,,,,,,
q7vvj7t7uptnim45G,29,5,7,f,12.0,10.0,2.0,23.0,21.0,2.0,2.0,2.0,0.0,2.0,2,0.0,5,2,3
giGaTXuXxZQxCGaMd,7,0,2,f,6.0,6.0,0.0,8.0,6.0,2.0,,,,,,,,,
dnFyeB4sC6kfmj2Q6,33,13,10,f,15.0,9.0,6.0,20.0,7.0,13.0,,,,,,,,5,
Z9wz3QcLwmRfGuaeT,24,20,12,f,18.0,2.0,16.0,28.0,3.0,25.0,,,,,,,,,
Acd6f7D8RbhpthZHN,24,0,8,f,17.0,16.0,1.0,20.0,20.0,0.0,,,,,,,,,
ghEZdTPoThhpWNWiw,17,0,7,f,6.5,6.5,0.0,8.5,8.5,0.0,1.0,1.0,0.0,2.0,2,0.0,2,3,7
Q2SemXMcpEX5NfYsD,27,5,6,f,16.0,16.0,0.0,16.0,16.0,0.0,2.0,2.0,0.0,2.0,2,0.0,2,2,2
922NEXkq8CZy6PH7L,18,0,6,f,9.0,9.0,0.0,9.0,9.0,0.0,,,,,,,,3,
gPuKrSrjRHYQAhofp,28,0,6,f,,,,,,,,,,,,,4,3,6
2rqTjwusZ8tc8nbYt,33,0,4,f,11.0,11.0,0.0,18.0,16.0,2.0,,,,,,,,,
6nyrh8pzbNxMHyu4J,15,0,10,t,5.0,5.0,0.0,5.0,5.0,0.0,,,,5.0,5,0.0,5,,9
ocFaNqXzeBvD5hiAZ,16,5,2,f,6.0,6.0,0.0,12.0,12.0,0.0,,,,,,,1,1,1
3uXaw9N4tJkFZKXSt,29,5,10,f,10.0,10.0,0.0,18.0,17.0,1.0,3.0,3.0,0.0,3.0,2,1.0,2,1,10
wfdMKsnKg56v7y6uJ,24,0,2,f,11.0,9.0,2.0,15.0,12.0,3.0,,,,,,,1,1,1
8EkWbb3qMosGvaWyT,22,0,4,f,20.0,20.0,0.0,20.0,20.0,0.0,,,,,,,,,
QBmBALzw89kwmHz2B,14,7,3,f,18.0,17.0,1.0,16.0,13.0,3.0,,,,,,,,,
5PhvChXDzSoaBymWp,22,14,8,f,12.0,4.0,8.0,18.0,3.0,15.0,,,,,,,,2,
METTMMRQRhoWxKdRt,,,2,f,0.0,0.0,0.0,0.0,0.0,0.0,,,,,,,,1,2
Zyuc4wPBmxQPcNyjF,10,3,6,f,19.0,8.0,11.0,8.0,6.0,2.0,4.0,4.0,0.0,4.0,4,0.0,2,,
bPfY5thaXn4EAdkXw,6,0,8,f,20.0,18.0,2.0,13.0,11.0,2.0,3.0,3.0,0.0,4.0,4,0.0,1,1,2
yuLFP8PQcXB6aAAm6,6,0,2,f,7.0,5.0,2.0,0.0,0.0,0.0,,,,,,,,1,
JeGKrkaqdgboxbxAd,,,4,f,5.0,4.0,1.0,6.0,4.0,2.0,1.0,1.0,0.0,1.0,1,0.0,2,1,2
fXPmfwBo9N6rx7mLh,16,9,8,f,12.0,10.0,2.0,20.0,17.0,3.0,,,,,,,,,3
6yXgt6quvcZfmQiWf,,,1,f,,,,,,,,,,,,,,,
FkDMg4ekjDHWExDuv,8,1,12,f,18.0,17.0,1.0,24.0,23.0,1.0,,,,,,,,,
y8vNYzZpy3A9BHx6W,16,4,8,f,8.0,8.0,0.0,16.0,12.0,4.0,,,,,,,,,8
HMfiK9msnxvBpZRTv,5,0,3,f,6.5,6.5,0.0,6.5,6.5,0.0,4.0,4.0,0.0,6.0,6,0.0,,,1
bf5Ltec4dXsz7pEX9,16,1,5,f,10.0,9.0,1.0,12.0,12.0,0.0,,,,,,,,,1
Dddj3YJBuiuGmAQFQ,11,1,4,f,6.0,4.0,2.0,7.0,7.0,0.0,1.0,1.0,0.0,1.0,1,0.0,1,,1
AQmqsTKLbbQgfAmzP,18,14,8,f,11.0,3.0,8.0,16.0,6.0,10.0,,,,,,,,,
mu6wNPMzZ754NLLnE,19,7,8,f,12.0,5.0,7.0,19.0,11.0,8.0,,,,,,,,,
wDCWL3rxm6NDcHY37,62,0,13,t,13.5,13.5,0.0,30.5,28.5,2.0,,,,1.0,1,0.0,,,
opzRuPL9N8RSzCNsi,24,24,6,f,12.0,0.0,12.0,15.0,0.0,15.0,,,,,,,,1,
y3Rzmw2pDYqioZ8WC,21,1,5,f,13.0,13.0,0.0,16.0,16.0,0.0,1.0,1.0,0.0,2.0,2,0.0,,,
S3LbwsmZGkiiekXEX,24,1,8,f,11.0,9.0,2.0,20.0,9.0,11.0,,,,,,,,,
pamnvbjX3nHtQtv4D,31,23,2,f,20.0,19.0,1.0,20.0,20.0,0.0,,,,,,,,,
SeRiR2xnt35DWtRzX,19,0,6,f,10.0,10.0,0.0,12.0,12.0,0.0,,,,1.0,1,0.0,,1,
Y2gH7TZojYSgJ6J3i,24,1,8,f,22.0,17.0,5.0,19.0,15.0,4.0,,,,,,,,,
HKHTs5NYM9YcNKmA3,8,2,2,f,7.0,7.0,0.0,7.0,7.0,0.0,,,,,,,,,
n9gEojJ6K5eKYJ4c2,21,8,2,f,8.0,8.0,0.0,13.0,10.0,3.0,,,,,,,1,,1
GaE7jrBwPxNR4AK72,7,4,4,f,10.0,6.0,4.0,13.0,9.0,4.0,,,,,,,,2,4
EtHDHYs97BCxasggi,4,0,8,f,12.0,12.0,0.0,12.0,12.0,0.0,2.0,2.0,0.0,2.0,2,0.0,8,2,4
2zRbjDBfz4zB8Tv6q,24,2,8,f,16.0,16.0,0.0,16.0,14.0,2.0,,,,,,,,,
EtsNuLzuvqcqdM943,13,5,5,f,8.0,8.0,0.0,9.0,9.0,0.0,4.0,4.0,0.0,4.0,3,1.0,,,
syBSsyuaG3J2rk8ky,22,0,6,f,10.0,10.0,0.0,14.0,14.0,0.0,,,,,,,,,
MrCRY4JkG2RtXRzjf,17,5,3,f,3.0,2.0,1.0,8.0,7.0,1.0,5.0,5.0,0.0,10.0,10,0.0,1,2,1
HushLZncKDsTyJhfN,12,2,4,f,5.0,2.0,3.0,6.0,4.0,2.0,2.0,2.0,0.0,2.0,2,0.0,1,2,2
FEAD8jBu7LbHezy2j,34,6,11,f,12.0,6.0,6.0,16.0,11.0,5.0,,,,,,,,,
656hyBavtd4QHF6yx,21,5,2,f,6.0,6.0,0.0,18.0,14.0,4.0,,,,,,,,1,2
LD7hazozFmAuLNBgP,20,7,5,f,6.0,5.0,1.0,15.0,15.0,0.0,,,,,,,,,
X4uSNwu6z2y2MdNwA,23,12,5,f,17.0,10.0,7.0,9.0,8.0,1.0,,,,,,,3,,
jR3LMPDnnHi7xvLcp,25,4,2,f,14.0,14.0,0.0,14.0,14.0,0.0,,,,,,,,,
RKz4SAhiQgbHCmTpZ,,,1,f,,,,,,,,,,,,,,,
8Q8hLajqT7vMWrbeA,,,1,f,,,,,,,,,,,,,,,
dLHdmSdFbLWF2kJqy,,,1,f,,,,,,,,,,,,,,,
fkuEy7WKs5HL2NM6z,0,0,2,f,8.0,8.0,0.0,8.0,8.0,0.0,,,,,,,,,
gZKefKr3T7kQ7yZdd,6,0,2,f,6.0,5.0,1.0,9.0,8.0,1.0,,,,,,,,,
jSDZSbr7cMPKgibe7,42,5,6,f,15.0,15.0,0.0,16.0,16.0,0.0,2.0,2.0,0.0,2.0,2,0.0,,,
DwG2tAAFC8W79Ckxx,16,0,4,f,16.0,11.0,5.0,17.0,16.0,1.0,,,,,,,,,
7jdhLaYzWcCtFduQg,12,0,4,f,,,,,,,,,,,,,,,
WszeF9gAuQuHMNHLC,,,4,f,15.0,12.0,3.0,24.0,24.0,0.0,,,,,,,,,
4avNjjRgrzrEpwKMN,13,3,2,f,14.0,14.0,0.0,19.0,18.0,1.0,,,,,,,,1,
93KanXF8i8wGs4YKw,26,4,6,f,10.0,10.0,0.0,14.0,14.0,0.0,,,,,,,,,
Hjqy94n4PwNqwN5uA,8,1,2,f,5.0,1.0,4.0,7.0,7.0,0.0,,,,,,,,,
g6orxjw6EmCqYup83,24,15,8,f,11.0,6.0,5.0,19.0,13.0,6.0,,,,,,,,,2
S47bpHzXts94zC2ke,14,7,4,f,8.0,4.0,4.0,11.0,8.0,3.0,,,,,,,,,
Tnm69CSqqbdHg9obr,14,5,4,f,11.0,10.0,1.0,11.0,4.0,7.0,6.0,3.0,3.0,6.0,3,3.0,2,3,2
MYuCFef7Fjt8yRX8d,29,5,4,f,9.0,8.0,1.0,33.0,33.0,0.0,,,,,,,,,2
3CZM6LyxfbGxQ676w,39,1,15,t,27.5,15.0,12.5,35.5,21.0,14.5,2.5,2.5,0.0,4.0,4,0.0,3,3,5
k652o58moXsybbDfm,10,2,8,f,12.0,7.0,5.0,15.0,9.0,6.0,,,,,,,,,
RHG8484wnsaqifrig,,,2,f,0.0,0.0,0.0,0.0,0.0,0.0,,,,,,,,,
ogTK6SAt8Ndg38xPc,8,0,2,f,6.0,5.0,1.0,7.0,5.0,2.0,,,,,,,1,,2
vPSPXjGpC6ABc9Szc,,,2,f,,,,,,,,,,,,,,,
hBG3H9epZYnScCbtp,3,4,9,t,7.5,7.5,0.0,18.5,18.5,0.0,2.0,2.0,0.0,5.0,5,0.0,2,4,2
ayNNoGKj3iCnECzSg,35,0,4,f,17.0,16.0,1.0,24.0,24.0,0.0,,,,,,,,2,4
BwK89vufnm6iCSJhQ,10,3,2,f,9.0,3.0,6.0,12.0,12.0,0.0,,,,,,,,,
rCApJ97XLJY5xuoJY,,,3,f,6.0,5.0,1.0,6.0,6.0,0.0,3.5,3.5,0.0,7.0,7,0.0,,,
myEbntbNmwtRJAXXn,,11,4,f,8.0,4.0,4.0,8.0,8.0,0.0,,,,,,,,,
WeXHdZMumEMFyckHq,14,4,4,f,10.0,8.0,2.0,12.0,8.0,4.0,3.0,2.0,1.0,5.0,5,0.0,,,
KhtEcF9mnhkNyqnW3,8,5,2,f,10.0,8.0,2.0,11.0,9.0,2.0,,,,,,,,,
95AYoAp6AiYz3KZ2t,29,1,3,f,20.0,18.0,2.0,8.0,8.0,0.0,,,,,,,,1,
aQ4BMeoFWmo4HrHqF,8,6,4,f,6.0,2.0,4.0,8.0,3.0,5.0,1.0,1.0,0.0,1.0,1,0.0,,2,
AHHiQixZscHdnSQpM,8,2,2,f,,,,,,,,,,,,,,,
eiaeXipXaywPNGZ7X,28,13,4,f,14.0,13.0,1.0,22.0,21.0,1.0,,,,,,,2,2,4
drsWF9n9G7CxbrANB,40,0,4,f,24.0,24.0,0.0,24.0,23.0,1.0,,,,,,,1,,
XYLgc3p2tmFJ6nGJb,18,9,5,f,14.0,14.0,0.0,14.0,8.0,6.0,,,,,,,1,1,5
Sa8QfeRArxjpbStqt,21,17,8,f,12.0,8.0,4.0,12.0,0.0,12.0,,,,,,,,,
bMEYkfLEMjEHiTFux,0,0,2,f,,,,,,,,,,,,,,2,
ZQvS49GgfM6XNnqij,56,41,6,f,36.0,18.0,18.0,48.0,20.0,28.0,2.0,2.0,0.0,4.0,4,0.0,2,2,6
3tbjfT8zZ2fPGfiwc,24,24,8,f,12.0,7.0,5.0,15.0,9.0,6.0,,,,,,,,2,
E7KSgcfSqaoDb5BEE,25,0,4,f,14.0,14.0,0.0,11.0,11.0,0.0,,,,,,,4,2,4
68f6ufafjEtTD87dK,30,3,10,f,15.0,12.0,3.0,25.0,19.0,6.0,,,,,,,,5,
eaN2HpTXfZTyuJHLY,20,0,5,t,15.0,15.0,0.0,15.0,15.0,0.0,3.5,3.5,0.0,7.0,7,0.0,1,,
A7HS55Lmpv7eWduhv,38,8,7,t,11.0,9.0,2.0,24.0,20.0,4.0,2.5,2.5,0.0,5.0,5,0.0,2,5,2
xsLXqpcynPeYTwiXE,44,28,4,f,22.0,9.0,13.0,22.0,13.0,9.0,,,,,,,,,
efr9txWNfPHw3AhD7,,,4,f,0.0,0.0,0.0,0.0,0.0,0.0,0.0,0.0,0.0,0.0,0,0.0,2,2,4
GQPE7rurt9bb7DM5a,17,0,5,f,11.0,11.0,0.0,16.0,16.0,0.0,1.0,1.0,0.0,4.0,4,0.0,,1,3
tMjiiRvEEAsNmSJGx,,,2,f,6.0,6.0,0.0,7.0,6.0,1.0,,,,,,,,,
bAExKd8RN5BhHzb3z,,2,5,f,9.0,9.0,0.0,12.0,12.0,0.0,1.0,1.0,0.0,,,,,,
RfniT8dpTobMmBWDg,,,1,f,,,,,,,,,,,,,,,
uvAsG8PGNZNED5pxz,,,6,f,20.0,19.0,1.0,24.0,22.0,2.0,2.0,2.0,0.0,2.0,2,0.0,2,2,6
tkbM3Jp4KjPx4H5qC,37,0,12,f,18.0,15.0,3.0,30.0,21.0,9.0,,,,,,,,,
A82Sqxg6dWo9BjRw7,,,2,f,0.0,0.0,0.0,0.0,0.0,0.0,,,,,,,,,2
4F5Qwq5cmL34WsvHP,8,2,2,f,6.0,4.0,2.0,7.0,5.0,2.0,,,,,,,,,1
gpABZNKAeZxGARLNE,12,1,2,f,4.0,4.0,0.0,6.0,6.0,0.0,,,,,,,,,
x39JZC9Q749pXeEbY,39,0,13,f,15.0,15.0,0.0,20.0,20.0,0.0,2.0,2.0,0.0,4.0,4,0.0,13,1,13
mobhBo8uKGxkvNsjR,13,10,4,f,21.0,3.0,18.0,21.0,2.0,19.0,3.0,2.0,1.0,2.0,2,0.0,,,
BpGigPup4eyijh28x,22,6,10,f,17.0,7.0,10.0,21.0,14.0,7.0,3.0,3.0,0.0,5.0,4,1.0,4,3,6
sfgS3CrJFoTBvFQ72,21,3,4,f,10.0,10.0,0.0,30.0,18.0,12.0,,,,,,,,2,
eg2P5ZFGTcwctmdcA,1,1,2,f,7.0,7.0,0.0,7.0,4.0,3.0,,,,,,,,,
Kqq9XsRqsRQM6PjGn,11,3,4,f,10.0,9.0,1.0,12.0,6.0,6.0,,,,,,,,,
q7rLbRb4nxtPxfoSc,27,6,4,f,22.0,21.0,1.0,22.0,22.0,0.0,2.0,2.0,0.0,2.0,2,0.0,2,2,2
vQsgY2cMuHRHHxN5X,10,0,2,f,12.0,12.0,0.0,20.0,20.0,0.0,,,,,,,,1,
cDYo2z98FGZzNHPMM,5,1,2,f,7.0,6.0,1.0,10.0,8.0,2.0,,,,,,,,,
Qzm8u4imxajBRWLE5,11,6,8,f,4.0,3.0,1.0,11.0,10.0,1.0,,,,,,,,1,
9NYELJLrE2z96eKGu,24,2,8,f,9.0,9.0,0.0,23.0,21.0,2.0,,,,,,,,4,
EyHGQ2ctZRGcPQ4Lc,15,2,3,f,8.0,7.0,1.0,8.0,5.0,3.0,,,,,,,,,
E4srgmkj2uCu4Coxb,,,4,f,20.0,20.0,0.0,20.0,20.0,0.0,,,,,,,,,
4zo5MNwbBvTPykbFg,18,5,8,t,7.0,6.0,1.0,10.0,9.0,1.0,1.0,1.0,0.0,2.0,2,0.0,1,3,4
vZkChYaMACHarXWxC,41,8,8,f,21.0,21.0,0.0,9.0,9.0,0.0,5.0,5.0,0.0,7.0,7,0.0,4,2,3
tdRzrm36MQJ2raFea,21,2,7,f,10.0,9.0,1.0,12.0,12.0,0.0,,,,,,,,2,
HE7QyZrdjZD4TwigW,40,12,11,f,18.0,11.0,7.0,20.0,13.0,7.0,,,,,,,,,
P4wqK6rnJQahfhFTr,18,1,9,f,17.0,14.0,3.0,12.0,10.0,2.0,2.0,2.0,0.0,2.0,2,0.0,2,2,2
qCqx8rN4JLCHpEwF4,32,3,6,f,13.0,13.0,0.0,14.0,14.0,0.0,2.0,2.0,0.0,2.0,2,0.0,6,3,6
u2mAvGSYipuFCETW2,8,4,4,f,17.0,8.0,9.0,23.0,8.0,15.0,,,,,,,,1,
ra2zX3jjBPguj6bc3,24,0,5,t,16.0,11.5,4.5,16.0,11.5,4.5,9.5,7.5,2.0,17.0,15,2.0,2,5,2
ZQpQXXcpAjvZC2ony,3,0,3,f,5.0,5.0,0.0,7.0,7.0,0.0,1.0,1.0,0.0,,,,2,2,
3XdLNoiuCRA5T5Dfc,13,3,11,f,21.0,16.0,5.0,9.0,8.0,1.0,1.0,1.0,0.0,3.0,3,0.0,6,,5
ojqksxwnmxWXpM8n6,21,0,6,f,8.0,8.0,0.0,13.0,13.0,0.0,,,,,,,6,1,
Gfj3WRS3Y8w4dmyph,30,9,10,f,12.0,12.0,0.0,17.0,16.0,1.0,8.0,8.0,0.0,12.0,12,0.0,9,5,10
PySjA6yQMoXAyS2z8,4,2,4,f,10.0,7.0,3.0,12.0,9.0,3.0,,,,,,,2,,2
CoWKa7AHpYehwgjN4,4,3,2,f,6.0,4.0,2.0,8.0,7.0,1.0,,,,,,,,,
FpTsqHm4D3ttwK8dY,6,1,2,f,6.0,4.0,2.0,8.0,3.0,5.0,,,,,,,,,
tqMTBWRbAuYsAqATz,36,2,8,f,12.0,12.0,0.0,16.0,15.0,1.0,,,,,,,,4,
8FucY8f4FTzL2XmhY,24,18,8,f,12.0,1.0,11.0,18.0,5.0,13.0,,,,,,,,,
qsXPNNQE3pWkdTbfb,32,27,7,f,7.0,1.0,6.0,14.0,1.0,13.0,9.0,3.0,6.0,,,,2,,3
3acdePaA3PaTzXLaP,8,0,2,f,7.0,6.0,1.0,8.0,3.0,5.0,,,,,,,,,
ZgR4zqFothSycL9hz,10,0,4,f,10.0,10.0,0.0,12.0,9.0,3.0,,,,,,,,,
Qmhp6bLYHrRTc42wc,34,13,8,t,8.0,8.0,0.0,9.0,9.0,0.0,3.0,3.0,0.0,6.0,6,0.0,2,1,4
qYqekSfSRExjXJrGM,15,6,10,f,15.0,15.0,0.0,24.0,22.0,2.0,,,,,,,,,
74LtY73iZk5nAgKN4,19,10,5,f,12.0,5.0,7.0,13.0,10.0,3.0,,,,,,,,,
6ZNqRnThWfJTjmtzh,20,12,6,f,15.0,11.0,4.0,16.0,16.0,0.0,2.0,2.0,0.0,2.0,2,0.0,6,3,5
KDmkojmtPfcEEQ3vv,10,4,4,f,6.0,2.0,4.0,10.0,8.0,2.0,,,,,,,,,
r5bdwdb45e7jr6JZB,25,1,8,f,12.0,12.0,0.0,19.0,17.0,2.0,,,,,,,8,,8
BL89Y49hLjtAgtj9C,19,4,6,f,7.0,5.0,2.0,15.0,12.0,3.0,,,,,,,1,1,1
o6KRqZ8m5YyPCmxEu,23,0,5,t,16.0,15.0,1.0,9.0,9.0,0.0,3.0,3.0,0.0,6.0,6,0.0,1,1,1
GdT4e3QnaH2fX4vAA,19,6,6,f,12.0,8.0,4.0,15.0,14.0,1.0,,,,,,,,3,
pqm6NksjcwAhrDwyH,16,1,4,f,14.0,12.0,2.0,14.0,11.0,3.0,,,,,,,,,
sfN5HAvKti5hRvPxZ,4,0,4,f,8.0,8.0,0.0,8.0,8.0,0.0,,,,,,,,,
XTL9gvLr9S2MmMsjJ,24,12,8,f,15.0,14.0,1.0,20.0,16.0,4.0,,,,,,,,1,7
uiiC6LpdXHBickDqX,13,1,2,f,6.0,6.0,0.0,8.0,8.0,0.0,,,,,,,,,
SDQzcRxtroyWa7uGB,8,2,4,f,10.0,7.0,3.0,11.0,11.0,0.0,,,,,,,,,
ufaeHuMMa97ge5aCK,13,4,2,f,13.0,13.0,0.0,,,,,,,,,,,,
sXauHMaoiXsoSamWK,8,3,2,f,6.0,6.0,0.0,8.0,7.0,1.0,,,,,,,,,2
MYybcL4ntNLDfPjZt,,,1,f,0.0,0.0,0.0,,,,,,,,,,1,,1
dmcSwWf7Zcge6eHR8,48,18,12,f,24.0,19.0,5.0,36.0,27.0,9.0,,,,,,,,6,
5QzLWMPF8grmhh3G5,24,10,6,f,15.0,14.0,1.0,21.0,3.0,18.0,,,,,,,,,
NTo8EK8jnLkjB93Hd,31,0,8,f,11.0,11.0,0.0,19.0,19.0,0.0,3.0,3.0,0.0,3.0,3,0.0,2,2,2
5iHufHeS6B2XBsHTB,9,0,11,f,,,,,,,,,,,,,10,3,2
8TjXzm5mqedTkvZ5n,34,10,8,f,13.0,11.0,2.0,19.0,14.0,5.0,2.0,2.0,0.0,2.0,2,0.0,2,,2
r8FrZJWZGiB9zPmmc,19,2,4,f,14.0,14.0,0.0,14.0,9.0,5.0,,,,,,,,,
ZMuo7tqss7QrYPuwZ,4,0,2,f,8.0,8.0,0.0,8.0,8.0,0.0,,,,,,,,,
HZFjNDTejF5ga78Sx,8,3,2,f,6.0,6.0,0.0,7.0,7.0,0.0,,,,,,,,,
7sAKJvmox8vK6GJBv,24,0,8,f,18.0,11.0,7.0,20.0,18.0,2.0,,,,,,,,,8
8pdqiKPuW9emmvdMA,17,3,4,f,16.0,15.0,1.0,4.0,4.0,0.0,,,,2.0,2,0.0,2,1,2
MtKWmrDmPtx6hTjXm,6,0,2,f,6.0,6.0,0.0,7.0,7.0,0.0,,,,,,,,,
J8iGazpt3MwprEvbp,21,7,6,f,8.0,8.0,0.0,15.0,14.0,1.0,,,,,,,,,
Ayck7PmsY3mNr3gZQ,6,1,2,f,5.0,2.0,3.0,6.0,5.0,1.0,,,,,,,,2,
6iixm3MYropadAMjX,13,0,4,f,14.0,11.0,3.0,13.0,4.0,9.0,,,,,,,,2,
qqTGPEnmDQRrarBSw,68,1,13,t,20.0,19.0,1.0,24.0,22.0,2.0,,,,1.0,1,0.0,,,
4z6ESappfnPWNQ98D,18,8,6,f,9.0,5.0,4.0,12.0,7.0,5.0,,,,,,,,2,
2smWdy5ZETPXoRrYG,14,1,4,f,8.0,7.0,1.0,8.0,6.0,2.0,3.0,3.0,0.0,4.0,4,0.0,2,,
eqJ28tbWRDYX6YPkp,17,0,5,f,4.0,4.0,0.0,8.0,6.0,2.0,4.0,4.0,0.0,4.0,4,0.0,1,,5
rgipwMLK9skQK2EuA,12,3,5,f,11.0,7.0,4.0,6.0,6.0,0.0,2.0,2.0,0.0,3.0,3,0.0,1,,1
bEf9GjYAyqAqY3bhw,38,24,10,f,16.0,4.0,12.0,16.0,4.0,12.0,4.0,4.0,0.0,4.0,4,0.0,2,5,2
6cFA5fAxPtQzaP5bz,41,8,8,f,21.0,21.0,0.0,9.0,9.0,0.0,5.0,5.0,0.0,7.0,7,0.0,4,2,3
2G6DH4Aiu8dpRQyrD,60,4,14,f,27.0,26.0,1.0,28.0,26.0,2.0,,,,,,,,5,
LTccQvtsRbQdnvd4x,32,18,7,f,17.0,11.0,6.0,26.0,19.0,7.0,3.0,3.0,0.0,6.0,6,0.0,2,4,2
tC7ee9TXmJ8oDEcRe,39,0,6,f,12.0,12.0,0.0,16.0,16.0,0.0,3.0,3.0,0.0,3.0,3,0.0,2,3,2
zpLEh72kC58ryRpxt,23,4,8,f,16.0,4.0,12.0,,,,,,,,,,,,4
LZ7sJWsXTML9asLdD,11,4,7,f,6.0,5.0,1.0,7.0,7.0,0.0,2.0,2.0,0.0,3.0,3,0.0,2,2,4
WdTssNZoaRHCT3LMG,16,9,4,f,6.0,4.0,2.0,24.0,17.0,7.0,,,,,,,,,
55foHoJLBDfwGwTWD,18,7,6,f,11.0,5.0,6.0,15.0,10.0,5.0,,,,,,,,,
dBu8rGN6ZLKj4rb4e,26,0,9,f,10.0,4.0,6.0,24.0,17.0,7.0,,,,,,,9,,9
kY8pdvG9t8eN5CY4h,24,9,8,f,16.0,12.0,4.0,18.0,18.0,0.0,,,,,,,,,
XKxt23fR8Fujkyiim,12,2,4,f,9.0,6.0,3.0,,,,,,,4.0,4,0.0,,,
Sue8DWeGKHPKAyQBi,,,1,f,,,,,,,,,,,,,,,
cQQF5juB8JG3jNbNs,,,5,f,6.0,5.0,1.0,8.0,7.0,1.0,2.0,2.0,0.0,4.0,4,0.0,1,1,1
ZNXsgBEk2evJkTYso,24,6,8,f,12.0,11.0,1.0,20.0,20.0,0.0,,,,,,,,2,7
bHZpmA7SpQzx29CQk,36,10,12,f,12.0,10.0,2.0,30.0,22.0,8.0,4.0,4.0,0.0,6.0,6,0.0,2,,2
