School name,Version name,Is Verified,District,NEIMS Number,Province,Total Number of Students,Total number of classes observed,Number of classrooms with hole in ceiling or floor,Percentage of observed classrooms with hole in ceiling or floor,Total Number of Windows,Number of broken windows,Percentage of windows that are broken,Total Number of desks,Number of broken desks,Number of fixed desks,Number of students without desk,Percentage of desks that are broken,Total number of Chairs,Number of chairs that are broken,Percentage of chairs that are broken,Number of students without chair,Number of teachers without desk,Multiple classes at once,Multiple teachers at once,Class used as office space,Class used for cooking,Number of classes observed with over 33 students,Number of classes observed with over 35 students,Number of classes observed with over 40 students,Number of classes observed with over 45 students,Number of classes observed with over 50 students
BOKAMOSO SECONDARY SCHOOL,Zanele V1,true,EKURHULENI NORTH,700241810,GAUTENG,1311,28,,,280,55,19.64,795,123,672,-17,15.47,1337,34,2.54,8,1,,,,,24,24,23,19,13
BOPASENATLA SECONDARY SCHOOL,Joseph verified,true,JOHANNESBURG NORTH,700140426,GAUTENG,453,3,,,19,1,5.26,62,16,46,180,25.81,125,10,8.00,338,,,,,,2,1,1,,
BOTLEHADI PRIMARY SCHOOL,Sabelo1,true,SEDIBENG WEST,700320366,GAUTENG,565,2,,,14,0,0.00,39,0,39,243,0.00,76,16,21.05,505,,,,,,1,1,1,1,
CAIPHUS NYOKA SECONDARY SCHOOL,Joseph veried,true,GAUTENG EAST,700311837,GAUTENG,1218,26,,,0,10,,0,160,-160,769,,0,200,,1418,,,,,,,,,,
CARTER PRIMARY SCHOOL,Joseph verified,true,JOHANNESBURG EAST,700152058,GAUTENG,1263,5,1,20.00,46,2,4.35,91,15,76,555,16.48,186,11,5.91,1088,,,,,,5,4,4,1,
CHARLOTTE MAXEKE SECONDARY SCHOOL,V2 Yossi Bank,true,EKURHULENI NORTH,700400351,GAUTENG,893,18,18,100.00,182,35,19.23,761,7,754,-308,0.92,782,103,13.17,214,10,1,1,,,16,16,13,11,3
DINOTO TECHNICAL SECONDARY SCHOOL,Tshepo3,true,EKURHULENI NORTH,700310995,GAUTENG,1151,24,,,232,0,0.00,852,12,840,-265,1.41,1156,24,2.08,19,,,,,,13,10,6,5,3
DUMEHLEZI INTERMEDIATE SCHOOL,Joseph verified,true,GAUTENG EAST,700311019,GAUTENG,774,18,,,80,8,10.00,365,81,284,103,22.19,0,184,,958,,,6,,,,,,,
EKUKHANYISWENI PRIMARY SCHOOL,SABELO VERIFIED,true,JOHANNESBURG EAST,700152108,GAUTENG,1140,1,,,0,0,,0,3,-3,573,,0,0,,1140,,,,,,,,,,
EMMANGWENI PRIMARY SCHOOL,Zanele v1,true,EKURHULENI NORTH,700260729,GAUTENG,1773,4,,,36,0,0.00,64,6,58,828,9.38,210,35,16.67,1598,,,,,,4,4,4,4,2
EMMANUEL PRIMARY SCHOOL,Joseph verified,true,SEDIBENG EAST,700330837,GAUTENG,846,19,,,102,30,29.41,607,238,369,54,39.21,606,245,40.43,485,,,,,,9,9,4,1,1
ENTSHONALANGA PRIMARY SCHOOL,SABELO VERIFIED,true,EKURHULENI NORTH,700260752,GAUTENG,1511,14,1,7.14,70,1,1.43,322,2,320,435,0.62,627,17,2.71,901,,,,,,6,6,4,3,1
ESIKHISINI PRIMARY SCHOOL,Joseph verified,true,TSHWANE SOUTH,700231662,GAUTENG,561,10,1,10.00,71,15,21.13,191,34,157,123,17.80,410,32,7.80,183,,,,,,8,8,6,5,3
EVATON PRIMARY SCHOOL,kholwani23,true,SEDIBENG WEST,700320952,GAUTENG,585,8,,,72,2,2.78,138,0,138,154,0.00,266,0,0.00,319,,,,,,3,3,2,1,
FADIMEHA PRIMARY SCHOOL,Joseph verified,true,SEDIBENG WEST,700320523,GAUTENG,444,2,,,0,0,,20,9,11,211,45.00,40,17,42.50,421,,,,,2,,,,,
FRED HABEDI PRIMARY SCHOOL,Pontsho11,true,GAUTENG EAST,700350702,GAUTENG,817,21,5,23.81,185,22,11.89,469,22,447,-39,4.69,875,46,5.26,-12,1,6,,,,13,10,8,5,1
FUNUKUKHANYA PRIMARY SCHOOL,KHOLWANI3,true,GAUTENG EAST,700311068,GAUTENG,,3,,,21,3,14.29,70,2,68,-68,2.86,138,5,3.62,-133,,3,,,,,,,,
GAHLANSO PRIMARY SCHOOL,Zanele V1,true,EKURHULENI NORTH,700260828,GAUTENG,1103,26,10,38.46,176,4,2.27,512,62,450,101,12.11,937,324,34.58,490,1,26,,,,20,20,15,2,
GEORGE MBILASE PRIMARY SCHOOL,Joseph,true,GAUTENG EAST,700311076,GAUTENG,811,20,14,70.00,204,0,0.00,384,4,380,25,1.04,758,16,2.11,69,,,,,,,,,,
GORDON PRIMARY SCHOOL,SFISO V1,true,JOHANNESBURG EAST,700152132,GAUTENG,1353,3,,,18,0,0.00,71,8,63,613,11.27,144,14,9.72,1223,,,,,,2,2,2,2,1
GOROGANG PRIMARY SCHOOL,Pontsho5,true,GAUTENG EAST,700350728,GAUTENG,354,9,,,58,0,0.00,188,0,188,-11,0.00,364,0,0.00,-10,,,,,,7,7,6,3,
HLANGABEZA PRIMARY SCHOOL,Symps,true,GAUTENG WEST,700270736,GAUTENG,1127,5,3,60.00,41,1,2.44,92,2,90,473,2.17,205,12,5.85,934,,,,,,5,4,2,,
HULWAZI SECONDARY SCHOOL,Tshepo1,true,EKURHULENI NORTH,700311100,GAUTENG,1683,16,2,12.50,0,33,,0,92,-92,933,,0,40,,1723,,,,,,,,,,
IMFUNDO MIDDLE SCHOOL,Tshepo25,true,SEDIBENG WEST,700320598,GAUTENG,912,3,1,33.33,21,1,4.76,53,3,50,406,5.66,118,16,13.56,810,,,,,,2,2,1,1,
INKATHA KA ZULU PRIMARY SCHOOL,Tshepo1,true,GAUTENG EAST,700311118,GAUTENG,1031,23,,,9,0,0.00,80,0,80,435,0.00,164,0,0.00,867,,,,,,22,17,15,11,7
ITHUTE PRIMARY SCHOOL,Sympathy Varified,true,JOHANNESBURG EAST,700152173,GAUTENG,1377,4,2,50.00,26,1,3.85,93,17,76,612,18.28,176,8,4.55,1209,,,,,,3,3,3,2,2
JABULANI THABANG PRIMARY SCHOOL,Sabelo1,true,SEDIBENG WEST,700320648,GAUTENG,807,1,1,100.00,8,2,25.00,16,9,7,396,56.25,32,23,71.88,798,,,,,,,,,,
JET NTEO SECONDARY SCHOOL,Sabelo1,true,SEDIBENG WEST,700320663,GAUTENG,894,1,,,220,0,0.00,750,0,750,-303,0.00,645,0,0.00,249,,,,,,,,,,
JOB MASEKO PRIMARY SCHOOL,KHOLWANI12,true,GAUTENG EAST,700350777,GAUTENG,1005,1,1,100.00,0,0,,339,0,339,163,0.00,311,0,0.00,694,,,,,,,,,,
JORDAN SECONDARY SCHOOL,Sabelo1,true,SEDIBENG WEST,700320671,GAUTENG,944,2,1,50.00,10,0,0.00,160,0,160,312,0.00,221,0,0.00,723,,,,,,,,,,
KENNETH MASEKELA SECONDARY SCHOOL,Pontsho7,true,GAUTENG EAST,700350793,GAUTENG,1383,1,,,0,0,,0,100,-100,791,,0,250,,1633,,,,,,,,,,
KGALEMA PRIMARY SCHOOL,V2-Jaydin krok,true,GAUTENG EAST,700311175,GAUTENG,1247,1,,,50,0,0.00,50,0,50,573,0.00,50,0,0.00,1197,,,,,,,,,,
KGOMOCO PRIMARY SCHOOL,Joseph verified,true,SEDIBENG EAST,700330902,GAUTENG,962,1,,,0,0,,0,0,0,481,,0,0,,962,,,,,,,,,,
KHANGEZILE PRIMARY SCHOOL,Pontsho9,true,GAUTENG EAST,700350801,GAUTENG,421,10,,,68,9,13.24,251,2,249,-39,0.80,494,35,7.09,-38,,,,,,,,,,
KHOMANANI PRIMARY SCHOOL,SABELO VERIFIED,true,JOHANNESBURG NORTH,700140640,GAUTENG,0,2,1,50.00,19,1,5.26,33,3,30,-30,9.09,85,4,4.71,-81,,,,,,2,2,2,,
KHULA SIZWE PRIMARY SCHOOL,Freddy7,true,EKURHULENI NORTH,700260992,GAUTENG,921,22,,,132,0,0.00,501,0,501,-41,0.00,908,37,4.07,50,,,,,,21,17,11,6,3
KOKOSI PRIMARY SCHOOL,Mabuza verified,true,GAUTENG WEST,700930749,GAUTENG,1242,4,4,100.00,36,0,0.00,88,9,79,542,10.23,170,18,10.59,1090,,,,,,4,4,1,1,
KUZIMISELA PRIMARY SCHOOL,Tshepo,true,EKURHULENI NORTH,700311209,GAUTENG,724,16,1,6.25,23,0,0.00,5,0,5,357,0.00,0,0,,724,,,,,,,,,,
LABAN MOTLHABI COMPREHENSIVE SCHOOL,Pontsho6,true,GAUTENG EAST,700350843,GAUTENG,830,24,,,276,25,9.06,667,83,584,-169,12.44,1354,78,5.76,-446,,,,,,,,,,
LANGAVILLE PRIMARY SCHOOL,Sympathy varified,true,GAUTENG EAST,700312140,GAUTENG,1667,4,,,28,1,3.57,113,0,113,720,0.00,217,0,0.00,1450,,,,,,,,,,
LEBOHANG SECONDARY SCHOOL,Sabelo1,true,SEDIBENG WEST,700320788,GAUTENG,931,1,1,100.00,0,0,,0,0,0,465,,0,0,,931,,,,,,,,,,
LEBONE PRIMARY SCHOOL,KHOLWANI7,true,GAUTENG EAST,700311217,GAUTENG,1172,19,1,5.26,147,7,4.76,381,38,343,243,9.97,801,56,6.99,427,,,,,,,,,,
LEBOWA PRIMARY SCHOOL,Joseph,true,SEDIBENG EAST,700330928,GAUTENG,143,2,,,7,1,14.29,35,7,28,43,20.00,68,12,17.65,87,,,,,,,,,,
LEEMA-MOKOTULI PRIMARY SCHOOL,Sabelo1,true,SEDIBENG WEST,700400110,GAUTENG,323,2,,,14,4,28.57,30,0,30,131,0.00,60,11,18.33,274,1,,,,,,,,,
LEFA-IFA SECONDARY SCHOOL,KHOLWANE13,true,GAUTENG EAST,700350850,GAUTENG,1287,9,,,100,14,14.00,396,14,382,261,3.54,485,22,4.54,824,4,,,,,,,,,
LEHLASEDI PRIMARY SCHOOL,Sabelo1,true,SEDIBENG EAST,700330936,GAUTENG,634,1,,,17,0,0.00,0,0,0,317,,0,0,,634,,1,,,,,,,,
LERESCHE PRIMARY SCHOOL,Joseph verified,true,JOHANNESBURG NORTH,700132407,GAUTENG,548,2,2,100.00,12,12,100.00,41,13,28,246,31.71,50,42,84.00,540,,,,,,2,2,1,,
LETSATSING COMBINED SCHOOL,SABELO 1,true,,,GAUTENG,837,4,2,50.00,42,5,11.90,109,0,109,309,0.00,181,15,8.29,671,,,,,,4,4,4,2,2
LETSEMA-ILIMA PRIMARY SCHOOL,Symps,true,SEDIBENG WEST,700321331,GAUTENG,1347,13,1,7.69,91,8,8.79,242,8,234,439,3.31,521,35,6.72,861,1,,,,,13,13,9,,
LETSIE PRIMARY SCHOOL,KHOLWANI8,true,GAUTENG EAST,700311274,GAUTENG,897,22,,,170,3,1.76,438,4,434,14,0.91,852,0,0.00,45,,,,,,,,,,
LIVHUWANI PRIMARY SCHOOL,SABELO VERIFIED,true,JOHANNESBURG WEST,700140731,GAUTENG,714,2,,,18,4,22.22,39,6,33,324,15.38,91,14,15.38,637,,,,,,2,2,1,1,1
LOTUS GARDENS PRIMARY SCHOOL,Joseph verified,true,TSHWANE WEST,700400154,GAUTENG,1219,2,,,7,0,0.00,29,2,27,582,6.90,53,1,1.89,1167,,,,,,1,1,,,
LUKHOLWENI PRIMARY SCHOOL,Joseph verified,true,JOHANNESBURG NORTH,700132456,GAUTENG,674,1,,,6,0,0.00,0,0,0,337,,0,0,,674,,,,,,1,1,1,1,
MABUYA SECONDARY SCHOOL,Joseph1,true,EKURHULENI NORTH,700311290,GAUTENG,1573,23,1,4.35,65,6,9.23,622,75,547,239,12.06,235,7,2.98,1345,,,,,,19,19,16,11,6
MAHLAHLE PRIMARY SCHOOL,SABELO VERIFIED,true,TSHWANE SOUTH,700231894,GAUTENG,1106,1,1,100.00,6,0,0.00,41,0,41,512,0.00,41,0,0.00,1065,,,,,,1,1,1,,
MASHEMONG PRIMARY SCHOOL,Joseph verified,true,EKURHULENI NORTH,700261040,GAUTENG,1133,1,,,0,0,,0,0,0,566,,0,0,,1133,,,,,,,,,,
MASIMINI PRIMARY SCHOOL,V2 Adam Dison,true,GAUTENG EAST,700350892,GAUTENG,849,8,2,25.00,60,0,0.00,193,0,193,231,0.00,363,0,0.00,486,,,,,,8,7,6,4,1
MASISEBENZE COMPREHENSIVE SCHOOL,Zanele V1,true,,700261065,GAUTENG,90,26,,,424,18,4.25,20,7,13,32,35.00,36,1,2.78,55,,,,,,2,2,1,1,1
MEADOWLANDS PRIMARY SCHOOL,Tamir Shklaz,true,JOHANNESBURG WEST,700140947,GAUTENG,415,1,1,100.00,7,0,0.00,23,13,10,197,56.52,45,30,66.67,400,1,,,,,1,1,1,,
MELODI PRIMARY SCHOOL,V2 - Daniel Kartun,true,GAUTENG EAST,700311373,GAUTENG,1483,35,11,31.43,379,82,21.64,671,31,640,101,4.62,1325,26,1.96,184,,2,,3,,30,29,23,11,4
MICHAEL ZULU PRIMARY SCHOOL,Sympathy varified,true,GAUTENG EAST,700311381,GAUTENG,1283,4,,,28,0,0.00,103,1,102,539,0.97,195,9,4.62,1097,,4,,,,,,,,
MOKGOME SECONDARY SCHOOL,Joseph verified,true,JOHANNESBURG WEST,700140814,GAUTENG,846,1,,,6,0,0.00,17,0,17,406,0.00,39,10,25.64,817,,,,,,1,1,,,
MONTSOSI PRIMARY SCHOOL,SABELO1,true,SEDIBENG WEST,700321075,GAUTENG,376,2,,,14,10,71.43,26,13,13,175,50.00,50,14,28.00,340,,,,,,2,2,,,
MUZOMSHA PRIMARY SCHOOL,KHOLWANI18,true,GAUTENG EAST,700350926,GAUTENG,539,15,,,120,0,0.00,284,97,187,82,34.15,541,178,32.90,176,,,,,,9,5,3,2,2
NCHABELENG PRIMARY SCHOOL,KHOLWANI9,true,GAUTENG EAST,700311407,GAUTENG,863,22,2,9.09,154,4,2.60,0,19,-19,450,,849,5,0.59,19,,,,,,,,,,
NKABINDE PRIMARY SCHOOL,V2 Yossi Bank,true,GAUTENG EAST,700350942,GAUTENG,765,1,1,100.00,5,0,0.00,150,0,150,232,0.00,400,0,0.00,365,,,,,,,,,,
NKUMBULO SECONDARY SCHOOL,Pontsho4,true,GAUTENG EAST,700350959,GAUTENG,1262,1,,,0,0,,0,0,0,631,,0,0,,1262,,,,,,,,,,
NQUBELA PRIMARY SCHOOL,Sympathy Varified,true,EKURHULENI SOUTH,700341032,GAUTENG,358,10,3,30.00,103,23,22.33,69,6,63,116,8.70,317,168,53.00,209,,,,,,6,4,2,2,1
NTOKOZWENI PRIMARY SCHOOL,Pontsho12,true,GAUTENG EAST,700350975,GAUTENG,957,20,1,5.00,140,0,0.00,519,0,519,-41,0.00,840,2,0.24,119,,,,,,,,,,
NTSELE PRIMARY SCHOOL,Sabelo1,true,SEDIBENG WEST,700321208,GAUTENG,1096,2,2,100.00,12,6,50.00,46,2,44,504,4.35,97,14,14.43,1013,,,,,,2,2,2,2,1
NTSIKANA PRIMARY SCHOOL,Sympathy Varified,true,GAUTENG EAST,700311423,GAUTENG,679,17,5,29.41,1840,55,2.99,372,10,362,-23,2.69,713,0,0.00,-34,,,,,,11,9,6,2,1
PATOGENG PRIMARY SCHOOL,Joseph verified,true,TSHWANE SOUTH,700232082,GAUTENG,677,16,,,112,4,3.57,408,0,408,-70,0.00,678,0,0.00,-1,,,,,,14,14,8,4,2
PHAMEHLO PRIMARY SCHOOL,Symps,true,SEDIBENG WEST,700321232,GAUTENG,548,2,1,50.00,14,10,71.43,41,7,34,240,17.07,77,18,23.38,489,,,,,,1,1,1,1,
PHOMOLONG PRIMARY SCHOOL,Sympathy varified,true,EKURHULENI NORTH,700260885,GAUTENG,1505,32,,,224,0,0.00,752,0,752,0,0.00,1502,0,0.00,3,,,,,,32,32,32,20,5
PHOMOLONG SECONDARY SCHOOL,V2 - Adam Dison,true,EKURHULENI NORTH,700400138,GAUTENG,1627,25,10,40.00,216,34,15.74,933,6,927,-114,0.64,1015,43,4.24,655,,,,,,21,18,15,9,1
PHORORONG PRIMARY SCHOOL,Joseph,true,GAUTENG WEST,700271015,GAUTENG,426,1,1,100.00,5,1,20.00,20,0,20,193,0.00,44,6,13.64,388,,,,,,1,1,,,
PHUTHADITSHABA PRIMARY SCHOOL,SABELO VERIFIED,true,TSHWANE SOUTH,700232661,GAUTENG,1566,2,2,100.00,14,8,57.14,39,1,38,745,2.56,77,1,1.30,1490,,,,,,1,1,1,1,
PHUTHULLA PRIMARY SCHOOL,Joseph verified,true,SEDIBENG WEST,700321265,GAUTENG,791,1,,,50,0,0.00,0,0,0,395,,0,0,,791,,,,,,,,,,
POELANO SECONDARY SCHOOL,Joseph verified,true,SEDIBENG WEST,700321281,GAUTENG,1237,1,,,7,3,42.86,16,7,9,609,43.75,32,4,12.50,1209,,,,,,,,,,
QEDUSIZI PRIMARY SCHOOL,Pontsho8,true,GAUTENG EAST,700351015,GAUTENG,110,23,,,161,0,0.00,503,5,498,-443,0.99,973,23,2.36,-840,,,,,,,,,,
QUANTUM SECONDARY SCHOOL,Tshepo2,true,GAUTENG EAST,700400152,GAUTENG,984,22,11,50.00,189,171,90.48,678,47,631,-139,6.93,632,138,21.84,490,,,,,,15,12,8,1,
REAKGONA PRIMARY SCHOOL,Tamir Shklaz\,true,GAUTENG WEST,700931778,GAUTENG,1023,3,1,33.33,0,0,,0,0,0,511,,0,0,,1023,,,,,,,,,,
REALO  SECONDARY SCHOOL,SABELO VERIFIED,true,JOHANNESBURG EAST,700152314,GAUTENG,1793,1,,,0,0,,0,0,0,896,,0,0,,1793,,,,,,,,,,
ROLIHLAHLA PRIMARY SCHOOL,Tshepo2,true,GAUTENG EAST,700311472,GAUTENG,1153,21,19,90.48,190,147,77.37,475,32,443,133,6.74,906,15,1.66,262,1,,,,,6,6,3,,
SAKHELWE PRIMARY SCHOOL,Pontsho 10,true,GAUTENG EAST,700351049,GAUTENG,485,14,,,120,4,3.33,276,3,273,-31,1.09,574,21,3.66,-68,,,,,,,,,,
SECHABA PRIMARY SCHOOL,KHOLWANI14,true,GAUTENG EAST,700351064,GAUTENG,423,8,8,100.00,63,17,26.98,165,19,146,65,11.52,270,59,21.85,212,,,,,,,,,,
SELELEKELA SECONDARY SCHOOL,SABELO 1,true,JOHANNESBURG NORTH,700132902,GAUTENG,1154,3,,,18,3,16.67,84,7,77,500,8.33,56,1,1.79,1099,,,,,,2,2,1,1,1
SELIBA PRIMARY SCHOOL,Joseph verified,true,SEDIBENG EAST,700331314,GAUTENG,175,1,,,35,0,0.00,20,15,5,82,75.00,0,0,,175,,,,,,1,1,1,1,
SEOTLOANA PRIMARY SCHOOL,Zanele V1,true,EKURHULENI NORTH,700261198,GAUTENG,138,23,3,13.04,176,2,1.14,415,9,406,-337,2.17,840,0,0.00,-702,,,3,,,21,21,21,9,3
SHADRACK MBAMBO PRIMARY SCHOOL,Sympathy Varified,true,GAUTENG EAST,700311480,GAUTENG,1146,7,,,49,2,4.08,161,16,145,428,9.94,340,20,5.88,826,,6,1,,,,,,,
SIBONELO PRIMARY SCHOOL,Sympathy verified,true,EKURHULENI NORTH,700311498,GAUTENG,781,22,6,27.27,0,0,,25,0,25,365,0.00,11,0,0.00,770,,,,,,,,,,
SIPHIWE PRIMARY SCHOOL,Zanele V1,true,EKURHULENI NORTH,700261214,GAUTENG,1355,28,8,28.57,367,6,1.63,634,14,620,57,2.21,1200,48,4.00,203,,,,,,28,28,24,19,4
SOZIZWE PRIMARY SCHOOL,Tshepo3,true,EKURHULENI NORTH,700311530,GAUTENG,3779,5,1,20.00,0,0,,41,0,41,1848,0.00,53,0,0.00,3726,,,,,,3,3,2,2,2
TEMBISA SECONDARY SCHOOL,V1,true,EKURHULENI NORTH,700261305,GAUTENG,2038,34,31,91.18,254,64,25.20,794,145,649,370,18.26,1417,178,12.56,799,3,,,,,34,31,21,10,7
THEMBALIHLE PRIMARY SCHOOL,SABELO1,true,JOHANNESBURG NORTH,700133132,GAUTENG,1146,4,2,50.00,22,1,4.55,66,5,61,512,7.58,123,8,6.50,1031,1,,,,,3,3,2,2,
THEMBALIKAZULU PRIMARY SCHOOL,KHOLWANI10,true,GAUTENG EAST,700351148,GAUTENG,429,16,,,144,8,5.56,239,0,239,-25,0.00,438,0,0.00,-9,,,,,1,7,6,5,5,4
THOHO-YA-NDOU PRIMARY SCHOOL,Joseph verified,true,TSHWANE SOUTH,700232272,GAUTENG,631,17,1,5.88,148,3,2.03,273,17,256,59,6.23,594,34,5.72,71,,,,,,11,10,9,6,3
THOPODI PRIMARY SCHOOL,SABELO VERIFIED,true,GAUTENG EAST,700311555,GAUTENG,1032,1,,,0,0,,0,0,0,516,,0,0,,1032,,,,,,,,,,
THUTO KITSO SECONDARY SCHOOL,sabelo1,true,GAUTENG WEST,700932124,GAUTENG,1177,8,,,37,17,45.95,194,40,154,434,20.62,309,62,20.06,930,4,,,,,5,5,5,3,1
THUTO LORE SECONDARY SCHOOL,Tamir Shklaz,true,SEDIBENG EAST,700331413,GAUTENG,804,1,1,100.00,15,0,0.00,0,40,-40,442,,0,0,,804,,,,,,,,,,
TLAKULA SECONDARY SCHOOL,Sympathy Varified,true,GAUTENG EAST,700351171,GAUTENG,1168,29,13,44.83,214,6,2.80,848,0,848,-264,0.00,1001,1,0.10,168,,22,,4,,,,,,
TLHOKOMELO PRIMARY SCHOOL,Joseph1,true,JOHANNESBURG WEST,700141044,GAUTENG,194,1,1,100.00,9,1,11.11,17,0,17,80,0.00,32,0,0.00,162,,1,,,,,,,,
TOTOMENG PRIMARY SCHOOL,Joseph verified,true,JOHANNESBURG WEST,700141069,GAUTENG,270,2,2,100.00,19,2,10.53,40,29,11,124,72.50,100,55,55.00,225,,,,,,2,1,1,1,
TSAKANE PRIMARY SCHOOL,Sympathy Varified,true,GAUTENG EAST,700311571,GAUTENG,759,1,,,9,0,0.00,16,0,16,363,0.00,31,5,16.13,733,,1,,,,,,,,
TSHIRELA PRIMARY SCHOOL,Joseph verified,true,SEDIBENG WEST,700321653,GAUTENG,890,1,,,4,0,0.00,250,0,250,195,0.00,370,0,0.00,520,,,,,,,,,,
TSIETSI MASHININI PRIMARY SCHOOL,Sympathy varified,true,JOHANNESBURG WEST,700140822,GAUTENG,408,1,,,4,1,25.00,19,0,19,185,0.00,36,10,27.78,382,,,,,,1,1,,,
TSIMONG PRIMARY SCHOOL,Kholwani19,true,GAUTENG EAST,700351197,GAUTENG,340,13,,,85,0,0.00,228,0,228,-58,0.00,386,97,25.13,51,,,,,,,,,,
TSWELOPELE SECONDARY SCHOOL,Zanele V1,true,EKURHULENI NORTH,700400400,GAUTENG,1277,27,7,25.93,216,36,16.67,984,132,852,-214,13.41,1040,275,26.44,512,1,,,,,24,23,21,13,6
UNITY SECONDARY SCHOOL,Tshepo3,true,EKURHULENI NORTH,700311613,GAUTENG,1910,20,1,5.00,785,19,2.42,591,52,539,416,8.80,729,65,8.92,1246,7,,3,,,18,15,9,5,1
VEZUKHONO SECONDARY SCHOOL,Joseph,true,GAUTENG EAST,700311852,GAUTENG,1275,21,12,57.14,149,134,89.93,571,134,437,200,23.47,656,64,9.76,683,,,,,,13,12,8,4,1
VULAMAZIBUKO PRIMARY SCHOOL,V2 Yossi Bank,true,JOHANNESBURG NORTH,700141150,GAUTENG,419,3,3,100.00,21,9,42.86,69,0,69,140,0.00,98,17,17.35,338,,2,,,,1,1,,,
WESTFIELDS PRIMARY SCHOOL,SABELO 1,true,GAUTENG WEST,700270579,GAUTENG,1179,2,,,26,0,0.00,38,0,38,551,0.00,40,0,0.00,1139,,,,,,2,2,,,
ZAMANI PRIMARY SCHOOL,Sympathy Varified,true,GAUTENG EAST,700351288,GAUTENG,824,21,3,14.29,141,1,0.71,449,50,399,13,11.14,857,20,2.33,-13,,,,,,5,5,4,4,2
ZIMISELE SECONDARY SCHOOL,Pontsho3,true,GAUTENG EAST,700351304,GAUTENG,993,15,,,109,5,4.59,504,0,504,-8,0.00,654,0,0.00,339,,,,,,,,,,
ZITHATHELE PRIMARY SCHOOL,Joseph verified,true,JOHANNESBURG NORTH,700133322,GAUTENG,1407,2,,,18,0,0.00,42,13,29,674,30.95,67,25,37.31,1365,,,,,,2,2,1,1,
ZITHEMBENI PRIMARY SCHOOL,kholwani21,true,GAUTENG EAST,700351312,GAUTENG,789,18,,,124,5,4.03,422,44,378,16,10.43,853,239,28.02,175,3,,,,,,,,,
