School name,Version name,Is Verified,District,NEIMS Number,Province,Does the school have a science laboratory?,How many labs does the school have,Numbe of labs in good working order,Number of labs with necessary equipment
AHA-THUTO SECONDARY SCHOOL,Sabelo verified,true,JOHANNESBURG SOUTH,700330696,GAUTENG,Yes,1,0,0
ALEXANDRA SECONDARY SCHOOL,Jake Pencharz,true,JOHANNESBURG EAST,700152009,GAUTENG,Yes,2,2,0
AMOS MAPHANGA SECONDARY,V2 Yossi Bank,true,GAUTENG EAST,700400398,GAUTENG,No,,,
BOITUMELONG SECONDARY SCHOOL,Zanele V1,true,EKURHULENI NORTH,700260620,GAUTENG,Yes,2,2,2
BOKAMOSO SECONDARY SCHOOL,Zanele V1,true,EKURHULENI NORTH,700241810,GAUTENG,Yes,1,1,1
BONA COMPREHENSIVE SCHOOL,SABELO VERIFIED,true,JOHANNESBURG NORTH,700131961,GAUTENG,Yes,1,1,1
BOPASENATLA SECONDARY SCHOOL,Joseph verified,true,JOHANNESBURG NORTH,700140426,GAUTENG,Yes,1,,
BOPHELONG SECONDARY SCHOOL,Joseph verified,true,SEDIBENG WEST,700400355,GAUTENG,,,,
BUHLEBEMFUNDO SECONDARY SCHOOL,Joseph verified,true,GAUTENG EAST,700310938,GAUTENG,Yes,,,
CAIPHUS NYOKA SECONDARY SCHOOL,Joseph veried,true,GAUTENG EAST,700311837,GAUTENG,Yes,,1,0
CHARLOTTE MAXEKE SECONDARY SCHOOL,V2 Yossi Bank,true,EKURHULENI NORTH,700400351,GAUTENG,Yes,1,,
DAVID HELLEN PETA SECONDARY SCHOOL,Joseph verified,true,TSHWANE SOUTH,700231605,GAUTENG,Yes,1,1,1
DIEPDALE SECONDARY SCHOOL,V2-Jaydin krok,true,JOHANNESBURG NORTH,700140434,GAUTENG,Yes,1,0,0
DINOTO TECHNICAL SECONDARY SCHOOL,Tshepo3,true,EKURHULENI NORTH,700310995,GAUTENG,Yes,2,,
DR HARRY GWALA SECONDARY SCHOOL,Tshepo3,true,GAUTENG EAST,700311001,GAUTENG,Yes,1,0,1
DR WF NKOMO SECONDARY SCHOOL,Sympathy Varified,true,TSHWANE SOUTH,700231613,GAUTENG,Yes,1,1,0
EAST BANK HIGH SCHOOL,Sympathy varified,true,JOHANNESBURG EAST,700152090,GAUTENG,No,,,
HOFMEYR SECONDARY SCHOOL,Joseph verified,true,TSHWANE SOUTH,700231746,GAUTENG,Yes,,0,1
HULWAZI SECONDARY SCHOOL,Tshepo1,true,EKURHULENI NORTH,700311100,GAUTENG,Yes,4,,
JABULILE SECONDARY SCHOOL,SABELO VERIFIED,true,JOHANNESBURG SOUTH,700331611,GAUTENG,Yes,1,1,1
JET NTEO SECONDARY SCHOOL,Sabelo1,true,SEDIBENG WEST,700320663,GAUTENG,No,,,
JORDAN SECONDARY SCHOOL,Sabelo1,true,SEDIBENG WEST,700320671,GAUTENG,Yes,5,0,0
KENNETH MASEKELA SECONDARY SCHOOL,Pontsho7,true,GAUTENG EAST,700350793,GAUTENG,Yes,2,0,0
LABAN MOTLHABI COMPREHENSIVE SCHOOL,Pontsho6,true,GAUTENG EAST,700350843,GAUTENG,Yes,2,0,0
LEBOHANG SECONDARY SCHOOL,Sabelo1,true,SEDIBENG WEST,700320788,GAUTENG,Yes,,0,1
LEFA-IFA SECONDARY SCHOOL,KHOLWANE13,true,GAUTENG EAST,700350850,GAUTENG,Yes,1,,
LESHATA SECONDARY SCHOOL,Sabelo verified,true,JOHANNESBURG SOUTH,700330969,GAUTENG,Yes,1,1,1
MABUYA SECONDARY SCHOOL,Joseph1,true,EKURHULENI NORTH,700311290,GAUTENG,No,,,
MASIQHAKAZE SECONDARY SCHOOL,V1,true,EKURHULENI NORTH,700261057,GAUTENG,Yes,1,,
MASISEBENZE COMPREHENSIVE SCHOOL,Zanele V1,true,,700261065,GAUTENG,No,,,
MOHLOLI SECONDARY SCHOOL,symps,true,SEDIBENG EAST,700331074,GAUTENG,Yes,,0,0
MOKGOME SECONDARY SCHOOL,Joseph verified,true,JOHANNESBURG WEST,700140814,GAUTENG,Yes,3,3,3
NKUMBULO SECONDARY SCHOOL,Pontsho4,true,GAUTENG EAST,700350959,GAUTENG,Yes,2,2,2
ORLANDO SECONDARY SCHOOL,SABELO VERIFIED,true,JOHANNESBURG NORTH,700132670,GAUTENG,,,,
PHANDIMFUNDO SECONDARY SCHOOL,SABELO VERIFIED,true,GAUTENG EAST,700311431,GAUTENG,Yes,,,
PHELINDABA SECONDARY SCHOOL,Sabelo verified,true,TSHWANE SOUTH,700232124,GAUTENG,Yes,1,1,1
PHOMOLONG SECONDARY SCHOOL,V2 - Adam Dison,true,EKURHULENI NORTH,700400138,GAUTENG,,,0,1
POELANO SECONDARY SCHOOL,Joseph verified,true,SEDIBENG WEST,700321281,GAUTENG,Yes,1,1,1
QUANTUM SECONDARY SCHOOL,Tshepo2,true,GAUTENG EAST,700400152,GAUTENG,Yes,,1,1
REALO  SECONDARY SCHOOL,SABELO VERIFIED,true,JOHANNESBURG EAST,700152314,GAUTENG,No,,,
RESIDENSIA SECONDARY SCHOOL,Symps,true,SEDIBENG WEST,700321380,GAUTENG,Yes,2,0,0
SAPPHIRE SECONDARY SCHOOL,Joseph verified,true,SEDIBENG WEST,700321406,GAUTENG,Yes,,,
SAULRIDGE SECONDARY SCHOOL,Sabelo verified,true,TSHWANE SOUTH,700232223,GAUTENG,,,,
SELELEKELA SECONDARY SCHOOL,SABELO 1,true,JOHANNESBURG NORTH,700132902,GAUTENG,Yes,2,,
TEMBISA SECONDARY SCHOOL,V1,true,EKURHULENI NORTH,700261305,GAUTENG,Yes,2,,
TEMBISA WEST SECONDARY SCHOOL,Freddy10,true,EKURHULENI NORTH,700400117,GAUTENG,,,,
THETHA SECONDARY SCHOOL,SABELO VERFIED,true,JOHANNESBURG SOUTH,700331645,GAUTENG,No,,,
THUTO KITSO SECONDARY SCHOOL,sabelo1,true,GAUTENG WEST,700932124,GAUTENG,Yes,,,
THUTO LORE SECONDARY SCHOOL,Tamir Shklaz,true,SEDIBENG EAST,700331413,GAUTENG,Yes,,1,0
THUTOLORE SECONDARY SCHOOL,Joseph verified,true,JOHANNESBURG WEST,700141002,GAUTENG,No,,,
TLAKULA SECONDARY SCHOOL,Sympathy Varified,true,GAUTENG EAST,700351171,GAUTENG,Yes,1,1,1
TOKELO SECONDARY SCHOOL,Joseph verified,true,SEDIBENG WEST,700321604,GAUTENG,Yes,3,0,0
TSWELOPELE SECONDARY SCHOOL,Zanele V1,true,EKURHULENI NORTH,700400400,GAUTENG,Yes,1,1,1
UNITY SECONDARY SCHOOL,Tshepo3,true,EKURHULENI NORTH,700311613,GAUTENG,Yes,1,1,1
VEZUKHONO SECONDARY SCHOOL,Joseph,true,GAUTENG EAST,700311852,GAUTENG,Yes,1,0,0
WINNIE MANDELA SECONDARY SCHOOL,SABELO VERIFIED,true,EKURHULENI NORTH,700400514,GAUTENG,,,,
ZIMISELE SECONDARY SCHOOL,Pontsho3,true,GAUTENG EAST,700351304,GAUTENG,Yes,2,0,0
ZITIKENI SECONDARY SCHOOL,SABELO VERIFIED,true,EKURHULENI NORTH,700261479,GAUTENG,Yes,1,1,1
