School Name,Version Name,District,NEIMS,Province,Type,Total Number of Male Students,Total Number of Female Students,Total Number of Students,Total Number of Teachers,Does the school have mixed gender blocks?,Total Number of Male Student Toilets,Total Number of Female Student Toilets,Total Number of Teacher Toilets,Total Number of Non-Working Male Toilets,Total Number of Non-Working Female Student Toilets,Total Number of Non-Working Teacher Toilets,Total Number of Working Male Toilets,Total Number of Working Female Toilets,Total Number of Working Teacher Toilets,Number of Male Students to One Toilet,Number of Female Students to One Toilet,Number of Male Students to One  Working Toilet,Number of Female Students to One  Working Toilet,Number of Teachers to one Toilet,Number of Teachers to One Working Toilet,Total number of disabled toilets,Maintenance Staff,Number of Students to One Cleaning Staff Member,Total taps,Total number of non-working taps,WHO Compliance ,Norms & Standards Compliance - Working Toilets,Norms & Standards Compliance - Total Toilets
NKABINDE PRIMARY SCHOOL,V2 Yossi Bank,GAUTENG EAST,700350942,GAUTENG,Primary,394,371,765,24,f,12,12,,0,0,,12,12,,32.83,30.92,32.83,30.92,,,,2,382.50,3,2,0,1,1
BOKAMOSO SECONDARY SCHOOL,Zanele V1,EKURHULENI NORTH,700241810,GAUTENG,Secondary,616,695,1311,104,f,11,12,3,5,4,0,6,8,3,56.00,57.92,102.67,86.88,34.67,34.67,3,,,26,10,0,0,1
EKUKHANYISWENI PRIMARY SCHOOL,SABELO VERIFIED,JOHANNESBURG EAST,700152108,GAUTENG,Primary,601,539,1140,32,t,17,24,5,3,5,0,11,16,5,35.35,22.46,54.64,33.69,6.40,6.40,2,5,228.00,47,14,1,1,1
DR HARRY GWALA SECONDARY SCHOOL,Tshepo3,GAUTENG EAST,700311001,GAUTENG,Secondary,615,633,1248,43,f,9,15,4,2,0,0,7,15,3,68.33,42.20,87.86,42.20,10.75,14.33,0,2,624.00,10,1,0,0,1
BOVET PRIMARY SCHOOL,Joseph verified,JOHANNESBURG EAST,700152041,GAUTENG,Primary,859,802,1661,43,f,18,24,,1,0,,17,24,,47.72,33.42,50.53,33.42,,,3,3,553.67,46,1,0,1,1
MAHLAHLE PRIMARY SCHOOL,SABELO VERIFIED,TSHWANE SOUTH,700231894,GAUTENG,Primary,564,542,1106,24,f,8,11,,1,0,,7,11,,70.50,49.27,80.57,49.27,,,,,,14,14,0,0,1
PHELINDABA SECONDARY SCHOOL,Sabelo verified,TSHWANE SOUTH,700232124,GAUTENG,Secondary,495,564,1059,23,f,3,8,,1,1,,2,7,,165.00,70.50,247.50,80.57,,,2,,,9,2,0,0,0
TSOELOPELE PRIMARY SCHOOL,Joseph verified,SEDIBENG EAST,700331462,GAUTENG,Primary,,,806,,f,,0,,,0,,,0,,,,,,,,3,,,,,,,
VUYO PRIMARY SCHOOL,Joseph,SEDIBENG EAST,700331520,GAUTENG,Primary,159,175,334,,f,2,,0,0,,0,2,,0,79.50,,79.50,,,,,,,,,,,
HLANGABEZA PRIMARY SCHOOL,Symps,GAUTENG WEST,700270736,GAUTENG,Primary,545,582,1143,1127,f,0,0,0,0,0,0,0,0,0,,,,,,,2,2,571.50,,,,,
TSHITSO PRIMARY SCHOOL,V1,SEDIBENG WEST,700321661,GAUTENG,Primary,181,205,386,10,f,10,8,12,3,0,0,7,8,12,18.10,25.63,25.86,25.63,0.83,0.83,,,,13,3,0,1,1
EVATON PRIMARY SCHOOL,kholwani23,SEDIBENG WEST,700320952,GAUTENG,Primary,315,270,585,,f,16,24,10,0,0,0,16,24,10,19.69,11.25,19.69,11.25,,,0,1,585.00,30,0,1,1,1
HLABANGANE PRIMARY SCHOOL,Joseph verified,JOHANNESBURG WEST,700140541,GAUTENG,Primary,138,118,256,6,f,10,11,4,4,4,0,6,7,3,13.80,10.73,23.00,16.86,1.50,2.00,0,,,14,4,1,1,1
IKAGE PRIMARY SCHOOL,Sympathy varified,JOHANNESBURG EAST,700152140,GAUTENG,Primary,,,,,f,6,8,5,0,0,0,6,8,5,,,,,,,0,5,,51,0,,,
BHEKIMFUNDO PRIMARY SCHOOL,Joseph verified,EKURHULENI NORTH,700310920,GAUTENG,Primary,428,421,849,21,f,13,15,4,0,0,0,13,15,4,32.92,28.07,32.92,28.07,5.25,5.25,0,,,28,0,0,1,1
KAMOHELO PUBLIC SCHOOL,Joseph,GAUTENG WEST,700270801,GAUTENG,Other,221,217,1007,25,f,11,18,,3,6,,8,12,,20.09,12.06,27.63,18.08,,,0,3,335.67,6,3,1,0,0
LEBOHANG SECONDARY SCHOOL,Sabelo1,SEDIBENG WEST,700320788,GAUTENG,Secondary,503,428,931,28,f,0,0,,0,0,,0,0,,,,,,,,0,,,,,,,
MQINISWA PRIMARY SCHOOL,Joseph verified,SEDIBENG WEST,700321141,GAUTENG,Primary,529,553,1082,,f,8,10,,2,3,,6,7,,66.13,55.30,88.17,79.00,,,3,4,270.50,18,11,0,0,0
ISEKELO PRIMARY SCHOOL,Joseph verified,EKURHULENI NORTH,700260919,GAUTENG,Primary,654,594,1255,,f,15,16,4,1,2,1,14,14,3,43.60,37.13,46.71,42.43,,,,,,,,0,0,1
ZENZELENI PRIMARY SCHOOL,Sympathy Varification,JOHANNESBURG EAST,700152421,GAUTENG,Primary,,,,,f,10,12,,2,0,,8,12,,,,,,,,2,,,24,0,,,
PHOMOLONG SECONDARY SCHOOL,V2 - Adam Dison,EKURHULENI NORTH,700400138,GAUTENG,Secondary,714,913,1627,156,f,14,24,,0,2,,14,22,,51.00,38.04,51.00,41.50,,,3,,,27,3,0,0,1
PHUTHULLA PRIMARY SCHOOL,Joseph verified,SEDIBENG WEST,700321265,GAUTENG,Primary,406,385,791,18,f,13,13,,1,1,,5,5,,31.23,29.62,81.20,77.00,,,3,,,16,4,0,0,1
PHORORONG PRIMARY SCHOOL,Joseph,GAUTENG WEST,700271015,GAUTENG,Other,194,232,1010,23,f,10,16,,4,4,,6,12,,19.40,14.50,32.33,19.33,,,0,3,336.67,10,4,1,0,0
LOTUS GARDENS PRIMARY SCHOOL,Joseph verified,TSHWANE WEST,700400154,GAUTENG,Primary,617,602,1219,29,f,6,11,,1,2,,5,9,,102.83,54.73,123.40,66.89,,,0,,,14,1,0,0,0
TSITSIBOGA PRIMARY SCHOOL,SABELO1,GAUTENG WEST,700271130,GAUTENG,Other,250,234,1100,27,f,11,15,2,3,5,0,8,10,2,22.73,15.60,31.25,23.40,13.50,13.50,0,4,275.00,14,4,1,0,0
BUHLEBEMFUNDO SECONDARY SCHOOL,Joseph verified,GAUTENG EAST,700310938,GAUTENG,Secondary,846,890,1829,40,f,6,5,,3,0,,3,5,,141.00,178.00,282.00,178.00,,,1,,,12,6,0,0,0
MVELAPHANDA PRIMARY SCHOOL,Freddy9,EKURHULENI NORTH,700261123,GAUTENG,Primary,443,391,834,19,f,11,11,5,0,2,0,11,9,5,40.27,35.55,40.27,43.44,3.80,3.80,0,,,33,2,0,0,1
MOHLOLI SECONDARY SCHOOL,symps,SEDIBENG EAST,700331074,GAUTENG,Secondary,639,650,1289,45,f,6,11,,2,4,,4,7,,106.50,59.09,159.75,92.86,,,,5,257.80,0,2,0,0,0
PHANDIMFUNDO SECONDARY SCHOOL,SABELO VERIFIED,GAUTENG EAST,700311431,GAUTENG,Secondary,700,860,1570,51,f,17,26,,9,15,,8,11,,41.18,33.08,87.50,78.18,,,0,,,30,18,0,0,1
THOHO-YA-NDOU PRIMARY SCHOOL,Joseph verified,TSHWANE SOUTH,700232272,GAUTENG,Primary,321,310,631,15,f,12,23,4,2,2,0,10,21,4,26.75,13.48,32.10,14.76,3.75,3.75,1,,,29,5,1,1,1
LERESCHE PRIMARY SCHOOL,Mabuza verified,JOHANNESBURG NORTH,700132407,GAUTENG,Primary,274,274,548,16,f,6,8,,0,2,,6,6,,45.67,34.25,45.67,45.67,,,0,,,7,0,0,0,1
HOFMEYR SECONDARY SCHOOL,Joseph verified,TSHWANE SOUTH,700231746,GAUTENG,Secondary,525,495,1020,32,f,18,28,,16,25,,2,3,,29.17,17.68,262.50,165.00,,,0,5,204.00,24,20,1,0,1
Radibapi Primary,sabelo,,,GAUTENG,Primary,475,463,941,28,f,17,20,,1,0,,16,20,,27.94,23.15,29.69,23.15,,,,,,24,0,1,1,1
WESTFIELDS PRIMARY SCHOOL,SABELO 1,GAUTENG WEST,700270579,GAUTENG,Primary,560,619,1179,,f,7,9,3,0,0,0,6,8,3,80.00,68.78,93.33,77.38,,,,,,17,0,0,0,0
MODUOPO PRIMARY SCHOOL,Zanele V1,EKURHULENI NORTH,700261099,GAUTENG,Primary,536,527,1063,28,f,16,16,4,0,0,0,16,16,4,33.50,32.94,33.50,32.94,7.00,7.00,0,,,27,5,0,1,1
LABAN MOTLHABI COMPREHENSIVE SCHOOL,Pontsho6,GAUTENG EAST,700350843,GAUTENG,Secondary,431,399,830,,f,9,9,,0,0,,9,9,,47.89,44.33,47.89,44.33,,,0,1,830.00,18,0,0,0,1
LETSIE PRIMARY SCHOOL,KHOLWANI8,GAUTENG EAST,700311274,GAUTENG,Primary,458,439,897,,f,,,,,,,,,,,,,,,,,,,28,0,,,
ZITHEMBENI PRIMARY SCHOOL,kholwani21,GAUTENG EAST,700351312,GAUTENG,Primary,424,365,789,18,f,11,18,,0,2,,11,16,,38.55,20.28,38.55,22.81,,,0,1,789.00,33,0,1,1,1
MELODI PRIMARY SCHOOL,V2 - Daniel Kartun,GAUTENG EAST,700311373,GAUTENG,Primary,773,710,1483,45,t,10,10,5,0,0,0,5,5,5,77.30,71.00,154.60,142.00,9.00,9.00,0,,,15,0,0,0,0
ENDULWENI PRIMARY SCHOOL,Joseph verified,EKURHULENI NORTH,700260745,GAUTENG,Primary,547,506,1053,29,f,6,12,,0,0,,6,12,,91.17,42.17,91.17,42.17,,,0,,,16,5,0,0,1
LANGAVILLE PRIMARY SCHOOL,Sympathy varified,GAUTENG EAST,700312140,GAUTENG,Primary,,,1667,40,f,10,18,6,0,1,1,10,17,5,,,,,6.67,8.00,1,4,416.75,29,5,,,
MASHEMONG PRIMARY SCHOOL,Joseph verified,EKURHULENI NORTH,700261040,GAUTENG,Primary,536,597,1133,35,f,11,15,,2,3,,9,12,,48.73,39.80,59.56,49.75,,,,,,24,0,0,0,1
SIPHIWE PRIMARY SCHOOL,Zanele V1,EKURHULENI NORTH,700261214,GAUTENG,Primary,689,666,1355,31,f,20,20,,0,0,,20,20,,34.45,33.30,34.45,33.30,,,0,,,22,0,0,1,1
MOKGOME SECONDARY SCHOOL,Joseph verified,JOHANNESBURG WEST,700140814,GAUTENG,Secondary,471,375,846,30,f,18,16,,1,3,,17,13,,26.17,23.44,27.71,28.85,,,,3,282.00,14,7,1,1,1
AHA-THUTO SECONDARY SCHOOL,Sabelo verified,JOHANNESBURG SOUTH,700330696,GAUTENG,Secondary,596,613,1209,43,f,12,18,,8,15,,4,3,,49.67,34.06,149.00,204.33,,,,,,22,14,0,0,1
KGOMOCO PRIMARY SCHOOL,Joseph verified,SEDIBENG EAST,700330902,GAUTENG,Primary,463,499,971,20,f,0,0,,0,0,,0,0,,,,,,,,0,,,,,,,
INKONJANE JUNIOR SECONDARY SCHOOL,V2 Yossi Bank,JOHANNESBURG WEST,700140582,GAUTENG,Other,96,124,220,,f,19,8,8,11,2,0,8,6,8,5.05,15.50,12.00,20.67,,,3,,,10,3,1,0,0
TLHOLO INTERMEDIATE SCHOOL,Joseph1,SEDIBENG WEST,700321596,GAUTENG,Primary,402,370,772,18,f,20,13,7,2,2,0,18,11,7,20.10,28.46,22.33,33.64,2.57,2.57,2,3,257.33,6,0,0,1,1
KENNETH MASEKELA SECONDARY SCHOOL,Pontsho7,GAUTENG EAST,700350793,GAUTENG,Secondary,669,714,1385,43,f,7,0,,2,0,,5,0,,95.57,,133.80,,,,1,4,346.25,6,0,,,1
SIVUSE PRIMARY SCHOOL,SABELO1,SEDIBENG WEST,700321489,GAUTENG,Primary,489,441,930,23,f,5,6,2,1,2,0,4,4,2,97.80,73.50,122.25,110.25,11.50,11.50,0,,,,,0,0,0
PUDUMO PRIMARY SCHOOL,SABELO 1,JOHANNESBURG SOUTH,700331165,GAUTENG,Primary,,,794,,f,12,20,,2,3,,10,17,,,,,,,,0,,,16,9,,,
DR KNAK PRIMARY SCHOOL,"SABELO VERIFIED
pontsho 20",JOHANNESBURG EAST,700152082,GAUTENG,Primary,,,,,f,18,24,,1,1,,17,23,,,,,,,,0,,,8,1,,,
CHARLOTTE MAXEKE SECONDARY SCHOOL,V2 Yossi Bank,EKURHULENI NORTH,700400351,GAUTENG,Secondary,393,500,893,20,f,13,13,10,0,0,0,6,6,10,30.23,38.46,65.50,83.33,2.00,2.00,0,,,5,0,0,0,1
BUD MBELLE PRIMARY SCHOOL,SABELO VERIFIED,TSHWANE SOUTH,700231563,GAUTENG,Primary,436,435,871,,f,11,13,,1,0,,9,12,,39.64,33.46,48.44,36.25,,,,,,16,1,0,1,1
TSWELELANG PRIMARY SCHOOL,Joseph verified,JOHANNESBURG WEST,700141119,GAUTENG,Primary,,,387,,f,6,7,2,2,0,0,4,7,2,,,,,,,0,,,11,1,,,
BOPHELONG SECONDARY SCHOOL,Joseph verified,SEDIBENG WEST,700400355,GAUTENG,Secondary,530,552,1082,38,f,11,16,,8,10,,3,6,,48.18,34.50,176.67,92.00,,,,6,180.33,18,14,0,0,1
SAPPHIRE SECONDARY SCHOOL,Joseph verified,SEDIBENG WEST,700321406,GAUTENG,Secondary,648,825,1473,,f,12,19,,7,8,,5,11,,54.00,43.42,129.60,75.00,,,,3,491.00,19,7,0,0,1
LESHATA SECONDARY SCHOOL,Sabelo verified,JOHANNESBURG SOUTH,700330969,GAUTENG,Secondary,899,965,1864,63,f,12,15,,12,15,,0,0,,74.92,64.33,,,,,0,,,24,24,0,,1
TLHOKOMELO PRIMARY SCHOOL,Joseph1,JOHANNESBURG WEST,700141044,GAUTENG,Primary,100,94,194,,f,13,16,4,0,0,0,13,16,3,7.69,5.88,7.69,5.88,,,0,1,194.00,21,1,1,1,1
POELANO SECONDARY SCHOOL,Joseph verified,SEDIBENG WEST,700321281,GAUTENG,Secondary,583,654,1255,38,f,11,20,,2,11,,9,9,,53.00,32.70,64.78,72.67,,,0,8,156.88,24,1,0,0,1
IMFUNDO MIDDLE SCHOOL,Tshepo25,SEDIBENG WEST,700320598,GAUTENG,Primary,505,407,912,22,f,20,20,,1,0,,19,20,,25.25,20.35,26.58,20.35,,,,,,31,23,1,1,1
EMMANGWENI PRIMARY SCHOOL,Zanele v1,EKURHULENI NORTH,700260729,GAUTENG,Primary,897,876,1773,36,f,10,12,1,0,0,0,10,12,1,89.70,73.00,89.70,73.00,36.00,36.00,1,6,295.50,19,0,0,0,0
QHAKAZANI PRIMARY SCHOOL,tshepo20,JOHANNESBURG SOUTH,700331173,GAUTENG,Primary,580,492,1072,26,f,22,19,,5,4,,17,15,,26.36,25.89,34.12,32.80,,,0,,,24,1,0,1,1
ZAKHENI PRIMARY SCHOOL,Sympathy varified,JOHANNESBURG NORTH,700133306,GAUTENG,Other,,,564,15,f,7,7,,0,0,,7,7,,,,,,,,,,,8,2,,0,0
TSIETSI MASHININI PRIMARY SCHOOL,Sympathy varified,JOHANNESBURG WEST,700140822,GAUTENG,Primary,210,198,408,10,f,8,13,,0,3,,8,10,,26.25,15.23,26.25,19.80,,,1,2,204.00,21,8,1,1,1
LEFIKA PRIMARY SCHOOL,V1,SEDIBENG WEST,700320804,GAUTENG,Primary,452,412,864,21,f,10,13,,4,4,,6,9,,45.20,31.69,75.33,45.78,,,,,,7,4,0,0,1
NTOKOZWENI PRIMARY SCHOOL,Pontsho12,GAUTENG EAST,700350975,GAUTENG,Primary,517,440,957,,f,12,12,4,0,0,0,12,12,4,43.08,36.67,43.08,36.67,,,2,,,4,0,0,1,1
THUTO KITSO SECONDARY SCHOOL,sabelo1,GAUTENG WEST,700932124,GAUTENG,Secondary,580,597,1178,42,f,16,16,,0,2,,16,14,,36.25,37.31,36.25,42.64,,,,6,196.33,24,2,0,0,1
LEJOELEPUTSOA PRIMARY SCHOOL,Freddy4,JOHANNESBURG WEST,700140707,GAUTENG,Primary,160,138,298,8,f,8,9,8,0,0,1,8,9,7,20.00,15.33,20.00,15.33,1.00,1.14,1,,,13,5,1,1,1
TSHIRELETSO PRIMARY SCHOOL,Joseph1,JOHANNESBURG WEST,700141085,GAUTENG,Primary,222,252,474,,f,10,14,,0,0,,10,14,,22.20,18.00,22.20,18.00,,,0,3,158.00,22,0,1,1,1
UMTHAMBEKA PRIMARY SCHOOL,Freddy12,EKURHULENI NORTH,700261438,GAUTENG,Primary,464,491,955,25,f,3,8,20,1,1,0,2,7,15,154.67,61.38,232.00,70.14,1.25,1.67,,3,318.33,17,5,0,0,0
KUZIMISELA PRIMARY SCHOOL,Tshepo,EKURHULENI NORTH,700311209,GAUTENG,Primary,384,340,724,19,f,5,6,4,3,2,0,2,4,4,76.80,56.67,192.00,85.00,4.75,4.75,0,,,12,2,0,0,0
BATLOUNG INTERMEDIATE SCHOOL,Symps,SEDIBENG WEST,700320309,GAUTENG,Primary,,,262,8,f,12,16,,6,5,,6,11,,,,,,,,0,0,,34,6,,,
MABUYA SECONDARY SCHOOL,Joseph1,EKURHULENI NORTH,700311290,GAUTENG,Secondary,797,776,1573,53,f,12,24,,0,4,,6,14,,66.42,32.33,132.83,55.43,,,,,,21,5,0,0,1
EAST BANK HIGH SCHOOL,Sympathy varified,JOHANNESBURG EAST,700152090,GAUTENG,Secondary,659,726,1385,,f,6,15,,1,0,,5,15,,109.83,48.40,131.80,48.40,,,0,,,20,7,0,0,0
MAKAPANE PRIMARY SCHOOL,Joseph verified,SEDIBENG WEST,700320903,GAUTENG,Primary,561,531,1092,27,f,17,9,,7,1,,10,8,,33.00,59.00,56.10,66.38,,,0,,,23,12,0,0,0
TSIMONG PRIMARY SCHOOL,Kholwani19,GAUTENG EAST,700351197,GAUTENG,Primary,,,340,15,f,14,14,,0,0,,14,14,,,,,,,,0,1,340.00,25,4,,,
GOROGANG PRIMARY SCHOOL,Pontsho5,GAUTENG EAST,700350728,GAUTENG,Primary,180,174,354,9,f,8,8,,0,0,,8,8,,22.50,21.75,22.50,21.75,,,0,1,354.00,0,0,1,1,1
TIYANI Junior secondary SCHOOL,SABELO VERIFIED,JOHANNESBURG NORTH,700141028,GAUTENG,Other,140,134,274,19,f,6,9,,1,1,,5,8,,23.33,14.89,28.00,16.75,,,0,2,137.00,6,0,1,0,0
THEMBALIKAZULU PRIMARY SCHOOL,KHOLWANI10,GAUTENG EAST,700351148,GAUTENG,Primary,228,201,429,12,f,15,16,4,0,0,0,15,16,4,15.20,12.56,15.20,12.56,3.00,3.00,,2,214.50,42,5,1,1,1
EMMANUEL PRIMARY SCHOOL,Joseph verified,SEDIBENG EAST,700330837,GAUTENG,Primary,443,403,846,20,f,16,17,,5,1,,11,16,,27.69,23.71,40.27,25.19,,,0,3,282.00,16,0,1,1,1
SAKHELWE PRIMARY SCHOOL,Pontsho 10,GAUTENG EAST,700351049,GAUTENG,Primary,,,485,13,f,,,,,,,,,,,,,,,,0,2,242.50,12,0,,,
TOKELO SECONDARY SCHOOL,Joseph verified,SEDIBENG WEST,700321604,GAUTENG,Secondary,456,415,871,30,f,15,24,,3,0,,12,24,,30.40,17.29,38.00,17.29,,,,,,,,1,1,1
TEMBISA WEST SECONDARY SCHOOL,Freddy10,EKURHULENI NORTH,700400117,GAUTENG,Secondary,659,644,1303,39,f,14,19,,0,1,,14,18,,47.07,33.89,47.07,35.78,,,,,,13,3,0,1,1
TSHIRELA PRIMARY SCHOOL,Joseph verified,SEDIBENG WEST,700321653,GAUTENG,Primary,450,440,890,23,f,10,14,,0,0,,10,14,,45.00,31.43,45.00,31.43,,,0,,,26,4,0,1,1
DR NHLAPO INTERMEDIATE SCHOOL,Joseph verified,SEDIBENG WEST,700320440,GAUTENG,Primary,438,436,874,41,f,5,7,,4,0,,1,7,,87.60,62.29,438.00,62.29,,,0,2,437.00,8,1,0,0,0
STEVE BIKO PRIMARY SCHOOL,SABELO VERIFIED,JOHANNESBURG SOUTH,700400077,GAUTENG,Primary,,,512,,f,11,19,,5,6,,6,13,,,,,,,,,,,24,15,,,
N'WA MHINGA PRIMARY SCHOOL,V2-Jaydin krok,TSHWANE SOUTH,700232041,GAUTENG,Primary,332,279,611,16,f,8,11,,4,3,,4,8,,41.50,25.36,83.00,34.88,,,,0,,14,7,0,0,1
HULWAZI SECONDARY SCHOOL,Tshepo1,EKURHULENI NORTH,700311100,GAUTENG,Secondary,704,979,1683,30,f,11,11,12,1,7,6,10,4,6,64.00,89.00,70.40,244.75,2.50,5.00,0,2,841.50,14,5,0,0,1
TSAKANE PRIMARY SCHOOL,Sympathy Varified,GAUTENG EAST,700311571,GAUTENG,Primary,,,759,19,f,9,33,,1,0,,8,33,,,,,,,,0,1,759.00,29,5,,,
REAGILE PRIMARY SCHOOL,Freddy11,EKURHULENI NORTH,700261694,GAUTENG,Primary,851,877,1728,,t,44,52,7,12,14,0,15,21,6,19.34,16.87,56.73,41.76,,,0,8,216.00,39,1,1,0,1
zitha primary,sabelo1,,,GAUTENG,Primary,239,250,489,489,f,12,15,,5,6,,7,9,,19.92,16.67,34.14,27.78,,,,,,10,2,1,1,1
SELIBA PRIMARY SCHOOL,Joseph verified,SEDIBENG EAST,700331314,GAUTENG,Other,86,89,477,12,f,0,0,,0,0,,0,0,,,,,,,,,,,,,,0,0
MEADOWLANDS PRIMARY SCHOOL,Tamir Shklaz,JOHANNESBURG WEST,700140947,GAUTENG,Primary,220,195,415,13,f,6,7,,1,2,,5,5,,36.67,27.86,44.00,39.00,,,0,,,8,0,0,1,1
MOSHOESHOE PRIMARY SCHOOL,Joseph verified,GAUTENG EAST,700311399,GAUTENG,Primary,461,581,1042,35,f,,,,,,,,,,,,,,,,3,,,,,,,
LETSATSING COMBINED SCHOOL,SABELO 1,,,GAUTENG,Primary,454,383,1787,43,t,11,22,7,0,0,0,7,18,7,41.27,17.41,64.86,21.28,6.14,6.14,,,,3,4,1,1,1
KHULA SIZWE PRIMARY SCHOOL,Freddy7,EKURHULENI NORTH,700260992,GAUTENG,Primary,494,427,921,22,f,17,24,,1,0,,16,24,,29.06,17.79,30.88,17.79,,,0,,,35,0,1,1,1
THUTOLORE SECONDARY SCHOOL,Joseph verified,JOHANNESBURG WEST,700141002,GAUTENG,Secondary,,,978,,f,9,12,,6,0,,3,12,,,,,,,,0,,,10,3,,,
MONTSOSI PRIMARY SCHOOL,SABELO1,SEDIBENG WEST,700321075,GAUTENG,Primary,194,182,376,,f,6,6,14,1,0,0,5,6,10,32.33,30.33,38.80,30.33,,,,,,,,0,1,1
KHOMANANI PRIMARY SCHOOL,SABELO VERIFIED,JOHANNESBURG NORTH,700140640,GAUTENG,Primary,0,0,0,25,f,8,8,,4,0,,4,8,,0.00,0.00,0.00,0.00,,,0,1,0.00,,11,1,1,1
GAHLANSO PRIMARY SCHOOL,Zanele V1,EKURHULENI NORTH,700260828,GAUTENG,Primary,505,598,1103,28,f,10,12,8,2,4,1,8,8,7,50.50,49.83,63.13,74.75,3.50,4.00,0,4,275.75,14,4,0,0,1
LEBOWA PRIMARY SCHOOL,Joseph,SEDIBENG EAST,700330928,GAUTENG,Primary,78,65,320,12,f,10,11,,2,2,,8,9,,7.80,5.91,9.75,7.22,,,,,,8,5,1,1,1
NTSIKANA PRIMARY SCHOOL,Sympathy Varified,GAUTENG EAST,700311423,GAUTENG,Primary,346,333,679,8,f,20,8,,2,0,,18,8,,17.30,41.63,19.22,41.63,,,0,4,169.75,29,1,0,0,1
NTSELE PRIMARY SCHOOL,Sabelo1,SEDIBENG WEST,700321208,GAUTENG,Primary,542,554,1096,26,f,6,8,2,4,5,0,2,3,2,90.33,69.25,271.00,184.67,13.00,13.00,0,4,274.00,8,6,0,0,0
THEMBALIHLE PRIMARY SCHOOL,SABELO1,JOHANNESBURG NORTH,700133132,GAUTENG,Primary,596,550,1192,24,f,,,,,,,,,,,,,,,,1,,,8,2,,,
Nxineni Primary,Nxineni Primary,,,GAUTENG,Primary,693,653,1346,27,f,14,22,,1,1,,13,21,,49.50,29.68,53.31,31.10,,,0,,,28,13,0,1,1
LEBONE PRIMARY SCHOOL,KHOLWANI7,GAUTENG EAST,700311217,GAUTENG,Primary,619,553,1172,,f,24,24,,0,1,,24,23,,25.79,23.04,25.79,24.04,,,0,,,40,0,1,1,1
BOITUMELONG SECONDARY SCHOOL,Zanele V1,EKURHULENI NORTH,700260620,GAUTENG,Secondary,596,681,1277,28,f,14,14,,0,6,,14,8,,42.57,48.64,42.57,85.13,,,0,,,18,9,0,0,1
RESIDENSIA SECONDARY SCHOOL,Symps,SEDIBENG WEST,700321380,GAUTENG,Secondary,,,1297,43,f,12,12,,4,12,,8,0,,,,,,,,3,4,324.25,21,17,,,
GEORGE MBILASE PRIMARY SCHOOL,Joseph,GAUTENG EAST,700311076,GAUTENG,Primary,419,392,831,,f,,,,,,,,,,,,,,,,0,,,0,0,,,
JORDAN SECONDARY SCHOOL,Sabelo1,SEDIBENG WEST,700320671,GAUTENG,Secondary,483,461,944,33,f,36,48,6,18,28,0,18,20,6,13.42,9.60,26.83,23.05,5.50,5.50,0,5,188.80,56,41,1,1,1
MICHAEL ZULU PRIMARY SCHOOL,Sympathy varified,GAUTENG EAST,700311381,GAUTENG,Primary,,,1283,38,f,12,15,,5,6,,7,9,,,,,,,,0,1,1283.00,24,24,,,
MASIMINI PRIMARY SCHOOL,V2 Adam Dison,GAUTENG EAST,700350892,GAUTENG,Primary,,,849,19,f,16,13,,0,0,,14,11,,,,,,,,,,,25,0,,,
UNITY SECONDARY SCHOOL,Tshepo3,EKURHULENI NORTH,700311613,GAUTENG,Secondary,886,1024,1910,58,f,15,25,,3,6,,12,19,,59.07,40.96,73.83,53.89,,,,1,1910.00,30,3,0,0,1
THOPODI PRIMARY SCHOOL,SABELO VERIFIED,GAUTENG EAST,700311555,GAUTENG,Primary,505,527,1157,27,t,30,30,14,0,0,0,15,15,10,16.83,17.57,33.67,35.13,1.93,2.70,,,,20,0,1,1,1
ZITIKENI SECONDARY SCHOOL,SABELO VERIFIED,EKURHULENI NORTH,700261479,GAUTENG,Secondary,795,819,1634,90,t,11,24,10,2,4,0,9,20,7,72.27,34.13,88.33,40.95,9.00,12.86,0,7,233.43,38,8,0,0,1
BONA COMPREHENSIVE SCHOOL,SABELO VERIFIED,JOHANNESBURG NORTH,700131961,GAUTENG,Secondary,407,397,804,,f,22,22,,13,9,,9,13,,18.50,18.05,45.22,30.54,,,0,,,44,28,1,1,1
LEHLASEDI PRIMARY SCHOOL,Sabelo1,SEDIBENG EAST,700330936,GAUTENG,Primary,320,314,634,15,f,0,0,0,0,0,0,0,0,0,,,,,,,0,,,,,,,
SIBONELO PRIMARY SCHOOL,Sympathy verified,EKURHULENI NORTH,700311498,GAUTENG,Primary,391,390,781,20,f,11,16,6,0,0,0,11,16,5,35.55,24.38,35.55,24.38,3.33,4.00,,,,17,0,1,1,1
TOTOMENG PRIMARY SCHOOL,Joseph verified,JOHANNESBURG WEST,700141069,GAUTENG,Primary,131,139,270,,f,6,7,,0,1,,6,6,,21.83,19.86,21.83,23.17,,,0,,,,,1,1,1
ITSEBENG PRIMARY SCHOOL,SABELO1,SEDIBENG WEST,700320630,GAUTENG,Primary,425,406,831,,f,9,12,1,0,0,0,9,12,1,47.22,33.83,47.22,33.83,,,,1,831.00,,2,0,1,1
DUMEHLEZI INTERMEDIATE SCHOOL,Joseph verified,GAUTENG EAST,700311019,GAUTENG,Primary,407,367,774,30,f,20,24,4,1,2,0,19,22,4,20.35,15.29,21.42,16.68,7.50,7.50,0,,,,,1,1,1
ITHUTE PRIMARY SCHOOL,Sympathy Varified,JOHANNESBURG EAST,700152173,GAUTENG,Primary,696,681,1384,,f,18,30,,3,9,,15,21,,38.67,22.70,46.40,32.43,,,0,,,37,0,1,1,1
THUTO LORE SECONDARY SCHOOL,Tamir Shklaz,SEDIBENG EAST,700331413,GAUTENG,Secondary,418,386,804,34,f,0,0,,0,0,,0,0,,,,,,,,0,,,,,,,
VULAMAZIBUKO PRIMARY SCHOOL,V2 Yossi Bank,JOHANNESBURG NORTH,700141150,GAUTENG,Other,222,197,419,14,f,6,7,,2,2,,4,5,,37.00,28.14,55.50,39.40,,,0,1,419.00,8,2,0,0,0
LUKHOLWENI PRIMARY SCHOOL,Joseph verified,JOHANNESBURG NORTH,700132456,GAUTENG,Primary,350,324,674,,f,4,6,,0,0,,4,6,,87.50,54.00,87.50,54.00,,,0,,,12,1,0,0,0
IPONTSHE PRIMARY SCHOOL,V2 Adam Dison,EKURHULENI NORTH,700260901,GAUTENG,Primary,498,536,1034,26,f,15,20,6,0,0,0,15,20,6,33.20,26.80,33.20,26.80,4.33,4.33,0,3,344.67,39,0,0,1,1
NQUBELA PRIMARY SCHOOL,Sympathy Varified,EKURHULENI SOUTH,700341032,GAUTENG,Primary,199,159,358,24,f,21,21,5,18,19,1,3,2,4,9.48,7.57,66.33,79.50,4.80,6.00,1,,,13,10,1,0,1
DAVID HELLEN PETA SECONDARY SCHOOL,Joseph verified,TSHWANE SOUTH,700231605,GAUTENG,Secondary,516,428,944,30,f,17,21,8,10,7,1,7,14,7,30.35,20.38,73.71,30.57,3.75,4.29,2,5,188.80,22,6,1,1,1
KOKOSI PRIMARY SCHOOL,Mabuza verified,GAUTENG WEST,700930749,GAUTENG,Primary,659,583,2903,30,f,10,30,,0,12,,10,18,,65.90,19.43,65.90,32.39,,,,3,967.67,21,3,0,1,1
PHAMEHLO PRIMARY SCHOOL,Symps,SEDIBENG WEST,700321232,GAUTENG,Primary,279,269,548,,f,7,7,,0,3,,7,4,,39.86,38.43,39.86,67.25,,,0,3,182.67,1,1,0,0,1
SELOPE-THEMA PRIMARY SCHOOL,SABELO VERIFIED,JOHANNESBURG NORTH,700132910,GAUTENG,Primary,,,395,11,f,10,12,,1,6,,9,6,,,,,,,,0,,,11,3,,,
THUTHUKA PRIMARY SCHOOL,SABELO VERIFIED,EKURHULENI NORTH,700261347,GAUTENG,Primary,525,512,1037,40,f,22,22,4,1,0,0,21,22,4,23.86,23.27,25.00,23.27,10.00,10.00,0,4,259.25,27,6,1,1,1
MASISEBENZE COMPREHENSIVE SCHOOL,Zanele V1,,700261065,GAUTENG,Secondary,,,,80,f,12,20,,0,0,,12,20,,,,,,,,0,1,,10,0,,,
BOPASENATLA SECONDARY SCHOOL,Joseph verified,JOHANNESBURG NORTH,700140426,GAUTENG,Secondary,210,243,453,13,f,7,10,,1,2,,6,8,,30.00,24.30,35.00,30.38,,,,2,226.50,5,1,1,1,1
ROLIHLAHLA PRIMARY SCHOOL,Tshepo2,GAUTENG EAST,700311472,GAUTENG,Primary,639,514,1153,31,f,4,11,,1,1,,3,10,,159.75,46.73,213.00,51.40,,,,,,11,6,0,0,0
REKGUTLILE PRIMARY SCHOOL,SABELO VERIFEID,JOHANNESBURG SOUTH,700331264,GAUTENG,Primary,573,500,1073,24,f,9,23,,0,2,,9,21,,63.67,21.74,63.67,23.81,,,0,2,536.50,24,2,0,1,1
DIEPDALE SECONDARY SCHOOL,V2-Jaydin krok,JOHANNESBURG NORTH,700140434,GAUTENG,Secondary,380,391,771,39,f,8,8,,1,3,,7,5,,47.50,48.88,54.29,78.20,,,0,2,385.50,15,2,0,0,1
SPHIWE PRIMARY SCHOOL,SFISOV1,,,GAUTENG,Primary,376,347,1355,31,f,20,20,,0,0,,20,20,,18.80,17.35,18.80,17.35,,,0,,,,,1,1,1
STRETFORD EXT 8 PRIMARY SCHOOL,Sfiso v1,JOHANNESBURG SOUTH,700331918,GAUTENG,Primary,498,499,997,24,t,9,12,4,1,1,0,6,9,3,55.33,41.58,83.00,55.44,6.00,8.00,,2,498.50,18,5,0,0,1
ISIZIBA PRIMARY SCHOOL,V1,EKURHULENI NORTH,700260943,GAUTENG,Primary,623,631,1254,28,f,22,10,12,0,0,0,21,9,12,28.32,63.10,29.67,70.11,2.33,2.33,1,5,250.80,41,8,0,0,0
CARTER PRIMARY SCHOOL,Joseph verified,JOHANNESBURG EAST,700152058,GAUTENG,Primary,623,640,1263,30,f,10,12,,1,0,,9,12,,62.30,53.33,69.22,53.33,,,0,,,21,2,0,0,0
ZIFUNELENI JUNIOR SECONDARY  (COMB. PRIMARY) SCHOOL,SABELO VERIFIED,JOHANNESBURG NORTH,700133314,GAUTENG,Other,609,548,1157,33,f,18,20,,7,7,,11,13,,33.83,27.40,55.36,42.15,,,,,,40,12,0,0,0
BATHOKWA PRIMARY SCHOOL,SABELO VERIFIED,TSHWANE SOUTH,700231530,GAUTENG,Primary,408,424,832,17,f,19,14,4,3,2,0,14,10,4,21.47,30.29,29.14,42.40,4.25,4.25,,2,416.00,18,1,0,0,1
FRED HABEDI PRIMARY SCHOOL,Pontsho11,GAUTENG EAST,700350702,GAUTENG,Primary,,,817,22,f,13,14,4,0,0,0,13,14,4,,,,,5.50,5.50,0,5,163.40,32,3,,,
DR WF NKOMO SECONDARY SCHOOL,Sympathy Varified,TSHWANE SOUTH,700231613,GAUTENG,Secondary,436,589,1025,33,f,17,23,,9,15,,8,8,,25.65,25.61,54.50,73.63,,,,,,8,4,0,0,1
AMOS MAPHANGA SECONDARY,V2 Yossi Bank,GAUTENG EAST,700400398,GAUTENG,Secondary,548,502,1050,31,t,32,32,38,4,4,4,11,11,22,17.13,15.69,49.82,45.64,0.82,1.41,0,19,55.26,24,0,1,0,1
MABOELLENG PRIMARY SCHOOL,Joseph,SEDIBENG WEST,700320879,GAUTENG,Primary,,,526,13,f,21,9,4,5,1,0,16,8,4,,,,,3.25,3.25,0,2,263.00,13,3,,,
PHUTHADITSHABA PRIMARY SCHOOL,SABELO VERIFIED,TSHWANE SOUTH,700232661,GAUTENG,Primary,808,758,1566,45,f,8,13,,0,0,,8,13,,101.00,58.31,101.00,58.31,,,0,8,195.75,21,0,0,0,0
O.R TAMBO PRIMARY SCHOOL,Zanele V1,EKURHULENI SOUTH,700400248,GAUTENG,Primary,635,563,1198,23,f,12,17,20,0,1,0,12,16,20,52.92,33.12,52.92,35.19,1.15,1.15,0,,,30,9,0,1,1
LIVHUWANI PRIMARY SCHOOL,SABELO VERIFIED,JOHANNESBURG WEST,700140731,GAUTENG,Primary,327,387,714,19,f,10,12,,3,3,,7,9,,32.70,32.25,46.71,43.00,,,1,2,357.00,4,2,0,0,1
ESIKHISINI PRIMARY SCHOOL,Joseph verified,TSHWANE SOUTH,700231662,GAUTENG,Primary,310,251,561,1050,f,6,8,,2,1,,4,7,,51.67,31.38,77.50,35.86,,,,2,280.50,4,3,0,1,1
BOTLEHADI PRIMARY SCHOOL,Sabelo1,SEDIBENG WEST,700320366,GAUTENG,Primary,269,296,565,14,f,6,8,,2,5,,4,3,,44.83,37.00,67.25,98.67,,,0,,,6,1,0,0,1
IPHUTHENG PRIMARY SCHOOL,Sympathy varified,JOHANNESBURG EAST,700152165,GAUTENG,Primary,,,,,f,12,16,,0,1,,12,15,,,,,,,,3,,,36,2,,,
VEZUKHONO SECONDARY SCHOOL,Joseph,GAUTENG EAST,700311852,GAUTENG,Secondary,646,629,1275,49,f,12,18,,11,13,,1,5,,53.83,34.94,646.00,125.80,,,0,,,24,18,0,0,1
GORDON PRIMARY SCHOOL,SFISO V1,JOHANNESBURG EAST,700152132,GAUTENG,Primary,,,1353,34,f,7,14,9,6,13,6,1,1,3,,,,,3.78,11.33,3,,,32,27,,,
TLHAKANANG PRIMARY SCHOOL,Tlhakanang Primary School,EKURHULENI NORTH,700261388,GAUTENG,Primary,487,455,942,21,f,7,8,,1,5,,6,3,,69.57,56.88,81.17,151.67,,,0,1,942.00,8,0,0,0,0
SAULRIDGE SECONDARY SCHOOL,Sabelo verified,TSHWANE SOUTH,700232223,GAUTENG,Secondary,472,559,1031,39,f,10,12,,0,3,,10,9,,47.20,46.58,47.20,62.11,,,,,,10,0,0,0,1
SEOTLOANA PRIMARY SCHOOL,Zanele V1,EKURHULENI NORTH,700261198,GAUTENG,Primary,70,68,1074,30,t,8,9,12,0,0,0,8,9,9,8.75,7.56,8.75,7.56,2.50,3.33,3,2,537.00,34,13,1,1,1
ENTSHONALANGA PRIMARY SCHOOL,SABELO VERIFIED,EKURHULENI NORTH,700260752,GAUTENG,Primary,787,724,1511,,f,15,24,,0,2,,15,22,,52.47,30.17,52.47,32.91,,,3,9,167.89,15,6,0,1,1
MATSIE STEYN PRIMARY SCHOOL,Joseph verified,SEDIBENG EAST,700331017,GAUTENG,Primary,,,622,16,f,12,13,,7,3,,5,10,,,,,,,,,3,207.33,19,10,,,
PHUTHUMANI PRIMARY SCHOOL,Sympathy Varified,EKURHULENI NORTH,700261149,GAUTENG,Primary,589,572,1161,28,f,15,16,4,4,0,0,11,16,4,39.27,35.75,53.55,35.75,7.00,7.00,,,,20,12,0,1,1
KHANGEZILE PRIMARY SCHOOL,Pontsho9,GAUTENG EAST,700350801,GAUTENG,Primary,202,219,423,9,f,6,10,,4,2,,2,8,,33.67,21.90,101.00,27.38,,,0,2,211.50,10,4,1,0,1
MADUME PRIMARY SCHOOL,SABELO VERIFIED,JOHANNESBURG SOUTH,700330985,GAUTENG,Primary,477,483,961,26,f,12,19,,0,2,,12,17,,39.75,25.42,39.75,28.41,,,0,,,25,1,0,1,1
LESEDI LA KRESTE ANGLICAN PRIMARY SCHOOL,V2-Jaydin Krok,JOHANNESBURG SOUTH,700330712,GAUTENG,Primary,,,1253,,f,7,15,,2,3,,5,12,,,,,,,,0,,,19,4,,,
KGOLAGANO PRIMARY SCHOOL,Joseph verified,GAUTENG EAST,700311811,GAUTENG,Primary,730,725,1455,33,t,25,18,12,1,0,0,15,9,9,29.20,40.28,48.67,80.56,2.75,3.67,,6,242.50,23,0,0,0,1
JABULILE SECONDARY SCHOOL,SABELO VERIFIED,JOHANNESBURG SOUTH,700331611,GAUTENG,Secondary,677,873,1550,54,f,12,15,,4,1,,8,14,,56.42,58.20,84.63,62.36,,,0,,,19,6,0,0,1
DINOTO TECHNICAL SECONDARY SCHOOL,Tshepo3,EKURHULENI NORTH,700310995,GAUTENG,Secondary,551,600,1151,79,f,14,14,,2,3,,12,11,,39.36,42.86,45.92,54.55,,,0,,,16,1,0,0,1
ZAMANI PRIMARY SCHOOL,Sympathy Varified,GAUTENG EAST,700351288,GAUTENG,Primary,401,423,824,21,f,8,8,,0,0,,8,8,,50.13,52.88,50.13,52.88,,,0,,,4,0,0,0,0
MOYISELA PRIMARY SCHOOL,Sabelo verified,JOHANNESBURG SOUTH,700331082,GAUTENG,Primary,522,481,1003,28,f,15,20,,1,4,,14,16,,34.80,24.05,37.29,30.06,,,1,,,24,12,1,1,1
TLAKULA SECONDARY SCHOOL,Sympathy Varified,GAUTENG EAST,700351171,GAUTENG,Secondary,,,1168,41,f,6,8,,0,0,,6,8,,,,,,,,0,,,13,1,,,
DITAU PRIMARY SCHOOL,Sympathy varified,JOHANNESBURG NORTH,700132068,GAUTENG,Primary,235,229,474,10,f,10,11,,3,0,,7,11,,23.50,20.82,33.57,20.82,,,0,,,8,2,1,1,1
SECHABA PRIMARY SCHOOL,KHOLWANI14,GAUTENG EAST,700351064,GAUTENG,Primary,223,200,423,12,f,13,,,0,,,13,,,17.15,,17.15,,,,0,,,13,4,,,
ZITHATHELE PRIMARY SCHOOL,Joseph verified,JOHANNESBURG NORTH,700133322,GAUTENG,Primary,747,660,1413,39,f,6,8,,0,1,,6,7,,124.50,82.50,124.50,94.29,,,1,2,706.50,8,3,0,0,0
KGALEMA PRIMARY SCHOOL,V2-Jaydin krok,GAUTENG EAST,700311175,GAUTENG,Primary,661,586,1247,30,f,0,,,0,,,0,,,,,,,,,0,,,,,,,
ALEXANDRA SECONDARY SCHOOL,Jake Pencharz,JOHANNESBURG EAST,700152009,GAUTENG,Secondary,840,949,1789,67,f,24,36,,5,9,,19,27,,35.00,26.36,44.21,35.15,,,1,3,596.33,48,18,0,1,1
LEFA-IFA SECONDARY SCHOOL,KHOLWANE13,GAUTENG EAST,700350850,GAUTENG,Secondary,,,1287,37,f,15,21,,1,18,,14,3,,,,,,,,0,1,1287.00,24,10,,,
MUZOMSHA PRIMARY SCHOOL,KHOLWANI18,GAUTENG EAST,700350926,GAUTENG,Primary,,,539,15,f,11,19,6,0,0,0,11,19,6,,,,,2.50,2.50,,3,179.67,31,0,,,
NCHABELENG PRIMARY SCHOOL,KHOLWANI9,GAUTENG EAST,700311407,GAUTENG,Primary,426,437,863,36,f,,,,,,,,,,,,,,,,0,,,9,0,,,
EMFUNDISWENI PRIMARY SCHOOL,SABELO VERIFIED,JOHANNESBURG EAST,700152116,GAUTENG,Primary,613,567,1180,31,f,13,19,4,2,5,0,11,14,4,47.15,29.84,55.73,40.50,7.75,7.75,2,4,295.00,34,10,0,0,1
AB XUMA PRIMARY SCHOOL,V2-jaydin krok,JOHANNESBURG NORTH,700131805,GAUTENG,Primary,436,430,866,20,f,14,14,,0,5,,14,9,,31.14,30.71,31.14,47.78,,,1,2,433.00,19,2,0,0,1
FADIMEHA PRIMARY SCHOOL,Joseph verified,SEDIBENG WEST,700320523,GAUTENG,Primary,241,203,444,,f,8,8,,0,0,,8,8,,30.13,25.38,30.13,25.38,,,,,,4,0,0,1,1
MANGWELE PRIMARY SCHOOL,SABELO VERIFIED,JOHANNESBURG NORTH,700140764,GAUTENG,Primary,233,183,416,28,f,6,7,,0,0,,6,7,,38.83,26.14,38.83,26.14,,,0,2,208.00,8,3,0,1,1
SHADRACK MBAMBO PRIMARY SCHOOL,Sympathy Varified,GAUTENG EAST,700311480,GAUTENG,Primary,,,1146,26,f,18,20,,7,2,,11,18,,,,,,,,0,4,286.50,24,0,,,
SEDIBENG PRIMARY SCHOOL,Zanele V1,EKURHULENI NORTH,700261180,GAUTENG,Primary,423,402,825,18,f,20,8,2,1,0,0,15,4,2,21.15,50.25,28.20,100.50,9.00,9.00,,4,206.25,17,3,0,0,0
JABULANI THABANG PRIMARY SCHOOL,Sabelo1,SEDIBENG WEST,700320648,GAUTENG,Primary,412,395,807,19,f,6,7,,0,0,,6,7,,68.67,56.43,68.67,56.43,,,0,,,6,0,0,0,0
PHOMOLONG PRIMARY SCHOOL,Sympathy varified,EKURHULENI NORTH,700260885,GAUTENG,Primary,754,751,1505,32,f,8,15,,0,1,,8,14,,94.25,50.07,94.25,53.64,,,1,4,376.25,21,7,0,0,1
SELELEKELA SECONDARY SCHOOL,SABELO 1,JOHANNESBURG NORTH,700132902,GAUTENG,Secondary,678,476,1154,36,f,5,6,,3,1,,2,5,,135.60,79.33,339.00,95.20,,,1,3,384.67,6,1,0,0,0
REALO  SECONDARY SCHOOL,SABELO VERIFIED,JOHANNESBURG EAST,700152314,GAUTENG,Secondary,881,912,1793,63,f,14,13,,3,9,,11,4,,62.93,70.15,80.09,228.00,,,0,,,13,0,0,0,1
WINNIE MANDELA PRIMARY SCHOOL,SABELO VERIFIED,EKURHULENI NORTH,700400236,GAUTENG,Primary,35,28,63,32,t,24,28,1,1,2,0,19,22,1,1.46,1.00,1.84,1.27,32.00,32.00,3,,,68,1,1,1,1
JOB RATHEBE PRIMARY SCHOOL,Sabelo verified,JOHANNESBURG NORTH,700132332,GAUTENG,Other,454,339,793,24,f,9,12,,4,5,,5,7,,50.44,28.25,90.80,48.43,,,,2,396.50,18,8,0,0,0
LEEMA-MOKOTULI PRIMARY SCHOOL,Sabelo1,SEDIBENG WEST,700400110,GAUTENG,Primary,155,168,323,,f,8,8,7,1,2,0,7,6,7,19.38,21.00,22.14,28.00,,,0,1,323.00,14,1,1,1,1
MENZI PRIMARY SCHOOL,Sympathy varified,GAUTENG EAST,700400234,GAUTENG,Primary,,,1555,35,f,4,8,8,0,2,0,4,6,8,,,,,4.38,4.38,0,1,1555.00,17,0,,,
MOGOGODI PRIMARY SCHOOL,Joseph1,SEDIBENG WEST,700321018,GAUTENG,Primary,201,99,300,9,f,11,6,5,4,0,0,7,6,5,18.27,16.50,28.71,16.50,1.80,1.80,2,2,150.00,12,3,1,1,1
ZIMISELE SECONDARY SCHOOL,Pontsho3,GAUTENG EAST,700351304,GAUTENG,Secondary,475,518,993,37,f,16,16,8,12,12,0,4,4,8,29.69,32.38,118.75,129.50,4.63,4.63,0,6,165.50,38,24,0,0,1
NYIKO PRIMARY SCHOOL,Freddy9,EKURHULENI NORTH,700261131,GAUTENG,Primary,564,544,1108,29,f,22,10,12,0,0,0,21,9,12,25.64,54.40,26.86,60.44,2.42,2.42,,,,41,8,0,0,0
NKUMBULO SECONDARY SCHOOL,Pontsho4,GAUTENG EAST,700350959,GAUTENG,Secondary,629,633,1262,45,f,27,28,,1,2,,26,26,,23.30,22.61,24.19,24.35,,,0,3,420.67,60,4,1,1,1
TEMBISA SECONDARY SCHOOL,V1,EKURHULENI NORTH,700261305,GAUTENG,Secondary,984,1054,2038,52,f,17,26,12,6,7,0,11,19,9,57.88,40.54,89.45,55.47,4.33,5.78,3,,,32,18,0,0,1
QEDUSIZI PRIMARY SCHOOL,Pontsho8,GAUTENG EAST,700351015,GAUTENG,Primary,57,53,1053,40,f,12,16,6,0,0,0,12,16,6,4.75,3.31,4.75,3.31,6.67,6.67,1,,,39,0,1,1,1
REAMOHETSOE PRIMARY SCHOOL,V2-Jaydin Krok,JOHANNESBURG SOUTH,700331231,GAUTENG,Primary,,,734,,f,16,,,12,,,4,,,,,,,,,0,,,23,4,,,
SEEISO PRIMARY SCHOOL,Joseph verified,SEDIBENG WEST,700321422,GAUTENG,Primary,,,1039,27,f,6,7,5,1,0,0,5,7,5,,,,,5.40,5.40,,1,1039.00,11,4,,,
REAKGONA PRIMARY SCHOOL,Tamir Shklaz\,GAUTENG WEST,700931778,GAUTENG,Primary,514,509,1023,25,f,6,24,,2,7,,4,17,,85.67,21.21,128.50,29.94,,,0,,,16,9,0,0,1
FUNUKUKHANYA PRIMARY SCHOOL,KHOLWANI3,GAUTENG EAST,700311068,GAUTENG,Primary,,,,21,f,11,15,,6,5,,5,10,,,,,,,,0,,,18,7,,,
GOVAN MBEKI PRIMARY SCHOOL,Sabelo verified,JOHANNESBURG SOUTH,700332099,GAUTENG,Primary,663,615,1278,29,f,10,24,,6,7,,4,17,,66.30,25.63,165.75,36.18,,,0,7,182.57,26,0,0,0,1
ORANGE FARM PRIMARY SCHOOL,V1,JOHANNESBURG SOUTH,700331637,GAUTENG,Primary,,,1447,42,f,16,18,,4,0,,12,18,,,,,,,,0,,,24,9,,,
ORLANDO SECONDARY SCHOOL,SABELO VERIFIED,JOHANNESBURG NORTH,700132670,GAUTENG,Secondary,437,323,760,31,f,9,,4,3,,0,6,,4,48.56,,72.83,,7.75,7.75,3,,,12,2,,,1
QUANTUM SECONDARY SCHOOL,Tshepo2,GAUTENG EAST,700400152,GAUTENG,Secondary,417,567,984,31,f,6,8,8,1,1,0,5,7,6,69.50,70.88,83.40,81.00,3.88,5.17,,,,,,0,0,1
LETSEMA-ILIMA PRIMARY SCHOOL,Symps,SEDIBENG WEST,700321331,GAUTENG,Primary,668,679,1347,39,f,12,20,,1,0,,11,20,,55.67,33.95,60.73,33.95,,,0,6,224.50,24,6,0,1,1
TSWELOPELE SECONDARY SCHOOL,Zanele V1,EKURHULENI NORTH,700400400,GAUTENG,Secondary,618,659,1277,,f,12,30,10,2,8,0,10,22,10,51.50,21.97,61.80,29.95,,,0,4,319.25,36,10,0,1,1
INKATHA KA ZULU PRIMARY SCHOOL,Tshepo1,GAUTENG EAST,700311118,GAUTENG,Primary,554,477,1031,23,f,,,,,,,,,,,,,,,,2,,,,,,,
LERATONG PRIMARY SCHOOL,sfisov1,JOHANNESBURG NORTH,700132399,GAUTENG,Primary,365,347,712,19,f,,,,,,,,,,,,,,,,1,2,356.00,,,,,
JOB MASEKO PRIMARY SCHOOL,KHOLWANI12,GAUTENG EAST,700350777,GAUTENG,Primary,546,459,1005,25,f,,,,,,,,,,,,,,,,0,,,,,,,
SOZIZWE PRIMARY SCHOOL,Tshepo3,EKURHULENI NORTH,700311530,GAUTENG,Primary,241,3538,3779,11,f,,,,,,,,,,,,,,,,,2,1889.50,,,,,
CAIPHUS NYOKA SECONDARY SCHOOL,Joseph veried,GAUTENG EAST,700311837,GAUTENG,Secondary,602,616,1218,41,f,,,,,,,,,,,,,,,,1,,,,,,,
NOMINI PRIMARY SCHOOL,Sabelo verified,JOHANNESBURG SOUTH,700331108,GAUTENG,Other,243,256,1401,31,f,,,,,,,,,,,,,,,,0,,,,,,0,0
PATOGENG PRIMARY SCHOOL,Joseph verified,TSHWANE SOUTH,700232082,GAUTENG,Primary,358,319,677,17,f,,,,,,,,,,,,,,,,0,,,,,,,
JET NTEO SECONDARY SCHOOL,Sabelo1,SEDIBENG WEST,700320663,GAUTENG,Secondary,483,411,894,28,f,,,,,,,,,,,,,,,,0,,,,,,,
WINNIE MANDELA SECONDARY SCHOOL,SABELO VERIFIED,EKURHULENI NORTH,700400514,GAUTENG,Secondary,,,,,t,16,33,1,0,2,0,13,28,1,,,,,,,,,,62,0,,,
LESIBA SECONDARY SCHOOL,Freddy1,EKURHULENI NORTH,700311258,GAUTENG,Unknown,,,,,f,,,,,,,,,,,,,,,,,,,,,,0,0
THETHA SECONDARY SCHOOL,SABELO VERFIED,JOHANNESBURG SOUTH,700331645,GAUTENG,Secondary,,,,,f,15,20,,6,13,,9,7,,,,,,,,0,,,33,13,,,
DITAWANE PRIMARY SCHOOL,Joseph verified,,,GAUTENG,Primary,,,,,f,5,7,1,0,0,0,5,7,1,,,,,,,0,,,3,0,,,
RETLILE PRIMARY SCHOOL,Jake Pencharz,GAUTENG WEST,700934044,GAUTENG,Primary,,,,,f,8,16,,0,4,,8,12,,,,,,,,,4,,16,4,,,
