School name,Version name,Is Verified,District,NEIMS Number,Province,Access to Soap,Access to Toilet Paper,Access to Sanitary Pads,Number of Toilet Blocks that Have Soap,Number of Toilet Blocks that Have Sanitary Bins,Number of Toilet Blocks that Have Toilet Paper,Total Number of Toilet Blocks,Percentage Toilet Blocks with Soap,Percentage Toilet Blocks with Sanitary Bins,Percentage Toilet Blocks with Toilet Paper
AB XUMA PRIMARY SCHOOL,V2-jaydin krok,true,JOHANNESBURG NORTH,700131805,GAUTENG,Unsure,Ask a teacher or administrator,Unsure,,,,4,,,
AHA-THUTO SECONDARY SCHOOL,Sabelo verified,true,JOHANNESBURG SOUTH,700330696,GAUTENG,No access,Ask a teacher or administrator,Ask a teacher or administrator,,2,,8,,25.00,
ALEXANDRA SECONDARY SCHOOL,Jake Pencharz,true,JOHANNESBURG EAST,700152009,GAUTENG,No access,No access,Unsure,,6,,12,,50.00,
AMOS MAPHANGA SECONDARY,V2 Yossi Bank,true,GAUTENG EAST,700400398,GAUTENG,No access,No access,No access,2,5,2,5,40.00,100.00,40.00
BATHOKWA PRIMARY SCHOOL,SABELO VERIFIED,true,TSHWANE SOUTH,700231530,GAUTENG,No access,Ask a teacher or administrator,No access,2,2,2,9,22.22,22.22,22.22
BATLOUNG INTERMEDIATE SCHOOL,Symps,true,SEDIBENG WEST,700320309,GAUTENG,No access,No access,Sanitary pads are in the stall,,,,11,,,
BHEKIMFUNDO PRIMARY SCHOOL,Joseph verified,true,EKURHULENI NORTH,700310920,GAUTENG,Soap is at the sink,Ask a teacher or administrator,No access,4,,4,4,100.00,,100.00
BOITUMELONG SECONDARY SCHOOL,Zanele V1,true,EKURHULENI NORTH,700260620,GAUTENG,Soap is at the sink,Toilet paper is in the stall,Sanitary pads are in the stall,1,1,5,5,20.00,20.00,100.00
BOKAMOSO SECONDARY SCHOOL,Zanele V1,true,EKURHULENI NORTH,700241810,GAUTENG,No access,No access,Ask a teacher or administrator,2,6,2,8,25.00,75.00,25.00
BONA COMPREHENSIVE SCHOOL,SABELO VERIFIED,true,JOHANNESBURG NORTH,700131961,GAUTENG,No access,No access,No access,,,,4,,,
BOPASENATLA SECONDARY SCHOOL,Joseph verified,true,JOHANNESBURG NORTH,700140426,GAUTENG,No access,No access,No access,,,,2,,,
BOPHELONG SECONDARY SCHOOL,Joseph verified,true,SEDIBENG WEST,700400355,GAUTENG,,,,,,,8,,,
BOTLEHADI PRIMARY SCHOOL,Sabelo1,true,SEDIBENG WEST,700320366,GAUTENG,No access,Toilet paper is in the stall,Ask a teacher or administrator,,,,2,,,
BOVET PRIMARY SCHOOL,Joseph verified,true,JOHANNESBURG EAST,700152041,GAUTENG,,Ask a teacher or administrator,,1,,,12,8.33,,
BUD MBELLE PRIMARY SCHOOL,SABELO VERIFIED,true,TSHWANE SOUTH,700231563,GAUTENG,,,,,,,,,,
BUHLEBEMFUNDO SECONDARY SCHOOL,Joseph verified,true,GAUTENG EAST,700310938,GAUTENG,,,,,,,2,,,
CAIPHUS NYOKA SECONDARY SCHOOL,Joseph veried,true,GAUTENG EAST,700311837,GAUTENG,No access,No access,Ask a teacher or administrator,,,,1,,,
CARTER PRIMARY SCHOOL,Joseph verified,true,JOHANNESBURG EAST,700152058,GAUTENG,No access,Ask a teacher or administrator,No access,,2,,7,,28.57,
CHARLOTTE MAXEKE SECONDARY SCHOOL,V2 Yossi Bank,true,EKURHULENI NORTH,700400351,GAUTENG,Unsure,Unsure,Unsure,,,1,3,,,33.33
DAVID HELLEN PETA SECONDARY SCHOOL,Joseph verified,true,TSHWANE SOUTH,700231605,GAUTENG,,,,4,3,6,10,40.00,30.00,60.00
DIEPDALE SECONDARY SCHOOL,V2-Jaydin krok,true,JOHANNESBURG NORTH,700140434,GAUTENG,No access,No access,Ask a teacher or administrator,,,,3,,,
DINOTO TECHNICAL SECONDARY SCHOOL,Tshepo3,true,EKURHULENI NORTH,700310995,GAUTENG,No access,Ask a teacher or administrator,Ask a teacher or administrator,,,,4,,,
DITAU PRIMARY SCHOOL,Sympathy varified,true,JOHANNESBURG NORTH,700132068,GAUTENG,No access,Ask a teacher or administrator,Ask a teacher or administrator,,,,4,,,
DITAWANE PRIMARY SCHOOL,Joseph verified,true,,,GAUTENG,,,,2,2,,3,66.67,66.67,
DR HARRY GWALA SECONDARY SCHOOL,Tshepo3,true,GAUTENG EAST,700311001,GAUTENG,No access,No access,No access,1,,1,3,33.33,,33.33
DR KNAK PRIMARY SCHOOL,"SABELO VERIFIED
pontsho 20",true,JOHANNESBURG EAST,700152082,GAUTENG,No access,Ask a teacher or administrator,No access,,,,12,,,
DR NHLAPO INTERMEDIATE SCHOOL,Joseph verified,true,SEDIBENG WEST,700320440,GAUTENG,,,,,,,2,,,
DR WF NKOMO SECONDARY SCHOOL,Sympathy Varified,true,TSHWANE SOUTH,700231613,GAUTENG,No access,No access,No access,,1,,4,,25.00,
DUMEHLEZI INTERMEDIATE SCHOOL,Joseph verified,true,GAUTENG EAST,700311019,GAUTENG,,,,2,2,6,6,33.33,33.33,100.00
EAST BANK HIGH SCHOOL,Sympathy varified,true,JOHANNESBURG EAST,700152090,GAUTENG,No access,No access,No access,,,,5,,,
EKUKHANYISWENI PRIMARY SCHOOL,SABELO VERIFIED,true,JOHANNESBURG EAST,700152108,GAUTENG,No access,No access,No access,6,6,5,14,42.86,42.86,35.71
EMFUNDISWENI PRIMARY SCHOOL,SABELO VERIFIED,true,JOHANNESBURG EAST,700152116,GAUTENG,,,,2,,2,8,25.00,,25.00
EMMANGWENI PRIMARY SCHOOL,Zanele v1,true,EKURHULENI NORTH,700260729,GAUTENG,Ask a teacher or administrator,Ask a teacher or administrator,Ask a teacher or administrator,,1,,6,,16.67,
EMMANUEL PRIMARY SCHOOL,Joseph verified,true,SEDIBENG EAST,700330837,GAUTENG,Ask a teacher or administrator,Ask a teacher or administrator,Ask a teacher or administrator,,,,4,,,
ENDULWENI PRIMARY SCHOOL,Joseph verified,true,EKURHULENI NORTH,700260745,GAUTENG,Ask a teacher or administrator,Ask a teacher or administrator,Ask a teacher or administrator,1,1,1,2,50.00,50.00,50.00
ENTSHONALANGA PRIMARY SCHOOL,SABELO VERIFIED,true,EKURHULENI NORTH,700260752,GAUTENG,No access,No access,Ask a teacher or administrator,,,,10,,,
ESIKHISINI PRIMARY SCHOOL,Joseph verified,true,TSHWANE SOUTH,700231662,GAUTENG,Ask a teacher or administrator,Ask a teacher or administrator,No access,,,,2,,,
EVATON PRIMARY SCHOOL,kholwani23,true,SEDIBENG WEST,700320952,GAUTENG,Ask a teacher or administrator,Ask a teacher or administrator,Ask a teacher or administrator,,,,10,,,
FADIMEHA PRIMARY SCHOOL,Joseph verified,true,SEDIBENG WEST,700320523,GAUTENG,Unsure,Unsure,Unsure,,,,2,,,
FRED HABEDI PRIMARY SCHOOL,Pontsho11,true,GAUTENG EAST,700350702,GAUTENG,Ask a teacher or administrator,Ask a teacher or administrator,Ask a teacher or administrator,6,3,6,6,100.00,50.00,100.00
FUNUKUKHANYA PRIMARY SCHOOL,KHOLWANI3,true,GAUTENG EAST,700311068,GAUTENG,No access,No access,No access,,,,6,,,
GAHLANSO PRIMARY SCHOOL,Zanele V1,true,EKURHULENI NORTH,700260828,GAUTENG,Ask a teacher or administrator,Ask a teacher or administrator,Ask a teacher or administrator,,,,4,,,
GEORGE MBILASE PRIMARY SCHOOL,Joseph,true,GAUTENG EAST,700311076,GAUTENG,,,,,2,,2,,100.00,
GORDON PRIMARY SCHOOL,SFISO V1,true,JOHANNESBURG EAST,700152132,GAUTENG,Unsure,Ask a teacher or administrator,Unsure,2,,3,7,28.57,,42.86
GOROGANG PRIMARY SCHOOL,Pontsho5,true,GAUTENG EAST,700350728,GAUTENG,Ask a teacher or administrator,Ask a teacher or administrator,Ask a teacher or administrator,,,,2,,,
GOVAN MBEKI PRIMARY SCHOOL,Sabelo verified,true,JOHANNESBURG SOUTH,700332099,GAUTENG,Ask a teacher or administrator,Ask a teacher or administrator,No access,9,,9,9,100.00,,100.00
HLABANGANE PRIMARY SCHOOL,Joseph verified,true,JOHANNESBURG WEST,700140541,GAUTENG,No access,No access,No access,,,,5,,,
HLANGABEZA PRIMARY SCHOOL,Symps,true,GAUTENG WEST,700270736,GAUTENG,,,Ask a teacher or administrator,4,4,4,4,100.00,100.00,100.00
HOFMEYR SECONDARY SCHOOL,Joseph verified,true,TSHWANE SOUTH,700231746,GAUTENG,No access,No access,No access,,,,12,,,
HULWAZI SECONDARY SCHOOL,Tshepo1,true,EKURHULENI NORTH,700311100,GAUTENG,No access,No access,No access,2,3,2,4,50.00,75.00,50.00
IKAGE PRIMARY SCHOOL,Sympathy varified,true,JOHANNESBURG EAST,700152140,GAUTENG,No access,Ask a teacher or administrator,No access,2,1,2,13,15.38,7.69,15.38
IMFUNDO MIDDLE SCHOOL,Tshepo25,true,SEDIBENG WEST,700320598,GAUTENG,,,,,,,,,,
INKATHA KA ZULU PRIMARY SCHOOL,Tshepo1,true,GAUTENG EAST,700311118,GAUTENG,Ask a teacher or administrator,Ask a teacher or administrator,Ask a teacher or administrator,,,,1,,,
INKONJANE JUNIOR SECONDARY SCHOOL,V2 Yossi Bank,true,JOHANNESBURG WEST,700140582,GAUTENG,No access,No access,No access,2,,,6,33.33,,
INXIWENI PRIMARY SCHOOL,Freddy8,true,EKURHULENI NORTH,700260893,GAUTENG,,,,,,,,,,
IPHUTHENG PRIMARY SCHOOL,Sympathy varified,true,JOHANNESBURG EAST,700152165,GAUTENG,No access,Ask a teacher or administrator,No access,,4,,8,,50.00,
IPONTSHE PRIMARY SCHOOL,V2 Adam Dison,true,EKURHULENI NORTH,700260901,GAUTENG,Ask a teacher or administrator,Ask a teacher or administrator,Ask a teacher or administrator,13,1,13,13,100.00,7.69,100.00
ISEKELO PRIMARY SCHOOL,Joseph verified,true,EKURHULENI NORTH,700260919,GAUTENG,Ask a teacher or administrator,Ask a teacher or administrator,Ask a teacher or administrator,,4,10,10,,40.00,100.00
ISIZIBA PRIMARY SCHOOL,V1,true,EKURHULENI NORTH,700260943,GAUTENG,Ask a teacher or administrator,Ask a teacher or administrator,Ask a teacher or administrator,4,2,3,8,50.00,25.00,37.50
ITHUTE PRIMARY SCHOOL,Sympathy Varified,true,JOHANNESBURG EAST,700152173,GAUTENG,Unsure,Toilet paper is in the stall,Unsure,,,,12,,,
ITSEBENG PRIMARY SCHOOL,SABELO1,true,SEDIBENG WEST,700320630,GAUTENG,Ask a teacher or administrator,Ask a teacher or administrator,,,,,5,,,
JABULANI THABANG PRIMARY SCHOOL,Sabelo1,true,SEDIBENG WEST,700320648,GAUTENG,,,,,,,2,,,
JABULILE SECONDARY SCHOOL,SABELO VERIFIED,true,JOHANNESBURG SOUTH,700331611,GAUTENG,No access,No access,Ask a teacher or administrator,,3,,6,,50.00,
JET NTEO SECONDARY SCHOOL,Sabelo1,true,SEDIBENG WEST,700320663,GAUTENG,No access,No access,Unsure,,,,1,,,
JOB MASEKO PRIMARY SCHOOL,KHOLWANI12,true,GAUTENG EAST,700350777,GAUTENG,No access,No access,No access,,,,1,,,
JOB RATHEBE PRIMARY SCHOOL,Sabelo verified,true,JOHANNESBURG NORTH,700132332,GAUTENG,,,,,2,,6,,33.33,
JORDAN SECONDARY SCHOOL,Sabelo1,true,SEDIBENG WEST,700320671,GAUTENG,No access,Ask a teacher or administrator,Ask a teacher or administrator,2,2,6,6,33.33,33.33,100.00
KAMOHELO PUBLIC SCHOOL,Joseph,true,GAUTENG WEST,700270801,GAUTENG,No access,No access,No access,,,,2,,,
KENNETH MASEKELA SECONDARY SCHOOL,Pontsho7,true,GAUTENG EAST,700350793,GAUTENG,No access,No access,Ask a teacher or administrator,,1,,2,,50.00,
KGALEMA PRIMARY SCHOOL,V2-Jaydin krok,true,GAUTENG EAST,700311175,GAUTENG,,,,1,,1,1,100.00,,100.00
KGOLAGANO PRIMARY SCHOOL,Joseph verified,true,GAUTENG EAST,700311811,GAUTENG,No access,No access,No access,1,1,1,5,20.00,20.00,20.00
KGOMOCO PRIMARY SCHOOL,Joseph verified,true,SEDIBENG EAST,700330902,GAUTENG,Unsure,Unsure,Unsure,,1,2,2,,50.00,100.00
KHANGEZILE PRIMARY SCHOOL,Pontsho9,true,GAUTENG EAST,700350801,GAUTENG,No access,No access,No access,,,,4,,,
KHOMANANI PRIMARY SCHOOL,SABELO VERIFIED,true,JOHANNESBURG NORTH,700140640,GAUTENG,No access,No access,No access,,,,4,,,
KHULA SIZWE PRIMARY SCHOOL,Freddy7,true,EKURHULENI NORTH,700260992,GAUTENG,Ask a teacher or administrator,Ask a teacher or administrator,Ask a teacher or administrator,,2,4,4,,50.00,100.00
KOKOSI PRIMARY SCHOOL,Mabuza verified,true,GAUTENG WEST,700930749,GAUTENG,,,,,2,,4,,50.00,
KUZIMISELA PRIMARY SCHOOL,Tshepo,true,EKURHULENI NORTH,700311209,GAUTENG,No access,Ask a teacher or administrator,Ask a teacher or administrator,1,2,2,4,25.00,50.00,50.00
LABAN MOTLHABI COMPREHENSIVE SCHOOL,Pontsho6,true,GAUTENG EAST,700350843,GAUTENG,Ask a teacher or administrator,No access,No access,,3,,6,,50.00,
LANGAVILLE PRIMARY SCHOOL,Sympathy varified,true,GAUTENG EAST,700312140,GAUTENG,No access,Ask a teacher or administrator,Ask a teacher or administrator,2,1,10,10,20.00,10.00,100.00
LEBOHANG SECONDARY SCHOOL,Sabelo1,true,SEDIBENG WEST,700320788,GAUTENG,Unsure,,,,1,,2,,50.00,
LEBONE PRIMARY SCHOOL,KHOLWANI7,true,GAUTENG EAST,700311217,GAUTENG,,,,1,,,4,25.00,,
LEBOWA PRIMARY SCHOOL,Joseph,true,SEDIBENG EAST,700330928,GAUTENG,,,,,,,2,,,
LEEMA-MOKOTULI PRIMARY SCHOOL,Sabelo1,true,SEDIBENG WEST,700400110,GAUTENG,Ask a teacher or administrator,Ask a teacher or administrator,No access,2,,,4,50.00,,
LEFA-IFA SECONDARY SCHOOL,KHOLWANE13,true,GAUTENG EAST,700350850,GAUTENG,No access,No access,No access,,,,6,,,
LEFIKA PRIMARY SCHOOL,V1,true,SEDIBENG WEST,700320804,GAUTENG,,,,,2,4,4,,50.00,100.00
LEHLASEDI PRIMARY SCHOOL,Sabelo1,true,SEDIBENG EAST,700330936,GAUTENG,Unsure,Unsure,Unsure,2,2,4,4,50.00,50.00,100.00
LEJOELEPUTSOA PRIMARY SCHOOL,Freddy4,true,JOHANNESBURG WEST,700140707,GAUTENG,No access,Ask a teacher or administrator,Ask a teacher or administrator,,,,5,,,
LERATONG PRIMARY SCHOOL,sfisov1,true,JOHANNESBURG NORTH,700132399,GAUTENG,No access,No access,No access,,,,1,,,
LESEDI LA KRESTE ANGLICAN PRIMARY SCHOOL,V2-Jaydin Krok,true,JOHANNESBURG SOUTH,700330712,GAUTENG,Ask a teacher or administrator,Ask a teacher or administrator,Ask a teacher or administrator,1,1,1,6,16.67,16.67,16.67
LESHATA SECONDARY SCHOOL,Sabelo verified,true,JOHANNESBURG SOUTH,700330969,GAUTENG,No access,No access,Ask a teacher or administrator,,1,,6,,16.67,
LESIBA SECONDARY SCHOOL,Freddy1,true,EKURHULENI NORTH,700311258,GAUTENG,,,,,,,,,,
LETSATSING COMBINED SCHOOL,SABELO 1,true,,,GAUTENG,,,,,,,,,,
LETSEMA-ILIMA PRIMARY SCHOOL,Symps,true,SEDIBENG WEST,700321331,GAUTENG,Ask a teacher or administrator,Ask a teacher or administrator,No access,,2,7,8,,25.00,87.50
LETSIE PRIMARY SCHOOL,KHOLWANI8,true,GAUTENG EAST,700311274,GAUTENG,,,,4,3,6,6,66.67,50.00,100.00
LIVHUWANI PRIMARY SCHOOL,SABELO VERIFIED,true,JOHANNESBURG WEST,700140731,GAUTENG,,,,2,,2,4,50.00,,50.00
LOTUS GARDENS PRIMARY SCHOOL,Joseph verified,true,TSHWANE WEST,700400154,GAUTENG,,,,,,,4,,,
LUKHOLWENI PRIMARY SCHOOL,Joseph verified,true,JOHANNESBURG NORTH,700132456,GAUTENG,No access,No access,No access,,,,2,,,
MABOELLENG PRIMARY SCHOOL,Joseph,true,SEDIBENG WEST,700320879,GAUTENG,No access,Ask a teacher or administrator,Ask a teacher or administrator,6,,5,11,54.55,,45.45
MABUYA SECONDARY SCHOOL,Joseph1,true,EKURHULENI NORTH,700311290,GAUTENG,No access,No access,No access,,1,2,2,,50.00,100.00
MADUME PRIMARY SCHOOL,SABELO VERIFIED,true,JOHANNESBURG SOUTH,700330985,GAUTENG,,,,8,,8,8,100.00,,100.00
MAHLAHLE PRIMARY SCHOOL,SABELO VERIFIED,true,TSHWANE SOUTH,700231894,GAUTENG,,,,,,,,,,
MAKAPANE PRIMARY SCHOOL,Joseph verified,true,SEDIBENG WEST,700320903,GAUTENG,Ask a teacher or administrator,Ask a teacher or administrator,No access,3,,,5,60.00,,
MANGWELE PRIMARY SCHOOL,SABELO VERIFIED,true,JOHANNESBURG NORTH,700140764,GAUTENG,No access,No access,No access,,,,2,,,
MASHEMONG PRIMARY SCHOOL,Joseph verified,true,EKURHULENI NORTH,700261040,GAUTENG,Ask a teacher or administrator,Toilet paper is in the stall,,1,1,1,2,50.00,50.00,50.00
MASIMINI PRIMARY SCHOOL,V2 Adam Dison,true,GAUTENG EAST,700350892,GAUTENG,,,,4,2,4,4,100.00,50.00,100.00
MASIQHAKAZE SECONDARY SCHOOL,V1,true,EKURHULENI NORTH,700261057,GAUTENG,No access,No access,No access,,,,3,,,
MASISEBENZE COMPREHENSIVE SCHOOL,Zanele V1,true,,700261065,GAUTENG,No access,No access,No access,,1,,2,,50.00,
MATSIE STEYN PRIMARY SCHOOL,Joseph verified,true,SEDIBENG EAST,700331017,GAUTENG,Unsure,Unsure,Unsure,,,,5,,,
MEADOWLANDS PRIMARY SCHOOL,Tamir Shklaz,true,JOHANNESBURG WEST,700140947,GAUTENG,Ask a teacher or administrator,Ask a teacher or administrator,No access,1,,2,2,50.00,,100.00
MELODI PRIMARY SCHOOL,V2 - Daniel Kartun,true,GAUTENG EAST,700311373,GAUTENG,No access,Toilet paper is in the stall,No access,5,,9,10,50.00,,90.00
MENZI PRIMARY SCHOOL,Sympathy varified,true,GAUTENG EAST,700400234,GAUTENG,Ask a teacher or administrator,Ask a teacher or administrator,Ask a teacher or administrator,1,,5,5,20.00,,100.00
MICHAEL ZULU PRIMARY SCHOOL,Sympathy varified,true,GAUTENG EAST,700311381,GAUTENG,Ask a teacher or administrator,Ask a teacher or administrator,Ask a teacher or administrator,,2,,8,,25.00,
MODUOPO PRIMARY SCHOOL,Zanele V1,true,EKURHULENI NORTH,700261099,GAUTENG,No access,No access,,2,2,2,6,33.33,33.33,33.33
MOGOGODI PRIMARY SCHOOL,Joseph1,true,SEDIBENG WEST,700321018,GAUTENG,No access,No access,No access,1,,1,5,20.00,,20.00
MOHLOLI SECONDARY SCHOOL,symps,true,SEDIBENG EAST,700331074,GAUTENG,No access,No access,No access,,,,4,,,
MOKGOME SECONDARY SCHOOL,Joseph verified,true,JOHANNESBURG WEST,700140814,GAUTENG,,,,,,,3,,,
MONTSOSI PRIMARY SCHOOL,SABELO1,true,SEDIBENG WEST,700321075,GAUTENG,,,,,,,3,,,
MOSHOESHOE PRIMARY SCHOOL,Joseph verified,true,GAUTENG EAST,700311399,GAUTENG,,Unsure,,,,,2,,,
MOYISELA PRIMARY SCHOOL,Sabelo verified,true,JOHANNESBURG SOUTH,700331082,GAUTENG,Ask a teacher or administrator,Ask a teacher or administrator,Ask a teacher or administrator,,1,7,8,,12.50,87.50
MQINISWA PRIMARY SCHOOL,Joseph verified,true,SEDIBENG WEST,700321141,GAUTENG,No access,No access,No access,,,,4,,,
MUZOMSHA PRIMARY SCHOOL,KHOLWANI18,true,GAUTENG EAST,700350926,GAUTENG,,,,2,2,2,8,25.00,25.00,25.00
MVELAPHANDA PRIMARY SCHOOL,Freddy9,true,EKURHULENI NORTH,700261123,GAUTENG,,,,2,1,4,6,33.33,16.67,66.67
N'WA MHINGA PRIMARY SCHOOL,V2-Jaydin krok,true,TSHWANE SOUTH,700232041,GAUTENG,,Ask a teacher or administrator,,,,,4,,,
NCHABELENG PRIMARY SCHOOL,KHOLWANI9,true,GAUTENG EAST,700311407,GAUTENG,Unsure,Unsure,Unsure,10,3,2,11,90.91,27.27,18.18
NKABINDE PRIMARY SCHOOL,V2 Yossi Bank,true,GAUTENG EAST,700350942,GAUTENG,Unsure,Unsure,Unsure,,,,2,,,
NKUMBULO SECONDARY SCHOOL,Pontsho4,true,GAUTENG EAST,700350959,GAUTENG,No access,No access,Ask a teacher or administrator,,5,,14,,35.71,
NOMINI PRIMARY SCHOOL,Sabelo verified,true,JOHANNESBURG SOUTH,700331108,GAUTENG,Ask a teacher or administrator,Ask a teacher or administrator,Ask a teacher or administrator,,,,1,,,
NQUBELA PRIMARY SCHOOL,Sympathy Varified,true,EKURHULENI SOUTH,700341032,GAUTENG,Unsure,Unsure,Unsure,,,,4,,,
NTOKOZWENI PRIMARY SCHOOL,Pontsho12,true,GAUTENG EAST,700350975,GAUTENG,Ask a teacher or administrator,No access,Ask a teacher or administrator,8,2,4,8,100.00,25.00,50.00
NTSELE PRIMARY SCHOOL,Sabelo1,true,SEDIBENG WEST,700321208,GAUTENG,No access,Ask a teacher or administrator,Ask a teacher or administrator,,2,,4,,50.00,
NTSIKANA PRIMARY SCHOOL,Sympathy Varified,true,GAUTENG EAST,700311423,GAUTENG,No access,No access,Ask a teacher or administrator,,1,,3,,33.33,
NYIKO PRIMARY SCHOOL,Freddy9,true,EKURHULENI NORTH,700261131,GAUTENG,,,,4,2,3,8,50.00,25.00,37.50
Nxineni Primary,Nxineni Primary,true,,,GAUTENG,Unsure,Unsure,Unsure,2,2,4,4,50.00,50.00,100.00
O.R TAMBO PRIMARY SCHOOL,Zanele V1,true,EKURHULENI SOUTH,700400248,GAUTENG,Ask a teacher or administrator,Ask a teacher or administrator,Ask a teacher or administrator,9,5,10,10,90.00,50.00,100.00
ORANGE FARM PRIMARY SCHOOL,V1,true,JOHANNESBURG SOUTH,700331637,GAUTENG,No access,No access,No access,,,,8,,,
ORLANDO SECONDARY SCHOOL,SABELO VERIFIED,true,JOHANNESBURG NORTH,700132670,GAUTENG,No access,No access,No access,,,,4,,,
PATOGENG PRIMARY SCHOOL,Joseph verified,true,TSHWANE SOUTH,700232082,GAUTENG,,,,,,,1,,,
PHAMEHLO PRIMARY SCHOOL,Symps,true,SEDIBENG WEST,700321232,GAUTENG,No access,No access,No access,,,,2,,,
PHANDIMFUNDO SECONDARY SCHOOL,SABELO VERIFIED,true,GAUTENG EAST,700311431,GAUTENG,Unsure,Unsure,Unsure,,,,10,,,
PHELINDABA SECONDARY SCHOOL,Sabelo verified,true,TSHWANE SOUTH,700232124,GAUTENG,,,,,2,,3,,66.67,
PHOMOLONG PRIMARY SCHOOL,Sympathy varified,true,EKURHULENI NORTH,700260885,GAUTENG,No access,Ask a teacher or administrator,No access,,,,6,,,
PHOMOLONG SECONDARY SCHOOL,V2 - Adam Dison,true,EKURHULENI NORTH,700400138,GAUTENG,No access,No access,Ask a teacher or administrator,,,,10,,,
PHORORONG PRIMARY SCHOOL,Joseph,true,GAUTENG WEST,700271015,GAUTENG,No access,Ask a teacher or administrator,,,,,2,,,
PHUTHADITSHABA PRIMARY SCHOOL,SABELO VERIFIED,true,TSHWANE SOUTH,700232661,GAUTENG,,,,6,1,,6,100.00,16.67,
PHUTHULLA PRIMARY SCHOOL,Joseph verified,true,SEDIBENG WEST,700321265,GAUTENG,No access,Toilet paper is in the stall,No access,,,1,1,,,100.00
PHUTHUMANI PRIMARY SCHOOL,Sympathy Varified,true,EKURHULENI NORTH,700261149,GAUTENG,,,,,,,,,,
POELANO SECONDARY SCHOOL,Joseph verified,true,SEDIBENG WEST,700321281,GAUTENG,No access,No access,No access,,,,8,,,
PUDUMO PRIMARY SCHOOL,SABELO 1,true,JOHANNESBURG SOUTH,700331165,GAUTENG,Unsure,Ask a teacher or administrator,Unsure,,,3,8,,,37.50
QEDUSIZI PRIMARY SCHOOL,Pontsho8,true,GAUTENG EAST,700351015,GAUTENG,No access,Ask a teacher or administrator,Ask a teacher or administrator,2,3,2,6,33.33,50.00,33.33
QHAKAZANI PRIMARY SCHOOL,tshepo20,true,JOHANNESBURG SOUTH,700331173,GAUTENG,Ask a teacher or administrator,Ask a teacher or administrator,Ask a teacher or administrator,,,,8,,,
QUANTUM SECONDARY SCHOOL,Tshepo2,true,GAUTENG EAST,700400152,GAUTENG,No access,No access,No access,1,1,1,5,20.00,20.00,20.00
REAGILE PRIMARY SCHOOL,Freddy11,true,EKURHULENI NORTH,700261694,GAUTENG,No access,No access,No access,3,3,5,15,20.00,20.00,33.33
REAKGONA PRIMARY SCHOOL,Tamir Shklaz\,true,GAUTENG WEST,700931778,GAUTENG,,,,,,,4,,,
REALO  SECONDARY SCHOOL,SABELO VERIFIED,true,JOHANNESBURG EAST,700152314,GAUTENG,No access,No access,Ask a teacher or administrator,,2,,4,,50.00,
REAMOHETSOE PRIMARY SCHOOL,V2-Jaydin Krok,true,JOHANNESBURG SOUTH,700331231,GAUTENG,Unsure,Unsure,Unsure,,,4,8,,,50.00
REKGUTLILE PRIMARY SCHOOL,SABELO VERIFEID,true,JOHANNESBURG SOUTH,700331264,GAUTENG,No access,Ask a teacher or administrator,No access,,4,,8,,50.00,
RESIDENSIA SECONDARY SCHOOL,Symps,true,SEDIBENG WEST,700321380,GAUTENG,No access,No access,No access,,,,8,,,
RETLILE PRIMARY SCHOOL,Jake Pencharz,true,GAUTENG WEST,700934044,GAUTENG,Ask a teacher or administrator,Ask a teacher or administrator,Unsure,,,8,8,,,100.00
Radibapi Primary,sabelo,true,,,GAUTENG,Ask a teacher or administrator,,,,,,8,,,
SAKHELWE PRIMARY SCHOOL,Pontsho 10,true,GAUTENG EAST,700351049,GAUTENG,No access,Ask a teacher or administrator,Sanitary pads are in the stall,,,,4,,,
SAPPHIRE SECONDARY SCHOOL,Joseph verified,true,SEDIBENG WEST,700321406,GAUTENG,,,,,,,8,,,
SAULRIDGE SECONDARY SCHOOL,Sabelo verified,true,TSHWANE SOUTH,700232223,GAUTENG,,,,,,,,,,
SECHABA PRIMARY SCHOOL,KHOLWANI14,true,GAUTENG EAST,700351064,GAUTENG,No access,No access,No access,,,,2,,,
SEDIBENG PRIMARY SCHOOL,Zanele V1,true,EKURHULENI NORTH,700261180,GAUTENG,No access,No access,Ask a teacher or administrator,2,1,2,4,50.00,25.00,50.00
SEEISO PRIMARY SCHOOL,Joseph verified,true,SEDIBENG WEST,700321422,GAUTENG,,,,2,2,4,7,28.57,28.57,57.14
SELELEKELA SECONDARY SCHOOL,SABELO 1,true,JOHANNESBURG NORTH,700132902,GAUTENG,Unsure,Unsure,Unsure,,2,,2,,100.00,
SELIBA PRIMARY SCHOOL,Joseph verified,true,SEDIBENG EAST,700331314,GAUTENG,No access,No access,No access,,,,2,,,
SELOPE-THEMA PRIMARY SCHOOL,SABELO VERIFIED,true,JOHANNESBURG NORTH,700132910,GAUTENG,No access,Ask a teacher or administrator,Ask a teacher or administrator,,,,4,,,
SEOTLOANA PRIMARY SCHOOL,Zanele V1,true,EKURHULENI NORTH,700261198,GAUTENG,No access,Ask a teacher or administrator,No access,2,1,4,8,25.00,12.50,50.00
SHADRACK MBAMBO PRIMARY SCHOOL,Sympathy Varified,true,GAUTENG EAST,700311480,GAUTENG,No access,Ask a teacher or administrator,No access,,,8,8,,,100.00
SIBONELO PRIMARY SCHOOL,Sympathy verified,true,EKURHULENI NORTH,700311498,GAUTENG,,,,,,,,,,
SIPHIWE PRIMARY SCHOOL,Zanele V1,true,EKURHULENI NORTH,700261214,GAUTENG,Ask a teacher or administrator,Ask a teacher or administrator,Ask a teacher or administrator,,,,4,,,
SIVUSE PRIMARY SCHOOL,SABELO1,true,SEDIBENG WEST,700321489,GAUTENG,Ask a teacher or administrator,Ask a teacher or administrator,Ask a teacher or administrator,2,1,2,4,50.00,25.00,50.00
SOZIZWE PRIMARY SCHOOL,Tshepo3,true,EKURHULENI NORTH,700311530,GAUTENG,No access,Toilet paper is in the stall,,,,,1,,,
SPHIWE PRIMARY SCHOOL,SFISOV1,true,,,GAUTENG,Ask a teacher or administrator,Ask a teacher or administrator,Ask a teacher or administrator,,,,4,,,
STEVE BIKO PRIMARY SCHOOL,SABELO VERIFIED,true,JOHANNESBURG SOUTH,700400077,GAUTENG,,Ask a teacher or administrator,,,,2,8,,,25.00
STRETFORD EXT 8 PRIMARY SCHOOL,Sfiso v1,true,JOHANNESBURG SOUTH,700331918,GAUTENG,No access,Ask a teacher or administrator,No access,1,3,4,8,12.50,37.50,50.00
TEMBISA SECONDARY SCHOOL,V1,true,EKURHULENI NORTH,700261305,GAUTENG,,,,2,4,2,7,28.57,57.14,28.57
TEMBISA WEST SECONDARY SCHOOL,Freddy10,true,EKURHULENI NORTH,700400117,GAUTENG,No access,No access,No access,,1,,2,,50.00,
THEMBALIHLE PRIMARY SCHOOL,SABELO1,true,JOHANNESBURG NORTH,700133132,GAUTENG,No access,Ask a teacher or administrator,Ask a teacher or administrator,,,,2,,,
THEMBALIKAZULU PRIMARY SCHOOL,KHOLWANI10,true,GAUTENG EAST,700351148,GAUTENG,No access,No access,Ask a teacher or administrator,,,,6,,,
THETHA SECONDARY SCHOOL,SABELO VERFIED,true,JOHANNESBURG SOUTH,700331645,GAUTENG,No access,No access,Ask a teacher or administrator,,5,,10,,50.00,
THOHO-YA-NDOU PRIMARY SCHOOL,Joseph verified,true,TSHWANE SOUTH,700232272,GAUTENG,Ask a teacher or administrator,Ask a teacher or administrator,Ask a teacher or administrator,5,2,3,7,71.43,28.57,42.86
THOPODI PRIMARY SCHOOL,SABELO VERIFIED,true,GAUTENG EAST,700311555,GAUTENG,,,,1,,,5,20.00,,
THUTHUKA PRIMARY SCHOOL,SABELO VERIFIED,true,EKURHULENI NORTH,700261347,GAUTENG,Ask a teacher or administrator,Ask a teacher or administrator,Ask a teacher or administrator,2,2,2,4,50.00,50.00,50.00
THUTO KITSO SECONDARY SCHOOL,sabelo1,true,GAUTENG WEST,700932124,GAUTENG,Ask a teacher or administrator,Ask a teacher or administrator,Ask a teacher or administrator,,,,8,,,
THUTO LORE SECONDARY SCHOOL,Tamir Shklaz,true,SEDIBENG EAST,700331413,GAUTENG,No access,No access,No access,,,2,2,,,100.00
THUTOLORE SECONDARY SCHOOL,Joseph verified,true,JOHANNESBURG WEST,700141002,GAUTENG,No access,Ask a teacher or administrator,Ask a teacher or administrator,,,,2,,,
TIYANI Junior secondary SCHOOL,SABELO VERIFIED,true,JOHANNESBURG NORTH,700141028,GAUTENG,No access,No access,No access,,,,2,,,
TLAKULA SECONDARY SCHOOL,Sympathy Varified,true,GAUTENG EAST,700351171,GAUTENG,No access,No access,Ask a teacher or administrator,,,,2,,,
TLHAKANANG PRIMARY SCHOOL,Tlhakanang Primary School,true,EKURHULENI NORTH,700261388,GAUTENG,No access,No access,Ask a teacher or administrator,,,,2,,,
TLHOKOMELO PRIMARY SCHOOL,Joseph1,true,JOHANNESBURG WEST,700141044,GAUTENG,No access,No access,No access,,,,5,,,
TLHOLO INTERMEDIATE SCHOOL,Joseph1,true,SEDIBENG WEST,700321596,GAUTENG,Ask a teacher or administrator,Ask a teacher or administrator,Ask a teacher or administrator,1,1,2,8,12.50,12.50,25.00
TOKELO SECONDARY SCHOOL,Joseph verified,true,SEDIBENG WEST,700321604,GAUTENG,Unsure,Unsure,Unsure,,,,4,,,
TOTOMENG PRIMARY SCHOOL,Joseph verified,true,JOHANNESBURG WEST,700141069,GAUTENG,Ask a teacher or administrator,No access,,,,,2,,,
TSAKANE PRIMARY SCHOOL,Sympathy Varified,true,GAUTENG EAST,700311571,GAUTENG,Ask a teacher or administrator,Ask a teacher or administrator,Ask a teacher or administrator,,,2,4,,,50.00
TSHIRELA PRIMARY SCHOOL,Joseph verified,true,SEDIBENG WEST,700321653,GAUTENG,Soap is at the sink,Toilet paper is in the stall,,,,,6,,,
TSHIRELETSO PRIMARY SCHOOL,Joseph1,true,JOHANNESBURG WEST,700141085,GAUTENG,,Ask a teacher or administrator,,,,,6,,,
TSHITSO PRIMARY SCHOOL,V1,true,SEDIBENG WEST,700321661,GAUTENG,,,,,,,,,,
TSIETSI MASHININI PRIMARY SCHOOL,Sympathy varified,true,JOHANNESBURG WEST,700140822,GAUTENG,Ask a teacher or administrator,Ask a teacher or administrator,No access,1,,1,2,50.00,,50.00
TSIMONG PRIMARY SCHOOL,Kholwani19,true,GAUTENG EAST,700351197,GAUTENG,No access,Ask a teacher or administrator,No access,,,,2,,,
TSITSIBOGA PRIMARY SCHOOL,SABELO1,true,GAUTENG WEST,700271130,GAUTENG,No access,Ask a teacher or administrator,No access,,,,6,,,
TSOELOPELE PRIMARY SCHOOL,Joseph verified,true,SEDIBENG EAST,700331462,GAUTENG,,,,,,2,2,,,100.00
TSWELELANG PRIMARY SCHOOL,Joseph verified,true,JOHANNESBURG WEST,700141119,GAUTENG,,Ask a teacher or administrator,,1,,1,4,25.00,,25.00
TSWELOPELE SECONDARY SCHOOL,Zanele V1,true,EKURHULENI NORTH,700400400,GAUTENG,No access,Ask a teacher or administrator,Ask a teacher or administrator,2,,2,12,16.67,,16.67
UMTHAMBEKA PRIMARY SCHOOL,Freddy12,true,EKURHULENI NORTH,700261438,GAUTENG,No access,No access,No access,1,2,1,3,33.33,66.67,33.33
UNITY SECONDARY SCHOOL,Tshepo3,true,EKURHULENI NORTH,700311613,GAUTENG,No access,No access,No access,,5,,10,,50.00,
VEZUKHONO SECONDARY SCHOOL,Joseph,true,GAUTENG EAST,700311852,GAUTENG,,,,,,,8,,,
VULAMAZIBUKO PRIMARY SCHOOL,V2 Yossi Bank,true,JOHANNESBURG NORTH,700141150,GAUTENG,Unsure,Ask a teacher or administrator,Unsure,,,1,2,,,50.00
VUYO PRIMARY SCHOOL,Joseph,true,SEDIBENG EAST,700331520,GAUTENG,,,,,,,5,,,
WESTFIELDS PRIMARY SCHOOL,SABELO 1,true,GAUTENG WEST,700270579,GAUTENG,,,Ask a teacher or administrator,2,3,7,7,28.57,42.86,100.00
WINNIE MANDELA PRIMARY SCHOOL,SABELO VERIFIED,true,EKURHULENI NORTH,700400236,GAUTENG,No access,No access,No access,,,,13,,,
WINNIE MANDELA SECONDARY SCHOOL,SABELO VERIFIED,true,EKURHULENI NORTH,700400514,GAUTENG,,,,,,,,,,
ZAKHENI PRIMARY SCHOOL,Sympathy varified,true,JOHANNESBURG NORTH,700133306,GAUTENG,No access,No access,No access,,,,2,,,
ZAMANI PRIMARY SCHOOL,Sympathy Varified,true,GAUTENG EAST,700351288,GAUTENG,Ask a teacher or administrator,Ask a teacher or administrator,Ask a teacher or administrator,,,,4,,,
ZENZELENI PRIMARY SCHOOL,Sympathy Varification,true,JOHANNESBURG EAST,700152421,GAUTENG,No access,Ask a teacher or administrator,No access,,1,,6,,16.67,
ZIFUNELENI JUNIOR SECONDARY  (COMB. PRIMARY) SCHOOL,SABELO VERIFIED,true,JOHANNESBURG NORTH,700133314,GAUTENG,,,,,,,,,,
ZIMISELE SECONDARY SCHOOL,Pontsho3,true,GAUTENG EAST,700351304,GAUTENG,No access,No access,Ask a teacher or administrator,2,5,2,10,20.00,50.00,20.00
ZITHATHELE PRIMARY SCHOOL,Joseph verified,true,JOHANNESBURG NORTH,700133322,GAUTENG,,,,,,2,2,,,100.00
ZITHEMBENI PRIMARY SCHOOL,kholwani21,true,GAUTENG EAST,700351312,GAUTENG,Ask a teacher or administrator,Ask a teacher or administrator,Ask a teacher or administrator,,,,4,,,
ZITIKENI SECONDARY SCHOOL,SABELO VERIFIED,true,EKURHULENI NORTH,700261479,GAUTENG,No access,No access,Ask a teacher or administrator,2,5,2,7,28.57,71.43,28.57
zitha primary,sabelo1,true,,,GAUTENG,,,,,,,,,,
