School name,Version name,Is Verified,District,NEIMS Number,Province,Type,Grade R Students,Grade R Teachers,Grade R Classrooms,Grade R Number of Students to 1 Teacher,Grade 1 Students,Grade 1 Teachers,Grade 1 Classrooms,Grade 1 Number of Students to 1 Teacher,Grade 2 Students,Grade 2 Teachers,Grade 2 Classrooms,Grade 2 Number of Students to 1 Teacher,Grade 3 Students,Grade 3 Teachers,Grade 3 Classrooms,Grade 3 Number of Students to 1 Teacher,Grade 4 Students,Grade 4 Teachers,Grade 4 Classrooms,Grade 4 Number of Students to 1 Teacher,Grade 5 Students,Grade 5 Teachers,Grade 5 Classrooms,Grade 5 Number of Students to 1 Teacher,Grade 6 Students,Grade 6 Teachers,Grade 6 Classrooms,Grade 6 Number of Students to 1 Teacher,Grade 7 Students,Grade 7 Teachers,Grade 8 Classrooms,Grade 7 Number of Students to 1 Teacher,Total Students in School,Total Teachers in School,Total Classrooms in School,Total Number of Students to 1 Teacher
AB XUMA PRIMARY SCHOOL,V2-jaydin krok,true,JOHANNESBURG NORTH,700131805,GAUTENG,Primary,72,2,,36.00,117,3,,39.00,113,,,,145,,,,135,,,,94,,,,102,,,,88,,,,866,20,,43.30
BATHOKWA PRIMARY SCHOOL,SABELO VERIFIED,true,TSHWANE SOUTH,700231530,GAUTENG,Primary,78,2,2,39.00,125,2,2,62.50,148,3,3,49.33,102,2,2,51.00,93,2,2,46.50,92,2,2,46.00,95,2,2,47.50,99,2,2,49.50,832,17,17,48.94
BATLOUNG INTERMEDIATE SCHOOL,Symps,true,SEDIBENG WEST,700320309,GAUTENG,Primary,42,1,1,42.00,37,1,1,37.00,33,1,1,33.00,30,1,1,30.00,28,1,1,28.00,32,1,1,32.00,34,1,1,34.00,26,1,1,26.00,262,8,8,32.75
BHEKIMFUNDO PRIMARY SCHOOL,Joseph verified,true,EKURHULENI NORTH,700310920,GAUTENG,Primary,94,3,3,31.33,274,6,6,45.67,276,7,7,39.43,205,5,5,41.00,,,,,,,,,,,,,,,,,849,21,21,40.43
BOTLEHADI PRIMARY SCHOOL,Sabelo1,true,SEDIBENG WEST,700320366,GAUTENG,Primary,56,2,2,28.00,92,2,2,46.00,79,2,2,39.50,73,2,2,36.50,73,2,1,36.50,66,1,1,66.00,64,1,1,64.00,60,2,2,30.00,565,14,13,40.36
BOVET PRIMARY SCHOOL,Joseph verified,true,JOHANNESBURG EAST,700152041,GAUTENG,Primary,117,4,4,29.25,253,6,6,42.17,268,6,6,44.67,196,5,5,39.20,243,4,5,60.75,184,,4,,204,,4,,196,,4,,1661,43,38,38.63
BUD MBELLE PRIMARY SCHOOL,SABELO VERIFIED,true,TSHWANE SOUTH,700231563,GAUTENG,Primary,70,3,3,23.33,160,3,3,53.33,128,3,3,42.67,118,3,3,39.33,117,2,2,58.50,91,2,2,45.50,88,2,2,44.00,99,2,2,49.50,871,,20,
CARTER PRIMARY SCHOOL,Joseph verified,true,JOHANNESBURG EAST,700152058,GAUTENG,Primary,65,2,2,32.50,175,4,4,43.75,119,4,2,29.75,204,4,4,51.00,193,4,4,48.25,165,4,4,41.25,178,4,4,44.50,165,4,4,41.25,1263,30,28,42.10
DITAU PRIMARY SCHOOL,Sympathy varified,true,JOHANNESBURG NORTH,700132068,GAUTENG,Primary,63,2,2,31.50,108,1,1,108.00,67,2,2,33.50,71,2,2,35.50,66,1,1,66.00,42,1,1,42.00,47,1,1,47.00,,,,,464,10,10,46.40
DR KNAK PRIMARY SCHOOL,"SABELO VERIFIED
pontsho 20",true,JOHANNESBURG EAST,700152082,GAUTENG,Primary,,,,,,,,,,,,,,,,,,,,,,,,,,,,,,,,,,,,
DR NHLAPO INTERMEDIATE SCHOOL,Joseph verified,true,SEDIBENG WEST,700320440,GAUTENG,Primary,108,3,3,36.00,138,4,4,34.50,104,2,2,52.00,126,3,3,42.00,114,7,2,16.29,95,7,2,13.57,96,7,2,13.71,93,8,2,11.63,874,41,20,21.32
DUMEHLEZI INTERMEDIATE SCHOOL,Joseph verified,true,GAUTENG EAST,700311019,GAUTENG,Primary,,,,,148,3,3,49.33,138,3,3,46.00,95,2,2,47.50,123,5,5,24.60,95,6,2,15.83,80,6,2,13.33,95,5,2,19.00,774,30,19,25.80
EKUKHANYISWENI PRIMARY SCHOOL,SABELO VERIFIED,true,JOHANNESBURG EAST,700152108,GAUTENG,Primary,71,,2,,185,,,,215,,,,132,,,,135,,,,163,,,,120,,,,119,,,,1140,32,2,35.63
EMFUNDISWENI PRIMARY SCHOOL,SABELO VERIFIED,true,JOHANNESBURG EAST,700152116,GAUTENG,Primary,75,2,2,37.50,195,4,4,48.75,208,4,4,52.00,193,4,4,48.25,203,5,4,40.60,148,5,4,29.60,158,7,4,22.57,,,,,1180,31,26,38.06
EMMANGWENI PRIMARY SCHOOL,Zanele v1,true,EKURHULENI NORTH,700260729,GAUTENG,Primary,152,3,3,50.67,303,5,5,60.60,220,5,5,44.00,270,6,6,45.00,268,6,6,44.67,233,5,6,46.60,146,3,7,48.67,181,3,7,60.33,1773,36,45,49.25
EMMANUEL PRIMARY SCHOOL,Joseph verified,true,SEDIBENG EAST,700330837,GAUTENG,Primary,88,3,3,29.33,132,3,3,44.00,132,3,3,44.00,128,3,3,42.67,118,2,2,59.00,97,2,2,48.50,88,2,2,44.00,63,2,2,31.50,846,20,20,42.30
ENDULWENI PRIMARY SCHOOL,Joseph verified,true,EKURHULENI NORTH,700260745,GAUTENG,Primary,84,29,32,2.90,174,,,,149,,,,134,,,,148,,,,130,,,,118,,,,116,,,,1053,29,32,36.31
ENTSHONALANGA PRIMARY SCHOOL,SABELO VERIFIED,true,EKURHULENI NORTH,700260752,GAUTENG,Primary,106,,,,251,,,,222,,,,202,,,,203,,,,209,,,,159,,,,157,,,,1511,,,
ESIKHISINI PRIMARY SCHOOL,Joseph verified,true,TSHWANE SOUTH,700231662,GAUTENG,Primary,48,2,1,24.00,97,2,2,48.50,78,2,2,39.00,77,2,2,38.50,70,2,2,35.00,105,2,2,52.50,39,1,1,39.00,47,1,1,47.00,561,1050,13,0.53
EVATON PRIMARY SCHOOL,kholwani23,true,SEDIBENG WEST,700320952,GAUTENG,Primary,79,2,2,39.50,177,4,4,44.25,101,3,3,33.67,75,2,2,37.50,59,2,2,29.50,46,1,1,46.00,29,1,1,29.00,17,1,1,17.00,585,,16,
FADIMEHA PRIMARY SCHOOL,Joseph verified,true,SEDIBENG WEST,700320523,GAUTENG,Primary,60,2,2,30.00,81,2,2,40.50,71,1,1,71.00,60,1,1,60.00,47,1,1,47.00,42,1,1,42.00,40,1,1,40.00,43,1,1,43.00,444,,10,
FRED HABEDI PRIMARY SCHOOL,Pontsho11,true,GAUTENG EAST,700350702,GAUTENG,Primary,,,,,,,,,,,,,,,,,,,,,,,,,,,,,,,,,817,22,,37.14
FUNUKUKHANYA PRIMARY SCHOOL,KHOLWANI3,true,GAUTENG EAST,700311068,GAUTENG,Primary,,,,,,,,,,,,,,,,,,,,,,,,,,,,,,,,,,21,,
GAHLANSO PRIMARY SCHOOL,Zanele V1,true,EKURHULENI NORTH,700260828,GAUTENG,Primary,80,,2,,162,,4,,148,,4,,160,,4,,167,,4,,137,,3,,115,,3,,90,,3,,1103,28,27,39.39
GEORGE MBILASE PRIMARY SCHOOL,Joseph,true,GAUTENG EAST,700311076,GAUTENG,Primary,110,,3,,117,3,3,39.00,116,3,3,38.67,93,2,2,46.50,129,3,3,43.00,96,2,2,48.00,77,2,2,38.50,93,2,2,46.50,811,,20,
GORDON PRIMARY SCHOOL,SFISO V1,true,JOHANNESBURG EAST,700152132,GAUTENG,Primary,100,,,,217,,,,238,,,,229,,,,181,,,,132,,,,123,,,,133,,,,1353,34,,39.79
GOROGANG PRIMARY SCHOOL,Pontsho5,true,GAUTENG EAST,700350728,GAUTENG,Primary,42,1,1,42.00,45,2,2,22.50,47,1,1,47.00,49,1,1,49.00,37,1,1,37.00,44,1,1,44.00,46,1,1,46.00,44,1,1,44.00,354,9,9,39.33
GOVAN MBEKI PRIMARY SCHOOL,Sabelo verified,true,JOHANNESBURG SOUTH,700332099,GAUTENG,Primary,74,2,2,37.00,222,5,5,44.40,186,4,4,46.50,178,4,4,44.50,133,3,3,44.33,174,4,4,43.50,162,4,4,40.50,149,3,3,49.67,1278,29,29,44.07
HLABANGANE PRIMARY SCHOOL,Joseph verified,true,JOHANNESBURG WEST,700140541,GAUTENG,Primary,31,1,1,31.00,43,1,1,43.00,30,1,1,30.00,38,1,1,38.00,48,1,1,48.00,37,1,1,37.00,29,1,1,29.00,,,,,256,6,7,42.67
HLANGABEZA PRIMARY SCHOOL,Symps,true,GAUTENG WEST,700270736,GAUTENG,Primary,115,3,3,38.33,178,4,4,44.50,178,4,4,44.50,156,4,4,39.00,135,4,4,33.75,123,3,3,41.00,120,3,3,40.00,138,3,3,46.00,1127,1127,28,1.00
IKAGE PRIMARY SCHOOL,Sympathy varified,true,JOHANNESBURG EAST,700152140,GAUTENG,Primary,,,,,,,,,,,,,,,,,,,,,,,,,,,,,,,,,,,,
IMFUNDO MIDDLE SCHOOL,Tshepo25,true,SEDIBENG WEST,700320598,GAUTENG,Primary,134,3,3,44.67,143,3,3,47.67,53,3,3,17.67,126,3,3,42.00,120,3,3,40.00,111,3,3,37.00,79,2,2,39.50,73,2,2,36.50,912,22,22,41.45
INKATHA KA ZULU PRIMARY SCHOOL,Tshepo1,true,GAUTENG EAST,700311118,GAUTENG,Primary,102,3,3,34.00,191,4,4,47.75,170,3,3,56.67,127,3,3,42.33,111,2,2,55.50,119,3,3,39.67,104,3,3,34.67,107,2,2,53.50,1031,23,23,44.83
INXIWENI PRIMARY SCHOOL,Freddy8,true,EKURHULENI NORTH,700260893,GAUTENG,Primary,146,4,4,36.50,214,4,4,53.50,199,4,4,49.75,159,3,3,53.00,201,3,3,67.00,129,3,3,43.00,156,3,3,52.00,142,3,3,47.33,1346,27,27,49.85
IPHUTHENG PRIMARY SCHOOL,Sympathy varified,true,JOHANNESBURG EAST,700152165,GAUTENG,Primary,,,,,,,,,,,,,,,,,,,,,,,,,,,,,,,,,,,,
IPONTSHE PRIMARY SCHOOL,V2 Adam Dison,true,EKURHULENI NORTH,700260901,GAUTENG,Primary,91,3,3,30.33,165,4,4,41.25,152,4,4,38.00,134,3,3,44.67,139,3,3,46.33,131,3,3,43.67,95,3,3,31.67,123,3,3,41.00,1034,26,26,39.77
ISEKELO PRIMARY SCHOOL,Joseph verified,true,EKURHULENI NORTH,700260919,GAUTENG,Primary,119,4,4,29.75,210,5,5,42.00,184,5,5,36.80,164,4,4,41.00,166,3,3,55.33,151,3,3,50.33,125,3,3,41.67,136,3,3,45.33,1248,,30,
ISIZIBA PRIMARY SCHOOL,V1,true,EKURHULENI NORTH,700260943,GAUTENG,Primary,135,3,4,45.00,182,4,4,45.50,205,5,5,41.00,155,4,4,38.75,155,3,3,51.67,179,3,3,59.67,129,3,3,43.00,111,3,3,37.00,1254,28,29,44.79
ITHUTE PRIMARY SCHOOL,Sympathy Varified,true,JOHANNESBURG EAST,700152173,GAUTENG,Primary,79,,,,194,,,,206,,,,211,,,,203,,,,176,,,,170,,,,140,,,,1377,,,
ITSEBENG PRIMARY SCHOOL,SABELO1,true,SEDIBENG WEST,700320630,GAUTENG,Primary,80,2,2,40.00,147,3,3,49.00,110,3,3,36.67,110,2,,55.00,130,9,,14.44,102,6,,17.00,86,4,,21.50,66,7,,9.43,831,,8,
JABULANI THABANG PRIMARY SCHOOL,Sabelo1,true,SEDIBENG WEST,700320648,GAUTENG,Primary,69,2,1,34.50,138,3,3,46.00,105,3,3,35.00,111,3,3,37.00,100,2,2,50.00,113,2,2,56.50,83,2,2,41.50,88,2,2,44.00,807,19,18,42.47
JOB MASEKO PRIMARY SCHOOL,KHOLWANI12,true,GAUTENG EAST,700350777,GAUTENG,Primary,,3,,,,3,,,,3,,,,3,,,,4,,,,2,,,4,,,,,3,,,1005,25,,40.20
KGALEMA PRIMARY SCHOOL,V2-Jaydin krok,true,GAUTENG EAST,700311175,GAUTENG,Primary,120,3,3,40.00,176,4,4,44.00,179,4,4,44.75,149,4,4,37.25,163,4,4,40.75,168,4,4,42.00,150,4,4,37.50,142,3,3,47.33,1247,30,30,41.57
KGOLAGANO PRIMARY SCHOOL,Joseph verified,true,GAUTENG EAST,700311811,GAUTENG,Primary,134,4,4,33.50,218,5,5,43.60,202,5,5,40.40,213,4,4,53.25,167,4,4,41.75,200,3,3,66.67,125,4,4,31.25,196,4,4,49.00,1455,33,33,44.09
KGOMOCO PRIMARY SCHOOL,Joseph verified,true,SEDIBENG EAST,700330902,GAUTENG,Primary,114,4,4,28.50,162,4,4,40.50,128,3,3,42.67,113,3,3,37.67,111,3,3,37.00,121,3,3,40.33,116,3,3,38.67,106,2,2,53.00,962,20,25,48.10
KHANGEZILE PRIMARY SCHOOL,Pontsho9,true,GAUTENG EAST,700350801,GAUTENG,Primary,71,2,2,35.50,63,1,1,63.00,47,1,1,47.00,57,1,1,57.00,46,1,1,46.00,40,1,1,40.00,50,1,1,50.00,47,1,1,47.00,421,9,9,46.78
KHOMANANI PRIMARY SCHOOL,SABELO VERIFIED,true,JOHANNESBURG NORTH,700140640,GAUTENG,Primary,140,4,4,35.00,169,4,4,42.25,174,4,4,43.50,151,4,4,37.75,145,3,3,48.33,111,3,3,37.00,129,3,3,43.00,0,0,0,,0,25,25,0.00
KHULA SIZWE PRIMARY SCHOOL,Freddy7,true,EKURHULENI NORTH,700260992,GAUTENG,Primary,66,2,2,33.00,150,3,3,50.00,122,3,3,40.67,131,3,3,43.67,160,3,3,53.33,110,3,3,36.67,101,3,3,33.67,79,2,2,39.50,921,22,22,41.86
KOKOSI PRIMARY SCHOOL,Mabuza verified,true,GAUTENG WEST,700930749,GAUTENG,Primary,76,,,,199,,,,180,,,,156,,,,195,,,,172,,,,135,,,,167,,,,1242,30,,41.40
KUZIMISELA PRIMARY SCHOOL,Tshepo,true,EKURHULENI NORTH,700311209,GAUTENG,Primary,64,2,2,32.00,119,3,3,39.67,95,2,2,47.50,92,2,2,46.00,94,2,2,47.00,73,2,2,36.50,92,2,2,46.00,95,4,2,23.75,724,19,17,38.11
LANGAVILLE PRIMARY SCHOOL,Sympathy varified,true,GAUTENG EAST,700312140,GAUTENG,Primary,,,,,,,,,,,,,,,,,,,,,,,,,,,,,,,,,1667,40,,41.68
LEBONE PRIMARY SCHOOL,KHOLWANI7,true,GAUTENG EAST,700311217,GAUTENG,Primary,89,3,3,29.67,150,3,3,50.00,183,5,5,36.60,163,4,4,40.75,148,8,3,18.50,144,8,4,18.00,146,7,3,20.86,145,9,3,16.11,1172,,28,
LEBOWA PRIMARY SCHOOL,Joseph,true,SEDIBENG EAST,700330928,GAUTENG,Primary,52,,2,,32,,1,,,,1,,,,,,,,,,,,,,,,,,,,,,143,12,4,11.92
LEEMA-MOKOTULI PRIMARY SCHOOL,Sabelo1,true,SEDIBENG WEST,700400110,GAUTENG,Primary,42,,1,,53,,1,,39,,1,,38,,1,,37,,1,,35,,1,,39,,1,,40,,1,,323,,8,
LEFIKA PRIMARY SCHOOL,V1,true,SEDIBENG WEST,700320804,GAUTENG,Primary,110,3,3,36.67,144,3,3,48.00,125,3,3,41.67,111,3,3,37.00,111,3,3,37.00,92,2,2,46.00,92,2,2,46.00,79,2,2,39.50,864,21,21,41.14
LEHLASEDI PRIMARY SCHOOL,Sabelo1,true,SEDIBENG EAST,700330936,GAUTENG,Primary,60,2,2,30.00,103,2,2,51.50,95,2,2,47.50,83,2,2,41.50,82,2,2,41.00,69,2,2,34.50,78,1,1,78.00,64,2,2,32.00,634,15,15,42.27
LEJOELEPUTSOA PRIMARY SCHOOL,Freddy4,true,JOHANNESBURG WEST,700140707,GAUTENG,Primary,32,1,1,32.00,59,2,2,29.50,38,1,1,38.00,39,1,1,39.00,55,1,1,55.00,42,1,1,42.00,33,1,1,33.00,,,,,298,8,8,37.25
LERATONG PRIMARY SCHOOL,sfisov1,true,JOHANNESBURG NORTH,700132399,GAUTENG,Primary,59,2,2,29.50,87,2,2,43.50,89,2,2,44.50,102,2,2,51.00,124,3,3,41.33,99,3,3,33.00,92,3,3,30.67,60,2,2,30.00,712,19,19,37.47
LESEDI LA KRESTE ANGLICAN PRIMARY SCHOOL,V2-Jaydin Krok,true,JOHANNESBURG SOUTH,700330712,GAUTENG,Primary,,,,,,,,,,,,,,,,,,,,,,,,,,,,,,,,,1253,,,
LETSATSING COMBINED SCHOOL,SABELO 1,true,,,GAUTENG,Primary,78,2,2,39.00,104,2,2,52.00,102,4,4,25.50,91,3,3,30.33,114,2,2,57.00,112,2,2,56.00,114,2,2,57.00,122,2,2,61.00,837,43,19,19.47
LETSEMA-ILIMA PRIMARY SCHOOL,Symps,true,SEDIBENG WEST,700321331,GAUTENG,Primary,105,,3,,222,,5,,213,,5,,166,,4,,199,,5,,168,,3,,131,,3,,143,,3,,1347,39,31,34.54
LETSIE PRIMARY SCHOOL,KHOLWANI8,true,GAUTENG EAST,700311274,GAUTENG,Primary,,4,4,,,5,5,,,3,3,,,2,2,,,5,2,,,4,2,,,4,2,,,5,2,,897,,22,
LIVHUWANI PRIMARY SCHOOL,SABELO VERIFIED,true,JOHANNESBURG WEST,700140731,GAUTENG,Primary,56,,2,,107,,2,,122,,2,,107,,2,,106,,2,,75,,2,,72,,2,,69,,2,,714,19,16,37.58
LOTUS GARDENS PRIMARY SCHOOL,Joseph verified,true,TSHWANE WEST,700400154,GAUTENG,Primary,90,3,3,30.00,187,4,4,46.75,178,4,4,44.50,173,4,4,43.25,157,4,4,39.25,119,3,3,39.67,131,3,3,43.67,184,4,4,46.00,1219,29,29,42.03
LUKHOLWENI PRIMARY SCHOOL,Joseph verified,true,JOHANNESBURG NORTH,700132456,GAUTENG,Primary,61,2,2,30.50,95,2,2,47.50,100,2,2,50.00,116,3,3,38.67,108,3,3,36.00,98,2,2,49.00,96,2,2,48.00,,,,,674,,16,
MABOELLENG PRIMARY SCHOOL,Joseph,true,SEDIBENG WEST,700320879,GAUTENG,Primary,51,2,2,25.50,60,1,1,60.00,81,2,2,40.50,75,2,2,37.50,56,1,1,56.00,57,2,2,28.50,80,2,2,40.00,66,1,1,66.00,526,13,13,40.46
MADUME PRIMARY SCHOOL,SABELO VERIFIED,true,JOHANNESBURG SOUTH,700330985,GAUTENG,Primary,111,4,4,27.75,133,3,3,44.33,137,3,3,45.67,152,4,4,38.00,106,3,3,35.33,113,3,3,37.67,99,3,3,33.00,110,3,3,36.67,960,26,26,36.92
MAHLAHLE PRIMARY SCHOOL,SABELO VERIFIED,true,TSHWANE SOUTH,700231894,GAUTENG,Primary,95,3,3,31.67,150,3,3,50.00,131,3,3,43.67,126,3,3,42.00,123,2,2,61.50,191,4,4,47.75,142,3,3,47.33,148,3,3,49.33,1106,24,24,46.08
MAKAPANE PRIMARY SCHOOL,Joseph verified,true,SEDIBENG WEST,700320903,GAUTENG,Primary,100,,,,215,,,,166,,,,141,,,,149,,,,126,,,,95,,,,100,,,,1092,27,,40.44
MANGWELE PRIMARY SCHOOL,SABELO VERIFIED,true,JOHANNESBURG NORTH,700140764,GAUTENG,Primary,46,2,2,23.00,62,2,2,31.00,52,2,2,26.00,58,2,2,29.00,66,5,1,13.20,43,5,1,8.60,43,5,1,8.60,44,6,1,7.33,416,28,12,14.86
MASHEMONG PRIMARY SCHOOL,Joseph verified,true,EKURHULENI NORTH,700261040,GAUTENG,Primary,111,3,1,37.00,200,4,4,50.00,179,4,4,44.75,162,4,4,40.50,149,4,4,37.25,162,4,4,40.50,120,3,3,40.00,139,3,3,46.33,1133,35,27,32.37
MASIMINI PRIMARY SCHOOL,V2 Adam Dison,true,GAUTENG EAST,700350892,GAUTENG,Primary,,,,,,,,,,,,,,,,,,,,,,,,,,,,,,,,,849,19,,44.68
MATSIE STEYN PRIMARY SCHOOL,Joseph verified,true,SEDIBENG EAST,700331017,GAUTENG,Primary,,,,,,,,,,,,,,,,,,,,,,,,,,,,,,,,,622,16,,38.88
MEADOWLANDS PRIMARY SCHOOL,Tamir Shklaz,true,JOHANNESBURG WEST,700140947,GAUTENG,Primary,50,2,2,25.00,57,2,2,28.50,48,2,2,24.00,51,2,2,25.50,56,1,1,56.00,45,1,1,45.00,48,1,1,48.00,60,1,1,60.00,415,13,12,31.92
MELODI PRIMARY SCHOOL,V2 - Daniel Kartun,true,GAUTENG EAST,700311373,GAUTENG,Primary,165,6,6,27.50,244,6,5,40.67,197,4,4,49.25,172,5,5,34.40,176,5,4,35.20,205,7,5,29.29,150,5,3,30.00,169,7,4,24.14,1483,45,36,32.96
MENZI PRIMARY SCHOOL,Sympathy varified,true,GAUTENG EAST,700400234,GAUTENG,Primary,,,,,,,,,,,,,,,,,,,,,,,,,,,,,,,,,1555,35,,44.43
MICHAEL ZULU PRIMARY SCHOOL,Sympathy varified,true,GAUTENG EAST,700311381,GAUTENG,Primary,,,,,,,,,,,,,,,,,,,,,,,,,,,,,,,,,1283,38,,33.76
MODUOPO PRIMARY SCHOOL,Zanele V1,true,EKURHULENI NORTH,700261099,GAUTENG,Primary,87,2,2,43.50,167,4,4,41.75,156,4,4,39.00,115,3,3,38.33,142,3,3,47.33,127,4,3,31.75,125,3,3,41.67,144,5,4,28.80,1063,28,26,37.96
MOGOGODI PRIMARY SCHOOL,Joseph1,true,SEDIBENG WEST,700321018,GAUTENG,Primary,20,1,1,20.00,33,1,1,33.00,35,1,1,35.00,33,1,1,33.00,53,2,2,26.50,48,1,1,48.00,38,1,1,38.00,40,1,1,40.00,300,9,9,33.33
MONTSOSI PRIMARY SCHOOL,SABELO1,true,SEDIBENG WEST,700321075,GAUTENG,Primary,30,1,1,30.00,80,2,2,40.00,49,1,1,49.00,54,1,1,54.00,46,1,1,46.00,38,1,1,38.00,38,1,1,38.00,41,,,,376,,8,
MOSHOESHOE PRIMARY SCHOOL,Joseph verified,true,GAUTENG EAST,700311399,GAUTENG,Primary,70,2,2,35.00,140,3,3,46.67,160,3,3,53.33,139,3,3,46.33,140,5,3,28.00,140,6,3,23.33,130,6,3,21.67,123,7,3,17.57,1042,35,23,29.77
MOYISELA PRIMARY SCHOOL,Sabelo verified,true,JOHANNESBURG SOUTH,700331082,GAUTENG,Primary,85,,,,185,,,,156,,,,142,,,,124,,,,114,,,,105,,,,91,,,,1003,28,,35.82
MQINISWA PRIMARY SCHOOL,Joseph verified,true,SEDIBENG WEST,700321141,GAUTENG,Primary,104,3,3,34.67,187,4,4,46.75,164,4,4,41.00,141,4,4,35.25,143,3,3,47.67,133,4,3,33.25,116,4,3,29.00,91,4,2,22.75,1082,,26,
MUZOMSHA PRIMARY SCHOOL,KHOLWANI18,true,GAUTENG EAST,700350926,GAUTENG,Primary,52,2,2,26.00,96,2,2,48.00,65,2,2,32.50,53,1,1,53.00,67,2,2,33.50,62,2,2,31.00,75,2,2,37.50,69,2,2,34.50,539,15,15,35.93
MVELAPHANDA PRIMARY SCHOOL,Freddy9,true,EKURHULENI NORTH,700261123,GAUTENG,Primary,77,,2,,105,,3,,115,,2,,129,,3,,101,,2,,101,,2,,101,,2,,105,,2,,834,19,18,43.89
N'WA MHINGA PRIMARY SCHOOL,V2-Jaydin krok,true,TSHWANE SOUTH,700232041,GAUTENG,Primary,69,3,3,23.00,142,4,4,35.50,135,3,3,45.00,128,3,3,42.67,137,3,3,45.67,,,,,,,,,,,,,611,16,16,38.19
NCHABELENG PRIMARY SCHOOL,KHOLWANI9,true,GAUTENG EAST,700311407,GAUTENG,Primary,79,3,3,26.33,128,3,3,42.67,121,3,3,40.33,134,3,3,44.67,105,6,3,17.50,110,6,3,18.33,91,6,2,15.17,85,6,2,14.17,863,36,22,23.97
NKABINDE PRIMARY SCHOOL,V2 Yossi Bank,true,GAUTENG EAST,700350942,GAUTENG,Primary,117,3,3,39.00,107,3,3,35.67,113,3,3,37.67,75,2,3,37.50,108,3,2,36.00,101,4,2,25.25,95,3,2,31.67,101,3,3,33.67,765,24,21,31.88
NQUBELA PRIMARY SCHOOL,Sympathy Varified,true,EKURHULENI SOUTH,700341032,GAUTENG,Primary,28,1,1,28.00,34,1,1,34.00,51,1,1,51.00,35,1,1,35.00,85,2,2,42.50,24,4,4,6.00,56,6,6,9.33,40,8,7,5.00,358,24,23,14.92
NTOKOZWENI PRIMARY SCHOOL,Pontsho12,true,GAUTENG EAST,700350975,GAUTENG,Primary,66,2,2,33.00,148,4,4,37.00,143,3,3,47.67,130,3,3,43.33,136,6,3,22.67,128,6,3,21.33,115,6,3,19.17,91,9,2,10.11,957,,23,
NTSELE PRIMARY SCHOOL,Sabelo1,true,SEDIBENG WEST,700321208,GAUTENG,Primary,109,3,3,36.33,194,5,5,38.80,176,4,4,44.00,139,3,3,46.33,127,3,3,42.33,134,3,3,44.67,116,3,3,38.67,101,2,2,50.50,1096,26,26,42.15
NTSIKANA PRIMARY SCHOOL,Sympathy Varified,true,GAUTENG EAST,700311423,GAUTENG,Primary,65,1,3,65.00,111,1,3,111.00,88,1,2,88.00,73,1,3,73.00,89,1,2,89.00,94,1,2,94.00,68,1,2,68.00,81,1,2,81.00,679,8,19,84.88
NYIKO PRIMARY SCHOOL,Freddy9,true,EKURHULENI NORTH,700261131,GAUTENG,Primary,,,,,205,4,,51.25,170,4,,42.50,183,4,,45.75,166,3,,55.33,156,3,,52.00,101,4,,25.25,126,4,,31.50,1108,29,,38.21
Nxineni Primary,Nxineni Primary,true,,,GAUTENG,Primary,146,4,4,36.50,214,4,4,53.50,199,4,4,49.75,159,3,3,53.00,201,3,3,67.00,129,3,3,43.00,156,3,3,52.00,142,3,3,47.33,1346,27,27,49.85
O.R TAMBO PRIMARY SCHOOL,Zanele V1,true,EKURHULENI SOUTH,700400248,GAUTENG,Primary,104,3,3,34.67,199,4,4,49.75,190,4,4,47.50,170,3,3,56.67,164,3,3,54.67,124,2,2,62.00,120,2,2,60.00,127,2,2,63.50,1198,23,23,52.09
ORANGE FARM PRIMARY SCHOOL,V1,true,JOHANNESBURG SOUTH,700331637,GAUTENG,Primary,124,,4,,200,,4,,203,,4,,228,,5,,220,,4,,178,,4,,127,,3,,167,,4,,1447,42,32,34.45
PATOGENG PRIMARY SCHOOL,Joseph verified,true,TSHWANE SOUTH,700232082,GAUTENG,Primary,59,2,2,29.50,124,3,2,41.33,82,2,2,41.00,88,2,2,44.00,97,2,2,48.50,72,2,2,36.00,76,2,2,38.00,79,2,2,39.50,677,17,16,39.82
PHAMEHLO PRIMARY SCHOOL,Symps,true,SEDIBENG WEST,700321232,GAUTENG,Primary,63,,,,71,,,,80,,,,76,,,,82,,,,78,,,,50,,,,48,,,,548,,,
PHOMOLONG PRIMARY SCHOOL,Sympathy varified,true,EKURHULENI NORTH,700260885,GAUTENG,Primary,148,3,3,49.33,248,5,5,49.60,209,5,5,41.80,224,5,5,44.80,204,4,4,51.00,194,4,4,48.50,146,3,3,48.67,132,3,3,44.00,1505,32,32,47.03
PHUTHADITSHABA PRIMARY SCHOOL,SABELO VERIFIED,true,TSHWANE SOUTH,700232661,GAUTENG,Primary,70,,2,,225,,6,,222,,6,,208,,5,,214,,5,,238,,5,,194,,5,,195,,5,,1566,45,39,34.80
PHUTHULLA PRIMARY SCHOOL,Joseph verified,true,SEDIBENG WEST,700321265,GAUTENG,Primary,87,2,2,43.50,151,3,3,50.33,122,3,3,40.67,99,2,2,49.50,87,2,2,43.50,77,2,2,38.50,79,2,2,39.50,89,2,2,44.50,791,18,18,43.94
PHUTHUMANI PRIMARY SCHOOL,Sympathy Varified,true,EKURHULENI NORTH,700261149,GAUTENG,Primary,100,3,3,33.33,215,5,5,43.00,161,4,4,40.25,160,4,4,40.00,164,4,4,41.00,112,3,3,37.33,133,3,3,44.33,114,2,2,57.00,1161,28,28,41.46
PUDUMO PRIMARY SCHOOL,SABELO 1,true,JOHANNESBURG SOUTH,700331165,GAUTENG,Primary,106,,,,140,,,,112,,,,90,,,,80,,,,108,,,,84,,,,74,,,,794,,,
QEDUSIZI PRIMARY SCHOOL,Pontsho8,true,GAUTENG EAST,700351015,GAUTENG,Primary,110,3,3,36.67,173,4,4,43.25,184,3,3,61.33,154,3,3,51.33,128,6,3,21.33,96,6,3,16.00,112,6,3,18.67,95,9,2,10.56,110,40,24,2.75
QHAKAZANI PRIMARY SCHOOL,tshepo20,true,JOHANNESBURG SOUTH,700331173,GAUTENG,Primary,95,2,2,47.50,160,4,4,40.00,141,4,4,35.25,147,4,4,36.75,131,3,3,43.67,120,3,3,40.00,134,3,3,44.67,147,3,3,49.00,1072,26,26,41.23
REAGILE PRIMARY SCHOOL,Freddy11,true,EKURHULENI NORTH,700261694,GAUTENG,Primary,110,3,3,36.67,263,6,6,43.83,310,7,7,44.29,240,6,6,40.00,220,4,4,55.00,243,6,6,40.50,181,4,4,45.25,161,4,4,40.25,1728,,40,
REAKGONA PRIMARY SCHOOL,Tamir Shklaz\,true,GAUTENG WEST,700931778,GAUTENG,Primary,70,2,2,35.00,159,4,4,39.75,161,4,4,40.25,144,3,3,48.00,139,3,3,46.33,116,3,3,38.67,131,3,3,43.67,103,3,3,34.33,1023,25,25,40.92
REAMOHETSOE PRIMARY SCHOOL,V2-Jaydin Krok,true,JOHANNESBURG SOUTH,700331231,GAUTENG,Primary,67,2,,33.50,124,2,,62.00,100,2,,50.00,126,2,,63.00,80,2,,40.00,95,2,,47.50,65,2,,32.50,77,2,,38.50,720,,,
REKGUTLILE PRIMARY SCHOOL,SABELO VERIFEID,true,JOHANNESBURG SOUTH,700331264,GAUTENG,Primary,43,1,,43.00,145,3,,48.33,158,4,,39.50,178,4,,44.50,144,4,,36.00,138,2,,69.00,123,3,,41.00,144,3,,48.00,1073,24,,44.71
Radibapi Primary,sabelo,true,,,GAUTENG,Primary,74,,,,135,,,,140,,,,149,,,,151,,,,115,,,,84,,,,93,,,,938,28,,33.50
SAKHELWE PRIMARY SCHOOL,Pontsho 10,true,GAUTENG EAST,700351049,GAUTENG,Primary,,,,,,,,,,,,,,,,,,,,,,,,,,,,,,,,,485,13,,37.31
SECHABA PRIMARY SCHOOL,KHOLWANI14,true,GAUTENG EAST,700351064,GAUTENG,Primary,68,2,2,34.00,63,2,2,31.50,64,2,2,32.00,59,2,2,29.50,63,1,1,63.00,31,1,1,31.00,34,1,1,34.00,41,1,1,41.00,423,12,12,35.25
SEDIBENG PRIMARY SCHOOL,Zanele V1,true,EKURHULENI NORTH,700261180,GAUTENG,Primary,73,1,1,73.00,127,3,3,42.33,106,2,2,53.00,121,4,4,30.25,99,3,3,33.00,108,3,3,36.00,99,2,2,49.50,92,2,2,46.00,825,18,20,45.83
SEEISO PRIMARY SCHOOL,Joseph verified,true,SEDIBENG WEST,700321422,GAUTENG,Primary,,,,,198,,4,,152,,3,,140,,4,,139,,3,,166,,4,,128,,3,,116,,3,,1039,27,24,38.48
SELOPE-THEMA PRIMARY SCHOOL,SABELO VERIFIED,true,JOHANNESBURG NORTH,700132910,GAUTENG,Primary,55,2,2,27.50,,,,,,,,,,,,,105,3,3,35.00,113,3,3,37.67,122,3,3,40.67,,,,,395,11,11,35.91
SEOTLOANA PRIMARY SCHOOL,Zanele V1,true,EKURHULENI NORTH,700261198,GAUTENG,Primary,138,,3,,,,,,,,,,,,,,,,,,,,,,,,,,,,,,138,30,3,4.60
SHADRACK MBAMBO PRIMARY SCHOOL,Sympathy Varified,true,GAUTENG EAST,700311480,GAUTENG,Primary,,,,,,,,,,,,,,,,,,,,,,,,,,,,,,,,,1146,26,,44.08
SIBONELO PRIMARY SCHOOL,Sympathy verified,true,EKURHULENI NORTH,700311498,GAUTENG,Primary,,,,,,,,,,,,,,,,,194,5,4,38.80,202,5,4,40.40,190,5,4,38.00,195,5,4,39.00,781,20,16,39.05
SIPHIWE PRIMARY SCHOOL,Zanele V1,true,EKURHULENI NORTH,700261214,GAUTENG,Primary,125,4,4,31.25,207,5,5,41.40,201,4,4,50.25,190,4,4,47.50,155,4,4,38.75,190,4,4,47.50,145,3,3,48.33,142,3,3,47.33,1355,31,31,43.71
SIVUSE PRIMARY SCHOOL,SABELO1,true,SEDIBENG WEST,700321489,GAUTENG,Primary,113,3,3,37.67,200,4,4,50.00,146,3,3,48.67,122,5,3,24.40,117,2,2,58.50,88,3,2,29.33,73,3,2,24.33,71,,2,,930,23,21,40.43
SOZIZWE PRIMARY SCHOOL,Tshepo3,true,EKURHULENI NORTH,700311530,GAUTENG,Primary,98,2,2,49.00,74,2,2,37.00,55,1,1,55.00,50,1,1,50.00,64,2,2,32.00,65,1,1,65.00,40,1,1,40.00,53,1,1,53.00,3779,11,11,343.55
SPHIWE PRIMARY SCHOOL,SFISOV1,true,,,GAUTENG,Primary,125,4,4,31.25,207,5,5,41.40,201,4,4,50.25,190,4,4,47.50,,,,,,,,,,,,,,,,,723,31,17,23.32
STEVE BIKO PRIMARY SCHOOL,SABELO VERIFIED,true,JOHANNESBURG SOUTH,700400077,GAUTENG,Primary,,,,,,,,,,,,,,,,,,,,,,,,,,,,,,,,,512,,,
STRETFORD EXT 8 PRIMARY SCHOOL,Sfiso v1,true,JOHANNESBURG SOUTH,700331918,GAUTENG,Primary,112,3,3,37.33,167,4,4,41.75,154,4,4,38.50,160,4,4,40.00,125,3,3,41.67,95,2,2,47.50,105,2,2,52.50,80,2,2,40.00,997,24,24,41.54
THEMBALIHLE PRIMARY SCHOOL,SABELO1,true,JOHANNESBURG NORTH,700133132,GAUTENG,Primary,105,3,3,35.00,188,4,4,47.00,155,4,4,38.75,179,4,4,44.75,151,3,3,50.33,132,3,3,44.00,166,3,3,55.33,116,3,3,38.67,1146,24,27,47.75
THEMBALIKAZULU PRIMARY SCHOOL,KHOLWANI10,true,GAUTENG EAST,700351148,GAUTENG,Primary,30,1,,30.00,49,2,,24.50,57,1,,57.00,71,2,,35.50,59,1,,59.00,61,1,,61.00,54,1,,54.00,48,1,,48.00,429,12,,35.75
THOHO-YA-NDOU PRIMARY SCHOOL,Joseph verified,true,TSHWANE SOUTH,700232272,GAUTENG,Primary,,,,,,,,,,,,,,,,,,,,,,,,,,,,,,,,,631,15,,42.07
THOPODI PRIMARY SCHOOL,SABELO VERIFIED,true,GAUTENG EAST,700311555,GAUTENG,Primary,97,3,3,32.33,165,4,4,41.25,189,4,4,47.25,142,3,3,47.33,176,3,3,58.67,142,3,3,47.33,68,57,125,1.19,121,3,3,40.33,1032,27,148,38.22
THUTHUKA PRIMARY SCHOOL,SABELO VERIFIED,true,EKURHULENI NORTH,700261347,GAUTENG,Primary,104,2,2,52.00,197,4,4,49.25,167,4,4,41.75,135,3,3,45.00,125,6,3,20.83,116,6,2,19.33,110,6,2,18.33,83,9,2,9.22,1037,40,22,25.93
TLHAKANANG PRIMARY SCHOOL,Tlhakanang Primary School,true,EKURHULENI NORTH,700261388,GAUTENG,Primary,90,2,2,45.00,165,3,3,55.00,135,3,3,45.00,121,3,3,40.33,132,3,3,44.00,117,3,3,39.00,86,2,2,43.00,96,2,2,48.00,942,21,21,44.86
TLHOKOMELO PRIMARY SCHOOL,Joseph1,true,JOHANNESBURG WEST,700141044,GAUTENG,Primary,46,2,2,23.00,36,1,1,36.00,32,1,1,32.00,13,1,1,13.00,21,1,1,21.00,19,1,1,19.00,14,1,1,14.00,13,1,1,13.00,194,,9,
TLHOLO INTERMEDIATE SCHOOL,Joseph1,true,SEDIBENG WEST,700321596,GAUTENG,Primary,66,2,2,33.00,119,3,3,39.67,112,3,3,37.33,97,2,3,48.50,105,2,3,52.50,115,2,2,57.50,77,2,2,38.50,83,2,2,41.50,772,18,20,42.89
TOTOMENG PRIMARY SCHOOL,Joseph verified,true,JOHANNESBURG WEST,700141069,GAUTENG,Primary,51,2,2,25.50,47,1,1,47.00,28,1,1,28.00,33,1,1,33.00,28,1,1,28.00,23,1,1,23.00,23,1,1,23.00,37,1,1,37.00,270,,9,
TSAKANE PRIMARY SCHOOL,Sympathy Varified,true,GAUTENG EAST,700311571,GAUTENG,Primary,,,,,,,,,,,,,,,,,,,,,,,,,,,,,,,,,759,19,,39.95
TSHIRELA PRIMARY SCHOOL,Joseph verified,true,SEDIBENG WEST,700321653,GAUTENG,Primary,70,3,3,23.33,127,3,3,42.33,132,4,4,33.00,137,3,3,45.67,112,3,3,37.33,119,3,3,39.67,93,2,2,46.50,100,2,2,50.00,890,23,23,38.70
TSHIRELETSO PRIMARY SCHOOL,Joseph1,true,JOHANNESBURG WEST,700141085,GAUTENG,Primary,84,3,3,28.00,120,3,3,40.00,96,2,2,48.00,78,2,2,39.00,96,3,3,32.00,,,,,,,,,,,,,474,,13,
TSHITSO PRIMARY SCHOOL,V1,true,SEDIBENG WEST,700321661,GAUTENG,Primary,55,2,2,27.50,63,2,2,31.50,54,1,1,54.00,46,1,1,46.00,52,1,1,52.00,44,1,1,44.00,34,1,1,34.00,38,1,1,38.00,386,10,10,38.60
TSIETSI MASHININI PRIMARY SCHOOL,Sympathy varified,true,JOHANNESBURG WEST,700140822,GAUTENG,Primary,51,2,2,25.50,75,2,2,37.50,45,1,1,45.00,38,1,1,38.00,49,1,1,49.00,40,1,1,40.00,56,1,1,56.00,54,1,1,54.00,408,10,10,40.80
TSIMONG PRIMARY SCHOOL,Kholwani19,true,GAUTENG EAST,700351197,GAUTENG,Primary,,,,,,,,,,,,,,,,,,,,,,,,,,,,,,,,,340,15,,22.67
TSOELOPELE PRIMARY SCHOOL,Joseph verified,true,SEDIBENG EAST,700331462,GAUTENG,Primary,86,4,3,21.50,175,4,4,43.75,154,3,3,51.33,100,2,2,50.00,102,2,2,51.00,85,2,2,42.50,55,2,2,27.50,49,1,1,49.00,,,19,
TSWELELANG PRIMARY SCHOOL,Joseph verified,true,JOHANNESBURG WEST,700141119,GAUTENG,Primary,,,,,,,,,,,,,,,,,,,,,,,,,,,,,,,,,387,,,
UMTHAMBEKA PRIMARY SCHOOL,Freddy12,true,EKURHULENI NORTH,700261438,GAUTENG,Primary,117,3,3,39.00,163,2,2,81.50,110,3,3,36.67,114,4,4,28.50,108,3,3,36.00,120,3,3,40.00,116,4,4,29.00,114,3,3,38.00,955,25,25,38.20
VUYO PRIMARY SCHOOL,Joseph,true,SEDIBENG EAST,700331520,GAUTENG,Primary,27,1,1,27.00,52,1,1,52.00,58,1,1,58.00,34,1,1,34.00,57,1,1,57.00,40,1,1,40.00,34,1,1,34.00,32,1,1,32.00,334,,8,
WESTFIELDS PRIMARY SCHOOL,SABELO 1,true,GAUTENG WEST,700270579,GAUTENG,Primary,96,,,,173,,,,144,,,,148,,,,135,,,,126,,,,121,,,,106,,,,1179,,,
WINNIE MANDELA PRIMARY SCHOOL,SABELO VERIFIED,true,EKURHULENI NORTH,700400236,GAUTENG,Primary,63,,,,200,,,,199,,,,246,,,,299,,,,150,,,,104,,,,131,,,,63,32,,1.97
ZAMANI PRIMARY SCHOOL,Sympathy Varified,true,GAUTENG EAST,700351288,GAUTENG,Primary,61,2,2,30.50,100,2,2,50.00,130,2,2,65.00,159,3,3,53.00,110,3,3,36.67,80,3,3,26.67,93,3,3,31.00,91,3,3,30.33,824,21,21,39.24
ZENZELENI PRIMARY SCHOOL,Sympathy Varification,true,JOHANNESBURG EAST,700152421,GAUTENG,Primary,,,,,,,,,,,,,,,,,,,,,,,,,,,,,,,,,,,,
ZITHATHELE PRIMARY SCHOOL,Joseph verified,true,JOHANNESBURG NORTH,700133322,GAUTENG,Primary,103,4,4,25.75,283,6,6,47.17,197,4,4,49.25,176,4,4,44.00,190,4,4,47.50,174,3,3,58.00,167,3,3,55.67,123,,3,,1407,39,31,36.08
ZITHEMBENI PRIMARY SCHOOL,kholwani21,true,GAUTENG EAST,700351312,GAUTENG,Primary,68,2,,34.00,99,3,,33.00,141,3,,47.00,107,2,,53.50,94,2,,47.00,99,2,,49.50,84,2,,42.00,97,2,,48.50,789,18,,43.83
zitha primary,sabelo1,true,,,GAUTENG,Primary,58,2,3,29.00,91,2,3,45.50,78,1,3,78.00,72,2,3,36.00,48,1,2,48.00,51,1,2,51.00,43,1,2,43.00,48,1,2,48.00,489,489,20,1.00
