School name,Version name,Is Verified,District,NEIMS Number,Province,Athletics Field,Atheletics Field Condition,Atheletics Field Location,Netball Court,Netball Court Condition,Netball Court Location,Basketball Court,Basketball Court Condition,Basketball Court Location,Hockey Field,Hockey Field Condition,Hockey Field Location,Tennis Court,Tennis Court Condition,Tennis Court Location,Cricket Pitch,Cricket Pitch Condition,Cricket Pitch Location,Soccer Field,Soccer Field Condition,Soccer Field Location,Rugby Field,Rugby Field Condition,Rugby Field Location,Swimming Pool,Swimming Pool Condition,Swimming Pool Location,Other,Other Field Condition,Other Field Location
AB XUMA PRIMARY SCHOOL,V2-jaydin krok,true,JOHANNESBURG NORTH,700131805,GAUTENG,,,,Yes,Average Condition,Community Owned,,,,,,,,,,,,,Yes,,,,,,,,,,,
AHA-THUTO SECONDARY SCHOOL,Sabelo verified,true,JOHANNESBURG SOUTH,700330696,GAUTENG,,,,,,,,,,,,,,,,,,,,,,,,,,,,,,
ALEXANDRA SECONDARY SCHOOL,Jake Pencharz,true,JOHANNESBURG EAST,700152009,GAUTENG,,,,,,,,,,,,,,,,,,,,,,,,,,,,,,
AMOS MAPHANGA SECONDARY,V2 Yossi Bank,true,GAUTENG EAST,700400398,GAUTENG,,,,Yes,Poor Condition,,,,,,,,,,,,,,,,,,,,,,,,,
BATHOKWA PRIMARY SCHOOL,SABELO VERIFIED,true,TSHWANE SOUTH,700231530,GAUTENG,Yes,Average Condition,Community Owned,Yes,Average Condition,Community Owned,,,,,,,,,,,,,Yes,,,,,,,,,,,
BATLOUNG INTERMEDIATE SCHOOL,Symps,true,SEDIBENG WEST,700320309,GAUTENG,,,,,,,,,,,,,Yes,,,,,,,,,,,,,,,,,
BHEKIMFUNDO PRIMARY SCHOOL,Joseph verified,true,EKURHULENI NORTH,700310920,GAUTENG,Yes,Average Condition,Community Owned,Yes,Average Condition,Community Owned,,,,,,,,,,,,,Yes,,,,,,,,,,,
BOITUMELONG SECONDARY SCHOOL,Zanele V1,true,EKURHULENI NORTH,700260620,GAUTENG,,,,Yes,Good Condition,School’s Own,Yes,Good Condition,,,,,,,,,,,,,,,,,,,,,,
BOKAMOSO SECONDARY SCHOOL,Zanele V1,true,EKURHULENI NORTH,700241810,GAUTENG,Yes,Average Condition,Community Owned,Yes,Average Condition,School’s Own,,,,,,,,,,,,,Yes,,,,,,,,,,,
BONA COMPREHENSIVE SCHOOL,SABELO VERIFIED,true,JOHANNESBURG NORTH,700131961,GAUTENG,,,,Yes,Poor Condition,,,,,,,,Yes,,,,,,,,,,,,,,,,,
BOPASENATLA SECONDARY SCHOOL,Joseph verified,true,JOHANNESBURG NORTH,700140426,GAUTENG,,,,,,,Yes,Poor Condition,,,,,,,,,,,,,,Yes,Poor Condition,School’s Own,,,,,,
BOPHELONG SECONDARY SCHOOL,Joseph verified,true,SEDIBENG WEST,700400355,GAUTENG,,,,Yes,Average Condition,School’s Own,,,,,,,,,,,,,,,,,,,,,,,,
BOTLEHADI PRIMARY SCHOOL,Sabelo1,true,SEDIBENG WEST,700320366,GAUTENG,,,,,,,,,,,,,,,,,,,,,,,,,,,,,,
BOVET PRIMARY SCHOOL,Joseph verified,true,JOHANNESBURG EAST,700152041,GAUTENG,Yes,Average Condition,Community Owned,Yes,Average Condition,Community Owned,,,,,,,,,,,,,Yes,,,,,,,,,,,
BUD MBELLE PRIMARY SCHOOL,SABELO VERIFIED,true,TSHWANE SOUTH,700231563,GAUTENG,,,,Yes,Poor Condition,School’s Own,,,,,,,,,,Yes,,,Yes,,,,,,,,,Yes,,
BUHLEBEMFUNDO SECONDARY SCHOOL,Joseph verified,true,GAUTENG EAST,700310938,GAUTENG,,,,,,,,,,,,,,,,,,,,,,,,,,,,,,
CAIPHUS NYOKA SECONDARY SCHOOL,Joseph veried,true,GAUTENG EAST,700311837,GAUTENG,,,,Yes,Average Condition,School’s Own,,,,,,,,,,,,,Yes,,,,,,,,,,,
CARTER PRIMARY SCHOOL,Joseph verified,true,JOHANNESBURG EAST,700152058,GAUTENG,,,,,,,,,,,,,,,,,,,,,,,,,,,,,,
CHARLOTTE MAXEKE SECONDARY SCHOOL,V2 Yossi Bank,true,EKURHULENI NORTH,700400351,GAUTENG,Yes,Good Condition,Community Owned,Yes,Poor Condition,School’s Own,,,,,,,,,,,,,Yes,,,,,,,,,,,
DAVID HELLEN PETA SECONDARY SCHOOL,Joseph verified,true,TSHWANE SOUTH,700231605,GAUTENG,Yes,Average Condition,School’s Own,Yes,Average Condition,School’s Own,,,,,,,,,,Yes,,,Yes,,,,,,,,,,,
DIEPDALE SECONDARY SCHOOL,V2-Jaydin krok,true,JOHANNESBURG NORTH,700140434,GAUTENG,,,,,,,,,,,,,,,,,,,Yes,,,,,,,,,,,
DINOTO TECHNICAL SECONDARY SCHOOL,Tshepo3,true,EKURHULENI NORTH,700310995,GAUTENG,,,,Yes,Poor Condition,,Yes,Poor Condition,,,,,,,,,,,,,,,,,,,,,,
DITAU PRIMARY SCHOOL,Sympathy varified,true,JOHANNESBURG NORTH,700132068,GAUTENG,,,,Yes,Average Condition,School’s Own,,,,,,,,,,,,,Yes,,,,,,,,,,,
DITAWANE PRIMARY SCHOOL,Joseph verified,true,,,GAUTENG,,,,,,,,,,,,,,,,,,,,,,,,,,,,,,
DR HARRY GWALA SECONDARY SCHOOL,Tshepo3,true,GAUTENG EAST,700311001,GAUTENG,,,,,,,,,,,,,,,,,,,,,,,,,,,,,,
DR KNAK PRIMARY SCHOOL,"SABELO VERIFIED
pontsho 20",true,JOHANNESBURG EAST,700152082,GAUTENG,,,,,,,,,,,,,,,,,,,,,,,,,,,,,,
DR NHLAPO INTERMEDIATE SCHOOL,Joseph verified,true,SEDIBENG WEST,700320440,GAUTENG,,,,Yes,Poor Condition,School’s Own,,,,,,,,,,,,,,,,,,,,,,,,
DR WF NKOMO SECONDARY SCHOOL,Sympathy Varified,true,TSHWANE SOUTH,700231613,GAUTENG,Yes,Poor Condition,School’s Own,Yes,Poor Condition,School’s Own,,,,,,,,,,Yes,,,Yes,,,Yes,,,,,,,,
DUMEHLEZI INTERMEDIATE SCHOOL,Joseph verified,true,GAUTENG EAST,700311019,GAUTENG,,,,Yes,Average Condition,Community Owned,,,,,,,,,,,,,Yes,,,,,,,,,,,
EAST BANK HIGH SCHOOL,Sympathy varified,true,JOHANNESBURG EAST,700152090,GAUTENG,,,,,,,,,,,,,,,,,,,,,,,,,,,,,,
EKUKHANYISWENI PRIMARY SCHOOL,SABELO VERIFIED,true,JOHANNESBURG EAST,700152108,GAUTENG,,,,,,,,,,,,,,,,,,,,,,,,,,,,,,
EMFUNDISWENI PRIMARY SCHOOL,SABELO VERIFIED,true,JOHANNESBURG EAST,700152116,GAUTENG,Yes,Average Condition,Community Owned,,,,,,,,,,,,,,,,,,,,,,,,,,,
EMMANGWENI PRIMARY SCHOOL,Zanele v1,true,EKURHULENI NORTH,700260729,GAUTENG,Yes,,,Yes,Poor Condition,School’s Own,,,,,,,,,,Yes,,,Yes,,,,,,,,,,,
EMMANUEL PRIMARY SCHOOL,Joseph verified,true,SEDIBENG EAST,700330837,GAUTENG,,,,Yes,Average Condition,School’s Own,Yes,Average Condition,,,,,Yes,Average Condition,School’s Own,,,,Yes,Poor Condition,School’s Own,Yes,Poor Condition,School’s Own,,,,,,
ENDULWENI PRIMARY SCHOOL,Joseph verified,true,EKURHULENI NORTH,700260745,GAUTENG,Yes,Good Condition,School’s Own,,,,,,,,,,,,,,,,Yes,,,,,,,,,,,
ENTSHONALANGA PRIMARY SCHOOL,SABELO VERIFIED,true,EKURHULENI NORTH,700260752,GAUTENG,Yes,Good Condition,Community Owned,Yes,Good Condition,School’s Own,,,,,,,Yes,,,Yes,,,Yes,,,,,,,,,,,
ESIKHISINI PRIMARY SCHOOL,Joseph verified,true,TSHWANE SOUTH,700231662,GAUTENG,,,,,,,,,,,,,,,,Yes,,,Yes,,,Yes,,,,,,,,
EVATON PRIMARY SCHOOL,kholwani23,true,SEDIBENG WEST,700320952,GAUTENG,,,,,,,,,,,,,,,,,,,,,,,,,,,,,,
FADIMEHA PRIMARY SCHOOL,Joseph verified,true,SEDIBENG WEST,700320523,GAUTENG,,,,,,,,,,,,,,,,,,,,,,,,,,,,Yes,,
FRED HABEDI PRIMARY SCHOOL,Pontsho11,true,GAUTENG EAST,700350702,GAUTENG,,,,,,,,,,,,,,,,,,,Yes,,,,,,,,,,,
FUNUKUKHANYA PRIMARY SCHOOL,KHOLWANI3,true,GAUTENG EAST,700311068,GAUTENG,Yes,,,Yes,,,,,,,,,,,,,,,Yes,,,,,,,,,,,
GAHLANSO PRIMARY SCHOOL,Zanele V1,true,EKURHULENI NORTH,700260828,GAUTENG,Yes,Poor Condition,Community Owned,,,,,,,,,,,,,Yes,,,Yes,,,Yes,,,,,,,,
GEORGE MBILASE PRIMARY SCHOOL,Joseph,true,GAUTENG EAST,700311076,GAUTENG,,,,,,,,,,,,,,,,,,,,,,,,,,,,,,
GORDON PRIMARY SCHOOL,SFISO V1,true,JOHANNESBURG EAST,700152132,GAUTENG,,,,Yes,Unsure,School’s Own,Yes,Unsure,,,,,,,,,,,,,,,,,,,,,,
GOROGANG PRIMARY SCHOOL,Pontsho5,true,GAUTENG EAST,700350728,GAUTENG,,,,,,,,,,,,,,,,,,,,,,,,,,,,Yes,,
GOVAN MBEKI PRIMARY SCHOOL,Sabelo verified,true,JOHANNESBURG SOUTH,700332099,GAUTENG,,,,,,,,,,,,,Yes,,,,,,,,,,,,,,,,,
HLABANGANE PRIMARY SCHOOL,Joseph verified,true,JOHANNESBURG WEST,700140541,GAUTENG,,,,,,,,,,,,,,,,,,,,,,,,,,,,,,
HLANGABEZA PRIMARY SCHOOL,Symps,true,GAUTENG WEST,700270736,GAUTENG,,,,Yes,Poor Condition,,,,,,,,,,,,,,Yes,,,,,,,,,Yes,,
HOFMEYR SECONDARY SCHOOL,Joseph verified,true,TSHWANE SOUTH,700231746,GAUTENG,Yes,Average Condition,Community Owned,Yes,Average Condition,Community Owned,,,,,,,,,,,,,Yes,,,,,,,,,,,
HULWAZI SECONDARY SCHOOL,Tshepo1,true,EKURHULENI NORTH,700311100,GAUTENG,,,,Yes,Average Condition,School’s Own,Yes,Average Condition,,Yes,Average Condition,School’s Own,,,,,,,,,,,,,,,,,,
IKAGE PRIMARY SCHOOL,Sympathy varified,true,JOHANNESBURG EAST,700152140,GAUTENG,,,,,,,,,,,,,,,,,,,,,,,,,,,,,,
IMFUNDO MIDDLE SCHOOL,Tshepo25,true,SEDIBENG WEST,700320598,GAUTENG,,,,Yes,Poor Condition,,Yes,Poor Condition,,,,,,,,,,,,,,,,,,,,,,
INKATHA KA ZULU PRIMARY SCHOOL,Tshepo1,true,GAUTENG EAST,700311118,GAUTENG,,,,Yes,Average Condition,Community Owned,,,,,,,,,,,,,Yes,,,,,,,,,,,
INKONJANE JUNIOR SECONDARY SCHOOL,V2 Yossi Bank,true,JOHANNESBURG WEST,700140582,GAUTENG,,,,,,,,,,,,,,,,,,,,,,,,,,,,,,
INXIWENI PRIMARY SCHOOL,Freddy8,true,EKURHULENI NORTH,700260893,GAUTENG,Yes,Average Condition,,Yes,Good Condition,,,,,,,,,,,,,,Yes,,,,,,,,,,,
IPHUTHENG PRIMARY SCHOOL,Sympathy varified,true,JOHANNESBURG EAST,700152165,GAUTENG,,,,Yes,Poor Condition,School’s Own,,,,,,,,,,,,,Yes,,,,,,,,,,,
IPONTSHE PRIMARY SCHOOL,V2 Adam Dison,true,EKURHULENI NORTH,700260901,GAUTENG,Yes,Good Condition,School’s Own,,,,,,,,,,,,,Yes,,,Yes,,,Yes,,,,,,,,
ISEKELO PRIMARY SCHOOL,Joseph verified,true,EKURHULENI NORTH,700260919,GAUTENG,,,,Yes,Average Condition,School’s Own,,,,,,,,,,,,,Yes,,,,,,,,,,,
ISIZIBA PRIMARY SCHOOL,V1,true,EKURHULENI NORTH,700260943,GAUTENG,Yes,Average Condition,School’s Own,Yes,Average Condition,School’s Own,,,,,,,,,,,,,Yes,,,,,,,,,Yes,,
ITHUTE PRIMARY SCHOOL,Sympathy Varified,true,JOHANNESBURG EAST,700152173,GAUTENG,,,,,,,,,,,,,,,,,,,,,,,,,,,,,,
ITSEBENG PRIMARY SCHOOL,SABELO1,true,SEDIBENG WEST,700320630,GAUTENG,,,,,,,,,,,,,,,,,,,Yes,,,,,,,,,,,
JABULANI THABANG PRIMARY SCHOOL,Sabelo1,true,SEDIBENG WEST,700320648,GAUTENG,,,,,,,,,,,,,,,,,,,,,,,,,,,,,,
JABULILE SECONDARY SCHOOL,SABELO VERIFIED,true,JOHANNESBURG SOUTH,700331611,GAUTENG,Yes,Good Condition,School’s Own,Yes,Good Condition,School’s Own,,,,,,,Yes,,,,,,Yes,,,,,,,,,,,
JET NTEO SECONDARY SCHOOL,Sabelo1,true,SEDIBENG WEST,700320663,GAUTENG,,,,,,,,,,,,,,,,,,,,,,,,,,,,,,
JOB MASEKO PRIMARY SCHOOL,KHOLWANI12,true,GAUTENG EAST,700350777,GAUTENG,,,,Yes,Good Condition,School’s Own,,,,,,,,,,,,,,,,,,,,,,,,
JOB RATHEBE PRIMARY SCHOOL,Sabelo verified,true,JOHANNESBURG NORTH,700132332,GAUTENG,,,,Yes,,School’s Own,Yes,,,,,,,,,,,,Yes,,Community Owned,,,,,,,,,
JORDAN SECONDARY SCHOOL,Sabelo1,true,SEDIBENG WEST,700320671,GAUTENG,,,,,,,,,,,,,,,,,,,,,,,,,,,,,,
KAMOHELO PUBLIC SCHOOL,Joseph,true,GAUTENG WEST,700270801,GAUTENG,,,,Yes,Average Condition,School’s Own,,,,,,,,,,,,,,,,,,,,,,,,
KENNETH MASEKELA SECONDARY SCHOOL,Pontsho7,true,GAUTENG EAST,700350793,GAUTENG,Yes,Poor Condition,School’s Own,,,,,,,,,,,,,,,,,,,,,,,,,Yes,,
KGALEMA PRIMARY SCHOOL,V2-Jaydin krok,true,GAUTENG EAST,700311175,GAUTENG,,,,Yes,Unsure,Unsure,,,,,,,Yes,,,,,,,,,,,,,,,,,
KGOLAGANO PRIMARY SCHOOL,Joseph verified,true,GAUTENG EAST,700311811,GAUTENG,,,,Yes,Average Condition,,Yes,Average Condition,,,,,Yes,Average Condition,,,,,Yes,Poor Condition,,,,,,,,,,
KGOMOCO PRIMARY SCHOOL,Joseph verified,true,SEDIBENG EAST,700330902,GAUTENG,,,,Yes,,School’s Own,Yes,,,,,,Yes,,School’s Own,,,,Yes,,School’s Own,,,,,,,,,
KHANGEZILE PRIMARY SCHOOL,Pontsho9,true,GAUTENG EAST,700350801,GAUTENG,,,,Yes,Average Condition,School’s Own,,,,,,,,,,,,,Yes,,,,,,,,,,,
KHOMANANI PRIMARY SCHOOL,SABELO VERIFIED,true,JOHANNESBURG NORTH,700140640,GAUTENG,,,,Yes,Average Condition,School’s Own,Yes,Average Condition,,,,,,,,,,,Yes,,Community Owned,,,,,,,,,
KHULA SIZWE PRIMARY SCHOOL,Freddy7,true,EKURHULENI NORTH,700260992,GAUTENG,Yes,Average Condition,Community Owned,Yes,Good Condition,School’s Own,,,,,,,Yes,,,,,,Yes,,,,,,,,,,,
KOKOSI PRIMARY SCHOOL,Mabuza verified,true,GAUTENG WEST,700930749,GAUTENG,Yes,,Community Owned,Yes,Poor Condition,,,,,,,,,,,,,,Yes,,,,,,,,,,,
KUZIMISELA PRIMARY SCHOOL,Tshepo,true,EKURHULENI NORTH,700311209,GAUTENG,Yes,Poor Condition,,Yes,Poor Condition,,,,,,,,,,,,,,Yes,,,,,,,,,,,
LABAN MOTLHABI COMPREHENSIVE SCHOOL,Pontsho6,true,GAUTENG EAST,700350843,GAUTENG,Yes,Poor Condition,School’s Own,Yes,Poor Condition,School’s Own,,,,,,,,,,,,,Yes,,,Yes,,,,,,,,
LANGAVILLE PRIMARY SCHOOL,Sympathy varified,true,GAUTENG EAST,700312140,GAUTENG,Yes,Good Condition,School’s Own,,,,Yes,Good Condition,,,,,Yes,Good Condition,School’s Own,,,,Yes,Good Condition,School’s Own,,,,,,,,,
LEBOHANG SECONDARY SCHOOL,Sabelo1,true,SEDIBENG WEST,700320788,GAUTENG,,,,Yes,Poor Condition,School’s Own,,,,,,,,,,,,,,,,,,,,,,,,
LEBONE PRIMARY SCHOOL,KHOLWANI7,true,GAUTENG EAST,700311217,GAUTENG,Yes,,Community Owned,Yes,Poor Condition,School’s Own,,,,,,,,,,,,,,,,,,,,,,,,
LEBOWA PRIMARY SCHOOL,Joseph,true,SEDIBENG EAST,700330928,GAUTENG,,,,,,,,,,,,,,,,,,,,,,,,,,,,,,
LEEMA-MOKOTULI PRIMARY SCHOOL,Sabelo1,true,SEDIBENG WEST,700400110,GAUTENG,,,,,,,,,,,,,,,,,,,,,,,,,,,,,,
LEFA-IFA SECONDARY SCHOOL,KHOLWANE13,true,GAUTENG EAST,700350850,GAUTENG,Yes,Poor Condition,School’s Own,Yes,Poor Condition,School’s Own,,,,,,,,,,,,,,,,,,,,,,,,
LEFIKA PRIMARY SCHOOL,V1,true,SEDIBENG WEST,700320804,GAUTENG,,,,,,,,,,,,,,,,,,,,,,,,,,,,,,
LEHLASEDI PRIMARY SCHOOL,Sabelo1,true,SEDIBENG EAST,700330936,GAUTENG,,,,,,,,,,,,,,,,Yes,,,,,,,,,,,,,,
LEJOELEPUTSOA PRIMARY SCHOOL,Freddy4,true,JOHANNESBURG WEST,700140707,GAUTENG,,,,,,,,,,,,,,,,,,,,,,,,,,,,,,
LERATONG PRIMARY SCHOOL,sfisov1,true,JOHANNESBURG NORTH,700132399,GAUTENG,,,,Yes,Good Condition,School’s Own,,,,,,,,,,,,,Yes,,,,,,,,,,,
LESEDI LA KRESTE ANGLICAN PRIMARY SCHOOL,V2-Jaydin Krok,true,JOHANNESBURG SOUTH,700330712,GAUTENG,Yes,Good Condition,School’s Own,Yes,Good Condition,School’s Own,,,,,,,,,,,,,Yes,,,,,,,,,,,
LESHATA SECONDARY SCHOOL,Sabelo verified,true,JOHANNESBURG SOUTH,700330969,GAUTENG,,,,,,,,,,,,,,,,,,,,,,,,,,,,,,
LESIBA SECONDARY SCHOOL,Freddy1,true,EKURHULENI NORTH,700311258,GAUTENG,,,,,,,,,,,,,,,,,,,,,,,,,,,,,,
LETSATSING COMBINED SCHOOL,SABELO 1,true,,,GAUTENG,,,,Yes,Good Condition,School’s Own,,,,,,,,,,,,,,,,,,,,,,,,
LETSEMA-ILIMA PRIMARY SCHOOL,Symps,true,SEDIBENG WEST,700321331,GAUTENG,,,,Yes,Poor Condition,School’s Own,Yes,Poor Condition,,,,,,,,,,,Yes,,Community Owned,,,,,,,,,
LETSIE PRIMARY SCHOOL,KHOLWANI8,true,GAUTENG EAST,700311274,GAUTENG,Yes,Poor Condition,,Yes,Poor Condition,,Yes,Poor Condition,,,,,,,,,,,,,,,,,,,,,,
LIVHUWANI PRIMARY SCHOOL,SABELO VERIFIED,true,JOHANNESBURG WEST,700140731,GAUTENG,,,,Yes,Poor Condition,Other School’s,Yes,Average Condition,,,,,,,,,,,,,,,,,,,,,,
LOTUS GARDENS PRIMARY SCHOOL,Joseph verified,true,TSHWANE WEST,700400154,GAUTENG,,,,Yes,Average Condition,School’s Own,,,,,,,,,,,,,Yes,,,,,,,,,Yes,,
LUKHOLWENI PRIMARY SCHOOL,Joseph verified,true,JOHANNESBURG NORTH,700132456,GAUTENG,,,,Yes,Poor Condition,Unsure,Yes,Poor Condition,,,,,,,,,,,,,,,,,,,,,,
MABOELLENG PRIMARY SCHOOL,Joseph,true,SEDIBENG WEST,700320879,GAUTENG,,,,,,,,,,,,,,,,,,,,,,,,,,,,,,
MABUYA SECONDARY SCHOOL,Joseph1,true,EKURHULENI NORTH,700311290,GAUTENG,,,,,,,,,,,,,,,,,,,,,,,,,,,,,,
MADUME PRIMARY SCHOOL,SABELO VERIFIED,true,JOHANNESBURG SOUTH,700330985,GAUTENG,Yes,Average Condition,School’s Own,Yes,Average Condition,School’s Own,,,,,,,,,,,,,Yes,,,,,,,,,,,
MAHLAHLE PRIMARY SCHOOL,SABELO VERIFIED,true,TSHWANE SOUTH,700231894,GAUTENG,,,,Yes,Poor Condition,School’s Own,,,,,,,,,,Yes,,,,,,,,,,,,,,
MAKAPANE PRIMARY SCHOOL,Joseph verified,true,SEDIBENG WEST,700320903,GAUTENG,,,,,,,,,,,,,,,,,,,Yes,,,,,,,,,,,
MANGWELE PRIMARY SCHOOL,SABELO VERIFIED,true,JOHANNESBURG NORTH,700140764,GAUTENG,,,,,,,,,,,,,,,,,,,,,,,,,,,,,,
MASHEMONG PRIMARY SCHOOL,Joseph verified,true,EKURHULENI NORTH,700261040,GAUTENG,,,,,,,,,,,,,,,,,,,,,,,,,,,,,,
MASIMINI PRIMARY SCHOOL,V2 Adam Dison,true,GAUTENG EAST,700350892,GAUTENG,,,,Yes,Average Condition,School’s Own,,,,,,,,,,Yes,,,Yes,,,,,,,,,,,
MASIQHAKAZE SECONDARY SCHOOL,V1,true,EKURHULENI NORTH,700261057,GAUTENG,Yes,Poor Condition,School’s Own,Yes,Poor Condition,School’s Own,,,,,,,,,,,,,Yes,,,,,,,,,,,
MASISEBENZE COMPREHENSIVE SCHOOL,Zanele V1,true,,700261065,GAUTENG,,,,,,,,,,,,,,,,,,,Yes,,,,,,,,,,,
MATSIE STEYN PRIMARY SCHOOL,Joseph verified,true,SEDIBENG EAST,700331017,GAUTENG,,,,Yes,Average Condition,School’s Own,,,,,,,,,,,,,,,,,,,,,,,,
MEADOWLANDS PRIMARY SCHOOL,Tamir Shklaz,true,JOHANNESBURG WEST,700140947,GAUTENG,,,,Yes,Poor Condition,Community Owned,,,,,,,,,,,,,Yes,,,,,,,,,,,
MELODI PRIMARY SCHOOL,V2 - Daniel Kartun,true,GAUTENG EAST,700311373,GAUTENG,,,,Yes,Average Condition,School’s Own,,,,,,,Yes,,,,,,Yes,,,,,,,,,Yes,,
MENZI PRIMARY SCHOOL,Sympathy varified,true,GAUTENG EAST,700400234,GAUTENG,,,,Yes,Average Condition,School’s Own,,,,,,,,,,,,,Yes,,,,,,,,,,,
MICHAEL ZULU PRIMARY SCHOOL,Sympathy varified,true,GAUTENG EAST,700311381,GAUTENG,Yes,Poor Condition,,Yes,Average Condition,School’s Own,Yes,Average Condition,,,,,Yes,Poor Condition,School’s Own,Yes,,,Yes,Poor Condition,School’s Own,,,,,,,,,
MODUOPO PRIMARY SCHOOL,Zanele V1,true,EKURHULENI NORTH,700261099,GAUTENG,,,,,,,,,,,,,,,,,,,,,,,,,,,,,,
MOGOGODI PRIMARY SCHOOL,Joseph1,true,SEDIBENG WEST,700321018,GAUTENG,,,,,,,,,,,,,Yes,,,,,,,,,,,,,,,,,
MOHLOLI SECONDARY SCHOOL,symps,true,SEDIBENG EAST,700331074,GAUTENG,,,,Yes,Average Condition,School’s Own,,,,,,,,,,,,,,,,,,,,,,,,
MOKGOME SECONDARY SCHOOL,Joseph verified,true,JOHANNESBURG WEST,700140814,GAUTENG,,,,,,,,,,,,,,,,,,,Yes,,,,,,,,,,,
MONTSOSI PRIMARY SCHOOL,SABELO1,true,SEDIBENG WEST,700321075,GAUTENG,,,,,,,,,,,,,,,,,,,,,,,,,,,,,,
MOSHOESHOE PRIMARY SCHOOL,Joseph verified,true,GAUTENG EAST,700311399,GAUTENG,Yes,Unsure,Community Owned,Yes,,Other School’s,Yes,,,Yes,,Other School’s,Yes,,Other School’s,Yes,,Community Owned,Yes,Unsure,Community Owned,Yes,,Other School’s,Yes,Unsure,Other School’s,,,
MOYISELA PRIMARY SCHOOL,Sabelo verified,true,JOHANNESBURG SOUTH,700331082,GAUTENG,Yes,Good Condition,School’s Own,Yes,Good Condition,School’s Own,,,,,,,Yes,,,,,,Yes,,,,,,,,,Yes,,
MQINISWA PRIMARY SCHOOL,Joseph verified,true,SEDIBENG WEST,700321141,GAUTENG,,,,,,,,,,,,,,,,,,,,,,,,,,,,,,
MUZOMSHA PRIMARY SCHOOL,KHOLWANI18,true,GAUTENG EAST,700350926,GAUTENG,Yes,,School’s Own,,,,,,,,,,,,,,,,Yes,,,,,,,,,,,
MVELAPHANDA PRIMARY SCHOOL,Freddy9,true,EKURHULENI NORTH,700261123,GAUTENG,,,,Yes,Poor Condition,School’s Own,,,,,,,,,,,,,Yes,,,,,,,,,,,
N'WA MHINGA PRIMARY SCHOOL,V2-Jaydin krok,true,TSHWANE SOUTH,700232041,GAUTENG,,,,,,,,,,,,,,,,,,,,,,,,,,,,,,
NCHABELENG PRIMARY SCHOOL,KHOLWANI9,true,GAUTENG EAST,700311407,GAUTENG,Yes,Poor Condition,Unsure,Yes,Poor Condition,Unsure,Yes,Poor Condition,,,,,,,,,,,Yes,Poor Condition,Unsure,,Poor Condition,,,,,,,
NKABINDE PRIMARY SCHOOL,V2 Yossi Bank,true,GAUTENG EAST,700350942,GAUTENG,,,,Yes,Poor Condition,Unsure,,,,,,,,,,,,,,,,,,,,,,,,
NKUMBULO SECONDARY SCHOOL,Pontsho4,true,GAUTENG EAST,700350959,GAUTENG,Yes,Average Condition,Community Owned,Yes,Average Condition,Community Owned,,,,,,,,,,,,,Yes,,,,,,,,,,,
NOMINI PRIMARY SCHOOL,Sabelo verified,true,JOHANNESBURG SOUTH,700331108,GAUTENG,,,,Yes,Average Condition,,,,,,,,,,,,,,Yes,,,,,,,,,Yes,,
NQUBELA PRIMARY SCHOOL,Sympathy Varified,true,EKURHULENI SOUTH,700341032,GAUTENG,,,,,,,,,,,,,,,,,,,,,,,,,Yes,,,,,
NTOKOZWENI PRIMARY SCHOOL,Pontsho12,true,GAUTENG EAST,700350975,GAUTENG,Yes,Average Condition,Community Owned,Yes,Average Condition,,Yes,,,,,,Yes,,,,,,,,,,,,,,,,,
NTSELE PRIMARY SCHOOL,Sabelo1,true,SEDIBENG WEST,700321208,GAUTENG,,,,Yes,Poor Condition,Community Owned,,,,,,,,,,,,,,,,,,,,,,,,
NTSIKANA PRIMARY SCHOOL,Sympathy Varified,true,GAUTENG EAST,700311423,GAUTENG,,,,Yes,Poor Condition,School’s Own,,,,,,,,,,,,,,,,,,,,,,,,
NYIKO PRIMARY SCHOOL,Freddy9,true,EKURHULENI NORTH,700261131,GAUTENG,,,,Yes,,,,,,,,,,,,Yes,,,Yes,,,,,,,,,,,
Nxineni Primary,Nxineni Primary,true,,,GAUTENG,Yes,Average Condition,Unsure,Yes,Good Condition,Unsure,,,,,,,,,,,,,Yes,,,,,,,,,,,
O.R TAMBO PRIMARY SCHOOL,Zanele V1,true,EKURHULENI SOUTH,700400248,GAUTENG,Yes,Poor Condition,Community Owned,Yes,Poor Condition,School’s Own,,,,,,,,,,Yes,,,Yes,,,,,,,,,,,
ORANGE FARM PRIMARY SCHOOL,V1,true,JOHANNESBURG SOUTH,700331637,GAUTENG,,,,Yes,Good Condition,School’s Own,,,,,,,,,,,,,,,,,,,,,,,,
ORLANDO SECONDARY SCHOOL,SABELO VERIFIED,true,JOHANNESBURG NORTH,700132670,GAUTENG,,,,,,,,,,,,,,,,,,,,,,,,,,,,,,
PATOGENG PRIMARY SCHOOL,Joseph verified,true,TSHWANE SOUTH,700232082,GAUTENG,,,,,,,,,,,,,,,,,,,,,,,,,,,,,,
PHAMEHLO PRIMARY SCHOOL,Symps,true,SEDIBENG WEST,700321232,GAUTENG,,,,Yes,Average Condition,School’s Own,Yes,Average Condition,,,,,,,,,,,,,,,,,,,,Yes,Poor Condition,Unsure
PHANDIMFUNDO SECONDARY SCHOOL,SABELO VERIFIED,true,GAUTENG EAST,700311431,GAUTENG,,,,Yes,Poor Condition,School’s Own,Yes,Poor Condition,,,,,,,,,,,Yes,Poor Condition,School’s Own,Yes,Poor Condition,School’s Own,,,,,,
PHELINDABA SECONDARY SCHOOL,Sabelo verified,true,TSHWANE SOUTH,700232124,GAUTENG,,,,Yes,Poor Condition,School’s Own,,,,,,,,,,,,,Yes,,,,,,,,,,,
PHOMOLONG PRIMARY SCHOOL,Sympathy varified,true,EKURHULENI NORTH,700260885,GAUTENG,Yes,Good Condition,School’s Own,Yes,Good Condition,School’s Own,,,,,,,,,,Yes,,,Yes,,,Yes,,,,,,Yes,,
PHOMOLONG SECONDARY SCHOOL,V2 - Adam Dison,true,EKURHULENI NORTH,700400138,GAUTENG,,,,Yes,Average Condition,School’s Own,,,,,,,,,,,,,Yes,,,,,,,,,,,
PHORORONG PRIMARY SCHOOL,Joseph,true,GAUTENG WEST,700271015,GAUTENG,,,,Yes,Average Condition,School’s Own,Yes,Average Condition,,,,,,,,,,,,,,Yes,,,,,,,,
PHUTHADITSHABA PRIMARY SCHOOL,SABELO VERIFIED,true,TSHWANE SOUTH,700232661,GAUTENG,,,,Yes,Average Condition,School’s Own,Yes,Average Condition,,,,,,,,,,,Yes,Average Condition,School’s Own,Yes,Average Condition,School’s Own,,,,,,
PHUTHULLA PRIMARY SCHOOL,Joseph verified,true,SEDIBENG WEST,700321265,GAUTENG,,,,Yes,Poor Condition,,,,,,,,,,,,,,Yes,,,,,,,,,,,
PHUTHUMANI PRIMARY SCHOOL,Sympathy Varified,true,EKURHULENI NORTH,700261149,GAUTENG,,,,,,,,,,,,,,,,,,,Yes,,,,,,,,,,,
POELANO SECONDARY SCHOOL,Joseph verified,true,SEDIBENG WEST,700321281,GAUTENG,,,,Yes,Average Condition,School’s Own,Yes,Average Condition,,,,,,,,,,,Yes,Average Condition,School’s Own,,,,,,,,,
PUDUMO PRIMARY SCHOOL,SABELO 1,true,JOHANNESBURG SOUTH,700331165,GAUTENG,,,,Yes,Average Condition,,,,,,,,,,,,,,Yes,,,,,,,,,,,
QEDUSIZI PRIMARY SCHOOL,Pontsho8,true,GAUTENG EAST,700351015,GAUTENG,Yes,Poor Condition,Community Owned,Yes,Poor Condition,School’s Own,,,,,,,,,,,,,Yes,,,,,,,,,,,
QHAKAZANI PRIMARY SCHOOL,tshepo20,true,JOHANNESBURG SOUTH,700331173,GAUTENG,Yes,Good Condition,School’s Own,Yes,Good Condition,School’s Own,,,,,,,,,,,,,Yes,,,,,,,,,,,
QUANTUM SECONDARY SCHOOL,Tshepo2,true,GAUTENG EAST,700400152,GAUTENG,,,,,,,,,,,,,,,,,,,,,,,,,,,,,,
REAGILE PRIMARY SCHOOL,Freddy11,true,EKURHULENI NORTH,700261694,GAUTENG,,,,Yes,Average Condition,School’s Own,,,,,,,Yes,,,,,,Yes,,,,,,,,,,,
REAKGONA PRIMARY SCHOOL,Tamir Shklaz\,true,GAUTENG WEST,700931778,GAUTENG,,,,Yes,Unsure,Unsure,,,,,,,,,,,,,Yes,,,,,,,,,,,
REALO  SECONDARY SCHOOL,SABELO VERIFIED,true,JOHANNESBURG EAST,700152314,GAUTENG,,,,Yes,Good Condition,School’s Own,,,,,,,,,,,,,,,,,,,,,,Yes,,
REAMOHETSOE PRIMARY SCHOOL,V2-Jaydin Krok,true,JOHANNESBURG SOUTH,700331231,GAUTENG,,,,Yes,Good Condition,School’s Own,Yes,Poor Condition,,,,,Yes,Poor Condition,School’s Own,,,,,,,,,,,,,,,
REKGUTLILE PRIMARY SCHOOL,SABELO VERIFEID,true,JOHANNESBURG SOUTH,700331264,GAUTENG,,,,,,,,,,,,,,,,,,,,,,,,,,,,,,
RESIDENSIA SECONDARY SCHOOL,Symps,true,SEDIBENG WEST,700321380,GAUTENG,,,,,,,,,,,,,,,,,,,Yes,,,,,,,,,,,
RETLILE PRIMARY SCHOOL,Jake Pencharz,true,GAUTENG WEST,700934044,GAUTENG,,,,,,,,,,,,,,,,Yes,,,Yes,,,,,,,,,,,
Radibapi Primary,sabelo,true,,,GAUTENG,Yes,Good Condition,School’s Own,Yes,Good Condition,School’s Own,Yes,Good Condition,,,,,Yes,Good Condition,School’s Own,,,,Yes,Good Condition,School’s Own,,,,,,,,,
SAKHELWE PRIMARY SCHOOL,Pontsho 10,true,GAUTENG EAST,700351049,GAUTENG,,,,,,,,,,,,,,,,,,,,,,,,,,,,,,
SAPPHIRE SECONDARY SCHOOL,Joseph verified,true,SEDIBENG WEST,700321406,GAUTENG,,,,,,,,,,,,,,,,,,,,,,,,,,,,,,
SAULRIDGE SECONDARY SCHOOL,Sabelo verified,true,TSHWANE SOUTH,700232223,GAUTENG,,,,Yes,Poor Condition,School’s Own,Yes,Poor Condition,,,,,,,,,,,,,,,,,,,,,,
SECHABA PRIMARY SCHOOL,KHOLWANI14,true,GAUTENG EAST,700351064,GAUTENG,,,,,,,,,,,,,,,,,,,,,,,,,,,,,,
SEDIBENG PRIMARY SCHOOL,Zanele V1,true,EKURHULENI NORTH,700261180,GAUTENG,,,,Yes,,,,,,,,,,,,,,,,,,,,,,,,,,
SEEISO PRIMARY SCHOOL,Joseph verified,true,SEDIBENG WEST,700321422,GAUTENG,,,,Yes,Average Condition,School’s Own,,,,,,,,,,,,,,,,,,,,,,,,
SELELEKELA SECONDARY SCHOOL,SABELO 1,true,JOHANNESBURG NORTH,700132902,GAUTENG,,,,,,,,,,,,,,,,,,,,,,,,,,,,,,
SELIBA PRIMARY SCHOOL,Joseph verified,true,SEDIBENG EAST,700331314,GAUTENG,,,,Yes,Average Condition,School’s Own,Yes,Average Condition,,,,,Yes,Average Condition,School’s Own,,,,,,,,,,,,,,,
SELOPE-THEMA PRIMARY SCHOOL,SABELO VERIFIED,true,JOHANNESBURG NORTH,700132910,GAUTENG,,,,,,,,,,,,,,,,,,,,,,,,,,,,,,
SEOTLOANA PRIMARY SCHOOL,Zanele V1,true,EKURHULENI NORTH,700261198,GAUTENG,,,,Yes,Poor Condition,Unsure,,,,,,,,,,Yes,,,Yes,,,,,,,,,Yes,,
SHADRACK MBAMBO PRIMARY SCHOOL,Sympathy Varified,true,GAUTENG EAST,700311480,GAUTENG,,,,Yes,Poor Condition,School’s Own,,,,,,,,,,Yes,,,Yes,,,,,,,,,,,
SIBONELO PRIMARY SCHOOL,Sympathy verified,true,EKURHULENI NORTH,700311498,GAUTENG,,,,,,,,,,,,,,,,,,,,,,,,,,,,,,
SIPHIWE PRIMARY SCHOOL,Zanele V1,true,EKURHULENI NORTH,700261214,GAUTENG,,,,,,,Yes,Good Condition,,,,,,,,,,,Yes,Average Condition,School’s Own,,,,,,,,,
SIVUSE PRIMARY SCHOOL,SABELO1,true,SEDIBENG WEST,700321489,GAUTENG,,,,Yes,Good Condition,School’s Own,Yes,Good Condition,,,,,,,,,,,,,,,,,,,,,,
SOZIZWE PRIMARY SCHOOL,Tshepo3,true,EKURHULENI NORTH,700311530,GAUTENG,Yes,Poor Condition,,Yes,Poor Condition,,,,,,,,,,,,,,Yes,,,,,,Yes,,,,,
SPHIWE PRIMARY SCHOOL,SFISOV1,true,,,GAUTENG,,,,,,,,,,,,,,,,,,,,,,,,,,,,,,
STEVE BIKO PRIMARY SCHOOL,SABELO VERIFIED,true,JOHANNESBURG SOUTH,700400077,GAUTENG,Yes,Average Condition,,,,,,,,,,,,,,,,,Yes,,,,,,,,,,,
STRETFORD EXT 8 PRIMARY SCHOOL,Sfiso v1,true,JOHANNESBURG SOUTH,700331918,GAUTENG,,,,Yes,,,,,,,,,,,,,,,,,,,,,,,,,,
TEMBISA SECONDARY SCHOOL,V1,true,EKURHULENI NORTH,700261305,GAUTENG,Yes,Average Condition,Community Owned,Yes,Poor Condition,School’s Own,Yes,Average Condition,,,,,,,,Yes,Poor Condition,School’s Own,Yes,Poor Condition,School’s Own,,,,,,,,,
TEMBISA WEST SECONDARY SCHOOL,Freddy10,true,EKURHULENI NORTH,700400117,GAUTENG,Yes,Average Condition,Community Owned,,,,,,,,,,,,,,,,Yes,,,,,,,,,,,
THEMBALIHLE PRIMARY SCHOOL,SABELO1,true,JOHANNESBURG NORTH,700133132,GAUTENG,Yes,Poor Condition,Community Owned,Yes,Poor Condition,Community Owned,,,,,,,,,,,,,Yes,,,,,,,,,,,
THEMBALIKAZULU PRIMARY SCHOOL,KHOLWANI10,true,GAUTENG EAST,700351148,GAUTENG,,,,,,,,,,,,,,,,,,,,,,,,,,,,,,
THETHA SECONDARY SCHOOL,SABELO VERFIED,true,JOHANNESBURG SOUTH,700331645,GAUTENG,Yes,Poor Condition,School’s Own,Yes,Good Condition,School’s Own,,,,,,,,,,,,,Yes,,,,,,,,,,,
THOHO-YA-NDOU PRIMARY SCHOOL,Joseph verified,true,TSHWANE SOUTH,700232272,GAUTENG,,,,Yes,Poor Condition,Community Owned,,,,,,,,,,Yes,,,Yes,,,,,,Yes,,,Yes,,
THOPODI PRIMARY SCHOOL,SABELO VERIFIED,true,GAUTENG EAST,700311555,GAUTENG,Yes,Poor Condition,,Yes,Poor Condition,,,,,,,,,,,,,,Yes,,,,,,,,,,,
THUTHUKA PRIMARY SCHOOL,SABELO VERIFIED,true,EKURHULENI NORTH,700261347,GAUTENG,Yes,Poor Condition,School’s Own,Yes,Poor Condition,School’s Own,,,,,,,,,,,,,Yes,,,,,,,,,,,
THUTO KITSO SECONDARY SCHOOL,sabelo1,true,GAUTENG WEST,700932124,GAUTENG,,,,Yes,,Community Owned,,,,,,,,,,,,,,,,,,,,,,,,
THUTO LORE SECONDARY SCHOOL,Tamir Shklaz,true,SEDIBENG EAST,700331413,GAUTENG,,,,Yes,Good Condition,School’s Own,Yes,Good Condition,,,,,Yes,Good Condition,School’s Own,,,,Yes,Good Condition,School’s Own,,,,,,,,,
THUTOLORE SECONDARY SCHOOL,Joseph verified,true,JOHANNESBURG WEST,700141002,GAUTENG,Yes,Average Condition,Community Owned,Yes,Average Condition,Community Owned,,,,,,,,,,,,,Yes,,,,,,,,,,,
TIYANI Junior secondary SCHOOL,SABELO VERIFIED,true,JOHANNESBURG NORTH,700141028,GAUTENG,,,,,,,,,,,,,,,,,,,,,,,,,,,,,,
TLAKULA SECONDARY SCHOOL,Sympathy Varified,true,GAUTENG EAST,700351171,GAUTENG,,,,Yes,Poor Condition,School’s Own,,,,,,,,,,,,,,,,,,,Yes,,,,,
TLHAKANANG PRIMARY SCHOOL,Tlhakanang Primary School,true,EKURHULENI NORTH,700261388,GAUTENG,Yes,Poor Condition,School’s Own,Yes,Poor Condition,School’s Own,,,,,,,,,,,,,Yes,,,,,,,,,,,
TLHOKOMELO PRIMARY SCHOOL,Joseph1,true,JOHANNESBURG WEST,700141044,GAUTENG,,,,,,,,,,,,,,,,,,,,,,,,,,,,,,
TLHOLO INTERMEDIATE SCHOOL,Joseph1,true,SEDIBENG WEST,700321596,GAUTENG,,,,,,,Yes,Poor Condition,,,,,Yes,Poor Condition,,,,,,,,,,,,,,,,
TOKELO SECONDARY SCHOOL,Joseph verified,true,SEDIBENG WEST,700321604,GAUTENG,,,,,,,,,,,,,,,,,,,,,,,,,,,,,,
TOTOMENG PRIMARY SCHOOL,Joseph verified,true,JOHANNESBURG WEST,700141069,GAUTENG,,,,Yes,Poor Condition,School’s Own,,,,,,,,,,,,,,,,,,,,,,,,
TSAKANE PRIMARY SCHOOL,Sympathy Varified,true,GAUTENG EAST,700311571,GAUTENG,Yes,Unsure,Unsure,Yes,Average Condition,School’s Own,,,,,,,,,,Yes,,,Yes,,,,,,,,,,,
TSHIRELA PRIMARY SCHOOL,Joseph verified,true,SEDIBENG WEST,700321653,GAUTENG,Yes,,,,,,,,,,,,,,,Yes,,,,,,Yes,,,Yes,,,,,
TSHIRELETSO PRIMARY SCHOOL,Joseph1,true,JOHANNESBURG WEST,700141085,GAUTENG,Yes,Average Condition,Other School’s,Yes,Average Condition,School’s Own,,,,,,,,,,,,,Yes,,,,,,,,,,,
TSHITSO PRIMARY SCHOOL,V1,true,SEDIBENG WEST,700321661,GAUTENG,,,,Yes,Poor Condition,School’s Own,Yes,Poor Condition,,,,,Yes,Poor Condition,School’s Own,,,,Yes,Poor Condition,School’s Own,Yes,Poor Condition,School’s Own,,,,,,
TSIETSI MASHININI PRIMARY SCHOOL,Sympathy varified,true,JOHANNESBURG WEST,700140822,GAUTENG,,,,Yes,Average Condition,School’s Own,,,,,,,,,,,,,Yes,,,,,,,,,,,
TSIMONG PRIMARY SCHOOL,Kholwani19,true,GAUTENG EAST,700351197,GAUTENG,,,,Yes,Poor Condition,School’s Own,,,,,,,,,,,,,Yes,,,,,,,,,,,
TSITSIBOGA PRIMARY SCHOOL,SABELO1,true,GAUTENG WEST,700271130,GAUTENG,Yes,Average Condition,School’s Own,Yes,Average Condition,School’s Own,,,,,,,,,,,,,Yes,,,,,,,,,,,
TSOELOPELE PRIMARY SCHOOL,Joseph verified,true,SEDIBENG EAST,700331462,GAUTENG,,,,Yes,Good Condition,School’s Own,,,,,,,Yes,,,,,,Yes,,,,,,,,,,,
TSWELELANG PRIMARY SCHOOL,Joseph verified,true,JOHANNESBURG WEST,700141119,GAUTENG,,,,,,,,,,,,,,,,,,,,,,,,,,,,,,
TSWELOPELE SECONDARY SCHOOL,Zanele V1,true,EKURHULENI NORTH,700400400,GAUTENG,,,,,,,,,,,,,,,,,,,,,,,,,,,,,,
UMTHAMBEKA PRIMARY SCHOOL,Freddy12,true,EKURHULENI NORTH,700261438,GAUTENG,,,,Yes,Average Condition,,,,,,,,,,,,,,Yes,,,,,,,,,,,
UNITY SECONDARY SCHOOL,Tshepo3,true,EKURHULENI NORTH,700311613,GAUTENG,Yes,Average Condition,Community Owned,Yes,Poor Condition,School’s Own,,,,,,,,,,Yes,,,Yes,,,,,,,,,,,
VEZUKHONO SECONDARY SCHOOL,Joseph,true,GAUTENG EAST,700311852,GAUTENG,,,,,,,,,,,,,,,,,,,Yes,,,,,,,,,,,
VULAMAZIBUKO PRIMARY SCHOOL,V2 Yossi Bank,true,JOHANNESBURG NORTH,700141150,GAUTENG,,,,Yes,Poor Condition,School’s Own,,,,,,,Yes,,,,,,Yes,,,,,,,,,,,
VUYO PRIMARY SCHOOL,Joseph,true,SEDIBENG EAST,700331520,GAUTENG,,,,Yes,Average Condition,School’s Own,Yes,Average Condition,,,,,,,,,,,,,,,,,,,,,,
WESTFIELDS PRIMARY SCHOOL,SABELO 1,true,GAUTENG WEST,700270579,GAUTENG,Yes,Average Condition,School’s Own,Yes,Average Condition,School’s Own,,,,,,,,,,Yes,,,Yes,,,,,,,,,,,
WINNIE MANDELA PRIMARY SCHOOL,SABELO VERIFIED,true,EKURHULENI NORTH,700400236,GAUTENG,,,,Yes,Good Condition,School’s Own,,,,,,,,,,,,,Yes,,,,,,,,,,,
WINNIE MANDELA SECONDARY SCHOOL,SABELO VERIFIED,true,EKURHULENI NORTH,700400514,GAUTENG,,,,,,,,,,,,,,,,,,,,,,,,,,,,,,
ZAKHENI PRIMARY SCHOOL,Sympathy varified,true,JOHANNESBURG NORTH,700133306,GAUTENG,,,,,,,,,,,,,,,,,,,,,,,,,,,,,,
ZAMANI PRIMARY SCHOOL,Sympathy Varified,true,GAUTENG EAST,700351288,GAUTENG,,,,Yes,Average Condition,School’s Own,,,,,,,,,,,,,,,,,,,,,,,,
ZENZELENI PRIMARY SCHOOL,Sympathy Varification,true,JOHANNESBURG EAST,700152421,GAUTENG,,,,,,,,,,,,,,,,,,,,,,,,,,,,,,
ZIFUNELENI JUNIOR SECONDARY  (COMB. PRIMARY) SCHOOL,SABELO VERIFIED,true,JOHANNESBURG NORTH,700133314,GAUTENG,,,,Yes,Poor Condition,School’s Own,,,,,,,,,,,,,,,,,,,,,,,,
ZIMISELE SECONDARY SCHOOL,Pontsho3,true,GAUTENG EAST,700351304,GAUTENG,Yes,Poor Condition,School’s Own,Yes,Poor Condition,School’s Own,,,,Yes,,,,,,,,,Yes,,,,,,,,,,,
ZITHATHELE PRIMARY SCHOOL,Joseph verified,true,JOHANNESBURG NORTH,700133322,GAUTENG,,,,,,,,,,,,,,,,,,,Yes,,,,,,,,,,,
ZITHEMBENI PRIMARY SCHOOL,kholwani21,true,GAUTENG EAST,700351312,GAUTENG,,,,,,,,,,,,,,,,,,,,,,,,,,,,,,
ZITIKENI SECONDARY SCHOOL,SABELO VERIFIED,true,EKURHULENI NORTH,700261479,GAUTENG,,,,,,,,,,,,,,,,,,,,,,,,,,,,,,
zitha primary,sabelo1,true,,,GAUTENG,,,,,,,,,,,,,Yes,,,,,,,,,,,,,,,Yes,,
