School name,Version name,Is Verified,Type,District,Telephone,Street Number,Street Name,Township or Village,Suburb,Town or City,Postal Code,Province,NEIMS Number,Date Audit Conducted
AB XUMA PRIMARY SCHOOL,V2-jaydin krok,true,Primary,JOHANNESBURG NORTH,0119351089,6565,MOOKI STREET,ORLANDO EAST,SOWETO,JOHANNESBURG,1804,GAUTENG,700131805,
AHA-THUTO SECONDARY SCHOOL,Sabelo verified,true,Secondary,JOHANNESBURG SOUTH,0118501006,12221,EXTENSION 7B,ORANGE FARM,,JOHANNESBURG,1841,GAUTENG,700330696,
ALEXANDRA SECONDARY SCHOOL,Jake Pencharz,true,Secondary,JOHANNESBURG EAST,0114432713,26,2ND AIVENUE,ALEXANDRA,SANDTON,JOHANNESBURG,2090,GAUTENG,700152009,2015-03-24
AMOS MAPHANGA SECONDARY,V2 Yossi Bank,true,Secondary,GAUTENG EAST,0824834979,13908,GUINEA FOWL,ETWATWA,DAVEYTON,BENONI,1520,GAUTENG,700400398,2015-03-19
BATHOKWA PRIMARY SCHOOL,SABELO VERIFIED,true,Primary,TSHWANE SOUTH,0123755416,1,LEPHORA STREET,SAULSVILLE,PRETORIA,PRETORIA,0122,GAUTENG,700231530,2015-03-23
BATLOUNG INTERMEDIATE SCHOOL,Symps,true,Primary,SEDIBENG WEST,0165929200,19443,ZONE 14,SEBOKENG,VANDERBIJLPARK,VANDERBIJLPARK,1983,GAUTENG,700320309,2015-04-14
BHEKIMFUNDO PRIMARY SCHOOL,Joseph verified,true,Primary,EKURHULENI NORTH,0114264048,6752,HELENE,DAVEYTON,BENONI,BENONI,1520,GAUTENG,700310920,2015-03-20
BOITUMELONG SECONDARY SCHOOL,Zanele V1,true,Secondary,EKURHULENI NORTH,0119203003,216,"MIMAS STREET, SEDIBENG SECTION",TEMBISA,KEMPTON PARK,KEMPTON PARK,1632,GAUTENG,700260620,2015-03-19
BOKAMOSO SECONDARY SCHOOL,Zanele V1,true,Secondary,EKURHULENI NORTH,0119242373,583,Star Street,TEMBISA,TEMBISA,TEMBISA,,GAUTENG,700241810,2015-03-18
BONA COMPREHENSIVE SCHOOL,SABELO VERIFIED,true,Secondary,JOHANNESBURG NORTH,0119352641,6603,MADLALA,ORLANDO,SOWETO,JOHANNESBURG,1804,GAUTENG,700131961,2015-03-17
BOPASENATLA SECONDARY SCHOOL,Joseph verified,true,Secondary,JOHANNESBURG NORTH,0119851076,2063,SONO ROAD,DIEPKLOOF,SOWETO,JOHANNESBURG,1864,GAUTENG,700140426,
BOPHELONG SECONDARY SCHOOL,Joseph verified,true,Secondary,SEDIBENG WEST,0169866020,3239,JOHN GOMOM0,EXT5 BOPHELONG,VANDERBIJLPARK,JOHANNESBURG,1913,GAUTENG,700400355,
BOTLEHADI PRIMARY SCHOOL,Sabelo1,true,Primary,SEDIBENG WEST,0828065774,1461,WARD ROAD,EVATON,EVATON,EVATON,1984,GAUTENG,700320366,
BOVET PRIMARY SCHOOL,Joseph verified,true,Primary,JOHANNESBURG EAST,0118821352,158,19TH AVENUE,ALEXANDRA,SANDTON,JOHANNESBURG,2090,GAUTENG,700152041,
BUD MBELLE PRIMARY SCHOOL,SABELO VERIFIED,true,Primary,TSHWANE SOUTH,0123738854,17,LESOAI STREET,ATTERIDGEVILLE,ATTERIDGEVILLE,PRETORIA,0008,GAUTENG,700231563,2015-03-23
BUHLEBEMFUNDO SECONDARY SCHOOL,Joseph verified,true,Secondary,GAUTENG EAST,0113642760,21249,TSAKANE ROAD,TSAKANE,,BRAKPAN,1550,GAUTENG,700310938,
CAIPHUS NYOKA SECONDARY SCHOOL,Joseph veried,true,Secondary,GAUTENG EAST,0119626313,14436,MSANE STREET,ETWATWA,BENONI,BENONI,1520,GAUTENG,700311837,
CARTER PRIMARY SCHOOL,Joseph verified,true,Primary,JOHANNESBURG EAST,0114432689,44,4TH AVENUE,ALEXANDRA,SANDTON,JOHANNESBURG,2090,GAUTENG,700152058,2015-03-05
CHARLOTTE MAXEKE SECONDARY SCHOOL,V2 Yossi Bank,true,Secondary,EKURHULENI NORTH,0119246079,3817,MASAKHANE STREET,PHOMOLONG,KEMPTON PARK,KEMPTON PARK,1632,GAUTENG,700400351,2015-03-15
DAVID HELLEN PETA SECONDARY SCHOOL,Joseph verified,true,Secondary,TSHWANE SOUTH,0123735404,30,LETANKA,ATTERIDGEVILLE,PRETORIA,PRETORIA,0008,GAUTENG,700231605,
DIEPDALE SECONDARY SCHOOL,V2-Jaydin krok,true,Secondary,JOHANNESBURG NORTH,0119853390,3318,DIEPENAAR STREET,DIEPKLOOF,SOWETO,JOHANNESBURG,1864,GAUTENG,700140434,
DINOTO TECHNICAL SECONDARY SCHOOL,Tshepo3,true,Secondary,EKURHULENI NORTH,0114242005,20013,HEALDSTREET,DAVEYTON,BENONI,BENONI,1507,GAUTENG,700310995,
DITAU PRIMARY SCHOOL,Sympathy varified,true,Primary,JOHANNESBURG NORTH,0119351029,6604,"MADLALA STREET
MADLALA STREET",ORLANDO EAST,,JOHANNESBURG,1804,GAUTENG,700132068,2015-03-17
DITAWANE PRIMARY SCHOOL,Joseph verified,true,Primary,,,,,,,,,GAUTENG,,
DR HARRY GWALA SECONDARY SCHOOL,Tshepo3,true,Secondary,GAUTENG EAST,0119621833,9133,BEE CRESCENT,ETWATWA,EMAPHUPHENI,BENONI,1519,GAUTENG,700311001,2015-03-18
DR KNAK PRIMARY SCHOOL,"SABELO VERIFIED
pontsho 20",true,Primary,JOHANNESBURG EAST,0118828605,70,10TH AVENUE,ALEXANDRA,SANDTON,JOHANNESBURG,2090,GAUTENG,700152082,2015-03-09
DR NHLAPO INTERMEDIATE SCHOOL,Joseph verified,true,Primary,SEDIBENG WEST,0169881777,1229,MOSHOESHOE STREET,BOIPATONG,VANDERBIJLPARK,VANDERBIJLPARK,1911,GAUTENG,700320440,
DR WF NKOMO SECONDARY SCHOOL,Sympathy Varified,true,Secondary,TSHWANE SOUTH,0123737800,84,KHUDU STREET,ATTERIDGEVILLE,PRETORIA,PRETORIA,0008,GAUTENG,700231613,2015-03-23
DUMEHLEZI INTERMEDIATE SCHOOL,Joseph verified,true,Primary,GAUTENG EAST,0114243701,5100,BHACA STREET,DAVEYTON,BENONI,DAVEYTON,1520,GAUTENG,700311019,2015-03-19
EAST BANK HIGH SCHOOL,Sympathy varified,true,Secondary,JOHANNESBURG EAST,0114437826,87,EASTBANK AVENUE,ALEXANDRA,SANDTON,JOHANNESBURG,2090,GAUTENG,700152090,2015-03-09
EKUKHANYISWENI PRIMARY SCHOOL,SABELO VERIFIED,true,Primary,JOHANNESBURG EAST,0114435183,330,PHASE TWO,ALEXANDRA,SANDTON,JOHANNESBURG,2090,GAUTENG,700152108,2015-03-24
EMFUNDISWENI PRIMARY SCHOOL,SABELO VERIFIED,true,Primary,JOHANNESBURG EAST,0114435338,160,12TH AVENUE,ALEXANDRA,SANDTON,JOHANNESBURG,2021,GAUTENG,700152116,2015-03-24
EMMANGWENI PRIMARY SCHOOL,Zanele v1,true,Primary,EKURHULENI NORTH,0119241754,320,MAMPURU/BADUZA STREET,EMMANGWENI SECTION,TEMBISA,KEMPTON PARK,1632,GAUTENG,700260729,2015-03-19
EMMANUEL PRIMARY SCHOOL,Joseph verified,true,Primary,SEDIBENG EAST,0164514908,6280,RAMOKHOASE STREET,SHARPEVILLE,VEREENIGING,VEREENIGING,1928,GAUTENG,700330837,2015-04-15
ENDULWENI PRIMARY SCHOOL,Joseph verified,true,Primary,EKURHULENI NORTH,0119260571,797,HADEBE STREET,TEMBISA,KEMPTON PARK,KEMPTON PARK,1632,GAUTENG,700260745,2015-03-18
ENTSHONALANGA PRIMARY SCHOOL,SABELO VERIFIED,true,Primary,EKURHULENI NORTH,0119263712,816,SKY LAB STREET,MAOKENG EXT,TEMBISA,KEMPTON PARK,1628,GAUTENG,700260752,2015-03-17
ESIKHISINI PRIMARY SCHOOL,Joseph verified,true,Primary,TSHWANE SOUTH,0123759129,2,LEBOA,SAULSVILLE,ATTERIDGEVILLE,PRETORIA,0125,GAUTENG,700231662,
EVATON PRIMARY SCHOOL,kholwani23,true,Primary,SEDIBENG WEST,0165918741,10353,KING  MOSHOESHOE ROAD,EVATON WEST,EVATON,EVATON,1984,GAUTENG,700320952,2015-04-14
FADIMEHA PRIMARY SCHOOL,Joseph verified,true,Primary,SEDIBENG WEST,0165961114,150,SELBORNE ROAD,SMALL FARMS,EVATON,VANDERBIJL PARK,1984,GAUTENG,700320523,
FRED HABEDI PRIMARY SCHOOL,Pontsho11,true,Primary,GAUTENG EAST,0117368482,1,NGWENYA STREET,KWA THEMA,SPRINGS,SPRINGS,1575,GAUTENG,700350702,2015-03-16
FUNUKUKHANYA PRIMARY SCHOOL,KHOLWANI3,true,Primary,GAUTENG EAST,0113642025,15599,NKOWANKOWA STREET,EXTENSION 5,TSAKANE,BRAKPAN,1550,GAUTENG,700311068,2015-03-08
GAHLANSO PRIMARY SCHOOL,Zanele V1,true,Primary,EKURHULENI NORTH,0119250662,3,ROBERT MATHEKGA STREET,TEMBISA,KEMPTON PAK,KEMPTON PARK,1632,GAUTENG,700260828,2015-03-18
GEORGE MBILASE PRIMARY SCHOOL,Joseph,true,Primary,GAUTENG EAST,0119626471,3566,FIRST STREET,ETWATWA EAST,DAVEYTON,BENONI,1520,GAUTENG,700311076,2015-03-24
GORDON PRIMARY SCHOOL,SFISO V1,true,Primary,JOHANNESBURG EAST,0112642417,19,3RD AVENUE,ALEXANDRA,SANDTON,JOHANNESBURG,2090,GAUTENG,700152132,2015-03-05
GOROGANG PRIMARY SCHOOL,Pontsho5,true,Primary,GAUTENG EAST,0117364601,2754,MABENA STREET,KWA-THEMA,SPRINGS,SPRINGS,1575,GAUTENG,700350728,2015-03-17
GOVAN MBEKI PRIMARY SCHOOL,Sabelo verified,true,Primary,JOHANNESBURG SOUTH,0838202239,6964,6964 DRIEZIEK 3,ORANGE FARM,ORANGE FARM,JOHANNESBURG,1805,GAUTENG,700332099,
HLABANGANE PRIMARY SCHOOL,Joseph verified,true,Primary,JOHANNESBURG WEST,0119380891,487,ILANDA STREET,MEADOWLANDS,JOHANNESBURG,JOHANNESBURG,1852,GAUTENG,700140541,
HLANGABEZA PRIMARY SCHOOL,Symps,true,Primary,GAUTENG WEST,0187831674,614,NXUMALO ROAD,KHUTSONG,CARLETONVILLE,,2499,GAUTENG,700270736,
HOFMEYR SECONDARY SCHOOL,Joseph verified,true,Secondary,TSHWANE SOUTH,0123738637,1,MNGADI AND MAFOLE STREET,ATTERIDGEVILLE,PRETORIA,PRETORIA,0001,GAUTENG,700231746,
HULWAZI SECONDARY SCHOOL,Tshepo1,true,Secondary,EKURHULENI NORTH,0114242305,215,DUMERI STREET,DAVEYTON,BENONI,BENONI,1520,GAUTENG,700311100,
IKAGE PRIMARY SCHOOL,Sympathy varified,true,Primary,JOHANNESBURG EAST,0114432712,163,19TH AVENUE VINCENT TSHABALALA ROAD,ALEXANDRA,SANDTON,JOHANNESBURG,2090,GAUTENG,700152140,2015-04-07
IMFUNDO MIDDLE SCHOOL,Tshepo25,true,Primary,SEDIBENG WEST,0828847173,18,CHAMBERLAIN    ROAD,EVATON,VANDERBIJLPARK,VANDERBIJLPARK,1981,GAUTENG,700320598,2015-04-14
INKATHA KA ZULU PRIMARY SCHOOL,Tshepo1,true,Primary,GAUTENG EAST,0114249606,6141,MABASO,DAVEYTON,DAVEYTON,BENONI,1520,GAUTENG,700311118,2015-03-19
INKONJANE JUNIOR SECONDARY SCHOOL,V2 Yossi Bank,true,Other,JOHANNESBURG WEST,0119391418,362,IVUKULU STREET,MEADOWLANDS,JOHANNESBURG,JOHANNESBURG,1852,GAUTENG,700140582,2015-03-08
IPHUTHENG PRIMARY SCHOOL,Sympathy varified,true,Primary,JOHANNESBURG EAST,0114434007,18,LONDON ROAD,ALEXANDRA,SANDTON,JOHANNESBURG,2090,GAUTENG,700152165,2015-04-07
IPONTSHE PRIMARY SCHOOL,V2 Adam Dison,true,Primary,EKURHULENI NORTH,0119253323,445,JAMES MOLEYA STREET,UMNONJANENI SECTION,TEMBISA,KEMPTON PARK,1632,GAUTENG,700260901,2015-03-17
ISEKELO PRIMARY SCHOOL,Joseph verified,true,Primary,EKURHULENI NORTH,0119262508,52,NDWAMDWE STREET,ISITHAMA SECTION,TEMBISA,KEMPTON PARK,1632,GAUTENG,700260919,
ISIZIBA PRIMARY SCHOOL,V1,true,Primary,EKURHULENI NORTH,0119202004,7,ROBERT MATHEKGA Hlahlandlela STREET,TEMBISA,KEMPTON PARK,KEMPTON PARK,1632,GAUTENG,700260943,
ITHUTE PRIMARY SCHOOL,Sympathy Varified,true,Primary,JOHANNESBURG EAST,0118822968,69,"11TH AVENUE, SELBOURNE STREET",ALEXANDRA,SANDTON,JOHANNESBURG,2090,GAUTENG,700152173,
ITSEBENG PRIMARY SCHOOL,SABELO1,true,Primary,SEDIBENG WEST,0165931512,58800,0,ZONE 3 SEBOKENG,VANDERBIJLPARK,VANDERBIJLPARK,1900,GAUTENG,700320630,
JABULANI THABANG PRIMARY SCHOOL,Sabelo1,true,Primary,SEDIBENG WEST,0165965323,6710,11TH AVENUE,SMALL FARMS,EVATON,VANDERBIJLPARK,1984,GAUTENG,700320648,
JABULILE SECONDARY SCHOOL,SABELO VERIFIED,true,Secondary,JOHANNESBURG SOUTH,0118501127,982,MOFOKENG,ORANGE FARM,,JOHANNESBURG,1805,GAUTENG,700331611,2015-03-11
JET NTEO SECONDARY SCHOOL,Sabelo1,true,Secondary,SEDIBENG WEST,0169882884,3001,UMZIMVUBU,BOIPATONG,VANDERBIJLPARK,VANDERBIJLPARK,1911,GAUTENG,700320663,
JOB MASEKO PRIMARY SCHOOL,KHOLWANI12,true,Primary,GAUTENG EAST,0117364908,2726,TSUPA STREET,KWA - THEMA,SPRINGS,SPRINGS,1575,GAUTENG,700350777,2015-03-15
JOB RATHEBE PRIMARY SCHOOL,Sabelo verified,true,Other,JOHANNESBURG NORTH,0119354742,1724,THIBEDI STREET,ORLANDO EAST,SOWETO,JOHANNESBURG,1804,GAUTENG,700132332,2015-03-17
JORDAN SECONDARY SCHOOL,Sabelo1,true,Secondary,SEDIBENG WEST,0165970303,2060,CORNER DONNA AND GLASCOW RD,EVATON,VANDERBIJLPARK,VANDERBIJLPARK,1984,GAUTENG,700320671,
KAMOHELO PUBLIC SCHOOL,Joseph,true,Other,GAUTENG WEST,0187832433,1887,TSWANA SECTION,KHUTSONG LOCATION,CARLETONVILLE,CARLETONVILLE,2499,GAUTENG,700270801,
KENNETH MASEKELA SECONDARY SCHOOL,Pontsho7,true,Secondary,GAUTENG EAST,0117371721,2740,MALAZA STREET,KWA - THEMA,SPRINGS,SPRINGS,1575,GAUTENG,700350793,2015-03-15
KGALEMA PRIMARY SCHOOL,V2-Jaydin krok,true,Primary,GAUTENG EAST,0114243300,10104,BARWA,DAVEYTON,BENONI,JOHANNESBURG,1520,GAUTENG,700311175,
KGOLAGANO PRIMARY SCHOOL,Joseph verified,true,Primary,GAUTENG EAST,0119626565,8572,ALBATROSS STREET,ETWATWA,BENONI,BENONI,1519,GAUTENG,700311811,2015-03-19
KGOMOCO PRIMARY SCHOOL,Joseph verified,true,Primary,SEDIBENG EAST,0164512211,4400,MAREKA,SHARPVILLE,VEREENIGING,VEREENIGING,1928,GAUTENG,700330902,
KHANGEZILE PRIMARY SCHOOL,Pontsho9,true,Primary,GAUTENG EAST,0117376946,18450,THEMA ROAD,KWA-THEMA,SPRINGS,SPRINGS,1575,GAUTENG,700350801,2015-03-19
KHOMANANI PRIMARY SCHOOL,SABELO VERIFIED,true,Primary,JOHANNESBURG NORTH,0119851151,2062,SONO ROAD ZONE 2,DIEPKLOOF,SOWETO,JOHANNESBURG,1864,GAUTENG,700140640,2015-03-19
KHULA SIZWE PRIMARY SCHOOL,Freddy7,true,Primary,EKURHULENI NORTH,0119201554,125,MQANTSA SECTION,TEMBISA,KEMPTON PARK,JOHANNESBURG,1632,GAUTENG,700260992,2015-03-23
KOKOSI PRIMARY SCHOOL,Mabuza verified,true,Primary,GAUTENG WEST,0187712554,363,BEN SHIBURI,KOKOSI TOWNSHIP,FOCHVILLE,FOCHVILLE,2515,GAUTENG,700930749,
KUZIMISELA PRIMARY SCHOOL,Tshepo,true,Primary,EKURHULENI NORTH,0114266136,4543,LANGENI,DAVEYTON,BENONI,DAVEYTON,1520,GAUTENG,700311209,2015-03-18
LABAN MOTLHABI COMPREHENSIVE SCHOOL,Pontsho6,true,Secondary,GAUTENG EAST,0117363401,10403,JADULA STREET,KWA-THEMA,LOCATION,SPRINGS,1575,GAUTENG,700350843,2015-03-12
LANGAVILLE PRIMARY SCHOOL,Sympathy varified,true,Primary,GAUTENG EAST,0828578288,1567,ZILWANE STREET EXT 3,TSAKANE,BRAKPAN,BRAKPAN,1550,GAUTENG,700312140,2014-04-07
LEBOHANG SECONDARY SCHOOL,Sabelo1,true,Secondary,SEDIBENG WEST,0786983110,1997,SEKATI STR,BOIPATONG,VANDERBIJLPARK,,1901,GAUTENG,700320788,
LEBONE PRIMARY SCHOOL,KHOLWANI7,true,Primary,GAUTENG EAST,0117382202,7327,MOSHOESHOE STREET,TSAKANE,BRAKPAN,BRAKPAN,1550,GAUTENG,700311217,2015-03-23
LEBOWA PRIMARY SCHOOL,Joseph,true,Primary,SEDIBENG EAST,0164515063,7320,HULWANA STREET,SHARPVILLE,VEREENIGING,VEREENIGING,1928,GAUTENG,700330928,
LEEMA-MOKOTULI PRIMARY SCHOOL,Sabelo1,true,Primary,SEDIBENG WEST,0165932325,14596,NYEMBEZI STREET,ZONE 7B,SEBOKENG,VANDERBIJLPARK,1982,GAUTENG,700400110,
LEFA-IFA SECONDARY SCHOOL,KHOLWANE13,true,Secondary,GAUTENG EAST,0117363580,1479,CNR JOE MZAMANE AND SAM NGEMA DRIVE,KWA-THEMA,SPRINGS,JOHANNESBURG,1563,GAUTENG,700350850,2015-03-18
LEFIKA PRIMARY SCHOOL,V1,true,Primary,SEDIBENG WEST,0165931531,10313,ITSOSENG STREET,ZONE 7B,SEBOKENG,VANDERBIJLPARK,1983,GAUTENG,700320804,
LEHLASEDI PRIMARY SCHOOL,Sabelo1,true,Primary,SEDIBENG EAST,0169853244,1711,LEHOKO DRIVE,SHARPEVILLE,VEREENIGING,VEREENIGING,1928,GAUTENG,700330936,
LEJOELEPUTSOA PRIMARY SCHOOL,Freddy4,true,Primary,JOHANNESBURG WEST,0119393516,55,MODJALI,SOWETO,SOWETO,JOHANNESBURG,1852,GAUTENG,700140707,
LERATONG PRIMARY SCHOOL,sfisov1,true,Primary,JOHANNESBURG NORTH,0110249957,6452,MOOIKI,ORLANDO EAST,SOWETO,JOHANNESBURG,1804,GAUTENG,700132399,
LERESCHE PRIMARY SCHOOL,Mabuza verified,true,Primary,JOHANNESBURG NORTH,0119351057,6501,ADAM STREET,ORLANDO EAST,SOWETO,JOHANNESBURG,1804,GAUTENG,700132407,
LESEDI LA KRESTE ANGLICAN PRIMARY SCHOOL,V2-Jaydin Krok,true,Primary,JOHANNESBURG SOUTH,0719952084,14575,EXT.8A,ORANGE FARM,JOHANNESBURG,JOHANNESBURG,1841,GAUTENG,700330712,
LESHATA SECONDARY SCHOOL,Sabelo verified,true,Secondary,JOHANNESBURG SOUTH,0118501285,9039,EXT 6B,ORANGE FARM,JOHANNESBURG,JOHANNESBURG,1805,GAUTENG,700330969,
LESIBA SECONDARY SCHOOL,Freddy1,true,Unknown,EKURHULENI NORTH,0114244943,71179,MATHEWSON,DAVEYTON,BENONI,BENONI,1520,GAUTENG,700311258,
LETSATSING COMBINED SCHOOL,SABELO 1,true,Primary,,0838995903,1,MAIN STREET LETSATSING,,,,,GAUTENG,,2015-04-23
LETSEMA-ILIMA PRIMARY SCHOOL,Symps,true,Primary,SEDIBENG WEST,0165820012,2281,FLORIDA  STREET,BEVERLY  HILLS,VANDERBIJLPARK,JOHANNESBURG,1907,GAUTENG,700321331,
LETSIE PRIMARY SCHOOL,KHOLWANI8,true,Primary,GAUTENG EAST,0117384953,8607,KONI,TSAKANE,TSAKANE,BRAKPAN,1550,GAUTENG,700311274,2015-03-20
LIVHUWANI PRIMARY SCHOOL,SABELO VERIFIED,true,Primary,JOHANNESBURG WEST,0115365221,354,SIKHWIRI STREET,MEADOWLANDS,SOWETO,JOHANNESBURG,1852,GAUTENG,700140731,
LOTUS GARDENS PRIMARY SCHOOL,Joseph verified,true,Primary,TSHWANE WEST,0123781606,101,RUTHFIRST & JOE MODISE,LOTUS GARDENS,,PRETORIA,0025,GAUTENG,700400154,
LUKHOLWENI PRIMARY SCHOOL,Joseph verified,true,Primary,JOHANNESBURG NORTH,0119351039,6604,MADALA STEET,ORLANDO EAST,SOWETO,JOHANNESBURG,1804,GAUTENG,700132456,
MABOELLENG PRIMARY SCHOOL,Joseph,true,Primary,SEDIBENG WEST,0165944857,12935,JWALABOHOLO ST. ZONE 11,SEBOKENG,VANDERBYLPARK,VANDERBYLPARK,1983,GAUTENG,700320879,
MABUYA SECONDARY SCHOOL,Joseph1,true,Secondary,EKURHULENI NORTH,0114242302,1,MOCKE AND EISELEN,DAVEYTON,BENONI,JOHANNESBRG,1520,GAUTENG,700311290,2015-03-19
MADUME PRIMARY SCHOOL,SABELO VERIFIED,true,Primary,JOHANNESBURG SOUTH,0118507810,6274,EXT. 4,ORANGE FARM,ORANGE FARM,JOHANNESBURG,1805,GAUTENG,700330985,2015-03-11
MAHLAHLE PRIMARY SCHOOL,SABELO VERIFIED,true,Primary,TSHWANE SOUTH,0123755214,4,MLAMBO STREET,SAULSVILLE,PRETORIA,PRETORIA,0125,GAUTENG,700231894,
MAKAPANE PRIMARY SCHOOL,Joseph verified,true,Primary,SEDIBENG WEST,0169881609,1232,MOSHOESHOE STREET,BOIPATONG,VANDERBIJLPARK,VANDERBILJPARK,1901,GAUTENG,700320903,
MANGWELE PRIMARY SCHOOL,SABELO VERIFIED,true,Primary,JOHANNESBURG NORTH,0119858338,3318,DIEPENAAR DRIVE ZONE 2,DIEPKLOOF,SOWETO,JOHANNESBURG,1862,GAUTENG,700140764,2015-03-19
MASHEMONG PRIMARY SCHOOL,Joseph verified,true,Primary,EKURHULENI NORTH,0119260358,850,MIMAS AND JANUS STREET,TEMBISA,TEMBISA,KEMPTON PARK,1632,GAUTENG,700261040,2015-03-18
MASIMINI PRIMARY SCHOOL,V2 Adam Dison,true,Primary,GAUTENG EAST,0117364204,2751,CORNER NKOSI AND MBIDLI STREET,KWA THEMA,SPRINGS,SPRINGS,1575,GAUTENG,700350892,2015-03-18
MASISEBENZE COMPREHENSIVE SCHOOL,Zanele V1,true,Secondary,,,,,Tembisa,,,1632,GAUTENG,700261065,2015-03-18
MATSIE STEYN PRIMARY SCHOOL,Joseph verified,true,Primary,SEDIBENG EAST,0164512239,1996,CNR SEEISO & HULWANA STREET,SHARPEVILLE,VEREENINGING,VEREENIGING,1928,GAUTENG,700331017,
MEADOWLANDS PRIMARY SCHOOL,Tamir Shklaz,true,Primary,JOHANNESBURG WEST,0115365050,386,INGUNGULU STREET,MEADOWLANDS,SOWETO,JOHANNESBURG,1852,GAUTENG,700140947,
MELODI PRIMARY SCHOOL,V2 - Daniel Kartun,true,Primary,GAUTENG EAST,0119625564,13264,NKADIMENG STREET,DAVEYTON,BENONI,BENONI,1520,GAUTENG,700311373,2015-03-18
MENZI PRIMARY SCHOOL,Sympathy varified,true,Primary,GAUTENG EAST,0118134258,4444,TONGAAT STREET,EXT 4 LANGAVILLE,TSAKANE,BRAKPAN,1550,GAUTENG,700400234,2015-03-18
MICHAEL ZULU PRIMARY SCHOOL,Sympathy varified,true,Primary,GAUTENG EAST,0117383680,2522,CRN SHANDU & MAGWAZA STR,TSAKANE,BRAKPAN,BRAKPAN,1550,GAUTENG,700311381,2015-03-20
MODUOPO PRIMARY SCHOOL,Zanele V1,true,Primary,EKURHULENI NORTH,0119252437,180,GAOLATHLE MOLEFE STREET,UMFUYANENI SECTION,TEMBISA,KEMPTON PARK,1632,GAUTENG,700261099,2015-04-18
MOGOGODI PRIMARY SCHOOL,Joseph1,true,Primary,SEDIBENG WEST,0165941617,12689,BOLEU,SEBOKENG,VANDERBIJLPARK,VANDERBIJLPARK,1982,GAUTENG,700321018,
MOHLOLI SECONDARY SCHOOL,symps,true,Secondary,SEDIBENG EAST,0164512204,8000,ZWANE STREET,SHARPEVILLE,VEREENIGING,VEREENIGING,1930,GAUTENG,700331074,
MOKGOME SECONDARY SCHOOL,Joseph verified,true,Secondary,JOHANNESBURG WEST,0115365193,388,INGUNGULU STREET,ZONE 7,MEADOWLANDS,JOHANNESBURG,1852,GAUTENG,700140814,
MONTSOSI PRIMARY SCHOOL,SABELO1,true,Primary,SEDIBENG WEST,0165931291,16538,KUBHEKA,SEBOKENG,VANDERBIJLPARK,VANDERBIJLPARK,1980,GAUTENG,700321075,
MOSHOESHOE PRIMARY SCHOOL,Joseph verified,true,Primary,GAUTENG EAST,0114243001,11163,NARENG,DAVEYTON,BENONI,BENONI,1520,GAUTENG,700311399,2015-03-23
MOYISELA PRIMARY SCHOOL,Sabelo verified,true,Primary,JOHANNESBURG SOUTH,0118501159,11823,MODISELLE STR,ORANGE FARM,,JOHANNESBURG,1841,GAUTENG,700331082,
MQINISWA PRIMARY SCHOOL,Joseph verified,true,Primary,SEDIBENG WEST,0169861517,777,777 XUMA STREET,BOPHELONG,VANDERBIJLPARK,VANDERBIJLPARK,1900,GAUTENG,700321141,
MUZOMSHA PRIMARY SCHOOL,KHOLWANI18,true,Primary,GAUTENG EAST,0117373800,2743,MALEFETSANE,KWA THEMA,SPRINGS,NIGEL,1575,GAUTENG,700350926,2015-03-13
MVELAPHANDA PRIMARY SCHOOL,Freddy9,true,Primary,EKURHULENI NORTH,0110203522,712,SEAPARANKWE,TEMBISA,KEMPTON PARK,KEMPTON PARK,1628,GAUTENG,700261123,
N'WA MHINGA PRIMARY SCHOOL,V2-Jaydin krok,true,Primary,TSHWANE SOUTH,0123755514,2,NTSU STREET,SAULSVILLE,PRETORIA,PRETORIA,0125,GAUTENG,700232041,
NCHABELENG PRIMARY SCHOOL,KHOLWANI9,true,Primary,GAUTENG EAST,0117383047,7326,MOSHOESHOE,TSAKANE,BRAKPAN,TSAKANE,1550,GAUTENG,700311407,2015-03-20
NKABINDE PRIMARY SCHOOL,V2 Yossi Bank,true,Primary,GAUTENG EAST,0117367307,10681,CNR KGASWANE & MARULE,KWA THEMA,KWA THEMA,SPRINGS,1575,GAUTENG,700350942,2015-03-15
NKUMBULO SECONDARY SCHOOL,Pontsho4,true,Secondary,GAUTENG EAST,0117369381,1485,MOLOPYANE,KWA-THEMA,SPRINGS,SPRINGS,1575,GAUTENG,700350959,2015-03-17
NOMINI PRIMARY SCHOOL,Sabelo verified,true,Other,JOHANNESBURG SOUTH,0118500134,5786,STAND 5786,ORANGE FARM,JOHANNESBURG,JOHANNESBURG,1805,GAUTENG,700331108,
NQUBELA PRIMARY SCHOOL,Sympathy Varified,true,Primary,EKURHULENI SOUTH,0119008132,11954,SIZWE,THOKOZA,ALBERTON,JOHANNESBURG,1426,GAUTENG,700341032,
NTOKOZWENI PRIMARY SCHOOL,Pontsho12,true,Primary,GAUTENG EAST,0117367305,2753,MAETENE  STR,KWA - THEMA,SPRINGS,SPRINGS,1575,GAUTENG,700350975,2015-03-17
NTSELE PRIMARY SCHOOL,Sabelo1,true,Primary,SEDIBENG WEST,0165970050,27024,ADAMS ROAD,EVATON,VANDERBIJLPARK,VANDERBIJLPARK,1984,GAUTENG,700321208,
NTSIKANA PRIMARY SCHOOL,Sympathy Varified,true,Primary,GAUTENG EAST,0114242004,4752,KHESWA STREET,DAVEYTON,BENONI,BENONI,1520,GAUTENG,700311423,
NYIKO PRIMARY SCHOOL,Freddy9,true,Primary,EKURHULENI NORTH,0119252302,288,ISIVANA SECTION,TEMBISA,KEMPTON PARK,KEMPTON PARK,1632,GAUTENG,700261131,
Nxineni Primary,Nxineni Primary,true,Primary,,0119256904,3,Enxineni Section,,Khong Ngema Ent Ngube,,,GAUTENG,,
O.R TAMBO PRIMARY SCHOOL,Zanele V1,true,Primary,EKURHULENI SOUTH,0825568003,2748,S.A GAMA STREET,MOLELEKI EXT.3,KATLEHONG SOUTH,GERMISTON,1431,GAUTENG,700400248,2015-03-17
ORANGE FARM PRIMARY SCHOOL,V1,true,Primary,JOHANNESBURG SOUTH,0118503312,983,TSHABALALA STREET,EXTENSION1,ORANGE FARM,JOHANNESBURG,1841,GAUTENG,700331637,
ORLANDO SECONDARY SCHOOL,SABELO VERIFIED,true,Secondary,JOHANNESBURG NORTH,0119356048,6502,MOOKI,SOWETO,JOHANNESBURG,JOHANNESBURG,1804,GAUTENG,700132670,2015-03-19
PATOGENG PRIMARY SCHOOL,Joseph verified,true,Primary,TSHWANE SOUTH,0123738810,30,KHUDU STREET,ATTERIDGEVILLE,PRETORIA,PRETORIA,0008,GAUTENG,700232082,
PHAMEHLO PRIMARY SCHOOL,Symps,true,Primary,SEDIBENG WEST,0165933977,9458,MOPEDI STRRET,ZONE 7B,VANDERBIJLPARK,SEBOKENG,1983,GAUTENG,700321232,
PHANDIMFUNDO SECONDARY SCHOOL,SABELO VERIFIED,true,Secondary,GAUTENG EAST,0119626153,13625,CHRIS HANI DRIVE,ETWATWA,DAVEYTON,BENONI,1520,GAUTENG,700311431,
PHELINDABA SECONDARY SCHOOL,Sabelo verified,true,Secondary,TSHWANE SOUTH,0123737928,113,CNR. MOROE AND MABOA STREETS,ATTERIDGEVILLE,PRETORIA,PRETORIA,0008,GAUTENG,700232124,2015-03-23
PHOMOLONG PRIMARY SCHOOL,Sympathy varified,true,Primary,EKURHULENI NORTH,0113107281,3816,MAHLANGU STREET,PHOMOLONG SECTION,TEMBISA,KEMPTON PARK,1619,GAUTENG,700260885,2015-03-19
PHOMOLONG SECONDARY SCHOOL,V2 - Adam Dison,true,Secondary,EKURHULENI NORTH,0113102146,2847,MADUNA STREET,TEMBISA,KEMPTON PARK,KEMPTON PARK,1632,GAUTENG,700400138,2015-03-17
PHORORONG PRIMARY SCHOOL,Joseph,true,Other,GAUTENG WEST,0187831267,2674,SOMPANE ROAD,KHUTSONG LOCATION,CARLETONVILLE,MERAFONG,2499,GAUTENG,700271015,
PHUTHADITSHABA PRIMARY SCHOOL,SABELO VERIFIED,true,Primary,TSHWANE SOUTH,0833533323,9564,CNR 4TH & 18TH,ATTERIDGEVILLE WEST,PRETORIA,PRETORIA,0008,GAUTENG,700232661,
PHUTHULLA PRIMARY SCHOOL,Joseph verified,true,Primary,SEDIBENG WEST,0169881601,1988,MAMELODI,BOIPATONG,BOIPATONG,BOIPATONG,1901,GAUTENG,700321265,
PHUTHUMANI PRIMARY SCHOOL,Sympathy Varified,true,Primary,EKURHULENI NORTH,0877219579,3,ABEL MANANA,ESIQONGWENI SECTION,TEMBISA,KEMPTON PARK,1632,GAUTENG,700261149,
POELANO SECONDARY SCHOOL,Joseph verified,true,Secondary,SEDIBENG WEST,0825561920,8641,MOJAO STREET,EXT11,EVATON WEST,VANDERBIJLPARK,1984,GAUTENG,700321281,
PUDUMO PRIMARY SCHOOL,SABELO 1,true,Primary,JOHANNESBURG SOUTH,0118506579,4636,PUDUMO DRIVE,ORANGE FARM,ORANGE FARM,JOHANNESBURG,1841,GAUTENG,700331165,
QEDUSIZI PRIMARY SCHOOL,Pontsho8,true,Primary,GAUTENG EAST,0117365303,2745,MAJOLA  STREET,KWA-THEMA,SPRINGS,JOHANNESBURG,1575,GAUTENG,700351015,2015-03-17
QHAKAZANI PRIMARY SCHOOL,tshepo20,true,Primary,JOHANNESBURG SOUTH,0844182803,1843,PALMS ROAD,LAKESIDE EXT. 1,ORANGE FARM,JOHANNESBURG,1805,GAUTENG,700331173,2015-03-12
QUANTUM SECONDARY SCHOOL,Tshepo2,true,Secondary,GAUTENG EAST,0839608857,5733,TEBOGILE STREET,ETWATWA EXT 3,BENONI,BENONI,1520,GAUTENG,700400152,2015-03-24
REAGILE PRIMARY SCHOOL,Freddy11,true,Primary,EKURHULENI NORTH,0112611682,2898,MOSES KOTANE STREET,WINNIE MANDELA PARK,KEMPTON PARK,JOHANNESBURG,1632,GAUTENG,700261694,
REAKGONA PRIMARY SCHOOL,Tamir Shklaz\,true,Primary,GAUTENG WEST,0187720993,763,MOLUBI STREET,KOKOSI,FOCHVILLE,MERAFONG,2515,GAUTENG,700931778,
REALO  SECONDARY SCHOOL,SABELO VERIFIED,true,Secondary,JOHANNESBURG EAST,0114432908,6915,SELBORNE STREET,ALEXANDRA,SANDTON,JOHANNESBURG,2090,GAUTENG,700152314,2015-03-09
REAMOHETSOE PRIMARY SCHOOL,V2-Jaydin Krok,true,Primary,JOHANNESBURG SOUTH,0614631719,3459,POPPY STREET,DRIEZIK EXT 1,ORANGE FARM,JOHANNESBURG,1841,GAUTENG,700331231,
REKGUTLILE PRIMARY SCHOOL,SABELO VERIFEID,true,Primary,JOHANNESBURG SOUTH,0118500479,14501,EXTENTIION 8B,ORANGE-FARM,JOHANNESBURG,JOHANNESBURG,1841,GAUTENG,700331264,
RESIDENSIA SECONDARY SCHOOL,Symps,true,Secondary,SEDIBENG WEST,0169881469,4,SAMUEL STREET,ZONE 18,SEBOKENG,VANDERBIJLPARK,1984,GAUTENG,700321380,
RETLILE PRIMARY SCHOOL,Jake Pencharz,true,Primary,GAUTENG WEST,0836307709,2401,MBHEKI,KOKOSI,FOCHVILLE,CARLETONVILLE,2500,GAUTENG,700934044,2015-04-23
ROLIHLAHLA PRIMARY SCHOOL,Tshepo2,true,Primary,GAUTENG EAST,0119646907,9107,ROLIHLAHLA STREET,CITICON ETWATWA EXT 15,DAVEYTON,BENONI,1520,GAUTENG,700311472,2015-03-20
Radibapi Primary,sabelo,true,Primary,,,,,Orange farm,,,,GAUTENG,,
SAKHELWE PRIMARY SCHOOL,Pontsho 10,true,Primary,GAUTENG EAST,0117365102,2749,KHUMBUZA,KWA-THEMA,,SPRINGS,1575,GAUTENG,700351049,2015-03-19
SAPPHIRE SECONDARY SCHOOL,Joseph verified,true,Secondary,SEDIBENG WEST,0169860549,2071,DAN  MOFOKENG  STREET,EXTENSION  4,BOPHELONG,VANDERBIJLPARK,1913,GAUTENG,700321406,
SAULRIDGE SECONDARY SCHOOL,Sabelo verified,true,Secondary,TSHWANE SOUTH,0123756956,156,SEKHU  STREET,ATTERIDGEVILLE,PRETORIA,PRETORIA,0008,GAUTENG,700232223,2015-03-23
SECHABA PRIMARY SCHOOL,KHOLWANI14,true,Primary,GAUTENG EAST,0117365802,2747,RAKOENA STREET,VERGENOEG SECTION,KWA-THEMA,SPRINGS,1575,GAUTENG,700351064,2015-03-16
SEDIBENG PRIMARY SCHOOL,Zanele V1,true,Primary,EKURHULENI NORTH,0119264854,2,HALLEY STREET,SEDIBENG SECTION,TEMBISA,KEMPTON PARK,1632,GAUTENG,700261180,2015-04-18
SEEISO PRIMARY SCHOOL,Joseph verified,true,Primary,SEDIBENG WEST,0169862331,144,MOFOLO,BOPHELONG,VANDERBIJLPARK,VANDERBIJLPARK,1913,GAUTENG,700321422,
SELELEKELA SECONDARY SCHOOL,SABELO 1,true,Secondary,JOHANNESBURG NORTH,0119359910,6457,MOOKI STREET,ORLANDO EAST,SOWETO,JOHANNESBURG,1804,GAUTENG,700132902,
SELIBA PRIMARY SCHOOL,Joseph verified,true,Other,SEDIBENG EAST,0164512118,1997,SEEISO AND MBATHA STREET,SHARPEVILLE,VEREENIGING,VEREENIGING,1928,GAUTENG,700331314,
SELOPE-THEMA PRIMARY SCHOOL,SABELO VERIFIED,true,Primary,JOHANNESBURG NORTH,0119355881,6600,MADHLALA STREET,ORLANDO EAST,JOHANNESBURG,JOHANNESBURG,1804,GAUTENG,700132910,2015-03-17
SEOTLOANA PRIMARY SCHOOL,Zanele V1,true,Primary,EKURHULENI NORTH,0119203200,645,WEAVER STREET,DIFATENG SECTION,TEMBISA,KEMPTON PARK,1632,GAUTENG,700261198,2015-03-10
SHADRACK MBAMBO PRIMARY SCHOOL,Sympathy Varified,true,Primary,GAUTENG EAST,0117384289,4139,MATHABA STREET,TSAKANE,BRAKPAN,JOHANNESBURG,1550,GAUTENG,700311480,2015-03-18
SIBONELO PRIMARY SCHOOL,Sympathy verified,true,Primary,EKURHULENI NORTH,0114244802,6752,HELENE,DAVEYTON,BENONI,BENONI,1520,GAUTENG,700311498,
SIPHIWE PRIMARY SCHOOL,Zanele V1,true,Primary,EKURHULENI NORTH,0119252900,205,UMFOLOZI STREET,ESANGWENI SECTION,TEMBISA,JOHANNESBURG,1632,GAUTENG,700261214,2015-03-19
SIVUSE PRIMARY SCHOOL,SABELO1,true,Primary,SEDIBENG WEST,0165931610,9471,MOPELI   STR,ZONE 7,SEBOKENG,VANDERBIJLPARK,1980,GAUTENG,700321489,
SOZIZWE PRIMARY SCHOOL,Tshepo3,true,Primary,EKURHULENI NORTH,0114243803,3286,RAMZA,DAVEYTON,BENINO,BENONI,1520,GAUTENG,700311530,2015-03-23
SPHIWE PRIMARY SCHOOL,SFISOV1,true,Primary,,,205,UMFOLOZI,ESANGWENI,,TEMBISA,1632,GAUTENG,,
STEVE BIKO PRIMARY SCHOOL,SABELO VERIFIED,true,Primary,JOHANNESBURG SOUTH,0118501088,5083,JIKELEZA DRIVE,EXT 2,ORANGE-FARM,JOHANNESBURG,1841,GAUTENG,700400077,2015-03-12
STRETFORD EXT 8 PRIMARY SCHOOL,Sfiso v1,true,Primary,JOHANNESBURG SOUTH,0825537254,14557,ORANGE FARM,TOWN SHIP,,JOHANNESBURG,1841,GAUTENG,700331918,2015-03-11
TEMBISA SECONDARY SCHOOL,V1,true,Secondary,EKURHULENI NORTH,0119262365,1,"ANDREW MAPHETO DRIVE, IBAZELO SECTION",TEMBISA,KEMPTON PARK,KEMPTON PARK,1628,GAUTENG,700261305,
TEMBISA WEST SECONDARY SCHOOL,Freddy10,true,Secondary,EKURHULENI NORTH,,1,MOROGORO,ESIQONGWENI SECTION,TEMBISA,KEMPTON PARK,1632,GAUTENG,700400117,
THEMBALIHLE PRIMARY SCHOOL,SABELO1,true,Primary,JOHANNESBURG NORTH,0119351065,2227,MOFUTSANYANA,ORLANDO EAST,SOWETO,JOHANNESBURG,1804,GAUTENG,700133132,2015-03-17
THEMBALIKAZULU PRIMARY SCHOOL,KHOLWANI10,true,Primary,GAUTENG EAST,0117364307,2759,KATAZA,KWA-THEMA,SPRINGS,SPRINGS,1575,GAUTENG,700351148,2015-03-18
THETHA SECONDARY SCHOOL,SABELO VERFIED,true,Secondary,JOHANNESBURG SOUTH,0877202648,1218,DRIEZIEK EXTENSION 4,ORANGE FARM,,JOHANNESBURG,1805,GAUTENG,700331645,
THOHO-YA-NDOU PRIMARY SCHOOL,Joseph verified,true,Primary,TSHWANE SOUTH,0123755156,2,CNR LETSATSI AND KGAKA,SAULSVILLE,PRETORIA,PRETORIA,0125,GAUTENG,700232272,
THOPODI PRIMARY SCHOOL,SABELO VERIFIED,true,Primary,GAUTENG EAST,0119627555,3564,23RD STREET,ETWATWA EAST,DAVEYTON,BENONI,1507,GAUTENG,700311555,
THUTHUKA PRIMARY SCHOOL,SABELO VERIFIED,true,Primary,EKURHULENI NORTH,0119258040,547,MNGOMA STREET,EMFIHLWENI SECTION,TEMBISA,KEMPTON PARK,1632,GAUTENG,700261347,2015-03-18
THUTO KITSO SECONDARY SCHOOL,sabelo1,true,Secondary,GAUTENG WEST,0187716248,364,BEN SHIBURI,KOKOSI TOWNSHIP,FOCHVILLE,MERAFONG,2515,GAUTENG,700932124,2015-04-23
THUTO LORE SECONDARY SCHOOL,Tamir Shklaz,true,Secondary,SEDIBENG EAST,0169854121,7120,DUBULA DRIVE,SHARPVILLE,VEREENIGING,VEREENIGING,1928,GAUTENG,700331413,
THUTOLORE SECONDARY SCHOOL,Joseph verified,true,Secondary,JOHANNESBURG WEST,0115360545,734,MADUBANE,MEADOWLANDS,SOWETO,JOHANNESBURG,1852,GAUTENG,700141002,
TIYANI Junior secondary SCHOOL,SABELO VERIFIED,true,Other,JOHANNESBURG NORTH,0119851008,3318,MATSHIBOGO,DIEPKLOOF,SOWETO,JOHANNESBURG,1864,GAUTENG,700141028,2015-03-19
TLAKULA SECONDARY SCHOOL,Sympathy Varified,true,Secondary,GAUTENG EAST,0117369927,2757,HLABANE,KWA-THEMA,SPRINGS,SPRINGS,1575,GAUTENG,700351171,2015-03-12
TLHAKANANG PRIMARY SCHOOL,Tlhakanang Primary School,true,Primary,EKURHULENI NORTH,0119202103,428,LARISSA STREET,TEMBISA,KEMPTON PARK,KEMPTON PARK,1610,GAUTENG,700261388,
TLHOKOMELO PRIMARY SCHOOL,Joseph1,true,Primary,JOHANNESBURG WEST,0119393712,424,MODJADJI,ZONE 2,MEADOWLANDS,JOHANNESBURG,1852,GAUTENG,700141044,2015-03-18
TLHOLO INTERMEDIATE SCHOOL,Joseph1,true,Primary,SEDIBENG WEST,0165931515,10312,ITSOSENG,ZONE 7A,SEBOKENG,VANDERBIJLPARK,1983,GAUTENG,700321596,2015-04-14
TOKELO SECONDARY SCHOOL,Joseph verified,true,Secondary,SEDIBENG WEST,0165967498,21,SELBOURNE,SMALL FARMS,EVATON,VEREENIGING,1981,GAUTENG,700321604,
TOTOMENG PRIMARY SCHOOL,Joseph verified,true,Primary,JOHANNESBURG WEST,0119393811,691,LENONG,MEADOWLANDS ZONE 8,JOHANNESBURG,SOWETO,1852,GAUTENG,700141069,
TSAKANE PRIMARY SCHOOL,Sympathy Varified,true,Primary,GAUTENG EAST,0117383272,1981,FINGO,TSAKANE,BRAKPAN,BRAKPAN,1550,GAUTENG,700311571,2015-03-20
TSHIRELA PRIMARY SCHOOL,Joseph verified,true,Primary,SEDIBENG WEST,0169881701,1231,MOSHOESHOE,BOIPATONG,VANDERBIJLPARK,VANDERBIJLPARK,1901,GAUTENG,700321653,
TSHIRELETSO PRIMARY SCHOOL,Joseph1,true,Primary,JOHANNESBURG WEST,0119391119,1113,BAKWENA STREET,MEADOWLANDS,SOWETO,JOHANNESBURG,1852,GAUTENG,700141085,2015-03-18
TSHITSO PRIMARY SCHOOL,V1,true,Primary,SEDIBENG WEST,0165929369,17878,THUTO STREET,ZONE 14,SEBOKENG,VANDERBIJLPARK,1911,GAUTENG,700321661,
TSIETSI MASHININI PRIMARY SCHOOL,Sympathy varified,true,Primary,JOHANNESBURG WEST,0115365219,620,HEALD ROAD,MEADOWLANDS,SOWETO,JOHANNESBURG,1852,GAUTENG,700140822,2015-03-18
TSIMONG PRIMARY SCHOOL,Kholwani19,true,Primary,GAUTENG EAST,0117363458,2755,SHABANGU ROAD,KWA-THEMA,SPRINGS,SPRINGS,1575,GAUTENG,700351197,2015-03-19
TSITSIBOGA PRIMARY SCHOOL,SABELO1,true,Other,GAUTENG WEST,0187831676,2894,MATLADI DRIVE,KHUTSONG,CRLTONVILLE,CARLTONVILLE,2499,GAUTENG,700271130,2015-04-23
TSOELOPELE PRIMARY SCHOOL,Joseph verified,true,Primary,SEDIBENG EAST,0164513213,4066,C/O SEETSO AND MAREKA STREET,SHARPVILLE,VEREENIGING,VEREENIGING,1928,GAUTENG,700331462,
TSWELELANG PRIMARY SCHOOL,Joseph verified,true,Primary,JOHANNESBURG WEST,0119392374,698,MADUBANE STR,MEADOWLANDS,SOWETO,JOHANNESBURG,1852,GAUTENG,700141119,
TSWELOPELE SECONDARY SCHOOL,Zanele V1,true,Secondary,EKURHULENI NORTH,0832159731,3915,ALGERIA ROAD,TSWELOPELE EXTENSION 6,IVORY PARK,MIDRAND,1685,GAUTENG,700400400,2015-03-19
UMTHAMBEKA PRIMARY SCHOOL,Freddy12,true,Primary,EKURHULENI NORTH,0119252820,1019,SLOVO STREET,TEMBISA,TEMBISA,KEMPTON PARK,1628,GAUTENG,700261438,
UNITY SECONDARY SCHOOL,Tshepo3,true,Secondary,EKURHULENI NORTH,0114241471,1182,MATHEWSON & BRITZ STREET,DAVEYTON,BENONI,BENONI,1520,GAUTENG,700311613,2015-04-17
VEZUKHONO SECONDARY SCHOOL,Joseph,true,Secondary,GAUTENG EAST,0119629996,23078,NGUNGUNYANA STREET,BARCELONA,DAVEYTON,BENONI,1520,GAUTENG,700311852,2015-03-23
VULAMAZIBUKO PRIMARY SCHOOL,V2 Yossi Bank,true,Other,JOHANNESBURG NORTH,0119851199,2062,HASHI DRIVE,DIEPKLOOF,SOWETO,JOHANNESBURG,1864,GAUTENG,700141150,2015-03-19
VUYO PRIMARY SCHOOL,Joseph,true,Primary,SEDIBENG EAST,0169852197,25,DUBULA DRIVE,SHARPEVILLE,VEREENIGING,VEREENIGING,1928,GAUTENG,700331520,
WESTFIELDS PRIMARY SCHOOL,SABELO 1,true,Primary,GAUTENG WEST,0187886688,61,KERNITE STREET,CARLETONVILLE,CARLETONVILLE,CARLETONVILLE,2499,GAUTENG,700270579,
WINNIE MANDELA PRIMARY SCHOOL,SABELO VERIFIED,true,Primary,EKURHULENI NORTH,0838202227,5882,SOLOMON MAHLANGU,WINNIE MANDELA,TEMBISA,KEMPTON PARK,1632,GAUTENG,700400236,2015-03-18
WINNIE MANDELA SECONDARY SCHOOL,SABELO VERIFIED,true,Secondary,EKURHULENI NORTH,0110538136,9043,MANDELA DRIVE,TEMBISA EXT 24,TEMBISA,KEMPTON PARK,1632,GAUTENG,700400514,
ZAKHENI PRIMARY SCHOOL,Sympathy varified,true,Other,JOHANNESBURG NORTH,0115288642,6600,MADLALA STREET,ORLANDO EAST,SOWETO,JOHANNESBURG,8104,GAUTENG,700133306,2015-03-17
ZAMANI PRIMARY SCHOOL,Sympathy Varified,true,Primary,GAUTENG EAST,0117364205,2752,CNR MAJOLA & THATHAHANE STREET,WHITE CITY,KWA-THEMA,SPRINGS,1575,GAUTENG,700351288,2015-03-18
ZENZELENI PRIMARY SCHOOL,Sympathy Varification,true,Primary,JOHANNESBURG EAST,0118828422,166,19TH AVE,ALEXANDRA,SANDTON,JOHANNESBURG,2090,GAUTENG,700152421,2015-04-07
ZIFUNELENI JUNIOR SECONDARY  (COMB. PRIMARY) SCHOOL,SABELO VERIFIED,true,Other,JOHANNESBURG NORTH,0119357839,6602,MADLALA STREET,ORLANDO EAST,SOWETO,JOHANNESBURG,1804,GAUTENG,700133314,2015-03-15
ZIMISELE SECONDARY SCHOOL,Pontsho3,true,Secondary,GAUTENG EAST,0117374543,13992,MOJELA,EXTENSION 2,KWA-THEMA,SPRINGS,1575,GAUTENG,700351304,2015-03-24
ZITHATHELE PRIMARY SCHOOL,Joseph verified,true,Primary,JOHANNESBURG NORTH,0119351093,6566,MOOKI,ORLANDO EAST,ORLANDO EAST,JOHANNESBURG,1804,GAUTENG,700133322,
ZITHEMBENI PRIMARY SCHOOL,kholwani21,true,Primary,GAUTENG EAST,0117363502,2758,MAKGALEMELE,VERGENOEG,KWA THEMA,SPRINGS,1575,GAUTENG,700351312,2015-03-18
ZITIKENI SECONDARY SCHOOL,SABELO VERIFIED,true,Secondary,EKURHULENI NORTH,0119244809,4457,ANDRWE MAPHETO DRIVE,TEMBISA,TEMBISA,KEMPTON PARK,1620,GAUTENG,700261479,2015-03-18
zitha primary,sabelo1,true,Primary,,0736411077,693,joubert,small town,evaton,,,GAUTENG,,2015-04-15
