School name,Version name,Is Verified,District,NEIMS Number,Province,The school community feels the school is,Is there an appropriate fence around the school?,Are there holes in the fence?,What is the condition of the fence?,Is there a security guard controlling access at the gate?
AHA-THUTO SECONDARY SCHOOL,Sabelo verified,true,JOHANNESBURG SOUTH,700330696,GAUTENG,Sometimes safe,No,,,
ALEXANDRA SECONDARY SCHOOL,Jake Pencharz,true,JOHANNESBURG EAST,700152009,GAUTENG,Sometimes safe,Yes,,,
AMOS MAPHANGA SECONDARY,V2 Yossi Bank,true,GAUTENG EAST,700400398,GAUTENG,Safe,Yes,Yes,"Needs urgent repair (e.g. holes, breaks)",Yes
BATHOKWA PRIMARY SCHOOL,SABELO VERIFIED,true,TSHWANE SOUTH,700231530,GAUTENG,Safe,Yes,No,Excellent (no repairs needed),Yes
BATLOUNG INTERMEDIATE SCHOOL,Symps,true,SEDIBENG WEST,700320309,GAUTENG,Usually unsafe,No,,,No
BOITUMELONG SECONDARY SCHOOL,Zanele V1,true,EKURHULENI NORTH,700260620,GAUTENG,Safe,Yes,No,Excellent (no repairs needed),
BOKAMOSO SECONDARY SCHOOL,Zanele V1,true,EKURHULENI NORTH,700241810,GAUTENG,Sometimes safe,Yes,,Average (no major issues at present),Yes
BONA COMPREHENSIVE SCHOOL,SABELO VERIFIED,true,JOHANNESBURG NORTH,700131961,GAUTENG,Safe,Yes,Yes,Average (no major issues at present),Yes
BOPASENATLA SECONDARY SCHOOL,Joseph verified,true,JOHANNESBURG NORTH,700140426,GAUTENG,Safe,Yes,No,Excellent (no repairs needed),Yes
BOPHELONG SECONDARY SCHOOL,Joseph verified,true,SEDIBENG WEST,700400355,GAUTENG,Safe,Yes,Yes,"Needs urgent repair (e.g. holes, breaks)",Yes
BOTLEHADI PRIMARY SCHOOL,Sabelo1,true,SEDIBENG WEST,700320366,GAUTENG,Safe,Yes,,,
BUD MBELLE PRIMARY SCHOOL,SABELO VERIFIED,true,TSHWANE SOUTH,700231563,GAUTENG,Safe,Yes,Yes,Average (no major issues at present),Yes
CAIPHUS NYOKA SECONDARY SCHOOL,Joseph veried,true,GAUTENG EAST,700311837,GAUTENG,Sometimes safe,No,,,
CARTER PRIMARY SCHOOL,Joseph verified,true,JOHANNESBURG EAST,700152058,GAUTENG,Safe,Yes,Yes,"Needs urgent repair (e.g. holes, breaks)",
CHARLOTTE MAXEKE SECONDARY SCHOOL,V2 Yossi Bank,true,EKURHULENI NORTH,700400351,GAUTENG,Usually unsafe,No,,,
DIEPDALE SECONDARY SCHOOL,V2-Jaydin krok,true,JOHANNESBURG NORTH,700140434,GAUTENG,Sometimes safe,Yes,Yes,"Needs urgent repair (e.g. holes, breaks)",Yes
DINOTO TECHNICAL SECONDARY SCHOOL,Tshepo3,true,EKURHULENI NORTH,700310995,GAUTENG,Sometimes safe,Yes,No,Excellent (no repairs needed),Yes
DITAU PRIMARY SCHOOL,Sympathy varified,true,JOHANNESBURG NORTH,700132068,GAUTENG,Sometimes safe,,,,
DITAWANA PRIMARY SCHOOL,pontsho 21,true,JOHANNESBURG NORTH,700132076,GAUTENG,Safe,Yes,No,Excellent (no repairs needed),Yes
DITAWANE,Joseph verified,true,,,GAUTENG,Safe,Yes,,,
DR KNAK PRIMARY SCHOOL,"SABELO VERIFIED
pontsho 20",true,JOHANNESBURG EAST,700152082,GAUTENG,Safe,Yes,No,Excellent (no repairs needed),Yes
DR NHLAPO INTERMEDIATE SCHOOL,Joseph verified,true,SEDIBENG WEST,700320440,GAUTENG,Safe,Yes,Yes,"Needs urgent repair (e.g. holes, breaks)",
DR WF NKOMO SECONDARY SCHOOL,Sympathy Varified,true,TSHWANE SOUTH,700231613,GAUTENG,Safe,No,,,
DUMEHLEZI INTERMEDIATE SCHOOL,Joseph verified,true,GAUTENG EAST,700311019,GAUTENG,Safe,Unsure,,,
EAST BANK HIGH SCHOOL,Sympathy varified,true,JOHANNESBURG EAST,700152090,GAUTENG,Safe,Yes,No,Excellent (no repairs needed),Yes
EKUKHANYISWENI PRIMARY SCHOOL,SABELO VERIFIED,true,JOHANNESBURG EAST,700152108,GAUTENG,Safe,Yes,No,Excellent (no repairs needed),Yes
EMMANGWENI PRIMARY SCHOOL,Zanele v1,true,EKURHULENI NORTH,700260729,GAUTENG,Sometimes safe,Yes,,,
EMMANUEL PRIMARY SCHOOL,Joseph verified,true,SEDIBENG EAST,700330837,GAUTENG,Safe,Yes,No,Excellent (no repairs needed),Yes
ENDULWENI PRIMARY SCHOOL,Joseph verified,true,EKURHULENI NORTH,700260745,GAUTENG,Safe,Yes,No,Excellent (no repairs needed),
ENTSHONALANGA PRIMARY SCHOOL,SABELO VERIFIED,true,EKURHULENI NORTH,700260752,KZN,Safe,Yes,No,Average (no major issues at present),Yes
ESIKHISINI PRIMARY SCHOOL,Joseph verified,true,TSHWANE SOUTH,700231662,GAUTENG,Usually unsafe,Yes,No,Average (no major issues at present),No
EVATON PRIMARY SCHOOL,kholwani23,true,SEDIBENG WEST,700320952,GAUTENG,Safe,Yes,,,
FADIMEHA PRIMARY SCHOOL,Joseph verified,true,SEDIBENG WEST,700320523,GAUTENG,Usually unsafe,Unsure,,,No
FRED HABEDI PRIMARY SCHOOL,Pontsho11,true,GAUTENG EAST,700350702,GAUTENG,Sometimes safe,Yes,Yes,Excellent (no repairs needed),Yes
FUNUKUKHANYA PRIMARY SCHOOL,KHOLWANI3,true,GAUTENG EAST,700311068,GAUTENG,Safe,Yes,No,Excellent (no repairs needed),
GAHLANSO PRIMARY SCHOOL,Zanele V1,true,EKURHULENI NORTH,700260828,GAUTENG,Usually unsafe,Yes,Yes,Average (no major issues at present),
GEORGE MBILASE PRIMARY SCHOOL,Joseph,true,GAUTENG EAST,700311076,GAUTENG,Safe,Yes,Yes,"Needs urgent repair (e.g. holes, breaks)",
GORDON PRIMARY SCHOOL,SFISO V1,true,JOHANNESBURG EAST,700152132,GAUTENG,Safe,Unsure,,,
GOROGANG PRIMARY SCHOOL,Pontsho5,true,GAUTENG EAST,700350728,GAUTENG,Usually unsafe,Yes,No,Excellent (no repairs needed),
GOVAN MBEKI PRIMARY SCHOOL,Sabelo verified,true,JOHANNESBURG SOUTH,700332099,GAUTENG,Safe,,,,
HLANGABEZA PRIMARY SCHOOL,Symps,true,GAUTENG WEST,700270736,GAUTENG,Safe,Yes,,,
HOFMEYR SECONDARY SCHOOL,Joseph verified,true,TSHWANE SOUTH,700231746,GAUTENG,Usually unsafe,Yes,Yes,Average (no major issues at present),Yes
HULWAZI SECONDARY SCHOOL,Tshepo1,true,EKURHULENI NORTH,700311100,GAUTENG,Sometimes safe,Yes,Yes,"Needs urgent repair (e.g. holes, breaks)",
IKAGE PRIMARY SCHOOL,Sympathy varified,true,JOHANNESBURG EAST,700152140,GAUTENG,Safe,Yes,Yes,Average (no major issues at present),
IMFUNDO MIDDLE SCHOOL,Tshepo25,true,SEDIBENG WEST,700320598,NORTHERN_CAPE,Usually unsafe,Yes,,,
INKATHA KA ZULU PRIMARY SCHOOL,Tshepo1,true,GAUTENG EAST,700311118,GAUTENG,Safe,Yes,No,Average (no major issues at present),
INKONJANE JUNIOR SECONDARY SCHOOL,V2 Yossi Bank,true,JOHANNESBURG WEST,700140582,GAUTENG,Safe,Unsure,,,
INXIWENI PRIMARY SCHOOL,Freddy8,true,EKURHULENI NORTH,700260893,GAUTENG,Safe,Yes,No,Excellent (no repairs needed),
IPHUTHENG PRIMARY SCHOOL,Sympathy varified,true,JOHANNESBURG EAST,700152165,GAUTENG,Safe,Yes,No,Excellent (no repairs needed),
IPONTSHE PRIMARY SCHOOL,V2 Adam Dison,true,EKURHULENI NORTH,700260901,GAUTENG,Safe,Yes,No,Excellent (no repairs needed),Yes
ISEKELO PRIMARY SCHOOL,Joseph verified,true,EKURHULENI NORTH,700260919,GAUTENG,Safe,Yes,No,,
ISIZIBA PRIMARY SCHOOL,V1,true,EKURHULENI NORTH,700260943,GAUTENG,Safe,Yes,Yes,"Needs urgent repair (e.g. holes, breaks)",
ITHUTE PRIMARY SCHOOL,Sympathy Varified,true,JOHANNESBURG EAST,700152173,GAUTENG,Safe,Yes,,Average (no major issues at present),
ITSEBENG PRIMARY SCHOOL,SABELO1,true,SEDIBENG WEST,700320630,GAUTENG,Safe,Yes,,,
JABULANI THABANG PRIMARY SCHOOL,Sabelo1,true,SEDIBENG WEST,700320648,GAUTENG,Safe,Yes,Yes,Average (no major issues at present),Yes
JABULILE SECONDARY SCHOOL,SABELO VERIFIED,true,JOHANNESBURG SOUTH,700331611,GAUTENG,Sometimes safe,No,,,
JET NTEO SECONDARY SCHOOL,Sabelo1,true,SEDIBENG WEST,700320663,GAUTENG,Sometimes safe,Unsure,,,
JOB MASEKO PRIMARY SCHOOL,KHOLWANI12,true,GAUTENG EAST,700350777,GAUTENG,Safe,Yes,,,
JOB RATHEBE PRIMARY SCHOOL,Sabelo verified,true,JOHANNESBURG NORTH,700132332,GAUTENG,,,,,
JORDAN SECONDARY SCHOOL,Sabelo1,true,SEDIBENG WEST,700320671,GAUTENG,Safe,Yes,Yes,Average (no major issues at present),Yes
KAMOHELO PUBLIC SCHOOL,Joseph,true,GAUTENG WEST,700270801,GAUTENG,Usually unsafe,Yes,Yes,Excellent (no repairs needed),Yes
KENNETH MASEKELA SECONDARY SCHOOL,Pontsho7,true,GAUTENG EAST,700350793,GAUTENG,Safe,Yes,No,Excellent (no repairs needed),
KGALEMA PRIMARY SCHOOL,V2-Jaydin krok,true,GAUTENG EAST,700311175,GAUTENG,Safe,Yes,,,
KGOLAGANO PRIMARY SCHOOL,Joseph verified,true,GAUTENG EAST,700311811,GAUTENG,Safe,Yes,No,Excellent (no repairs needed),
KGOMOCO PRIMARY SCHOOL,Joseph verified,true,SEDIBENG EAST,700330902,GAUTENG,Safe,Yes,,,
KHANGEZILE PRIMARY SCHOOL,Pontsho9,true,GAUTENG EAST,700350801,GAUTENG,Sometimes safe,Yes,Yes,"Needs urgent repair (e.g. holes, breaks)",Yes
KHOMANANI PRIMARY SCHOOL,SABELO VERIFIED,true,JOHANNESBURG NORTH,700140640,GAUTENG,Safe,Yes,Yes,Average (no major issues at present),Yes
KHULA SIZWE PRIMARY SCHOOL,Freddy7,true,EKURHULENI NORTH,700260992,GAUTENG,Safe,Yes,No,Excellent (no repairs needed),
KOKOSI PRIMARY SCHOOL,Mabuza verified,true,GAUTENG WEST,700930749,GAUTENG,Sometimes safe,Yes,,,
KUZIMISELA PRIMARY SCHOOL,Tshepo,true,EKURHULENI NORTH,700311209,GAUTENG,Usually unsafe,Yes,No,Average (no major issues at present),
LABAN MOTLHABI COMPREHENSIVE SCHOOL,Pontsho6,true,GAUTENG EAST,700350843,GAUTENG,Sometimes safe,Yes,Yes,Average (no major issues at present),
LANGAVILLE PRIMARY SCHOOL,Sympathy varified,true,GAUTENG EAST,700312140,GAUTENG,Safe,Yes,,Excellent (no repairs needed),
LEBOHANG SECONDARY SCHOOL,Sabelo1,true,SEDIBENG WEST,700320788,GAUTENG,Safe,Yes,,,
LEBONE PRIMARY SCHOOL,KHOLWANI7,true,GAUTENG EAST,700311217,GAUTENG,Sometimes safe,Yes,,,
LEBOWA PRIMARY SCHOOL,Joseph,true,SEDIBENG EAST,700330928,GAUTENG,Usually unsafe,Yes,No,Average (no major issues at present),Yes
LEEMA-MOKOTULI PRIMARY SCHOOL,Sabelo1,true,SEDIBENG WEST,700400110,GAUTENG,Usually unsafe,Yes,Yes,"Needs urgent repair (e.g. holes, breaks)",No
LEFA-IFA SECONDARY SCHOOL,KHOLWANE13,true,GAUTENG EAST,700350850,GAUTENG,Sometimes safe,Yes,Yes,"Needs urgent repair (e.g. holes, breaks)",Yes
LEFIKA PRIMARY SCHOOL,V1,true,SEDIBENG WEST,700320804,GAUTENG,Safe,Yes,,,
LEHLASEDI PRIMARY SCHOOL,Sabelo1,true,SEDIBENG EAST,700330936,GAUTENG,Safe,Yes,No,Excellent (no repairs needed),Yes
LERESCHE PRIMARY SCHOOL,Joseph verified,true,JOHANNESBURG NORTH,700132407,GAUTENG,Safe,Yes,No,,No
LESEDI LA KRESTE ANGLICAN PRIMARY SCHOOL,V2-Jaydin Krok,true,JOHANNESBURG SOUTH,700330712,GAUTENG,Safe,Yes,No,Excellent (no repairs needed),Yes
LESHATA SECONDARY SCHOOL,Sabelo verified,true,JOHANNESBURG SOUTH,700330969,GAUTENG,Safe,Yes,Yes,"Needs urgent repair (e.g. holes, breaks)",Yes
LETSATSING COMBINED SCHOOL,SABELO 1,true,,,GAUTENG,Usually unsafe,Yes,,,
LETSEMA-ILIMA PRIMARY SCHOOL,Symps,true,SEDIBENG WEST,700321331,GAUTENG,Usually unsafe,No,,,
LETSIE PRIMARY SCHOOL,KHOLWANI8,true,GAUTENG EAST,700311274,GAUTENG,Safe,Yes,,,
LIVHUWANI PRIMARY SCHOOL,SABELO VERIFIED,true,JOHANNESBURG WEST,700140731,GAUTENG,Sometimes safe,Yes,Yes,Average (no major issues at present),Yes
LOTUS GARDENS PRIMARY SCHOOL,Joseph verified,true,TSHWANE WEST,700400154,GAUTENG,Safe,Yes,No,Average (no major issues at present),Yes
LUKHOLWENI PRIMARY SCHOOL,Joseph verified,true,JOHANNESBURG NORTH,700132456,GAUTENG,Safe,Yes,No,Average (no major issues at present),Yes
MABOELLENG PRIMARY SCHOOL,Joseph,true,SEDIBENG WEST,700320879,GAUTENG,Safe,Unsure,,,Yes
MABUYA SECONDARY SCHOOL,Joseph1,true,EKURHULENI NORTH,700311290,GAUTENG,,,,,
MADUME PRIMARY SCHOOL,SABELO VERIFIED,true,JOHANNESBURG SOUTH,700330985,GAUTENG,Safe,Yes,,,
MAHLAHLE PRIMARY SCHOOL,SABELO VERIFIED,true,TSHWANE SOUTH,700231894,GAUTENG,Safe,Yes,No,Average (no major issues at present),
MAKAPANE PRIMARY SCHOOL,Joseph verified,true,SEDIBENG WEST,700320903,GAUTENG,Safe,,,,
MANGWELE PRIMARY SCHOOL,SABELO VERIFIED,true,JOHANNESBURG NORTH,700140764,GAUTENG,Sometimes safe,Yes,No,Excellent (no repairs needed),Yes
MASHEMONG PRIMARY SCHOOL,Joseph verified,true,EKURHULENI NORTH,700261040,GAUTENG,Sometimes safe,Yes,No,Average (no major issues at present),
MASIMINI PRIMARY SCHOOL,V2 Adam Dison,true,GAUTENG EAST,700350892,GAUTENG,Safe,Yes,No,,Yes
MASIQHAKAZE SECONDARY SCHOOL,V1,true,EKURHULENI NORTH,700261057,GAUTENG,Usually unsafe,Yes,Yes,"Needs urgent repair (e.g. holes, breaks)",
MASISEBENZE COMPREHENSIVE SCHOOL,Zanele V1,true,,700261065,GAUTENG,Sometimes safe,Yes,Yes,"Needs urgent repair (e.g. holes, breaks)",Yes
MATSIE STEYN PRIMARY SCHOOL,Joseph verified,true,SEDIBENG EAST,700331017,GAUTENG,Safe,Yes,No,Excellent (no repairs needed),Yes
MEADOWLANDS PRIMARY SCHOOL,Tamir Shklaz,true,JOHANNESBURG WEST,700140947,GAUTENG,Safe,Yes,,,
MELODI PRIMARY SCHOOL,V2 - Daniel Kartun,true,GAUTENG EAST,700311373,GAUTENG,Sometimes safe,Yes,Yes,"Needs urgent repair (e.g. holes, breaks)",
MICHAEL ZULU PRIMARY SCHOOL,Sympathy varified,true,GAUTENG EAST,700311381,GAUTENG,Safe,Yes,No,Average (no major issues at present),
MODUOPO PRIMARY SCHOOL,Zanele V1,true,EKURHULENI NORTH,700261099,GAUTENG,Usually unsafe,Yes,,,
MOGOGODI PRIMARY SCHOOL,Joseph1,true,SEDIBENG WEST,700321018,GAUTENG,Safe,Yes,No,Excellent (no repairs needed),
MOHLOLI SECONDARY SCHOOL,symps,true,SEDIBENG EAST,700331074,GAUTENG,Usually unsafe,Yes,No,Excellent (no repairs needed),Yes
MOKGOME SECONDARY SCHOOL,Joseph verified,true,JOHANNESBURG WEST,700140814,GAUTENG,Usually unsafe,Yes,No,Average (no major issues at present),
MONTSOSI PRIMARY SCHOOL,SABELO1,true,SEDIBENG WEST,700321075,GAUTENG,Usually unsafe,Yes,,,
MOSHOESHOE PRIMARY SCHOOL,Joseph verified,true,GAUTENG EAST,700311399,GAUTENG,Usually unsafe,Yes,No,Average (no major issues at present),
MOSIOA PRIMARY SCHOOL,Joseph verified,true,SEDIBENG WEST,700321117,GAUTENG,Safe,Yes,No,Average (no major issues at present),Yes
MQINISWA PRIMARY SCHOOL,Joseph verified,true,SEDIBENG WEST,700321141,GAUTENG,Safe,Yes,,Excellent (no repairs needed),Yes
MUZOMSHA PRIMARY SCHOOL,KHOLWANI18,true,GAUTENG EAST,700350926,GAUTENG,Usually unsafe,Yes,No,Average (no major issues at present),No
MVELAPHANDA PRIMARY SCHOOL,Freddy9,true,EKURHULENI NORTH,700261123,GAUTENG,Sometimes safe,No,,,
NCHABELENG PRIMARY SCHOOL,KHOLWANI9,true,GAUTENG EAST,700311407,GAUTENG,Safe,Unsure,,,
NKABINDE PRIMARY SCHOOL,V2 Yossi Bank,true,GAUTENG EAST,700350942,GAUTENG,Safe,Yes,No,Excellent (no repairs needed),Yes
NKUMBULO SECONDARY SCHOOL,Pontsho4,true,GAUTENG EAST,700350959,GAUTENG,Usually unsafe,Yes,Yes,"Needs urgent repair (e.g. holes, breaks)",
NOMINI PRIMARY SCHOOL,Sabelo verified,true,JOHANNESBURG SOUTH,700331108,GAUTENG,Safe,,,,
NQUBELA PRIMARY SCHOOL,Sympathy Varified,true,EKURHULENI SOUTH,700341032,GAUTENG,Safe,Yes,,,
NTOKOZWENI PRIMARY SCHOOL,Pontsho12,true,GAUTENG EAST,700350975,GAUTENG,Safe,Yes,No,Excellent (no repairs needed),Yes
NTSELE PRIMARY SCHOOL,Sabelo1,true,SEDIBENG WEST,700321208,GAUTENG,Usually unsafe,No,,,Yes
NTSIKANA PRIMARY SCHOOL,Sympathy Varified,true,GAUTENG EAST,700311423,GAUTENG,Safe,Yes,No,Excellent (no repairs needed),
NYIKO PRIMARY SCHOOL,Freddy9,true,EKURHULENI NORTH,700261131,GAUTENG,Safe,Yes,No,,
O.R TAMBO PRIMARY SCHOOL,Zanele V1,true,EKURHULENI SOUTH,700400248,GAUTENG,Safe,Yes,No,Excellent (no repairs needed),
ORANGE FARM PRIMARY SCHOOL,V1,true,JOHANNESBURG SOUTH,700331637,GAUTENG,Sometimes safe,,,,
ORLANDO SECONDARY SCHOOL,SABELO VERIFIED,true,JOHANNESBURG NORTH,700132670,GAUTENG,Sometimes safe,Yes,No,Average (no major issues at present),Yes
PATOGENG PRIMARY SCHOOL,Joseph verified,true,TSHWANE SOUTH,700232082,GAUTENG,Usually unsafe,Yes,Yes,,Yes
PHAMEHLO PRIMARY SCHOOL,Symps,true,SEDIBENG WEST,700321232,GAUTENG,Usually unsafe,No,,,
PHANDIMFUNDO SECONDARY SCHOOL,SABELO VERIFIED,true,GAUTENG EAST,700311431,GAUTENG,Sometimes safe,Yes,Yes,Excellent (no repairs needed),Yes
PHELINDABA SECONDARY SCHOOL,Sabelo verified,true,TSHWANE SOUTH,700232124,GAUTENG,Usually unsafe,No,,,
PHOMOLONG PRIMARY SCHOOL,Sympathy varified,true,EKURHULENI NORTH,700260885,GAUTENG,Sometimes safe,Yes,No,Excellent (no repairs needed),
PHOMOLONG SECONDARY SCHOOL,V2 - Adam Dison,true,EKURHULENI NORTH,700400138,GAUTENG,Usually unsafe,Yes,No,Excellent (no repairs needed),Yes
PHORORONG PRIMARY SCHOOL,Joseph,true,GAUTENG WEST,700271015,GAUTENG,Usually unsafe,Yes,No,Excellent (no repairs needed),Yes
PHUTHADITSHABA PRIMARY SCHOOL,SABELO VERIFIED,true,TSHWANE SOUTH,700232661,GAUTENG,Usually unsafe,Yes,No,Average (no major issues at present),Yes
PHUTHULLA PRIMARY SCHOOL,Joseph verified,true,SEDIBENG WEST,700321265,GAUTENG,Usually unsafe,Yes,Yes,,
PHUTHUMANI PRIMARY SCHOOL,Sympathy Varified,true,EKURHULENI NORTH,700261149,GAUTENG,Sometimes safe,Yes,Yes,Average (no major issues at present),
POELANO SECONDARY SCHOOL,Joseph verified,true,SEDIBENG WEST,700321281,GAUTENG,Safe,Yes,No,Average (no major issues at present),Yes
PUDUMO PRIMARY SCHOOL,SABELO 1,true,JOHANNESBURG SOUTH,700331165,GAUTENG,Safe,Yes,,,
QEDUSIZI PRIMARY SCHOOL,Pontsho8,true,GAUTENG EAST,700351015,GAUTENG,Sometimes safe,Yes,No,Excellent (no repairs needed),
QHAKAZANI PRIMARY SCHOOL,tshepo20,true,JOHANNESBURG SOUTH,700331173,GAUTENG,Safe,Yes,,,
QUANTUM SECONDARY SCHOOL,Tshepo2,true,GAUTENG EAST,700400152,GAUTENG,Sometimes safe,Yes,Yes,,
REAGILE PRIMARY SCHOOL,Freddy11,true,EKURHULENI NORTH,700261694,GAUTENG,Sometimes safe,Yes,,Excellent (no repairs needed),Yes
REAKGONA PRIMARY SCHOOL,Tamir Shklaz\,true,GAUTENG WEST,700931778,GAUTENG,Safe,No,,,
REALO  SECONDARY SCHOOL,SABELO VERIFIED,true,JOHANNESBURG EAST,700152314,GAUTENG,Safe,Yes,No,Excellent (no repairs needed),No
REKGUTLILE PRIMARY SCHOOL,SABELO VERIFEID,true,JOHANNESBURG SOUTH,700331264,GAUTENG,Safe,Yes,,,
RESIDENSIA SECONDARY SCHOOL,Symps,true,SEDIBENG WEST,700321380,GAUTENG,Usually unsafe,Yes,,,
RETLILE PRIMARY SCHOOL,Jake Pencharz,true,GAUTENG WEST,700934044,GAUTENG,Safe,Yes,,,
ROLIHLAHLA PRIMARY SCHOOL,Tshepo2,true,GAUTENG EAST,700311472,GAUTENG,Sometimes safe,Yes,,Average (no major issues at present),
Radibapi Primary,sabelo,true,,,GAUTENG,Safe,No,,,Yes
SAKHELWE PRIMARY SCHOOL,Pontsho 10,true,GAUTENG EAST,700351049,GAUTENG,Sometimes safe,Yes,No,Excellent (no repairs needed),Yes
SAPPHIRE SECONDARY SCHOOL,Joseph verified,true,SEDIBENG WEST,700321406,GAUTENG,Safe,Yes,No,Average (no major issues at present),Yes
SAULRIDGE SECONDARY SCHOOL,Sabelo verified,true,TSHWANE SOUTH,700232223,GAUTENG,Safe,Yes,No,Average (no major issues at present),
SECHABA PRIMARY SCHOOL,KHOLWANI14,true,GAUTENG EAST,700351064,GAUTENG,Safe,Unsure,,,
SEDIBENG PRIMARY SCHOOL,Zanele V1,true,EKURHULENI NORTH,700261180,GAUTENG,Safe,Yes,,Excellent (no repairs needed),Yes
SEEISO PRIMARY SCHOOL,Joseph verified,true,SEDIBENG WEST,700321422,GAUTENG,Safe,No,,,Yes
SELELEKELA SECONDARY SCHOOL,SABELO 1,true,JOHANNESBURG NORTH,700132902,GAUTENG,Usually unsafe,Yes,,,
SELIBA PRIMARY SCHOOL,Joseph verified,true,SEDIBENG EAST,700331314,GAUTENG,Safe,Unsure,,,
SELOPE-THEMA PRIMARY SCHOOL,SABELO VERIFIED,true,JOHANNESBURG NORTH,700132910,GAUTENG,Safe,Yes,No,Excellent (no repairs needed),Yes
SEOTLOANA PRIMARY SCHOOL,Zanele V1,true,EKURHULENI NORTH,700261198,GAUTENG,Safe,No,,,
SHADRACK MBAMBO PRIMARY SCHOOL,Sympathy Varified,true,GAUTENG EAST,700311480,GAUTENG,Safe,Yes,Yes,Excellent (no repairs needed),
SIBONELO PRIMARY SCHOOL,Sympathy verified,true,EKURHULENI NORTH,700311498,GAUTENG,Safe,No,,,
SIPHIWE PRIMARY SCHOOL,Zanele V1,true,EKURHULENI NORTH,700261214,GAUTENG,Safe,Yes,No,Excellent (no repairs needed),
SOZIZWE PRIMARY SCHOOL,Tshepo3,true,EKURHULENI NORTH,700311530,GAUTENG,,Yes,Yes,"Needs urgent repair (e.g. holes, breaks)",Yes
STRETFORD EXT 8 PRIMARY SCHOOL,Sfiso v1,true,JOHANNESBURG SOUTH,700331918,GAUTENG,Safe,Yes,No,Excellent (no repairs needed),
TEMBISA SECONDARY SCHOOL,V1,true,EKURHULENI NORTH,700261305,MPUMALANGA,Sometimes safe,Yes,Yes,"Needs urgent repair (e.g. holes, breaks)",Yes
TEMBISA WEST SECONDARY SCHOOL,Freddy10,true,EKURHULENI NORTH,700400117,GAUTENG,Sometimes safe,Yes,Yes,Average (no major issues at present),
THEMBALIHLE PRIMARY SCHOOL,SABELO1,true,JOHANNESBURG NORTH,700133132,GAUTENG,Safe,No,,,Yes
THEMBALIKAZULU PRIMARY SCHOOL,KHOLWANI10,true,GAUTENG EAST,700351148,GAUTENG,Safe,Yes,No,,
THETHA SECONDARY SCHOOL,SABELO VERFIED,true,JOHANNESBURG SOUTH,700331645,GAUTENG,Sometimes safe,,,,
THOHO-YA-NDOU PRIMARY SCHOOL,Joseph verified,true,TSHWANE SOUTH,700232272,GAUTENG,Safe,Yes,No,Average (no major issues at present),Yes
THOPODI PRIMARY SCHOOL,SABELO VERIFIED,true,GAUTENG EAST,700311555,GAUTENG,Sometimes safe,Yes,Yes,"Needs urgent repair (e.g. holes, breaks)",Yes
THUTO KITSO SECONDARY SCHOOL,sabelo1,true,GAUTENG WEST,700932124,GAUTENG,Safe,Yes,,,
THUTO LORE SECONDARY SCHOOL,Tamir Shklaz,true,SEDIBENG EAST,700331413,GAUTENG,,Yes,,,
TIYANI Junior secondary SCHOOL,SABELO VERIFIED,true,JOHANNESBURG NORTH,700141028,GAUTENG,Usually unsafe,No,,,
TLAKULA SECONDARY SCHOOL,Sympathy Varified,true,GAUTENG EAST,700351171,GAUTENG,Sometimes safe,Unsure,,,
TLHOKOMELO PRIMARY SCHOOL,Joseph1,true,JOHANNESBURG WEST,700141044,GAUTENG,Sometimes safe,Yes,,,
TLHOLO INTERMEDIATE SCHOOL,Joseph1,true,SEDIBENG WEST,700321596,GAUTENG,Safe,Unsure,,,
TOKELO SECONDARY SCHOOL,Joseph verified,true,SEDIBENG WEST,700321604,GAUTENG,Safe,Yes,Yes,Average (no major issues at present),
TOTOMENG PRIMARY SCHOOL,Joseph verified,true,JOHANNESBURG WEST,700141069,GAUTENG,Usually unsafe,Yes,No,Average (no major issues at present),
TSAKANE PRIMARY SCHOOL,Sympathy Varified,true,GAUTENG EAST,700311571,GAUTENG,Safe,Yes,,Excellent (no repairs needed),
TSHIRELA PRIMARY SCHOOL,Joseph verified,true,SEDIBENG WEST,700321653,GAUTENG,Safe,Yes,No,Excellent (no repairs needed),Yes
TSIETSI MASHININI PRIMARY SCHOOL,Sympathy varified,true,JOHANNESBURG WEST,700140822,GAUTENG,Safe,Yes,Yes,Average (no major issues at present),Yes
TSIMONG PRIMARY SCHOOL,Kholwani19,true,GAUTENG EAST,700351197,GAUTENG,Usually unsafe,No,,,
TSITSIBOGA PRIMARY SCHOOL,SABELO1,true,GAUTENG WEST,700271130,GAUTENG,Safe,Yes,,,
TSWELELANG PRIMARY SCHOOL,Joseph verified,true,JOHANNESBURG WEST,700141119,GAUTENG,Safe,Yes,No,Excellent (no repairs needed),
TSWELOPELE SECONDARY SCHOOL,Zanele V1,true,EKURHULENI NORTH,700400400,GAUTENG,Safe,Yes,No,Average (no major issues at present),Yes
UMTHAMBEKA PRIMARY SCHOOL,Freddy12,true,EKURHULENI NORTH,700261438,GAUTENG,Safe,Yes,,,
UNITY SECONDARY SCHOOL,Tshepo3,true,EKURHULENI NORTH,700311613,GAUTENG,Safe,Yes,,,
VEZUKHONO SECONDARY SCHOOL,Joseph,true,GAUTENG EAST,700311852,GAUTENG,Usually unsafe,No,,,
VULAMAZIBUKO PRIMARY SCHOOL,V2 Yossi Bank,true,JOHANNESBURG NORTH,700141150,GAUTENG,Safe,Yes,No,Excellent (no repairs needed),
WESTFIELDS PRIMARY SCHOOL,SABELO 1,true,GAUTENG WEST,700270579,GAUTENG,Sometimes safe,Yes,,,
WINNIE MANDELA PRIMARY SCHOOL,SABELO VERIFIED,true,EKURHULENI NORTH,700400236,GAUTENG,Safe,Yes,Yes,,Yes
WINNIE MANDELA SECONDARY SCHOOL,SABELO VERIFIED,true,EKURHULENI NORTH,700400514,GAUTENG,,,,,
ZAKHENI PRIMARY SCHOOL,Sympathy varified,true,JOHANNESBURG NORTH,700133306,GAUTENG,Safe,Yes,Yes,"Needs urgent repair (e.g. holes, breaks)",Yes
ZAMANI PRIMARY SCHOOL,Sympathy Varified,true,GAUTENG EAST,700351288,GAUTENG,Usually unsafe,Yes,No,Excellent (no repairs needed),
ZIFUNELENI JUNIOR SECONDARY  (COMB. PRIMARY) SCHOOL,SABELO VERIFIED,true,JOHANNESBURG NORTH,700133314,GAUTENG,Safe,Yes,No,,
ZIMISELE SECONDARY SCHOOL,Pontsho3,true,GAUTENG EAST,700351304,GAUTENG,Sometimes safe,No,,,
ZITHATHELE PRIMARY SCHOOL,Joseph verified,true,JOHANNESBURG NORTH,700133322,GAUTENG,Safe,Yes,No,,Yes
ZITHEMBENI PRIMARY SCHOOL,kholwani21,true,GAUTENG EAST,700351312,GAUTENG,Safe,Yes,,,
zitha primary,sabelo1,true,,,GAUTENG,Safe,Yes,No,Excellent (no repairs needed),Yes
