school_name,school_classification,school_province,survey_name,isverified,_id,buildingmaterials_anypart,buildingmaterials_entireschool,comment,version_id
SEEISO PRIMARY SCHOOL,Primary,GAUTENG,Joseph verified,true,Aw5ecfQctekRvsmRX,"[ ""No"" ]","[ ""No"" ]",,LZ7sJWsXTML9asLdD
LEFIKA PRIMARY SCHOOL,Primary,GAUTENG,V1,true,voB75fuT5W9Pv6WXj,"[ ""No"" ]","[ ""No"" ]",,GaE7jrBwPxNR4AK72
LOTUS GARDENS PRIMARY SCHOOL,Primary,GAUTENG,Joseph verified,true,tT2DmWSAFoCL7fGrh,"[ ""No"" ]","[ ""No"" ]",,hJppCjP9YgzQPhsxp
MELODI PRIMARY SCHOOL,Primary,GAUTENG,V2 - Daniel Kartun,true,777GoTwDDgRtD6F9L,"[ ""Asbestos"" ]","[ ""No"" ]",,6nyrh8pzbNxMHyu4J
FADIMEHA PRIMARY SCHOOL,Primary,GAUTENG,Joseph verified,true,KeXA4mKNRRBCTEZrq,"[ ""No"" ]","[ ""No"" ]",,ZMuo7tqss7QrYPuwZ
DR HARRY GWALA SECONDARY SCHOOL,Secondary,GAUTENG,Tshepo3,true,b7DqFs65zfSP6rijS,"[ ""No"" ]","[ ""No"" ]",,SNuf4DBJszmQrAzS4
ZITHEMBENI PRIMARY SCHOOL,Primary,GAUTENG,kholwani21,true,jDfp6tPMh7rFfjbQh,"[ ""No"" ]","[ ""No"" ]",,2rqTjwusZ8tc8nbYt
MQINISWA PRIMARY SCHOOL,Primary,GAUTENG,Joseph verified,true,QcSaafwgLAnb4rt78,"[ ""No"" ]","[ ""No"" ]",,6XmRH2cDbjXJd8Zri
INKONJANE JUNIOR SECONDARY SCHOOL,Other,GAUTENG,V2 Yossi Bank,true,9zRrhPPpbNt9hjHeA,"[ ""No"" ]","[ ""No"" ]",,Zyuc4wPBmxQPcNyjF
LEFA-IFA SECONDARY SCHOOL,Secondary,GAUTENG,KHOLWANE13,true,92iiEMChiYP7LhFqS,"[ ""No"" ]","[ ""No"" ]",,5QzLWMPF8grmhh3G5
KING DAVID HIGH SCHOOL (VICTORY PARK),Secondary,GAUTENG,Version 2,false,HLL65eRzSsPAKaE3v,,,,siZhhkH29MMEnswvu
MASHEMONG PRIMARY SCHOOL,Primary,GAUTENG,Joseph verified,true,SGZEJJuqvgqe5vRdH,"[ ""No"" ]",,,wfdMKsnKg56v7y6uJ
ZITHATHELE PRIMARY SCHOOL,Primary,GAUTENG,Joseph verified,true,tN7AaJYWE5SzXY96m,,,,sXauHMaoiXsoSamWK
REKGUTLILE PRIMARY SCHOOL,Primary,GAUTENG,SABELO VERIFEID,true,bDS5vn8buv7yNbtQA,"[ ""No"" ]","[ ""No"" ]",,9NYELJLrE2z96eKGu
QEDUSIZI PRIMARY SCHOOL,Primary,GAUTENG,Pontsho8,true,wwaK6wt8ZkPWHCzbp,"[ ""No"" ]","{ ""0"" : ""No"" }",,tC7ee9TXmJ8oDEcRe
FUNUKUKHANYA PRIMARY SCHOOL,Primary,GAUTENG,KHOLWANI3,true,YXXayizFcNA5wdr4k,"[ ""No"" ]",,,55foHoJLBDfwGwTWD
VULAMAZIBUKO PRIMARY SCHOOL,Other,GAUTENG,V2 Yossi Bank,true,xKgxnf6wCSe66PySK,"[ ""No"" ]","[ ""No"" ]",,4F5Qwq5cmL34WsvHP
MABOELLENG PRIMARY SCHOOL,Primary,GAUTENG,Joseph,true,Q84tecsTRsXJbGzn9,"[ ""No"" ]","[ ""No"" ]",,3XdLNoiuCRA5T5Dfc
GEORGE MBILASE PRIMARY SCHOOL,Primary,GAUTENG,Joseph,true,JRATDxkhMhMPw2ANH,"[ ""No"" ]","[ ""No"" ]",,bMEYkfLEMjEHiTFux
MANGWELE PRIMARY SCHOOL,Primary,GAUTENG,SABELO VERIFIED,true,uXsDkr29486jgnEHR,"[ ""No"" ]","[ ""No"" ]",,HZFjNDTejF5ga78Sx
ZITIKENI SECONDARY SCHOOL,Secondary,GAUTENG,SABELO VERIFIED,true,gG8DkC569LrrkbKuB,"[ ""No"" ]","[ ""No"" ]",,A7HS55Lmpv7eWduhv
TSAKANE PRIMARY SCHOOL,Primary,GAUTENG,Sympathy Varified,true,CNGEYmbxFaREY26vk,"[ ""No"" ]","[ ""No"" ]",,MYuCFef7Fjt8yRX8d
LEBONE PRIMARY SCHOOL,Primary,GAUTENG,KHOLWANI7,true,ZyhBCas7cHuxAL7pn,"[ ""No"" ]","[ ""No"" ]",,drsWF9n9G7CxbrANB
PHAMEHLO PRIMARY SCHOOL,Primary,GAUTENG,Symps,true,W9HgWA6rimEvu7wE2,"[ ""No"" ]","[ ""No"" ]",,eg2P5ZFGTcwctmdcA
ORLANDO SECONDARY SCHOOL,Secondary,GAUTENG,SABELO VERIFIED,true,6XmMnSGuZbgeJqhpf,"[ ""No"" ]","[ ""No"" ]",,XKxt23fR8Fujkyiim
DITAWANA PRIMARY SCHOOL,Primary,GAUTENG,pontsho 21,false,tisWJywAZcD6QqDzX,"[ ""No"" ]","[ ""No"" ]",,LBujyFwCgPkGzWSZy
SECHABA PRIMARY SCHOOL,Primary,GAUTENG,KHOLWANI14,true,k2AN4gxbxWQZNnEPE,"[ ""No"" ]","[ ""No"" ]",There is an open space which is not safe for children to play around,ufaeHuMMa97ge5aCK
LEJOELEPUTSOA PRIMARY SCHOOL,Primary,GAUTENG,Freddy4,true,Bp6w6WfkniBYuEfKb,"[ ""No"" ]","{ ""0"" : ""No"" }",,EtsNuLzuvqcqdM943
TEMBISA WEST SECONDARY SCHOOL,Secondary,GAUTENG,Freddy10,true,pKx438FQoqSXvBj82,,,,4avNjjRgrzrEpwKMN
DR NHLAPO INTERMEDIATE SCHOOL,Primary,GAUTENG,Joseph verified,true,CiPhwJeMjXqNRXCPT,"[ ""No"" ]","[ ""No"" ]",,Hjqy94n4PwNqwN5uA
O.R TAMBO PRIMARY SCHOOL,Primary,GAUTENG,Zanele V1,true,jMuHgTpqHCfBekxcG,"[ ""No"" ]","{ ""0"" : ""No"" }",,Gfj3WRS3Y8w4dmyph
ZENZELENI PRIMARY SCHOOL,Primary,GAUTENG,Sympathy Varification,true,WZ7MeQqAYQXizYpq5,"[ ""No"" ]","{ ""0"" : ""No"" }",,hTroeBPPurCSNxDGe
EKUKHANYISWENI PRIMARY SCHOOL,Primary,GAUTENG,SABELO VERIFIED,true,bGcshuQxxx6RQGJMu,"[ ""No"" ]","[ ""No"" ]",,EbrJ8dHAyrQTpSaNj
TLAKULA SECONDARY SCHOOL,Secondary,GAUTENG,Sympathy Varified,true,75D4JuaEuCrGifJQE,"[ ""No"" ]","[ ""No"" ]",,uiiC6LpdXHBickDqX
OR TAMBO PRIMARY SCHOOL,Primary,GAUTENG,Sympathy verified,false,8qPtDkmXywdWwwwYR,"[ ""No"" ]","[ ""No"" ]",,xp2bxhMm4Yoeu9jho
PHUTHULLA PRIMARY SCHOOL,Primary,GAUTENG,Joseph verified,true,AapQbRpajrDi5DDfv,"[ ""Asbestos"" ]",,,pRKnFJGLubdAiTZEy
SEOTLOANA PRIMARY SCHOOL,Primary,GAUTENG,Zanele V1,true,pGekoZRCoG67Caq9S,"[ ""No"" ]","[ ""No"" ]",,Qmhp6bLYHrRTc42wc
EMMANGWENI PRIMARY SCHOOL,Primary,GAUTENG,Zanele v1,true,mSuDzsgnef8SkTFxB,"[ ""No"" ]",,,SeRiR2xnt35DWtRzX
SAULRIDGE SECONDARY SCHOOL,Secondary,GAUTENG,Sabelo verified,true,Ce873M4PYsv9GpAAR,,,,ZgR4zqFothSycL9hz
TSIMONG PRIMARY SCHOOL,Primary,GAUTENG,Kholwani19,true,Ng7QDWSMqMFSWdkRY,"[ ""No"" ]","[ ""No"" ]",,jR3LMPDnnHi7xvLcp
REALO  SECONDARY SCHOOL,Secondary,GAUTENG,SABELO VERIFIED,true,jRem9PAvFKWw4CCyx,"[ ""No"" ]","[ ""No"" ]",,6iixm3MYropadAMjX
SEDIBENG PRIMARY SCHOOL,Primary,GAUTENG,Zanele V1,true,BtSTwaGP8rPrWsye2,"[ ""No"" ]","[ ""No"" ]",,8pdqiKPuW9emmvdMA
INKATHA KA ZULU PRIMARY SCHOOL,Primary,GAUTENG,Tshepo1,true,bd6nwskxEiKipkT3t,"[ ""No"" ]","{ ""0"" : ""No"" }",,srdTLx3pxML3nwKPr
N'WA MHINGA PRIMARY SCHOOL,Primary,GAUTENG,V2-Jaydin krok,true,Ex7EbYnSeB252FSdP,"[ ""No"" ]","[ ""No"" ]",,S47bpHzXts94zC2ke
JABULANI THABANG PRIMARY SCHOOL,Primary,GAUTENG,Sabelo1,true,WQCGaCpgtxdzFvKip,"[ ""No"" ]","[ ""No"" ]",,MtKWmrDmPtx6hTjXm
ZAKHENI PRIMARY SCHOOL,Other,GAUTENG,Sympathy varified,true,nNWixoMmpnh7sFfMb,"[ ""No"" ]","[ ""No"" ]",,HKHTs5NYM9YcNKmA3
HOFMEYR SECONDARY SCHOOL,Secondary,GAUTENG,Joseph verified,true,ELJhjWvZBaNxSXdhf,"[ ""No"" ]","[ ""No"" ]",,Z9wz3QcLwmRfGuaeT
DITAWANE PRIMARY SCHOOL,Primary,GAUTENG,Joseph verified,true,TeF4kERrdGb8vXYzN,"[ ""No"" ]","[ ""No"" ]",,ZQpQXXcpAjvZC2ony
PHELINDABA SECONDARY SCHOOL,Secondary,GAUTENG,Sabelo verified,true,YoZ3zP9ozkpbkv3dQ,"[ ""No"" ]","[ ""No"" ]",,yAYPTyMxnk5pj2zT9
LERESCHE PRIMARY SCHOOL,Primary,GAUTENG,Mabuza verified,true,Fmbqj7Cs3D38rq9Av,,,,giGaTXuXxZQxCGaMd
TSOELOPELE PRIMARY SCHOOL,Primary,GAUTENG,Joseph verified,true,NwqxQGLGuh69drK56,"[ ""No"" ]","[ ""No"" ]",,ZrghZT93L2bSWSofg
LIVHUWANI PRIMARY SCHOOL,Primary,GAUTENG,SABELO VERIFIED,true,QLYaM7PDuw4TvTBHc,"[ ""No"" ]","[ ""No"" ]",,PySjA6yQMoXAyS2z8
NYIKO PRIMARY SCHOOL,Primary,GAUTENG,Freddy9,true,a8gz3ABRPizq3mJqo,"[ ""No"" ]","[ ""No"" ]",,6cFA5fAxPtQzaP5bz
TOKELO SECONDARY SCHOOL,Secondary,GAUTENG,Joseph verified,true,RrmpCyx7eAP7sDckY,,,,WszeF9gAuQuHMNHLC
LEHLASEDI PRIMARY SCHOOL,Primary,GAUTENG,Sabelo1,true,yGZ9vxjifb4LXyp5p,"[ ""No"" ]","[ ""No"" ]",,efr9txWNfPHw3AhD7
GORDON PRIMARY SCHOOL,Primary,GAUTENG,SFISO V1,true,yCousa6CQQEAEMu7v,"[ ""No"" ]",,,qsXPNNQE3pWkdTbfb
MASIMINI PRIMARY SCHOOL,Primary,GAUTENG,V2 Adam Dison,true,XDohmATPPidq4iSLh,"[ ""No"" ]",,,E7KSgcfSqaoDb5BEE
LEEMA-MOKOTULI PRIMARY SCHOOL,Primary,GAUTENG,Sabelo1,true,tMTprZYRKdxxuXB3Z,"[ ""No"" ]","[ ""No"" ]",,2smWdy5ZETPXoRrYG
SIBONELO PRIMARY SCHOOL,Primary,GAUTENG,Sympathy verified,true,kDkakFCdJXkTvcxmp,"[ ""No"" ]","[ ""No"" ]",,GQPE7rurt9bb7DM5a
IPHUTHENG PRIMARY SCHOOL,Primary,GAUTENG,Sympathy varified,true,H9MvQvMquaJ7g26Z5,"[ ""No"" ]","{ ""0"" : ""No"" }",,tqMTBWRbAuYsAqATz
LETSEMA-ILIMA PRIMARY SCHOOL,Primary,GAUTENG,Symps,true,CfX7N2k8b7PNNAnjn,"[ ""No"" ]","[ ""No"" ]",,ZNXsgBEk2evJkTYso
BOKAMOSO SECONDARY SCHOOL,Secondary,GAUTENG,Zanele V1,true,GYDCdHKQBhkRoSdYc,"[ ""No"" ]","[ ""No"" ]",,H2wSN9EFbKzeSGjCh
KGOLAGANO PRIMARY SCHOOL,Primary,GAUTENG,Joseph verified,true,AsuqL9DgF3R3jseeT,"[ ""No"" ]","[ ""No"" ]",,o6KRqZ8m5YyPCmxEu
TSIMONA PRIMARY SCHOOL,Other,GAUTENG,Tsimona Primary School,false,J7akRX5AWEY8frpNZ,"[ ""No"" ]","[ ""No"" ]",,LJC3JBYxgkbi8GzAP
STEVE BIKO PRIMARY SCHOOL,Primary,GAUTENG,SABELO VERIFIED,true,itsaus4F8MjXbzX8A,"[ ""No"" ]","[ ""No"" ]",,g6orxjw6EmCqYup83
STRETFORD EXT 8 PRIMARY SCHOOL,Primary,GAUTENG,Sfiso v1,true,qtzm5dH9shTLvETHD,"[ ""No"" ]","[ ""No"" ]",,4zo5MNwbBvTPykbFg
WINNIE MANDELA PRIMARY SCHOOL,Primary,GAUTENG,SABELO VERIFIED,true,KCYDDnqS2AfsDTBx8,"[ ""No"" ]","[ ""No"" ]",,qqTGPEnmDQRrarBSw
ZIMISELE SECONDARY SCHOOL,Secondary,GAUTENG,Pontsho3,true,BAQDTuQxE36YcDTEC,"[ ""No"" ]","{ ""0"" : ""No"" }",,bEf9GjYAyqAqY3bhw
CARTER PRIMARY SCHOOL,Primary,GAUTENG,Joseph verified,true,5GWHAAnvqeKWyMvPv,"[ ""No"" ]",,,tdRzrm36MQJ2raFea
MAHLAHLE PRIMARY SCHOOL,Primary,GAUTENG,SABELO VERIFIED,true,THCWhAA5p4gCKZtez,"[ ""No"" ]","[ ""No"" ]",,YLYWLt3BFmbGuRHBQ
QUANTUM SECONDARY SCHOOL,Secondary,GAUTENG,Tshepo2,true,NwyidZsgy6brN2j9u,,,,cQQF5juB8JG3jNbNs
THOHO-YA-NDOU PRIMARY SCHOOL,Primary,GAUTENG,Joseph verified,true,qYXK5ggesvFCoCCEB,"[ ""No"" ]","[ ""No"" ]",,q7vvj7t7uptnim45G
SIPHIWE PRIMARY SCHOOL,Primary,GAUTENG,Zanele V1,true,ForaTk5oEEGqFFvBv,"[ ""No"" ]","{ ""0"" : ""No"" }",,8EkWbb3qMosGvaWyT
NTSIKANA PRIMARY SCHOOL,Primary,GAUTENG,Sympathy Varified,true,bcsaB4k9DbE2ri3Zq,"[ ""No"" ]","{ ""0"" : ""No"" }",,95AYoAp6AiYz3KZ2t
TOTOMENG PRIMARY SCHOOL,Primary,GAUTENG,Joseph verified,true,AysJ4GEPfWCpBy5JS,"[ ""No"" ]","[ ""No"" ]",,tMjiiRvEEAsNmSJGx
PUDUMO PRIMARY SCHOOL,Primary,GAUTENG,SABELO 1,true,zgmz9ykQjhqH7impm,"[ ""No"" ]","[ ""No"" ]",,fXPmfwBo9N6rx7mLh
PHORORONG PRIMARY SCHOOL,Primary,GAUTENG,Joseph,true,cbQZBYu8A35xDNequ,"[ ""No"" ]","[ ""No"" ]",,qs4DrHmATWN59Tptg
THEMBALIHLE PRIMARY SCHOOL,Primary,GAUTENG,SABELO1,true,CoSi32EjvJ4Spm4S7,"[ ""No"" ]","[ ""No"" ]",,AHHiQixZscHdnSQpM
VEZUKHONO SECONDARY SCHOOL,Secondary,GAUTENG,Joseph,true,DESEWQxvYcWPWi8N2,,,,8FucY8f4FTzL2XmhY
AMOS MAPHANGA SECONDARY,Secondary,GAUTENG,V2 Yossi Bank,true,9MGAMgfCswYBN7mZh,"[ ""Asbestos"" ]","[ ""Asbestos"" ]",,ra2zX3jjBPguj6bc3
TEMBISA SECONDARY SCHOOL,Secondary,GAUTENG,V1,true,EfQKYuR4t7AdkXwQE,,,,LTccQvtsRbQdnvd4x
DIEPDALE SECONDARY SCHOOL,Secondary,GAUTENG,V2-Jaydin krok,true,j2ni9tEGFdp8TgESs,"[ ""No"" ]","[ ""No"" ]",,EyHGQ2ctZRGcPQ4Lc
NTOKOZWENI PRIMARY SCHOOL,Primary,GAUTENG,Pontsho12,true,YhEChT7BBNvbrGqEz,"[ ""No"" ]","[ ""No"" ]",,EtHDHYs97BCxasggi
PHANDIMFUNDO SECONDARY SCHOOL,Secondary,GAUTENG,SABELO VERIFIED,true,5azveik5BnJDrY4jS,"[ ""No"" ]","[ ""No"" ]",,tDKj5hfjzok3tbGs9
AB XUMA PRIMARY SCHOOL,Primary,GAUTENG,V2-jaydin krok,true,Q3o9MFiTcKKRZes6W,"[ ""No"" ]","[ ""No"" ]",,r8FrZJWZGiB9zPmmc
TSIETSI MASHININI PRIMARY SCHOOL,Primary,GAUTENG,Sympathy varified,true,KyDeLYniWr5pXF7Qf,"[ ""No"" ]","[ ""No"" ]",,n9gEojJ6K5eKYJ4c2
ZIFUNELENI JUNIOR SECONDARY  (COMB. PRIMARY) SCHOOL,Other,GAUTENG,SABELO VERIFIED,true,rpZ6crBktCq7CRhBZ,"[ ""No"" ]","[ ""No"" ]",,HE7QyZrdjZD4TwigW
VUYO PRIMARY SCHOOL,Primary,GAUTENG,Joseph,true,CiLRv2kqddpc7zp2e,"[ ""No"" ]",,,esLPjFoMCrf7aGwqS
MENZI PRIMARY SCHOOL,Primary,GAUTENG,Sympathy varified,true,NbfDQXoK2sJwovdY8,"[ ""No"" ]","[ ""No"" ]",,eqJ28tbWRDYX6YPkp
SAPPHIRE SECONDARY SCHOOL,Secondary,GAUTENG,Joseph verified,true,RAcA8sYvDiiCeP2dy,"[ ""No"" ]","[ ""No"" ]",,mu6wNPMzZ754NLLnE
LUKHOLWENI PRIMARY SCHOOL,Primary,GAUTENG,Joseph verified,true,54FaF9LtedQZMgnzd,"[ ""No"" ]","[ ""No"" ]",,gpABZNKAeZxGARLNE
LEBOHANG SECONDARY SCHOOL,Secondary,GAUTENG,Sabelo1,true,Q5qNHtWNm5dcqm7Nj,"[ ""No"" ]","[ ""No"" ]",,KrNZ7H2XmHuPpHRrN
EAST BANK HIGH SCHOOL,Secondary,GAUTENG,Sympathy varified,true,vYwFjqGWLvBtN7sRr,"[ ""No"" ]","[ ""No"" ]",,LD7hazozFmAuLNBgP
THUTO LORE SECONDARY SCHOOL,Secondary,GAUTENG,Tamir Shklaz,false,3ZyyGDMWNvCKRtJCy,"[ ""No"" ]","[ ""No"" ]",,A82Sqxg6dWo9BjRw7
KUZIMISELA PRIMARY SCHOOL,Primary,GAUTENG,Tshepo,true,sQZeLdkadMaRsKur3,"[ ""No"" ]","[ ""No"" ]",,HushLZncKDsTyJhfN
DITAU PRIMARY SCHOOL,Primary,GAUTENG,Sympathy varified,true,eapAQ4gxNaZTJLc9J,"[ ""Asbestos"" ]","[ ""Asbestos"" ]",,SDQzcRxtroyWa7uGB
INXIWENI PRIMARY SCHOOL,Primary,GAUTENG,Freddy8,true,GewxnK6HobcE5voXh,"[ ""No"" ]","{ ""0"" : ""No"" }",,g2zngXhSLP6Xe7qtg
MOGOGODI PRIMARY SCHOOL,Primary,GAUTENG,Joseph1,true,5wXRFBmWfJuiPoEwP,"[ ""No"" ]","[ ""No"" ]",,rgipwMLK9skQK2EuA
PHUTHUMANI PRIMARY SCHOOL,Primary,GAUTENG,Sympathy Varified,true,JSkGmKJTnkMtMs2Xt,"[ ""Asbestos"" ]",,,6ZNqRnThWfJTjmtzh
MICHAEL ZULU PRIMARY SCHOOL,Primary,GAUTENG,Sympathy varified,true,dsAwSSjrjQFSWq3tE,"[ ""No"" ]","[ ""No"" ]",,3tbjfT8zZ2fPGfiwc
ITHUTE PRIMARY SCHOOL,Primary,GAUTENG,Sympathy Varified,true,e3txeXFKZqMDJzqLb,"[ ""No"" ]","[ ""No"" ]",,tkbM3Jp4KjPx4H5qC
ITSEBENG PRIMARY SCHOOL,Primary,GAUTENG,SABELO1,true,SM9fKZqjm7BfgeaW9,"[ ""No"" ]","[ ""No"" ]",,bAExKd8RN5BhHzb3z
LABAN MOTLHABI COMPREHENSIVE SCHOOL,Secondary,GAUTENG,Pontsho6,true,H97dyBnJpXdneTTzg,"[ ""No"" ]","{ ""0"" : ""No"" }",,922NEXkq8CZy6PH7L
GOVAN MBEKI PRIMARY SCHOOL,Primary,GAUTENG,Sabelo verified,false,dee2c7LDyxNtNCD5M,"[ ""No"" ]","[ ""No"" ]",,dBu8rGN6ZLKj4rb4e
MOYISELA PRIMARY SCHOOL,Primary,GAUTENG,Sabelo verified,true,udFHfwYB5uQLL4gww,"[ ""No"" ]","[ ""No"" ]",,XTL9gvLr9S2MmMsjJ
BHEKIMFUNDO PRIMARY SCHOOL,Primary,GAUTENG,Joseph verified,true,gEtEuXufCmGcvzzD4,"[ ""No"" ]",,,JpDqQfLuuC9qJrici
NTSELE PRIMARY SCHOOL,Primary,GAUTENG,Sabelo1,true,Boj4PKkRPNhfEneGS,"[ ""No"" ]","[ ""No"" ]",,aQ4BMeoFWmo4HrHqF
SAKHELWE PRIMARY SCHOOL,Primary,GAUTENG,Pontsho 10,true,a4zu3vQfNhmWHocAx,"[ ""No"" ]","[ ""No"" ]",,7jdhLaYzWcCtFduQg
THUTOLORE SECONDARY SCHOOL,Secondary,GAUTENG,Joseph verified,true,tXwF7cuJekBM84TsQ,"[ ""No"" ]","[ ""No"" ]",,BwK89vufnm6iCSJhQ
SELIBA PRIMARY SCHOOL,Primary,GAUTENG,Joseph verified,true,LbKK5Y29c2k4Jj3Mh,"[ ""No"" ]","[ ""No"" ]",,RHG8484wnsaqifrig
KGALEMA PRIMARY SCHOOL,Primary,GAUTENG,V2-Jaydin krok,true,yLvP2oeJ9usriz25H,"[ ""No"" ]","[ ""No"" ]",,MYybcL4ntNLDfPjZt
UMSOBOMVU PRIMARY SCHOOL,Primary,GAUTENG,KHOLWANI11,false,ayEm37k2EsTYCEXxd,"[ ""No"" ]","[ ""No"" ]",,2Qm9dY2unum62oDu7
KGOMOCO PRIMARY SCHOOL,Primary,GAUTENG,Joseph verified,true,wj4j6xkuqeoJHtQ3b,"[ ""No"" ]","[ ""No"" ]",,METTMMRQRhoWxKdRt
KOKOSI PRIMARY SCHOOL,Primary,GAUTENG,Mabuza verified,true,wxxjtDg9ASsrRR8Da,,,,sfgS3CrJFoTBvFQ72
REAKGONA PRIMARY SCHOOL,Primary,GAUTENG,Tamir Shklaz\,true,M4Ego7bzB2ZHzisfN,"[ ""No"" ]","[ ""No"" ]",,WdTssNZoaRHCT3LMG
NKABINDE PRIMARY SCHOOL,Primary,GAUTENG,V2 Yossi Bank,true,YgkmwtBRBiS7KZa8q,"[ ""No"" ]","[ ""No"" ]",,LrmX8FAuJMKckWE6c
JOB MASEKO PRIMARY SCHOOL,Primary,GAUTENG,KHOLWANI12,true,QsSYm7evSCduZhHFy,"[ ""No"" ]","[ ""No"" ]",,7Lt26udxHfpKtyAwY
ISIZIBA PRIMARY SCHOOL,Primary,GAUTENG,V1,true,MZgAiGF7JufFvR6zZ,"[ ""No"" ]","[ ""No"" ]",,vZkChYaMACHarXWxC
BUHLEBEMFUNDO SECONDARY SCHOOL,Secondary,GAUTENG,Joseph verified,true,YzjZA42nPQteRF9m8,"[ ""No"" ]","[ ""No"" ]",,Ch6HJ6DZmFCYxKkww
NKUMBULO SECONDARY SCHOOL,Secondary,GAUTENG,Pontsho4,true,ELouM8MmHNxd4FHYd,,"{ ""0"" : ""No"" }",,2G6DH4Aiu8dpRQyrD
LETSATSING COMBINED SCHOOL,Secondary,GAUTENG,SABELO 1,true,tPf6qLm7CkE28HPYM,"[ ""Asbestos"" ]","[ ""No"" ]",,hBG3H9epZYnScCbtp
TLHOLO INTERMEDIATE SCHOOL,Primary,GAUTENG,Joseph1,true,SJkaHHLdfeH5iXkDN,"[ ""No"" ]","[ ""No"" ]",,bPfY5thaXn4EAdkXw
ENDULWENI PRIMARY SCHOOL,Primary,GAUTENG,Joseph verified,true,avJ5wynn8Efezrtka,"[ ""No"" ]","[ ""No"" ]",,ocFaNqXzeBvD5hiAZ
ORANGE FARM PRIMARY SCHOOL,Primary,GAUTENG,V1,true,f7ffqoCwdYR8CXsMJ,"[ ""No"" ]","[ ""No"" ]",,kY8pdvG9t8eN5CY4h
ISEKELO PRIMARY SCHOOL,Primary,GAUTENG,Joseph verified,true,BX4PNWrzaCyBQo8yc,"[ ""No"" ]","[ ""No"" ]",,rRCnvnKF3KB68xQfw
BUD MBELLE PRIMARY SCHOOL,Primary,GAUTENG,SABELO VERIFIED,true,CgmgCyxBMQWo3SkTD,"[ ""No"" ]","[ ""No"" ]",,bf5Ltec4dXsz7pEX9
NCHABELENG PRIMARY SCHOOL,Primary,GAUTENG,KHOLWANI9,true,DPKYSYfc2uBoehue7,"[ ""No"" ]","[ ""No"" ]",,5iHufHeS6B2XBsHTB
ZAMANI PRIMARY SCHOOL,Primary,GAUTENG,Sympathy Varified,true,iBRBC74zyfwp6SmBr,"[ ""No"" ]","[ ""No"" ]",,sfN5HAvKti5hRvPxZ
MODUOPO PRIMARY SCHOOL,Primary,GAUTENG,Zanele V1,true,Y4pEYE5RQSBNkrXBg,"[ ""No"" ]","{ ""0"" : ""No"" }",,Q2SemXMcpEX5NfYsD
MOKGOME SECONDARY SCHOOL,Secondary,GAUTENG,Joseph verified,true,WxeGDqwFkmLzRzYXQ,,,,QBmBALzw89kwmHz2B
BONA COMPREHENSIVE SCHOOL,Secondary,GAUTENG,SABELO VERIFIED,true,QogrBRTPnHsuNeqok,"[ ""No"" ]","[ ""No"" ]",,xsLXqpcynPeYTwiXE
ESIKHISINI PRIMARY SCHOOL,Primary,GAUTENG,Joseph verified,true,BusJSq5dL7ub8DGgw,"[ ""No"" ]","[ ""No"" ]",,CoWKa7AHpYehwgjN4
DAVID HELLEN PETA SECONDARY SCHOOL,Secondary,GAUTENG,Joseph verified,true,HZv7898Za9vuKBnw5,"[ ""No"" ]","[ ""No"" ]",,BpGigPup4eyijh28x
GOROGANG PRIMARY SCHOOL,Primary,GAUTENG,Pontsho5,true,NpYRxWwBSZtFqeJnm,"[ ""No"" ]","{ ""0"" : ""No"" }",,fkuEy7WKs5HL2NM6z
SELOPE-THEMA PRIMARY SCHOOL,Primary,GAUTENG,SABELO VERIFIED,true,fb5a2nu4dm3meRoxH,"[ ""No"" ]","[ ""No"" ]",,Kqq9XsRqsRQM6PjGn
GAHLANSO PRIMARY SCHOOL,Primary,GAUTENG,Zanele V1,true,jRGtNZHrAq3Rhnaun,"[ ""No"" ]","[ ""No"" ]",,WeXHdZMumEMFyckHq
BOPASENATLA SECONDARY SCHOOL,Secondary,GAUTENG,Joseph verified,true,CjL3pFZJeLAqEq9q4,"[ ""No"" ]","[ ""No"" ]",,cDYo2z98FGZzNHPMM
MUZOMSHA PRIMARY SCHOOL,Primary,GAUTENG,KHOLWANI18,true,Gw8tYeJMLDrvWWwsB,"[ ""No"" ]","[ ""No"" ]",,NTo8EK8jnLkjB93Hd
MVELAPHANDA PRIMARY SCHOOL,Primary,GAUTENG,Freddy9,true,NPfXGjqAp9YARxrjr,"[ ""No"" ]","[ ""No"" ]",,aMRD37JGNEmrz9FZ9
DINOTO TECHNICAL SECONDARY SCHOOL,Secondary,GAUTENG,Tshepo3,true,o8SyNbEJoDpHmR82j,"[ ""No"" ]","[ ""No"" ]",,pqm6NksjcwAhrDwyH
JORDAN SECONDARY SCHOOL,Secondary,GAUTENG,Sabelo1,true,k4N7KTQuEBDeAnEJP,"[ ""No"" ]","[ ""No"" ]",,ZQvS49GgfM6XNnqij
RETLILE PRIMARY SCHOOL,Primary,GAUTENG,Jake Pencharz,true,82WiuwHKY3WNPvhXD,"[ ""No"" ]","[ ""No"" ]",,y8vNYzZpy3A9BHx6W
PHUTHADITSHABA PRIMARY SCHOOL,Primary,GAUTENG,SABELO VERIFIED,true,jBYknCMhifeSHWxXL,"[ ""No"" ]","[ ""No"" ]",,ojqksxwnmxWXpM8n6
LESHATA SECONDARY SCHOOL,Secondary,GAUTENG,Sabelo verified,true,xDAjGgNmvfyhhCrnY,"[ ""No"" ]","[ ""No"" ]",,opzRuPL9N8RSzCNsi
HLANGABEZA PRIMARY SCHOOL,Primary,GAUTENG,Symps,true,gtpNj8QjYDzQmGAXp,"[ ""No"" ]","[ ""No"" ]",,uyB7xpWYkTuuhsLzS
KHANGEZILE PRIMARY SCHOOL,Primary,GAUTENG,Pontsho9,true,uA3eHvMMWwXuSvDJv,"[ ""No"" ]","[ ""No"" ]",,KDmkojmtPfcEEQ3vv
QHAKAZANI PRIMARY SCHOOL,Primary,GAUTENG,tshepo20,true,kzf7ShEfChcwaqGfs,"[ ""No"" ]","[ ""No"" ]",,Y2gH7TZojYSgJ6J3i
TLHOKOMELO PRIMARY SCHOOL,Primary,GAUTENG,Joseph1,true,5DMaysFsuBFRtpgbJ,"[ ""No"" ]","[ ""No"" ]",,y3Rzmw2pDYqioZ8WC
HULWAZI SECONDARY SCHOOL,Secondary,GAUTENG,Tshepo1,true,s68ku2iC9uB7kHxzp,"[ ""Asbestos"" ]","{ ""0"" : ""No"" }",,Tnm69CSqqbdHg9obr
MAKAPANE PRIMARY SCHOOL,Primary,GAUTENG,Joseph verified,true,5hTrrjRn5RTrkwqT8,"[ ""No"" ]","[ ""No"" ]",,X4uSNwu6z2y2MdNwA
DUMEHLEZI INTERMEDIATE SCHOOL,Primary,GAUTENG,Joseph verified,true,wzKyy7TAdqgHFoMWz,,,,uvAsG8PGNZNED5pxz
NXINENI PRIMARY,Primary,GAUTENG,Nxineni Primary,true,yaLjCaPHgMw2p3c2d,"[ ""No"" ]","[ ""No"" ]",,eiaeXipXaywPNGZ7X
CHARLOTTE MAXEKE SECONDARY SCHOOL,Secondary,GAUTENG,V2 Yossi Bank,true,ddetnfocM4sfoJoHa,,,,HMfiK9msnxvBpZRTv
TSHIRELETSO PRIMARY SCHOOL,Primary,GAUTENG,Joseph1,true,9eTaQzv8Y28miZbfa,"[ ""No"" ]","[ ""No"" ]",,syBSsyuaG3J2rk8ky
DR WF NKOMO SECONDARY SCHOOL,Secondary,GAUTENG,Sympathy Varified,true,suDYPhQdu6a7LqGcF,"[ ""No"" ]",,,u2mAvGSYipuFCETW2
KHOMANANI PRIMARY SCHOOL,Primary,GAUTENG,SABELO VERIFIED,true,jCLpNh5MfmvympoW7,"[ ""No"" ]","[ ""No"" ]",,myEbntbNmwtRJAXXn
BOPHELONG SECONDARY SCHOOL,Secondary,GAUTENG,Joseph verified,true,GGzCqS8msrRQoPDBi,"[ ""No"" ]","[ ""No"" ]",,AQmqsTKLbbQgfAmzP
MONTSOSI PRIMARY SCHOOL,Primary,GAUTENG,SABELO1,true,Euu727n6yT2wFiPjH,"[ ""No"" ]","[ ""No"" ]",,rCApJ97XLJY5xuoJY
IMFUNDO MIDDLE SCHOOL,Primary,GAUTENG,Tshepo25,true,Nmbnng4i2YZuk99sC,"[ ""No"" ]","[ ""No"" ]",,pamnvbjX3nHtQtv4D
IKAGE PRIMARY SCHOOL,Primary,GAUTENG,Sympathy varified,true,L6La3ZR4H9Ba9vRYG,"[ ""No"" ]","{ ""0"" : ""No"" }",,NY3CpQoLXKGkXkq8b
TSHIRELA PRIMARY SCHOOL,Primary,GAUTENG,Joseph verified,true,B73AgxWqH4xq3cPw4,"[ ""No"" ]","[ ""No"" ]",,93KanXF8i8wGs4YKw
DR KNAK PRIMARY SCHOOL,Primary,GAUTENG,"SABELO VERIFIED
pontsho 20",true,BYxyZ4ij5mfomwsWx,"[ ""No"" ]","[ ""No"" ]",,FkDMg4ekjDHWExDuv
THUTO KITSO SECONDARY SCHOOL,Secondary,GAUTENG,sabelo1,true,jCXcYKCcifEFgXy5u,"[ ""No"" ]","[ ""No"" ]",,2zRbjDBfz4zB8Tv6q
REAMOHETSOE PRIMARY SCHOOL,Primary,GAUTENG,V2-Jaydin Krok,true,Gp5ebZ5Gpf7SXjhy7,"[ ""No"" ]","[ ""No"" ]",,zpLEh72kC58ryRpxt
THUTHUKA PRIMARY SCHOOL,Primary,GAUTENG,SABELO VERIFIED,true,9te5FnvvwaesRxRwM,"[ ""No"" ]","[ ""No"" ]",,q7rLbRb4nxtPxfoSc
BATLOUNG INTERMEDIATE SCHOOL,Primary,GAUTENG,Symps,true,ocAub5mdwrEAzfQto,"[ ""No"" ]","[ ""No"" ]",,FEAD8jBu7LbHezy2j
ENTSHONALANGA PRIMARY SCHOOL,Primary,GAUTENG,SABELO VERIFIED,true,WB7gkAZ9TjG9yt7vY,"[ ""No"" ]","[ ""No"" ]",,qYqekSfSRExjXJrGM
PATOGENG PRIMARY SCHOOL,Primary,GAUTENG,Joseph verified,true,HXbJacXYEzJvPkLvj,"[ ""No"" ]","[ ""No"" ]",,Rvf9JkpRBRozBsyiq
EMMANUEL PRIMARY SCHOOL,Primary,GAUTENG,Joseph verified,true,3BombPGXMXtCAnJ5a,"[ ""No"" ]","[ ""No"" ]",,DwG2tAAFC8W79Ckxx
MADUME PRIMARY SCHOOL,Primary,GAUTENG,SABELO VERIFIED,true,H55o7434nXaHRCKqz,"[ ""No"" ]","[ ""No"" ]",,r5bdwdb45e7jr6JZB
MATSIE STEYN PRIMARY SCHOOL,Primary,GAUTENG,Joseph verified,true,DMm78XXft2DvfS3xT,"[ ""No"" ]","[ ""No"" ]",,74LtY73iZk5nAgKN4
AHA-THUTO SECONDARY SCHOOL,Secondary,GAUTENG,Sabelo verified,true,DhzmyF7LenBrp9s9a,"[ ""No"" ]","[ ""No"" ]",,5PhvChXDzSoaBymWp
TIYANI Junior secondary SCHOOL,Other,GAUTENG,SABELO VERIFIED,true,Q8CwSpevWbaiWrG58,"[ ""No"" ]","[ ""No"" ]",,gZKefKr3T7kQ7yZdd
UNITY SECONDARY SCHOOL,Secondary,GAUTENG,Tshepo3,true,iYH9ZcfELp7Pfn9ep,"[ ""No"" ]","[ ""No"" ]",,68f6ufafjEtTD87dK
LANGAVILLE PRIMARY SCHOOL,Primary,GAUTENG,Sympathy varified,true,YotbCXeyDCyJwuuy5,"[ ""No"" ]","[ ""No"" ]",,3uXaw9N4tJkFZKXSt
POELANO SECONDARY SCHOOL,Secondary,GAUTENG,Joseph verified,true,hyeRTb3ZJqHDMLavM,"[ ""No"" ]","[ ""No"" ]",,S3LbwsmZGkiiekXEX
NOMINI PRIMARY SCHOOL,Other,GAUTENG,Sabelo verified,true,z9XjGWPgEB6NKWEud,"[ ""No"" ]","[ ""No"" ]",,Sue8DWeGKHPKAyQBi
HLABANGANE PRIMARY SCHOOL,Primary,GAUTENG,Joseph verified,true,kNM7hjbc9GnaW3v6W,"[ ""No"" ]","[ ""No"" ]",,A9g2JXbafa9hggA23
LETSIE PRIMARY SCHOOL,Primary,GAUTENG,KHOLWANI8,true,dT3hPoLfAHC2HHWTj,"[ ""No"" ]","[ ""No"" ]",,gPuKrSrjRHYQAhofp
THOPODI PRIMARY SCHOOL,Primary,GAUTENG,SABELO VERIFIED,true,fGAKSdo8Tds3Qec5d,"[ ""No"" ]","[ ""No"" ]",,eaN2HpTXfZTyuJHLY
REAGILE PRIMARY SCHOOL,Primary,GAUTENG,Freddy11,true,Cv56soWGLkFsrYGvs,"[ ""No"" ]","[ ""No"" ]",,3CZM6LyxfbGxQ676w
RESIDENSIA SECONDARY SCHOOL,Secondary,GAUTENG,Symps,true,ZvgrKQ2aGJmaRrd3M,"[ ""No"" ]","[ ""No"" ]",,Sa8QfeRArxjpbStqt
MASISEBENZE COMPREHENSIVE SCHOOL,Secondary,GAUTENG,Zanele V1,true,xn78CaBbCrxN2scmN,"[ ""No"" ]","[ ""No"" ]",,vQsgY2cMuHRHHxN5X
TSWELOPELE SECONDARY SCHOOL,Secondary,GAUTENG,Zanele V1,true,LHwmFsesW682dKacy,"[ ""No"" ]","[ ""No"" ]",,bHZpmA7SpQzx29CQk
LESEDI LA KRESTE ANGLICAN PRIMARY SCHOOL,Primary,GAUTENG,V2-Jaydin Krok,true,8rTCPDLo3hQspbKQQ,"[ ""No"" ]","[ ""No"" ]",,BL89Y49hLjtAgtj9C
UMTHAMBEKA PRIMARY SCHOOL,Primary,GAUTENG,Freddy12,true,DsSc5ZP2WcZm4DTcw,"[ ""No"" ]","[ ""No"" ]",,MrCRY4JkG2RtXRzjf
MOSHOESHOE PRIMARY SCHOOL,Primary,GAUTENG,Joseph verified,true,iqoH2p5Gau9PYA2gX,"[ ""Wood"", ""Asbestos"" ]","[ ""No"" ]",,vPSPXjGpC6ABc9Szc
BOVET PRIMARY SCHOOL,Primary,GAUTENG,Joseph verified,true,qkrgFMxt8k9MZFwXi,"[ ""No"" ]","[ ""No"" ]",,JMwctXTYdunvweNYD
KAMOHELO PUBLIC SCHOOL,Other,GAUTENG,Joseph,false,XyjS3LaxQFdLZiuow,"[ ""No"" ]","[ ""No"" ]",,hk4XMrnHxTastfL7s
MOSIOA PRIMARY SCHOOL,Primary,GAUTENG,Joseph verified,false,fGkLq4rHfDxntqKwy,"[ ""No"" ]","[ ""No"" ]",,AGiLx4gigQqYMN4fT
IPONTSHE PRIMARY SCHOOL,Primary,GAUTENG,V2 Adam Dison,true,WZanr7qnFfcgyQFsd,"[ ""No"" ]","[ ""No"" ]",,x39JZC9Q749pXeEbY
KENNETH MASEKELA SECONDARY SCHOOL,Secondary,GAUTENG,Pontsho7,true,4Y8aXSrugwJpptJYR,"[ ""No"" ]","{ ""0"" : ""No"" }",,yuLFP8PQcXB6aAAm6
EVATON PRIMARY SCHOOL,Primary,GAUTENG,kholwani23,true,G4wHqx6H7TQ4CNzte,,,,2gqMBsR5BKHB3TEv6
BOITUMELONG SECONDARY SCHOOL,Secondary,GAUTENG,Zanele V1,true,wRQnvuDAJKZeMAaZT,"[ ""No"" ]","{ ""0"" : ""No"" }",,XYLgc3p2tmFJ6nGJb
SOZIZWE PRIMARY SCHOOL,Primary,GAUTENG,Tshepo3,true,zJ2WsXeCYZfRx5vWR,"[ ""No"" ]","[ ""No"" ]",,6yXgt6quvcZfmQiWf
CAIPHUS NYOKA SECONDARY SCHOOL,Secondary,GAUTENG,Joseph veried,true,dJ3SbDx8kDTMsKZR5,"[ ""No"" ]","[ ""No"" ]",,dLHdmSdFbLWF2kJqy
ZITHA PRIMARY,Primary,GAUTENG,sabelo1,true,BnrcdDLFs4Mwdip7s,"[ ""No"" ]","[ ""No"" ]",,k652o58moXsybbDfm
TSITSIBOGA PRIMARY SCHOOL,Primary,GAUTENG,SABELO1,true,zhStunzoQiFDDv4PY,"[ ""No"" ]","[ ""No"" ]",,hrfAaJLuuBvdukdf9
TSWELELANG PRIMARY SCHOOL,Primary,GAUTENG,Joseph verified,true,sXMMcYWWSv5HYroxu,"[ ""No"" ]","[ ""No"" ]",,Dddj3YJBuiuGmAQFQ
JABULILE SECONDARY SCHOOL,Secondary,GAUTENG,SABELO VERIFIED,true,h2gABWvatysuzQmKj,"[ ""No"" ]","[ ""No"" ]",,GdT4e3QnaH2fX4vAA
FRED HABEDI PRIMARY SCHOOL,Primary,GAUTENG,Pontsho11,true,3LWyCp9v9qdhyCe4n,"[ ""No"" ]","[ ""No"" ]",,qCqx8rN4JLCHpEwF4
THEMBALIKAZULU PRIMARY SCHOOL,Primary,GAUTENG,KHOLWANI10,true,HTc9R5d6EGPsQr9xx,"[ ""No"" ]","{ ""0"" : ""No"" }",,jSDZSbr7cMPKgibe7
BOTLEHADI PRIMARY SCHOOL,Primary,GAUTENG,Sabelo1,true,NzKaftvvzqBXmodoL,"[ ""No"" ]","[ ""No"" ]",,FpTsqHm4D3ttwK8dY
SHADRACK MBAMBO PRIMARY SCHOOL,Primary,GAUTENG,Sympathy Varified,true,v5zdNyqLFMT6rkBtY,"[ ""No"" ]","[ ""No"" ]",,7sAKJvmox8vK6GJBv
BATHOKWA PRIMARY SCHOOL,Primary,GAUTENG,SABELO VERIFIED,true,qMmMFRYaj8fAtdurw,"[ ""No"" ]","[ ""No"" ]",,P4wqK6rnJQahfhFTr
