School Name,Version name,Is Verified,District,NEIMS,Province,Does the school have a nutrition centre?
AB XUMA PRIMARY SCHOOL,V2-jaydin krok,true,JOHANNESBURG NORTH,700131805,GAUTENG,Yes
AHA-THUTO SECONDARY SCHOOL,Sabelo verified,true,JOHANNESBURG SOUTH,700330696,GAUTENG,Yes
ALEXANDRA SECONDARY SCHOOL,Jake Pencharz,true,JOHANNESBURG EAST,700152009,GAUTENG,Yes
AMOS MAPHANGA SECONDARY,V2 Yossi Bank,true,GAUTENG EAST,700400398,GAUTENG,Yes
BATHOKWA PRIMARY SCHOOL,SABELO VERIFIED,true,TSHWANE SOUTH,700231530,GAUTENG,
BATLOUNG INTERMEDIATE SCHOOL,Symps,true,SEDIBENG WEST,700320309,GAUTENG,Yes
BHEKIMFUNDO PRIMARY SCHOOL,Joseph verified,true,EKURHULENI NORTH,700310920,GAUTENG,Yes
BOITUMELONG SECONDARY SCHOOL,Zanele V1,true,EKURHULENI NORTH,700260620,GAUTENG,Yes
BOKAMOSO SECONDARY SCHOOL,Zanele V1,true,EKURHULENI NORTH,700241810,GAUTENG,Yes
BONA COMPREHENSIVE SCHOOL,SABELO VERIFIED,true,JOHANNESBURG NORTH,700131961,GAUTENG,Yes
BOPASENATLA SECONDARY SCHOOL,Joseph verified,true,JOHANNESBURG NORTH,700140426,GAUTENG,Yes
BOPHELONG SECONDARY SCHOOL,Joseph verified,true,SEDIBENG WEST,700400355,GAUTENG,Yes
BOTLEHADI PRIMARY SCHOOL,Sabelo1,true,SEDIBENG WEST,700320366,GAUTENG,No
BOVET PRIMARY SCHOOL,Joseph verified,true,JOHANNESBURG EAST,700152041,GAUTENG,Yes
BUD MBELLE PRIMARY SCHOOL,SABELO VERIFIED,true,TSHWANE SOUTH,700231563,GAUTENG,Yes
BUHLEBEMFUNDO SECONDARY SCHOOL,Joseph verified,true,GAUTENG EAST,700310938,GAUTENG,
CAIPHUS NYOKA SECONDARY SCHOOL,Joseph veried,true,GAUTENG EAST,700311837,GAUTENG,Yes
CARTER PRIMARY SCHOOL,Joseph verified,true,JOHANNESBURG EAST,700152058,GAUTENG,Yes
CHARLOTTE MAXEKE SECONDARY SCHOOL,V2 Yossi Bank,true,EKURHULENI NORTH,700400351,GAUTENG,Yes
DAVID HELLEN PETA SECONDARY SCHOOL,Joseph verified,true,TSHWANE SOUTH,700231605,GAUTENG,Yes
DIEPDALE SECONDARY SCHOOL,V2-Jaydin krok,true,JOHANNESBURG NORTH,700140434,GAUTENG,Yes
DINOTO TECHNICAL SECONDARY SCHOOL,Tshepo3,true,EKURHULENI NORTH,700310995,GAUTENG,Yes
DITAU PRIMARY SCHOOL,Sympathy varified,true,JOHANNESBURG NORTH,700132068,GAUTENG,Yes
DITAWANE PRIMARY SCHOOL,Joseph verified,true,,,GAUTENG,Yes
DR HARRY GWALA SECONDARY SCHOOL,Tshepo3,true,GAUTENG EAST,700311001,GAUTENG,Yes
DR KNAK PRIMARY SCHOOL,"SABELO VERIFIED
pontsho 20",true,JOHANNESBURG EAST,700152082,GAUTENG,Yes
DR NHLAPO INTERMEDIATE SCHOOL,Joseph verified,true,SEDIBENG WEST,700320440,GAUTENG,Yes
DR WF NKOMO SECONDARY SCHOOL,Sympathy Varified,true,TSHWANE SOUTH,700231613,GAUTENG,Yes
DUMEHLEZI INTERMEDIATE SCHOOL,Joseph verified,true,GAUTENG EAST,700311019,GAUTENG,Yes
EAST BANK HIGH SCHOOL,Sympathy varified,true,JOHANNESBURG EAST,700152090,GAUTENG,Yes
EKUKHANYISWENI PRIMARY SCHOOL,SABELO VERIFIED,true,JOHANNESBURG EAST,700152108,GAUTENG,Yes
EMFUNDISWENI PRIMARY SCHOOL,SABELO VERIFIED,true,JOHANNESBURG EAST,700152116,GAUTENG,Yes
EMMANGWENI PRIMARY SCHOOL,Zanele v1,true,EKURHULENI NORTH,700260729,GAUTENG,Yes
EMMANUEL PRIMARY SCHOOL,Joseph verified,true,SEDIBENG EAST,700330837,GAUTENG,Yes
ENDULWENI PRIMARY SCHOOL,Joseph verified,true,EKURHULENI NORTH,700260745,GAUTENG,Yes
ENTSHONALANGA PRIMARY SCHOOL,SABELO VERIFIED,true,EKURHULENI NORTH,700260752,GAUTENG,Yes
ESIKHISINI PRIMARY SCHOOL,Joseph verified,true,TSHWANE SOUTH,700231662,GAUTENG,Yes
EVATON PRIMARY SCHOOL,kholwani23,true,SEDIBENG WEST,700320952,GAUTENG,Yes
FADIMEHA PRIMARY SCHOOL,Joseph verified,true,SEDIBENG WEST,700320523,GAUTENG,Yes
FRED HABEDI PRIMARY SCHOOL,Pontsho11,true,GAUTENG EAST,700350702,GAUTENG,Yes
FUNUKUKHANYA PRIMARY SCHOOL,KHOLWANI3,true,GAUTENG EAST,700311068,GAUTENG,Yes
GAHLANSO PRIMARY SCHOOL,Zanele V1,true,EKURHULENI NORTH,700260828,GAUTENG,Yes
GEORGE MBILASE PRIMARY SCHOOL,Joseph,true,GAUTENG EAST,700311076,GAUTENG,Yes
GORDON PRIMARY SCHOOL,SFISO V1,true,JOHANNESBURG EAST,700152132,GAUTENG,Yes
GOROGANG PRIMARY SCHOOL,Pontsho5,true,GAUTENG EAST,700350728,GAUTENG,Yes
HLABANGANE PRIMARY SCHOOL,Joseph verified,true,JOHANNESBURG WEST,700140541,GAUTENG,Yes
HLANGABEZA PRIMARY SCHOOL,Symps,true,GAUTENG WEST,700270736,GAUTENG,Yes
HOFMEYR SECONDARY SCHOOL,Joseph verified,true,TSHWANE SOUTH,700231746,GAUTENG,No
HULWAZI SECONDARY SCHOOL,Tshepo1,true,EKURHULENI NORTH,700311100,GAUTENG,Yes
IKAGE PRIMARY SCHOOL,Sympathy varified,true,JOHANNESBURG EAST,700152140,GAUTENG,Yes
IMFUNDO MIDDLE SCHOOL,Tshepo25,true,SEDIBENG WEST,700320598,GAUTENG,Yes
INKATHA KA ZULU PRIMARY SCHOOL,Tshepo1,true,GAUTENG EAST,700311118,GAUTENG,Yes
INKONJANE JUNIOR SECONDARY SCHOOL,V2 Yossi Bank,true,JOHANNESBURG WEST,700140582,GAUTENG,Yes
INXIWENI PRIMARY SCHOOL,Freddy8,true,EKURHULENI NORTH,700260893,GAUTENG,Yes
IPHUTHENG PRIMARY SCHOOL,Sympathy varified,true,JOHANNESBURG EAST,700152165,GAUTENG,Yes
IPONTSHE PRIMARY SCHOOL,V2 Adam Dison,true,EKURHULENI NORTH,700260901,GAUTENG,Yes
ISEKELO PRIMARY SCHOOL,Joseph verified,true,EKURHULENI NORTH,700260919,GAUTENG,Yes
ISIZIBA PRIMARY SCHOOL,V1,true,EKURHULENI NORTH,700260943,GAUTENG,Yes
ITHUTE PRIMARY SCHOOL,Sympathy Varified,true,JOHANNESBURG EAST,700152173,GAUTENG,Yes
ITSEBENG PRIMARY SCHOOL,SABELO1,true,SEDIBENG WEST,700320630,GAUTENG,Yes
JABULANI THABANG PRIMARY SCHOOL,Sabelo1,true,SEDIBENG WEST,700320648,GAUTENG,Yes
JABULILE SECONDARY SCHOOL,SABELO VERIFIED,true,JOHANNESBURG SOUTH,700331611,GAUTENG,Yes
JET NTEO SECONDARY SCHOOL,Sabelo1,true,SEDIBENG WEST,700320663,GAUTENG,No
JOB MASEKO PRIMARY SCHOOL,KHOLWANI12,true,GAUTENG EAST,700350777,GAUTENG,Yes
JOB RATHEBE PRIMARY SCHOOL,Sabelo verified,true,JOHANNESBURG NORTH,700132332,GAUTENG,
JORDAN SECONDARY SCHOOL,Sabelo1,true,SEDIBENG WEST,700320671,GAUTENG,Yes
KENNETH MASEKELA SECONDARY SCHOOL,Pontsho7,true,GAUTENG EAST,700350793,GAUTENG,Yes
KGALEMA PRIMARY SCHOOL,V2-Jaydin krok,true,GAUTENG EAST,700311175,GAUTENG,Yes
KGOLAGANO PRIMARY SCHOOL,Joseph verified,true,GAUTENG EAST,700311811,GAUTENG,Yes
KGOMOCO PRIMARY SCHOOL,Joseph verified,true,SEDIBENG EAST,700330902,GAUTENG,Yes
KHANGEZILE PRIMARY SCHOOL,Pontsho9,true,GAUTENG EAST,700350801,GAUTENG,Yes
KHOMANANI PRIMARY SCHOOL,SABELO VERIFIED,true,JOHANNESBURG NORTH,700140640,GAUTENG,Yes
KHULA SIZWE PRIMARY SCHOOL,Freddy7,true,EKURHULENI NORTH,700260992,GAUTENG,Yes
KOKOSI PRIMARY SCHOOL,Mabuza verified,true,GAUTENG WEST,700930749,GAUTENG,Yes
KUZIMISELA PRIMARY SCHOOL,Tshepo,true,EKURHULENI NORTH,700311209,GAUTENG,Yes
LABAN MOTLHABI COMPREHENSIVE SCHOOL,Pontsho6,true,GAUTENG EAST,700350843,GAUTENG,Yes
LANGAVILLE PRIMARY SCHOOL,Sympathy varified,true,GAUTENG EAST,700312140,GAUTENG,Yes
LEBOHANG SECONDARY SCHOOL,Sabelo1,true,SEDIBENG WEST,700320788,GAUTENG,Yes
LEBONE PRIMARY SCHOOL,KHOLWANI7,true,GAUTENG EAST,700311217,GAUTENG,Yes
LEBOWA PRIMARY SCHOOL,Joseph,true,SEDIBENG EAST,700330928,GAUTENG,Yes
LEEMA-MOKOTULI PRIMARY SCHOOL,Sabelo1,true,SEDIBENG WEST,700400110,GAUTENG,Yes
LEFA-IFA SECONDARY SCHOOL,KHOLWANE13,true,GAUTENG EAST,700350850,GAUTENG,No
LEFIKA PRIMARY SCHOOL,V1,true,SEDIBENG WEST,700320804,GAUTENG,Yes
LEHLASEDI PRIMARY SCHOOL,Sabelo1,true,SEDIBENG EAST,700330936,GAUTENG,Yes
LEJOELEPUTSOA PRIMARY SCHOOL,Freddy4,true,JOHANNESBURG WEST,700140707,GAUTENG,Yes
LERESCHE PRIMARY SCHOOL,Mabuza verified,true,JOHANNESBURG NORTH,700132407,GAUTENG,Yes
LESEDI LA KRESTE ANGLICAN PRIMARY SCHOOL,V2-Jaydin Krok,true,JOHANNESBURG SOUTH,700330712,GAUTENG,Yes
LESHATA SECONDARY SCHOOL,Sabelo verified,true,JOHANNESBURG SOUTH,700330969,GAUTENG,Yes
LESIBA SECONDARY SCHOOL,Freddy1,true,EKURHULENI NORTH,700311258,GAUTENG,
LETSATSING COMBINED SCHOOL,SABELO 1,true,,,GAUTENG,Yes
LETSEMA-ILIMA PRIMARY SCHOOL,Symps,true,SEDIBENG WEST,700321331,GAUTENG,Yes
LETSIE PRIMARY SCHOOL,KHOLWANI8,true,GAUTENG EAST,700311274,GAUTENG,Yes
LIVHUWANI PRIMARY SCHOOL,SABELO VERIFIED,true,JOHANNESBURG WEST,700140731,GAUTENG,Yes
LOTUS GARDENS PRIMARY SCHOOL,Joseph verified,true,TSHWANE WEST,700400154,GAUTENG,Yes
LUKHOLWENI PRIMARY SCHOOL,Joseph verified,true,JOHANNESBURG NORTH,700132456,GAUTENG,Yes
MABOELLENG PRIMARY SCHOOL,Joseph,true,SEDIBENG WEST,700320879,GAUTENG,Yes
MABUYA SECONDARY SCHOOL,Joseph1,true,EKURHULENI NORTH,700311290,GAUTENG,
MADUME PRIMARY SCHOOL,SABELO VERIFIED,true,JOHANNESBURG SOUTH,700330985,GAUTENG,Yes
MAHLAHLE PRIMARY SCHOOL,SABELO VERIFIED,true,TSHWANE SOUTH,700231894,GAUTENG,Yes
MAKAPANE PRIMARY SCHOOL,Joseph verified,true,SEDIBENG WEST,700320903,GAUTENG,Yes
MANGWELE PRIMARY SCHOOL,SABELO VERIFIED,true,JOHANNESBURG NORTH,700140764,GAUTENG,Yes
MASHEMONG PRIMARY SCHOOL,Joseph verified,true,EKURHULENI NORTH,700261040,GAUTENG,Yes
MASIMINI PRIMARY SCHOOL,V2 Adam Dison,true,GAUTENG EAST,700350892,GAUTENG,Yes
MASIQHAKAZE SECONDARY SCHOOL,V1,true,EKURHULENI NORTH,700261057,GAUTENG,Yes
MASISEBENZE COMPREHENSIVE SCHOOL,Zanele V1,true,,700261065,GAUTENG,No
MATSIE STEYN PRIMARY SCHOOL,Joseph verified,true,SEDIBENG EAST,700331017,GAUTENG,Yes
MEADOWLANDS PRIMARY SCHOOL,Tamir Shklaz,true,JOHANNESBURG WEST,700140947,GAUTENG,Yes
MELODI PRIMARY SCHOOL,V2 - Daniel Kartun,true,GAUTENG EAST,700311373,GAUTENG,Yes
MENZI PRIMARY SCHOOL,Sympathy varified,true,GAUTENG EAST,700400234,GAUTENG,Yes
MICHAEL ZULU PRIMARY SCHOOL,Sympathy varified,true,GAUTENG EAST,700311381,GAUTENG,Yes
MODUOPO PRIMARY SCHOOL,Zanele V1,true,EKURHULENI NORTH,700261099,GAUTENG,Yes
MOGOGODI PRIMARY SCHOOL,Joseph1,true,SEDIBENG WEST,700321018,GAUTENG,Yes
MOHLOLI SECONDARY SCHOOL,symps,true,SEDIBENG EAST,700331074,GAUTENG,Yes
MOKGOME SECONDARY SCHOOL,Joseph verified,true,JOHANNESBURG WEST,700140814,GAUTENG,Yes
MONTSOSI PRIMARY SCHOOL,SABELO1,true,SEDIBENG WEST,700321075,GAUTENG,No
MOSHOESHOE PRIMARY SCHOOL,Joseph verified,true,GAUTENG EAST,700311399,GAUTENG,Yes
MOYISELA PRIMARY SCHOOL,Sabelo verified,true,JOHANNESBURG SOUTH,700331082,GAUTENG,Yes
MQINISWA PRIMARY SCHOOL,Joseph verified,true,SEDIBENG WEST,700321141,GAUTENG,Yes
MUZOMSHA PRIMARY SCHOOL,KHOLWANI18,true,GAUTENG EAST,700350926,GAUTENG,Yes
MVELAPHANDA PRIMARY SCHOOL,Freddy9,true,EKURHULENI NORTH,700261123,GAUTENG,Yes
N'WA MHINGA PRIMARY SCHOOL,V2-Jaydin krok,true,TSHWANE SOUTH,700232041,GAUTENG,Yes
NCHABELENG PRIMARY SCHOOL,KHOLWANI9,true,GAUTENG EAST,700311407,GAUTENG,Yes
NKABINDE PRIMARY SCHOOL,V2 Yossi Bank,true,GAUTENG EAST,700350942,GAUTENG,Yes
NKUMBULO SECONDARY SCHOOL,Pontsho4,true,GAUTENG EAST,700350959,GAUTENG,Yes
NOMINI PRIMARY SCHOOL,Sabelo verified,true,JOHANNESBURG SOUTH,700331108,GAUTENG,Yes
NQUBELA PRIMARY SCHOOL,Sympathy Varified,true,EKURHULENI SOUTH,700341032,GAUTENG,Yes
NTOKOZWENI PRIMARY SCHOOL,Pontsho12,true,GAUTENG EAST,700350975,GAUTENG,Yes
NTSELE PRIMARY SCHOOL,Sabelo1,true,SEDIBENG WEST,700321208,GAUTENG,Yes
NTSIKANA PRIMARY SCHOOL,Sympathy Varified,true,GAUTENG EAST,700311423,GAUTENG,
NXINENI PRIMARY,Nxineni Primary,true,,,GAUTENG,Yes
NYIKO PRIMARY SCHOOL,Freddy9,true,EKURHULENI NORTH,700261131,GAUTENG,Yes
O.R TAMBO PRIMARY SCHOOL,Zanele V1,true,EKURHULENI SOUTH,700400248,GAUTENG,Yes
ORANGE FARM PRIMARY SCHOOL,V1,true,JOHANNESBURG SOUTH,700331637,GAUTENG,Yes
ORLANDO SECONDARY SCHOOL,SABELO VERIFIED,true,JOHANNESBURG NORTH,700132670,GAUTENG,Yes
PATOGENG PRIMARY SCHOOL,Joseph verified,true,TSHWANE SOUTH,700232082,GAUTENG,Yes
PHAMEHLO PRIMARY SCHOOL,Symps,true,SEDIBENG WEST,700321232,GAUTENG,Yes
PHANDIMFUNDO SECONDARY SCHOOL,SABELO VERIFIED,true,GAUTENG EAST,700311431,GAUTENG,Yes
PHELINDABA SECONDARY SCHOOL,Sabelo verified,true,TSHWANE SOUTH,700232124,GAUTENG,Yes
PHOMOLONG PRIMARY SCHOOL,Sympathy varified,true,EKURHULENI NORTH,700260885,GAUTENG,Yes
PHOMOLONG SECONDARY SCHOOL,V2 - Adam Dison,true,EKURHULENI NORTH,700400138,GAUTENG,Yes
PHORORONG PRIMARY SCHOOL,Joseph,true,GAUTENG WEST,700271015,GAUTENG,Yes
PHUTHADITSHABA PRIMARY SCHOOL,SABELO VERIFIED,true,TSHWANE SOUTH,700232661,GAUTENG,Yes
PHUTHULLA PRIMARY SCHOOL,Joseph verified,true,SEDIBENG WEST,700321265,GAUTENG,Unsure
PHUTHUMANI PRIMARY SCHOOL,Sympathy Varified,true,EKURHULENI NORTH,700261149,GAUTENG,Yes
POELANO SECONDARY SCHOOL,Joseph verified,true,SEDIBENG WEST,700321281,GAUTENG,Yes
PUDUMO PRIMARY SCHOOL,SABELO 1,true,JOHANNESBURG SOUTH,700331165,GAUTENG,Yes
QEDUSIZI PRIMARY SCHOOL,Pontsho8,true,GAUTENG EAST,700351015,GAUTENG,Yes
QHAKAZANI PRIMARY SCHOOL,tshepo20,true,JOHANNESBURG SOUTH,700331173,GAUTENG,Yes
QUANTUM SECONDARY SCHOOL,Tshepo2,true,GAUTENG EAST,700400152,GAUTENG,Yes
RADIBAPI PRIMARY,sabelo,true,,,GAUTENG,Yes
REAGILE PRIMARY SCHOOL,Freddy11,true,EKURHULENI NORTH,700261694,GAUTENG,Yes
REAKGONA PRIMARY SCHOOL,Tamir Shklaz\,true,GAUTENG WEST,700931778,GAUTENG,Yes
REALO  SECONDARY SCHOOL,SABELO VERIFIED,true,JOHANNESBURG EAST,700152314,GAUTENG,Yes
REAMOHETSOE PRIMARY SCHOOL,V2-Jaydin Krok,true,JOHANNESBURG SOUTH,700331231,GAUTENG,Unsure
REKGUTLILE PRIMARY SCHOOL,SABELO VERIFEID,true,JOHANNESBURG SOUTH,700331264,GAUTENG,Yes
RESIDENSIA SECONDARY SCHOOL,Symps,true,SEDIBENG WEST,700321380,GAUTENG,Yes
RETLILE PRIMARY SCHOOL,Jake Pencharz,true,GAUTENG WEST,700934044,GAUTENG,Yes
ROLIHLAHLA PRIMARY SCHOOL,Tshepo2,true,GAUTENG EAST,700311472,GAUTENG,Yes
SAKHELWE PRIMARY SCHOOL,Pontsho 10,true,GAUTENG EAST,700351049,GAUTENG,Yes
SAPPHIRE SECONDARY SCHOOL,Joseph verified,true,SEDIBENG WEST,700321406,GAUTENG,Yes
SAULRIDGE SECONDARY SCHOOL,Sabelo verified,true,TSHWANE SOUTH,700232223,GAUTENG,Yes
SECHABA PRIMARY SCHOOL,KHOLWANI14,true,GAUTENG EAST,700351064,GAUTENG,Yes
SEDIBENG PRIMARY SCHOOL,Zanele V1,true,EKURHULENI NORTH,700261180,GAUTENG,Yes
SEEISO PRIMARY SCHOOL,Joseph verified,true,SEDIBENG WEST,700321422,GAUTENG,Yes
SELELEKELA SECONDARY SCHOOL,SABELO 1,true,JOHANNESBURG NORTH,700132902,GAUTENG,Yes
SELIBA PRIMARY SCHOOL,Joseph verified,true,SEDIBENG EAST,700331314,GAUTENG,Yes
SELOPE-THEMA PRIMARY SCHOOL,SABELO VERIFIED,true,JOHANNESBURG NORTH,700132910,GAUTENG,Yes
SEOTLOANA PRIMARY SCHOOL,Zanele V1,true,EKURHULENI NORTH,700261198,GAUTENG,Yes
SHADRACK MBAMBO PRIMARY SCHOOL,Sympathy Varified,true,GAUTENG EAST,700311480,GAUTENG,Yes
SIBONELO PRIMARY SCHOOL,Sympathy verified,true,EKURHULENI NORTH,700311498,GAUTENG,Yes
SIPHIWE PRIMARY SCHOOL,Zanele V1,true,EKURHULENI NORTH,700261214,GAUTENG,Yes
SIVUSE PRIMARY SCHOOL,SABELO1,true,SEDIBENG WEST,700321489,GAUTENG,Yes
SOZIZWE PRIMARY SCHOOL,Tshepo3,true,EKURHULENI NORTH,700311530,GAUTENG,Yes
SPHIWE PRIMARY SCHOOL,SFISOV1,true,,,GAUTENG,
STEVE BIKO PRIMARY SCHOOL,SABELO VERIFIED,true,JOHANNESBURG SOUTH,700400077,GAUTENG,Yes
STRETFORD EXT 8 PRIMARY SCHOOL,Sfiso v1,true,JOHANNESBURG SOUTH,700331918,GAUTENG,Yes
TEMBISA SECONDARY SCHOOL,V1,true,EKURHULENI NORTH,700261305,GAUTENG,Yes
TEMBISA WEST SECONDARY SCHOOL,Freddy10,true,EKURHULENI NORTH,700400117,GAUTENG,Yes
THEMBALIHLE PRIMARY SCHOOL,SABELO1,true,JOHANNESBURG NORTH,700133132,GAUTENG,Yes
THEMBALIKAZULU PRIMARY SCHOOL,KHOLWANI10,true,GAUTENG EAST,700351148,GAUTENG,Yes
THETHA SECONDARY SCHOOL,SABELO VERFIED,true,JOHANNESBURG SOUTH,700331645,GAUTENG,Yes
THOHO-YA-NDOU PRIMARY SCHOOL,Joseph verified,true,TSHWANE SOUTH,700232272,GAUTENG,Yes
THOPODI PRIMARY SCHOOL,SABELO VERIFIED,true,GAUTENG EAST,700311555,GAUTENG,Yes
THUTHUKA PRIMARY SCHOOL,SABELO VERIFIED,true,EKURHULENI NORTH,700261347,GAUTENG,Yes
THUTO KITSO SECONDARY SCHOOL,sabelo1,true,GAUTENG WEST,700932124,GAUTENG,Yes
THUTOLORE SECONDARY SCHOOL,Joseph verified,true,JOHANNESBURG WEST,700141002,GAUTENG,Yes
TIYANI Junior secondary SCHOOL,SABELO VERIFIED,true,JOHANNESBURG NORTH,700141028,GAUTENG,Yes
TLAKULA SECONDARY SCHOOL,Sympathy Varified,true,GAUTENG EAST,700351171,GAUTENG,Yes
TLHAKANANG PRIMARY SCHOOL,Tlhakanang Primary School,true,EKURHULENI NORTH,700261388,GAUTENG,Yes
TLHOKOMELO PRIMARY SCHOOL,Joseph1,true,JOHANNESBURG WEST,700141044,GAUTENG,Yes
TLHOLO INTERMEDIATE SCHOOL,Joseph1,true,SEDIBENG WEST,700321596,GAUTENG,Yes
TOKELO SECONDARY SCHOOL,Joseph verified,true,SEDIBENG WEST,700321604,GAUTENG,Yes
TOTOMENG PRIMARY SCHOOL,Joseph verified,true,JOHANNESBURG WEST,700141069,GAUTENG,Yes
TSAKANE PRIMARY SCHOOL,Sympathy Varified,true,GAUTENG EAST,700311571,GAUTENG,Yes
TSHIRELA PRIMARY SCHOOL,Joseph verified,true,SEDIBENG WEST,700321653,GAUTENG,Yes
TSHIRELETSO PRIMARY SCHOOL,Joseph1,true,JOHANNESBURG WEST,700141085,GAUTENG,Yes
TSHITSO PRIMARY SCHOOL,V1,true,SEDIBENG WEST,700321661,GAUTENG,
TSIETSI MASHININI PRIMARY SCHOOL,Sympathy varified,true,JOHANNESBURG WEST,700140822,GAUTENG,Yes
TSIMONG PRIMARY SCHOOL,Kholwani19,true,GAUTENG EAST,700351197,GAUTENG,Yes
TSITSIBOGA PRIMARY SCHOOL,SABELO1,true,GAUTENG WEST,700271130,GAUTENG,Yes
TSOELOPELE PRIMARY SCHOOL,Joseph verified,true,SEDIBENG EAST,700331462,GAUTENG,Yes
TSWELELANG PRIMARY SCHOOL,Joseph verified,true,JOHANNESBURG WEST,700141119,GAUTENG,Yes
TSWELOPELE SECONDARY SCHOOL,Zanele V1,true,EKURHULENI NORTH,700400400,GAUTENG,Yes
UMTHAMBEKA PRIMARY SCHOOL,Freddy12,true,EKURHULENI NORTH,700261438,GAUTENG,Yes
UNITY SECONDARY SCHOOL,Tshepo3,true,EKURHULENI NORTH,700311613,GAUTENG,Yes
VEZUKHONO SECONDARY SCHOOL,Joseph,true,GAUTENG EAST,700311852,GAUTENG,Yes
VULAMAZIBUKO PRIMARY SCHOOL,V2 Yossi Bank,true,JOHANNESBURG NORTH,700141150,GAUTENG,Yes
VUYO PRIMARY SCHOOL,Joseph,true,SEDIBENG EAST,700331520,GAUTENG,Yes
WESTFIELDS PRIMARY SCHOOL,SABELO 1,true,GAUTENG WEST,700270579,GAUTENG,No
WINNIE MANDELA PRIMARY SCHOOL,SABELO VERIFIED,true,EKURHULENI NORTH,700400236,GAUTENG,Yes
WINNIE MANDELA SECONDARY SCHOOL,SABELO VERIFIED,true,EKURHULENI NORTH,700400514,GAUTENG,
ZAKHENI PRIMARY SCHOOL,Sympathy varified,true,JOHANNESBURG NORTH,700133306,GAUTENG,Yes
ZAMANI PRIMARY SCHOOL,Sympathy Varified,true,GAUTENG EAST,700351288,GAUTENG,Yes
ZENZELENI PRIMARY SCHOOL,Sympathy Varification,true,JOHANNESBURG EAST,700152421,GAUTENG,Yes
ZIFUNELENI JUNIOR SECONDARY  (COMB. PRIMARY) SCHOOL,SABELO VERIFIED,true,JOHANNESBURG NORTH,700133314,GAUTENG,Yes
ZIMISELE SECONDARY SCHOOL,Pontsho3,true,GAUTENG EAST,700351304,GAUTENG,Yes
ZITHA PRIMARY,sabelo1,true,,,GAUTENG,Yes
ZITHATHELE PRIMARY SCHOOL,Joseph verified,true,JOHANNESBURG NORTH,700133322,GAUTENG,Yes
ZITHEMBENI PRIMARY SCHOOL,kholwani21,true,GAUTENG EAST,700351312,GAUTENG,Yes
ZITIKENI SECONDARY SCHOOL,SABELO VERIFIED,true,EKURHULENI NORTH,700261479,GAUTENG,Yes
