School Name,Male Students (#),Male Student Toilets (#),Male Students Per Toilet (#),Working Male Student Toilets (#),Male Students per Working Toilet (#)
AB XUMA PRIMARY SCHOOL,436,14.0,31.14,14.0,31.14
AHA-THUTO SECONDARY SCHOOL,596,12.0,49.67,4.0,149.00
ALEXANDRA SECONDARY SCHOOL,840,24.0,35.00,19.0,44.21
AMOS MAPHANGA SECONDARY,548,16.0,34.25,11.5,47.65
BATHOKWA PRIMARY SCHOOL,408,17.0,24.00,14.0,29.14
BATLOUNG INTERMEDIATE SCHOOL,,12.0,,6.0,
BHEKIMFUNDO PRIMARY SCHOOL,428,13.0,32.92,13.0,32.92
BOITUMELONG SECONDARY SCHOOL,596,14.0,42.57,14.0,42.57
BOKAMOSO SECONDARY SCHOOL,616,11.0,56.00,6.0,102.67
BONA COMPREHENSIVE SCHOOL,407,22.0,18.50,9.0,45.22
BOPASENATLA SECONDARY SCHOOL,210,7.0,30.00,6.0,35.00
BOPHELONG SECONDARY SCHOOL,530,11.0,48.18,6.0,88.33
BOTLEHADI PRIMARY SCHOOL,269,6.0,44.83,4.0,67.25
BOVET PRIMARY SCHOOL,859,18.0,47.72,17.0,50.53
BUD MBELLE PRIMARY SCHOOL,436,10.0,43.60,9.0,48.44
BUHLEBEMFUNDO SECONDARY SCHOOL,846,6.0,141.00,3.0,282.00
CAIPHUS NYOKA SECONDARY SCHOOL,602,,,,
CARTER PRIMARY SCHOOL,623,10.0,62.30,9.0,69.22
CHARLOTTE MAXEKE SECONDARY SCHOOL,393,6.5,60.46,6.5,60.46
DAVID HELLEN PETA SECONDARY SCHOOL,516,17.0,30.35,7.0,73.71
DIEPDALE SECONDARY SCHOOL,380,8.0,47.50,7.0,54.29
DINOTO TECHNICAL SECONDARY SCHOOL,551,14.0,39.36,12.0,45.92
DITAU PRIMARY SCHOOL,235,10.0,23.50,7.0,33.57
DITAWANE PRIMARY SCHOOL,,5.0,,5.0,
DR HARRY GWALA SECONDARY SCHOOL,615,9.0,68.33,7.0,87.86
DR KNAK PRIMARY SCHOOL,,18.0,,17.0,
DR NHLAPO INTERMEDIATE SCHOOL,438,5.0,87.60,1.0,438.00
DR WF NKOMO SECONDARY SCHOOL,436,17.0,25.65,8.0,54.50
DUMEHLEZI INTERMEDIATE SCHOOL,407,20.0,20.35,19.0,21.42
EAST BANK HIGH SCHOOL,659,6.0,109.83,5.0,131.80
EKUKHANYISWENI PRIMARY SCHOOL,601,14.5,41.45,11.5,52.26
EMFUNDISWENI PRIMARY SCHOOL,613,13.0,47.15,11.0,55.73
EMMANGWENI PRIMARY SCHOOL,897,10.0,89.70,10.0,89.70
EMMANUEL PRIMARY SCHOOL,443,16.0,27.69,11.0,40.27
ENDULWENI PRIMARY SCHOOL,547,6.0,91.17,6.0,91.17
ENTSHONALANGA PRIMARY SCHOOL,787,15.0,52.47,15.0,52.47
ESIKHISINI PRIMARY SCHOOL,310,6.0,51.67,4.0,77.50
EVATON PRIMARY SCHOOL,315,16.0,19.69,16.0,19.69
FADIMEHA PRIMARY SCHOOL,241,8.0,30.13,8.0,30.13
FRED HABEDI PRIMARY SCHOOL,,13.0,,13.0,
FUNUKUKHANYA PRIMARY SCHOOL,,11.0,,5.0,
GAHLANSO PRIMARY SCHOOL,505,10.0,50.50,8.0,63.13
GEORGE MBILASE PRIMARY SCHOOL,419,,,,
GORDON PRIMARY SCHOOL,,7.0,,1.0,
GOROGANG PRIMARY SCHOOL,180,8.0,22.50,8.0,22.50
HLABANGANE PRIMARY SCHOOL,138,10.0,13.80,6.0,23.00
HLANGABEZA PRIMARY SCHOOL,545,0.0,,0.0,
HOFMEYR SECONDARY SCHOOL,525,18.0,29.17,2.0,262.50
HULWAZI SECONDARY SCHOOL,704,11.0,64.00,10.0,70.40
IKAGE PRIMARY SCHOOL,,6.0,,6.0,
IMFUNDO MIDDLE SCHOOL,505,20.0,25.25,19.0,26.58
INKATHA KA ZULU PRIMARY SCHOOL,554,,,,
INKONJANE JUNIOR SECONDARY SCHOOL,96,19.0,5.05,8.0,12.00
INXIWENI PRIMARY SCHOOL,697,14.0,49.79,14.0,49.79
IPHUTHENG PRIMARY SCHOOL,,12.0,,12.0,
IPONTSHE PRIMARY SCHOOL,498,15.0,33.20,15.0,33.20
ISEKELO PRIMARY SCHOOL,654,15.0,43.60,14.0,46.71
ISIZIBA PRIMARY SCHOOL,623,21.0,29.67,21.0,29.67
ITHUTE PRIMARY SCHOOL,696,18.0,38.67,15.0,46.40
ITSEBENG PRIMARY SCHOOL,425,9.0,47.22,9.0,47.22
JABULANI THABANG PRIMARY SCHOOL,412,6.0,68.67,6.0,68.67
JABULILE SECONDARY SCHOOL,677,12.0,56.42,8.0,84.63
JET NTEO SECONDARY SCHOOL,483,,,,
JOB MASEKO PRIMARY SCHOOL,546,,,,
JOB RATHEBE PRIMARY SCHOOL,454,9.0,50.44,5.0,90.80
JORDAN SECONDARY SCHOOL,483,36.0,13.42,18.0,26.83
KENNETH MASEKELA SECONDARY SCHOOL,669,,,,
KGALEMA PRIMARY SCHOOL,661,0.0,,0.0,
KGOLAGANO PRIMARY SCHOOL,730,16.0,45.63,15.0,48.67
KGOMOCO PRIMARY SCHOOL,463,0.0,,0.0,
KHANGEZILE PRIMARY SCHOOL,202,6.0,33.67,2.0,101.00
KHOMANANI PRIMARY SCHOOL,0,8.0,0.00,4.0,0.00
KHULA SIZWE PRIMARY SCHOOL,494,17.0,29.06,16.0,30.88
KOKOSI PRIMARY SCHOOL,659,10.0,65.90,10.0,65.90
KUZIMISELA PRIMARY SCHOOL,384,5.0,76.80,2.0,192.00
LABAN MOTLHABI COMPREHENSIVE SCHOOL,431,9.0,47.89,9.0,47.89
LANGAVILLE PRIMARY SCHOOL,,10.0,,10.0,
LEBOHANG SECONDARY SCHOOL,503,0.0,,0.0,
LEBONE PRIMARY SCHOOL,619,24.0,25.79,24.0,25.79
LEBOWA PRIMARY SCHOOL,78,10.0,7.80,8.0,9.75
LEEMA-MOKOTULI PRIMARY SCHOOL,155,8.0,19.38,7.0,22.14
LEFA-IFA SECONDARY SCHOOL,,15.0,,14.0,
LEFIKA PRIMARY SCHOOL,452,10.0,45.20,6.0,75.33
LEHLASEDI PRIMARY SCHOOL,320,0.0,,0.0,
LEJOELEPUTSOA PRIMARY SCHOOL,160,8.0,20.00,8.0,20.00
LERESCHE PRIMARY SCHOOL,274,6.0,45.67,6.0,45.67
LESEDI LA KRESTE ANGLICAN PRIMARY SCHOOL,,7.0,,5.0,
LESHATA SECONDARY SCHOOL,899,12.0,74.92,0.0,
LESIBA SECONDARY SCHOOL,,,,,
LETSATSING COMBINED SCHOOL,521,7.5,69.47,7.5,69.47
LETSEMA-ILIMA PRIMARY SCHOOL,668,12.0,55.67,11.0,60.73
LETSIE PRIMARY SCHOOL,458,,,,
LIVHUWANI PRIMARY SCHOOL,327,10.0,32.70,7.0,46.71
LOTUS GARDENS PRIMARY SCHOOL,617,6.0,102.83,5.0,123.40
LUKHOLWENI PRIMARY SCHOOL,350,4.0,87.50,4.0,87.50
MABOELLENG PRIMARY SCHOOL,,21.0,,16.0,
MABUYA SECONDARY SCHOOL,797,12.0,66.42,12.0,66.42
MADUME PRIMARY SCHOOL,477,12.0,39.75,12.0,39.75
MAHLAHLE PRIMARY SCHOOL,564,8.0,70.50,7.0,80.57
MAKAPANE PRIMARY SCHOOL,561,17.0,33.00,10.0,56.10
MANGWELE PRIMARY SCHOOL,233,6.0,38.83,6.0,38.83
MASHEMONG PRIMARY SCHOOL,536,11.0,48.73,9.0,59.56
MASIMINI PRIMARY SCHOOL,,14.0,,14.0,
MASIQHAKAZE SECONDARY SCHOOL,827,,,,
MASISEBENZE COMPREHENSIVE SCHOOL,,12.0,,12.0,
MATSIE STEYN PRIMARY SCHOOL,,12.0,,5.0,
MEADOWLANDS PRIMARY SCHOOL,220,6.0,36.67,5.0,44.00
MELODI PRIMARY SCHOOL,773,5.0,154.60,5.0,154.60
MENZI PRIMARY SCHOOL,,4.0,,4.0,
MICHAEL ZULU PRIMARY SCHOOL,,12.0,,7.0,
MODUOPO PRIMARY SCHOOL,536,16.0,33.50,16.0,33.50
MOGOGODI PRIMARY SCHOOL,201,11.0,18.27,7.0,28.71
MOHLOLI SECONDARY SCHOOL,639,6.0,106.50,4.0,159.75
MOKGOME SECONDARY SCHOOL,471,18.0,26.17,17.0,27.71
MONTSOSI PRIMARY SCHOOL,194,6.0,32.33,5.0,38.80
MOSHOESHOE PRIMARY SCHOOL,461,,,,
MOYISELA PRIMARY SCHOOL,522,15.0,34.80,14.0,37.29
MQINISWA PRIMARY SCHOOL,529,8.0,66.13,6.0,88.17
MUZOMSHA PRIMARY SCHOOL,,11.0,,11.0,
MVELAPHANDA PRIMARY SCHOOL,443,11.0,40.27,11.0,40.27
N'WA MHINGA PRIMARY SCHOOL,332,8.0,41.50,4.0,83.00
NCHABELENG PRIMARY SCHOOL,426,,,,
NKABINDE PRIMARY SCHOOL,394,12.0,32.83,12.0,32.83
NKUMBULO SECONDARY SCHOOL,629,27.0,23.30,26.0,24.19
NOMINI PRIMARY SCHOOL,243,,,,
NQUBELA PRIMARY SCHOOL,199,21.0,9.48,3.0,66.33
NTOKOZWENI PRIMARY SCHOOL,517,12.0,43.08,12.0,43.08
NTSELE PRIMARY SCHOOL,542,6.0,90.33,2.0,271.00
NTSIKANA PRIMARY SCHOOL,346,20.0,17.30,18.0,19.22
NYIKO PRIMARY SCHOOL,564,21.0,26.86,21.0,26.86
Nxineni Primary,693,14.0,49.50,13.0,53.31
O.R TAMBO PRIMARY SCHOOL,635,12.0,52.92,12.0,52.92
ORANGE FARM PRIMARY SCHOOL,,16.0,,12.0,
ORLANDO SECONDARY SCHOOL,437,9.0,48.56,6.0,72.83
PATOGENG PRIMARY SCHOOL,358,,,,
PHAMEHLO PRIMARY SCHOOL,279,7.0,39.86,7.0,39.86
PHANDIMFUNDO SECONDARY SCHOOL,700,17.0,41.18,8.0,87.50
PHELINDABA SECONDARY SCHOOL,495,3.0,165.00,2.0,247.50
PHOMOLONG PRIMARY SCHOOL,754,8.0,94.25,8.0,94.25
PHOMOLONG SECONDARY SCHOOL,714,14.0,51.00,14.0,51.00
PHORORONG PRIMARY SCHOOL,194,10.0,19.40,6.0,32.33
PHUTHADITSHABA PRIMARY SCHOOL,808,8.0,101.00,8.0,101.00
PHUTHULLA PRIMARY SCHOOL,406,6.5,62.46,5.0,81.20
PHUTHUMANI PRIMARY SCHOOL,589,15.0,39.27,11.0,53.55
POELANO SECONDARY SCHOOL,583,11.0,53.00,9.0,64.78
PUDUMO PRIMARY SCHOOL,,12.0,,10.0,
QEDUSIZI PRIMARY SCHOOL,400,12.0,33.33,12.0,33.33
QHAKAZANI PRIMARY SCHOOL,580,22.0,26.36,17.0,34.12
QUANTUM SECONDARY SCHOOL,417,6.0,69.50,5.0,83.40
REAGILE PRIMARY SCHOOL,851,27.5,30.95,15.0,56.73
REAKGONA PRIMARY SCHOOL,514,12.0,42.83,9.0,57.11
REALO  SECONDARY SCHOOL,881,14.0,62.93,11.0,80.09
REAMOHETSOE PRIMARY SCHOOL,,16.0,,4.0,
REKGUTLILE PRIMARY SCHOOL,573,9.0,63.67,9.0,63.67
RESIDENSIA SECONDARY SCHOOL,,12.0,,8.0,
RETLILE PRIMARY SCHOOL,,8.0,,8.0,
ROLIHLAHLA PRIMARY SCHOOL,639,4.0,159.75,3.0,213.00
Radibapi Primary,475,17.0,27.94,16.0,29.69
SAKHELWE PRIMARY SCHOOL,,,,,
SAPPHIRE SECONDARY SCHOOL,648,12.0,54.00,5.0,129.60
SAULRIDGE SECONDARY SCHOOL,472,10.0,47.20,10.0,47.20
SECHABA PRIMARY SCHOOL,223,13.0,17.15,13.0,17.15
SEDIBENG PRIMARY SCHOOL,423,9.0,47.00,8.0,52.88
SEEISO PRIMARY SCHOOL,,6.0,,5.0,
SELELEKELA SECONDARY SCHOOL,678,5.0,135.60,2.0,339.00
SELIBA PRIMARY SCHOOL,86,0.0,,0.0,
SELOPE-THEMA PRIMARY SCHOOL,,10.0,,9.0,
SEOTLOANA PRIMARY SCHOOL,70,8.0,8.75,8.0,8.75
SHADRACK MBAMBO PRIMARY SCHOOL,,18.0,,11.0,
SIBONELO PRIMARY SCHOOL,391,11.0,35.55,11.0,35.55
SIPHIWE PRIMARY SCHOOL,689,20.0,34.45,20.0,34.45
SIVUSE PRIMARY SCHOOL,489,5.0,97.80,4.0,122.25
SOZIZWE PRIMARY SCHOOL,241,,,,
SPHIWE PRIMARY SCHOOL,689,20.0,34.45,20.0,34.45
STEVE BIKO PRIMARY SCHOOL,,11.0,,6.0,
STRETFORD EXT 8 PRIMARY SCHOOL,498,7.0,71.14,6.0,83.00
TEMBISA SECONDARY SCHOOL,989,23.0,43.00,7.0,141.29
TEMBISA WEST SECONDARY SCHOOL,659,14.0,47.07,14.0,47.07
THEMBALIHLE PRIMARY SCHOOL,596,,,,
THEMBALIKAZULU PRIMARY SCHOOL,228,15.0,15.20,15.0,15.20
THETHA SECONDARY SCHOOL,,15.0,,9.0,
THOHO-YA-NDOU PRIMARY SCHOOL,321,12.0,26.75,10.0,32.10
THOPODI PRIMARY SCHOOL,505,15.0,33.67,15.0,33.67
THUTHUKA PRIMARY SCHOOL,525,22.0,23.86,21.0,25.00
THUTO KITSO SECONDARY SCHOOL,580,16.0,36.25,16.0,36.25
THUTOLORE SECONDARY SCHOOL,,9.0,,3.0,
TIYANI Junior secondary SCHOOL,140,6.0,23.33,5.0,28.00
TLAKULA SECONDARY SCHOOL,,6.0,,6.0,
TLHAKANANG PRIMARY SCHOOL,487,7.0,69.57,6.0,81.17
TLHOKOMELO PRIMARY SCHOOL,100,13.0,7.69,13.0,7.69
TLHOLO INTERMEDIATE SCHOOL,402,20.0,20.10,18.0,22.33
TOKELO SECONDARY SCHOOL,456,15.0,30.40,12.0,38.00
TOTOMENG PRIMARY SCHOOL,131,6.0,21.83,6.0,21.83
TSAKANE PRIMARY SCHOOL,,9.0,,8.0,
TSHIRELA PRIMARY SCHOOL,450,10.0,45.00,10.0,45.00
TSHIRELETSO PRIMARY SCHOOL,222,10.0,22.20,10.0,22.20
TSHITSO PRIMARY SCHOOL,181,10.0,18.10,7.0,25.86
TSIETSI MASHININI PRIMARY SCHOOL,210,8.0,26.25,8.0,26.25
TSIMONG PRIMARY SCHOOL,,14.0,,14.0,
TSITSIBOGA PRIMARY SCHOOL,250,11.0,22.73,8.0,31.25
TSOELOPELE PRIMARY SCHOOL,,,,,
TSWELELANG PRIMARY SCHOOL,,6.0,,4.0,
TSWELOPELE SECONDARY SCHOOL,618,12.0,51.50,10.0,61.80
UMTHAMBEKA PRIMARY SCHOOL,464,3.0,154.67,2.0,232.00
UNITY SECONDARY SCHOOL,886,15.0,59.07,12.0,73.83
VEZUKHONO SECONDARY SCHOOL,646,12.0,53.83,1.0,646.00
VULAMAZIBUKO PRIMARY SCHOOL,222,6.0,37.00,4.0,55.50
VUYO PRIMARY SCHOOL,159,2.0,79.50,2.0,79.50
WESTFIELDS PRIMARY SCHOOL,560,6.5,86.15,6.5,86.15
WINNIE MANDELA PRIMARY SCHOOL,35,20.0,1.75,19.0,1.84
WINNIE MANDELA SECONDARY SCHOOL,,13.5,,13.5,
ZAKHENI PRIMARY SCHOOL,,7.0,,7.0,
ZAMANI PRIMARY SCHOOL,401,8.0,50.13,8.0,50.13
ZENZELENI PRIMARY SCHOOL,,10.0,,8.0,
ZIFUNELENI JUNIOR SECONDARY  (COMB. PRIMARY) SCHOOL,609,18.0,33.83,11.0,55.36
ZIMISELE SECONDARY SCHOOL,475,16.0,29.69,4.0,118.75
ZITHA PRIMARY,239,12.0,19.92,7.0,34.14
ZITHATHELE PRIMARY SCHOOL,747,6.0,124.50,6.0,124.50
ZITHEMBENI PRIMARY SCHOOL,424,11.0,38.55,11.0,38.55
ZITIKENI SECONDARY SCHOOL,795,11.0,72.27,9.0,88.33
