School name,Version name,Is Verified,District,NEIMS Number,Province,Type,Grade 5 Students,Grade 5 Teachers,Grade 5 Classrooms,Grade 5 Number of Students to 1 Teacher,Grade 6 Students,Grade 6 Teachers,Grade 6 Classrooms,Grade 6 Number of Students to 1 Teacher,Grade 7 Students,Grade 7 Teachers,Grade 7 Classrooms,Grade 7 Number of Students to 1 Teacher,Grade 8 Students,Grade 8 Teachers,Grade 8 Classrooms,Grade 8 Number of Students to 1 Teacher,Grade 9 Students,Grade 9 Teachers,Grade 9 Classrooms,Grade 9 Number of Students to 1 Teacher,Grade 10 Students,Grade 10 Teachers,Grade 10 Classrooms,Grade 10 Number of Students to 1 Teacher,Total Students in School,Total Teachers in School,Total Classrooms in School,Total Number of Students to 1 Teacher
INKONJANE JUNIOR SECONDARY SCHOOL,V2 Yossi Bank,true,JOHANNESBURG WEST,700140582,GAUTENG,Other,,,,,,,,,60,,,,93,,,,67,,,,,,,,220,,,
JOB RATHEBE PRIMARY SCHOOL,Sabelo verified,true,JOHANNESBURG NORTH,700132332,GAUTENG,Other,,,,,,,,,173,,,,320,,,,300,,,,,,,,793,24,,33.04
NOMINI PRIMARY SCHOOL,Sabelo verified,true,JOHANNESBURG SOUTH,700331108,GAUTENG,Other,184,4,4,46.00,143,3,3,47.67,153,3,3,51.00,19,1,1,19.00,,,,,,,,,499,31,11,16.10
TIYANI Junior secondary SCHOOL,SABELO VERIFIED,true,JOHANNESBURG NORTH,700141028,GAUTENG,Other,,,,,,,,,105,5,3,21.00,95,7,2,13.57,74,7,3,10.57,,,,,274,19,8,14.42
VULAMAZIBUKO PRIMARY SCHOOL,V2 Yossi Bank,true,JOHANNESBURG NORTH,700141150,GAUTENG,Other,45,3,2,15.00,107,3,3,35.67,99,3,3,33.00,111,3,3,37.00,56,2,2,28.00,,,,,419,14,13,29.93
ZAKHENI PRIMARY SCHOOL,Sympathy varified,true,JOHANNESBURG NORTH,700133306,GAUTENG,Other,,,,,,,,,,,,,,,,,,,,,,,,,564,15,,37.60
ZIFUNELENI JUNIOR SECONDARY  (COMB. PRIMARY) SCHOOL,SABELO VERIFIED,true,JOHANNESBURG NORTH,700133314,GAUTENG,Other,,,,,,,,,330,,6,,403,,7,,424,,7,,,,,,1157,33,20,35.06
