Statistics for Gauteng Province,Number,Total observed,Percentage
Schools with 1+ classes with 35+ students/teacher,72,80,90.00
Schools with 1+ classes with 40+ students/teacher,65,80,81.25
Schools with 1+ classes with 45+ students/teacher,58,80,72.50
Schools with 1+ classes with 50+ students/teacher,41,80,51.25
Schools with 1+ teachers without a desk,27,115,23.48
Schools with over 1 students without a chair,65,75,86.67
Schools with over 1 students without a desk,64,76,84.21
Schools with classrooms with a hole in ceiling or floor,64,127,50.39
Schools with irregular use of a classroom[1],20,127,15.75
Broken desks (percentage represents percentage of total desks observed),2496,28302,8.82
Broken chairs (percentage represents percentage of total chairs observed),4339,45707,9.49
Broken windows (percentage represents percentage of total chairs observed),1277,12029,10.62
