_id,buildingMaterials_anyPart,buildingMaterials_entireSchool,comment,version_id
"3BombPGXMXtCAnJ5a","[ ""No"" ]","[ ""No"" ]",,"DwG2tAAFC8W79Ckxx"
"3LWyCp9v9qdhyCe4n","[ ""No"" ]","[ ""No"" ]",,"qCqx8rN4JLCHpEwF4"
"3ZyyGDMWNvCKRtJCy","[ ""No"" ]","[ ""No"" ]",,"A82Sqxg6dWo9BjRw7"
"4Y8aXSrugwJpptJYR","[ ""No"" ]","{ ""0"" : ""No"" }",,"yuLFP8PQcXB6aAAm6"
"54FaF9LtedQZMgnzd","[ ""No"" ]","[ ""No"" ]",,"gpABZNKAeZxGARLNE"
"5DMaysFsuBFRtpgbJ","[ ""No"" ]","[ ""No"" ]",,"y3Rzmw2pDYqioZ8WC"
"5GWHAAnvqeKWyMvPv","[ ""No"" ]",,,"tdRzrm36MQJ2raFea"
"5azveik5BnJDrY4jS","[ ""No"" ]","[ ""No"" ]",,"tDKj5hfjzok3tbGs9"
"5hTrrjRn5RTrkwqT8","[ ""No"" ]","[ ""No"" ]",,"X4uSNwu6z2y2MdNwA"
"5wXRFBmWfJuiPoEwP","[ ""No"" ]","[ ""No"" ]",,"rgipwMLK9skQK2EuA"
"6XmMnSGuZbgeJqhpf","[ ""No"" ]","[ ""No"" ]",,"XKxt23fR8Fujkyiim"
"75D4JuaEuCrGifJQE","[ ""No"" ]","[ ""No"" ]",,"uiiC6LpdXHBickDqX"
"777GoTwDDgRtD6F9L","[ ""Asbestos"" ]","[ ""No"" ]",,"6nyrh8pzbNxMHyu4J"
"82WiuwHKY3WNPvhXD","[ ""No"" ]","[ ""No"" ]",,"y8vNYzZpy3A9BHx6W"
"8qPtDkmXywdWwwwYR","[ ""No"" ]","[ ""No"" ]",,"xp2bxhMm4Yoeu9jho"
"8rTCPDLo3hQspbKQQ","[ ""No"" ]","[ ""No"" ]",,"BL89Y49hLjtAgtj9C"
"92iiEMChiYP7LhFqS","[ ""No"" ]","[ ""No"" ]",,"5QzLWMPF8grmhh3G5"
"9MGAMgfCswYBN7mZh","[ ""Asbestos"" ]","[ ""Asbestos"" ]",,"ra2zX3jjBPguj6bc3"
"9eTaQzv8Y28miZbfa","[ ""No"" ]","[ ""No"" ]",,"syBSsyuaG3J2rk8ky"
"9te5FnvvwaesRxRwM","[ ""No"" ]","[ ""No"" ]",,"q7rLbRb4nxtPxfoSc"
"9zRrhPPpbNt9hjHeA","[ ""No"" ]","[ ""No"" ]",,"Zyuc4wPBmxQPcNyjF"
"AapQbRpajrDi5DDfv","[ ""Asbestos"" ]",,,"pRKnFJGLubdAiTZEy"
"AsuqL9DgF3R3jseeT","[ ""No"" ]","[ ""No"" ]",,"o6KRqZ8m5YyPCmxEu"
"Aw5ecfQctekRvsmRX","[ ""No"" ]","[ ""No"" ]",,"LZ7sJWsXTML9asLdD"
"AysJ4GEPfWCpBy5JS","[ ""No"" ]","[ ""No"" ]",,"tMjiiRvEEAsNmSJGx"
"B73AgxWqH4xq3cPw4","[ ""No"" ]","[ ""No"" ]",,"93KanXF8i8wGs4YKw"
"BAQDTuQxE36YcDTEC","[ ""No"" ]","{ ""0"" : ""No"" }",,"bEf9GjYAyqAqY3bhw"
"BX4PNWrzaCyBQo8yc","[ ""No"" ]","[ ""No"" ]",,"rRCnvnKF3KB68xQfw"
"BYxyZ4ij5mfomwsWx","[ ""No"" ]","[ ""No"" ]",,"FkDMg4ekjDHWExDuv"
"BnrcdDLFs4Mwdip7s","[ ""No"" ]","[ ""No"" ]",,"k652o58moXsybbDfm"
"Boj4PKkRPNhfEneGS","[ ""No"" ]","[ ""No"" ]",,"aQ4BMeoFWmo4HrHqF"
"Bp6w6WfkniBYuEfKb","[ ""No"" ]","{ ""0"" : ""No"" }",,"EtsNuLzuvqcqdM943"
"BtSTwaGP8rPrWsye2","[ ""No"" ]","[ ""No"" ]",,"8pdqiKPuW9emmvdMA"
"BusJSq5dL7ub8DGgw","[ ""No"" ]","[ ""No"" ]",,"CoWKa7AHpYehwgjN4"
"CNGEYmbxFaREY26vk","[ ""No"" ]","[ ""No"" ]",,"MYuCFef7Fjt8yRX8d"
"Ce873M4PYsv9GpAAR",,,,"ZgR4zqFothSycL9hz"
"CfX7N2k8b7PNNAnjn","[ ""No"" ]","[ ""No"" ]",,"ZNXsgBEk2evJkTYso"
"CgmgCyxBMQWo3SkTD","[ ""No"" ]","[ ""No"" ]",,"bf5Ltec4dXsz7pEX9"
"CiLRv2kqddpc7zp2e","[ ""No"" ]",,,"esLPjFoMCrf7aGwqS"
"CiPhwJeMjXqNRXCPT","[ ""No"" ]","[ ""No"" ]",,"Hjqy94n4PwNqwN5uA"
"CjL3pFZJeLAqEq9q4","[ ""No"" ]","[ ""No"" ]",,"cDYo2z98FGZzNHPMM"
"CoSi32EjvJ4Spm4S7","[ ""No"" ]","[ ""No"" ]",,"AHHiQixZscHdnSQpM"
"Cv56soWGLkFsrYGvs","[ ""No"" ]","[ ""No"" ]",,"3CZM6LyxfbGxQ676w"
"DESEWQxvYcWPWi8N2",,,,"8FucY8f4FTzL2XmhY"
"DMm78XXft2DvfS3xT","[ ""No"" ]","[ ""No"" ]",,"74LtY73iZk5nAgKN4"
"DPKYSYfc2uBoehue7","[ ""No"" ]","[ ""No"" ]",,"5iHufHeS6B2XBsHTB"
"DhzmyF7LenBrp9s9a","[ ""No"" ]","[ ""No"" ]",,"5PhvChXDzSoaBymWp"
"DsSc5ZP2WcZm4DTcw","[ ""No"" ]","[ ""No"" ]",,"MrCRY4JkG2RtXRzjf"
"ELJhjWvZBaNxSXdhf","[ ""No"" ]","[ ""No"" ]",,"Z9wz3QcLwmRfGuaeT"
"ELouM8MmHNxd4FHYd",,"{ ""0"" : ""No"" }",,"2G6DH4Aiu8dpRQyrD"
"EfQKYuR4t7AdkXwQE",,,,"LTccQvtsRbQdnvd4x"
"Euu727n6yT2wFiPjH","[ ""No"" ]","[ ""No"" ]",,"rCApJ97XLJY5xuoJY"
"Ex7EbYnSeB252FSdP","[ ""No"" ]","[ ""No"" ]",,"S47bpHzXts94zC2ke"
"Fmbqj7Cs3D38rq9Av",,,,"giGaTXuXxZQxCGaMd"
"ForaTk5oEEGqFFvBv","[ ""No"" ]","{ ""0"" : ""No"" }",,"8EkWbb3qMosGvaWyT"
"G4wHqx6H7TQ4CNzte",,,,"2gqMBsR5BKHB3TEv6"
"GGDFNLtB7vQBk5Zsr","[ ""No"" ]","[ ""No"" ]",,"7qkXEP7zRNRG2EXxW"
"GGzCqS8msrRQoPDBi","[ ""No"" ]","[ ""No"" ]",,"AQmqsTKLbbQgfAmzP"
"GYDCdHKQBhkRoSdYc","[ ""No"" ]","[ ""No"" ]",,"H2wSN9EFbKzeSGjCh"
"GewxnK6HobcE5voXh","[ ""No"" ]","{ ""0"" : ""No"" }",,"g2zngXhSLP6Xe7qtg"
"Gp5ebZ5Gpf7SXjhy7","[ ""No"" ]","[ ""No"" ]",,"zpLEh72kC58ryRpxt"
"Gw8tYeJMLDrvWWwsB","[ ""No"" ]","[ ""No"" ]",,"NTo8EK8jnLkjB93Hd"
"H55o7434nXaHRCKqz","[ ""No"" ]","[ ""No"" ]",,"r5bdwdb45e7jr6JZB"
"H97dyBnJpXdneTTzg","[ ""No"" ]","{ ""0"" : ""No"" }",,"922NEXkq8CZy6PH7L"
"H9MvQvMquaJ7g26Z5","[ ""No"" ]","{ ""0"" : ""No"" }",,"tqMTBWRbAuYsAqATz"
"HLL65eRzSsPAKaE3v",,,,"siZhhkH29MMEnswvu"
"HTc9R5d6EGPsQr9xx","[ ""No"" ]","{ ""0"" : ""No"" }",,"jSDZSbr7cMPKgibe7"
"HXbJacXYEzJvPkLvj","[ ""No"" ]","[ ""No"" ]",,"Rvf9JkpRBRozBsyiq"
"HZv7898Za9vuKBnw5","[ ""No"" ]","[ ""No"" ]",,"BpGigPup4eyijh28x"
"J7akRX5AWEY8frpNZ","[ ""No"" ]","[ ""No"" ]",,"LJC3JBYxgkbi8GzAP"
"JRATDxkhMhMPw2ANH","[ ""No"" ]","[ ""No"" ]",,"bMEYkfLEMjEHiTFux"
"JSkGmKJTnkMtMs2Xt","[ ""Asbestos"" ]",,,"6ZNqRnThWfJTjmtzh"
"KCYDDnqS2AfsDTBx8","[ ""No"" ]","[ ""No"" ]",,"qqTGPEnmDQRrarBSw"
"KeXA4mKNRRBCTEZrq","[ ""No"" ]","[ ""No"" ]",,"ZMuo7tqss7QrYPuwZ"
"KyDeLYniWr5pXF7Qf","[ ""No"" ]","[ ""No"" ]",,"n9gEojJ6K5eKYJ4c2"
"L6La3ZR4H9Ba9vRYG","[ ""No"" ]","{ ""0"" : ""No"" }",,"NY3CpQoLXKGkXkq8b"
"LHwmFsesW682dKacy","[ ""No"" ]","[ ""No"" ]",,"bHZpmA7SpQzx29CQk"
"LbKK5Y29c2k4Jj3Mh","[ ""No"" ]","[ ""No"" ]",,"RHG8484wnsaqifrig"
"M4Ego7bzB2ZHzisfN","[ ""No"" ]","[ ""No"" ]",,"WdTssNZoaRHCT3LMG"
"MZgAiGF7JufFvR6zZ","[ ""No"" ]","[ ""No"" ]",,"vZkChYaMACHarXWxC"
"NPfXGjqAp9YARxrjr","[ ""No"" ]","[ ""No"" ]",,"aMRD37JGNEmrz9FZ9"
"NbfDQXoK2sJwovdY8","[ ""No"" ]","[ ""No"" ]",,"eqJ28tbWRDYX6YPkp"
"Ng7QDWSMqMFSWdkRY","[ ""No"" ]","[ ""No"" ]",,"jR3LMPDnnHi7xvLcp"
"Nmbnng4i2YZuk99sC","[ ""No"" ]","[ ""No"" ]",,"pamnvbjX3nHtQtv4D"
"NpYRxWwBSZtFqeJnm","[ ""No"" ]","{ ""0"" : ""No"" }",,"fkuEy7WKs5HL2NM6z"
"NwqxQGLGuh69drK56","[ ""No"" ]","[ ""No"" ]",,"ZrghZT93L2bSWSofg"
"NwyidZsgy6brN2j9u",,,,"cQQF5juB8JG3jNbNs"
"NzKaftvvzqBXmodoL","[ ""No"" ]","[ ""Mud"" ]",,"FpTsqHm4D3ttwK8dY"
"Q3o9MFiTcKKRZes6W","[ ""No"" ]","[ ""No"" ]",,"r8FrZJWZGiB9zPmmc"
"Q5qNHtWNm5dcqm7Nj","[ ""No"" ]","[ ""No"" ]",,"KrNZ7H2XmHuPpHRrN"
"Q84tecsTRsXJbGzn9","[ ""No"" ]","[ ""No"" ]",,"3XdLNoiuCRA5T5Dfc"
"Q8CwSpevWbaiWrG58","[ ""No"" ]","[ ""No"" ]",,"gZKefKr3T7kQ7yZdd"
"QLYaM7PDuw4TvTBHc","[ ""No"" ]","[ ""No"" ]",,"PySjA6yQMoXAyS2z8"
"QcSaafwgLAnb4rt78","[ ""No"" ]","[ ""No"" ]",,"6XmRH2cDbjXJd8Zri"
"QogrBRTPnHsuNeqok","[ ""No"" ]","[ ""No"" ]",,"xsLXqpcynPeYTwiXE"
"QsSYm7evSCduZhHFy","[ ""No"" ]","[ ""No"" ]",,"7Lt26udxHfpKtyAwY"
"RAcA8sYvDiiCeP2dy","[ ""No"" ]","[ ""Mud"" ]",,"mu6wNPMzZ754NLLnE"
"RrmpCyx7eAP7sDckY",,,,"WszeF9gAuQuHMNHLC"
"SGZEJJuqvgqe5vRdH","[ ""No"" ]",,,"wfdMKsnKg56v7y6uJ"
"SJkaHHLdfeH5iXkDN","[ ""No"" ]","[ ""No"" ]",,"bPfY5thaXn4EAdkXw"
"SM9fKZqjm7BfgeaW9","[ ""No"" ]","[ ""No"" ]",,"bAExKd8RN5BhHzb3z"
"THCWhAA5p4gCKZtez","[ ""No"" ]","[ ""No"" ]",,"YLYWLt3BFmbGuRHBQ"
"TeF4kERrdGb8vXYzN","[ ""No"" ]","[ ""No"" ]",,"ZQpQXXcpAjvZC2ony"
"W9HgWA6rimEvu7wE2","[ ""No"" ]","[ ""No"" ]",,"eg2P5ZFGTcwctmdcA"
"WB7gkAZ9TjG9yt7vY","[ ""No"" ]","[ ""No"" ]",,"qYqekSfSRExjXJrGM"
"WQCGaCpgtxdzFvKip","[ ""No"" ]","[ ""No"" ]",,"MtKWmrDmPtx6hTjXm"
"WZ7MeQqAYQXizYpq5","[ ""No"" ]","{ ""0"" : ""No"" }",,"hTroeBPPurCSNxDGe"
"WZanr7qnFfcgyQFsd","[ ""No"" ]","[ ""No"" ]",,"x39JZC9Q749pXeEbY"
"WxeGDqwFkmLzRzYXQ",,,,"QBmBALzw89kwmHz2B"
"XDohmATPPidq4iSLh","[ ""No"" ]",,,"E7KSgcfSqaoDb5BEE"
"XyjS3LaxQFdLZiuow","[ ""No"" ]","[ ""No"" ]",,"hk4XMrnHxTastfL7s"
"Y4pEYE5RQSBNkrXBg","[ ""No"" ]","{ ""0"" : ""No"" }",,"Q2SemXMcpEX5NfYsD"
"YXXayizFcNA5wdr4k","[ ""No"", ""Mud"" ]","{ ""0"" : ""No"" }",,"55foHoJLBDfwGwTWD"
"YgkmwtBRBiS7KZa8q","[ ""No"" ]","[ ""No"" ]",,"LrmX8FAuJMKckWE6c"
"YhEChT7BBNvbrGqEz","[ ""No"" ]","[ ""No"" ]",,"EtHDHYs97BCxasggi"
"YoZ3zP9ozkpbkv3dQ","[ ""No"" ]","[ ""No"" ]",,"yAYPTyMxnk5pj2zT9"
"YotbCXeyDCyJwuuy5","[ ""No"" ]","[ ""No"" ]",,"3uXaw9N4tJkFZKXSt"
"YzjZA42nPQteRF9m8","[ ""No"" ]","[ ""No"" ]",,"Ch6HJ6DZmFCYxKkww"
"ZvgrKQ2aGJmaRrd3M","[ ""No"" ]","[ ""No"" ]",,"Sa8QfeRArxjpbStqt"
"ZyhBCas7cHuxAL7pn","[ ""No"" ]","[ ""No"" ]",,"drsWF9n9G7CxbrANB"
"a4zu3vQfNhmWHocAx","[ ""No"" ]","[ ""No"" ]",,"7jdhLaYzWcCtFduQg"
"a8gz3ABRPizq3mJqo","[ ""No"" ]","[ ""No"" ]",,"6cFA5fAxPtQzaP5bz"
"avJ5wynn8Efezrtka","[ ""Asbestos"" ]","[ ""Asbestos"" ]",,"ocFaNqXzeBvD5hiAZ"
"ayEm37k2EsTYCEXxd","[ ""No"" ]","[ ""No"" ]",,"2Qm9dY2unum62oDu7"
"b7DqFs65zfSP6rijS","[ ""No"" ]","[ ""No"" ]",,"SNuf4DBJszmQrAzS4"
"bDS5vn8buv7yNbtQA","[ ""No"" ]","[ ""No"" ]",,"9NYELJLrE2z96eKGu"
"bGcshuQxxx6RQGJMu","[ ""No"" ]","[ ""No"" ]",,"EbrJ8dHAyrQTpSaNj"
"bcsaB4k9DbE2ri3Zq","[ ""No"" ]","{ ""0"" : ""No"" }",,"95AYoAp6AiYz3KZ2t"
"bd6nwskxEiKipkT3t","[ ""No"" ]","{ ""0"" : ""No"" }",,"srdTLx3pxML3nwKPr"
"cbQZBYu8A35xDNequ","[ ""No"" ]","[ ""No"" ]",,"qs4DrHmATWN59Tptg"
"dJ3SbDx8kDTMsKZR5","[ ""No"" ]","[ ""No"" ]",,"dLHdmSdFbLWF2kJqy"
"dT3hPoLfAHC2HHWTj","[ ""No"" ]","[ ""No"" ]",,"gPuKrSrjRHYQAhofp"
"ddetnfocM4sfoJoHa",,,,"HMfiK9msnxvBpZRTv"
"dee2c7LDyxNtNCD5M","[ ""No"" ]","[ ""No"" ]",,"dBu8rGN6ZLKj4rb4e"
"dsAwSSjrjQFSWq3tE","[ ""No"" ]","[ ""No"" ]",,"3tbjfT8zZ2fPGfiwc"
"e3txeXFKZqMDJzqLb","[ ""Asbestos"" ]","[ ""Asbestos"" ]",,"tkbM3Jp4KjPx4H5qC"
"eapAQ4gxNaZTJLc9J","[ ""Asbestos"" ]","[ ""Asbestos"" ]",,"SDQzcRxtroyWa7uGB"
"f7ffqoCwdYR8CXsMJ","[ ""No"" ]","[ ""No"" ]",,"kY8pdvG9t8eN5CY4h"
"fGAKSdo8Tds3Qec5d","[ ""No"" ]","[ ""No"" ]",,"eaN2HpTXfZTyuJHLY"
"fGkLq4rHfDxntqKwy","[ ""No"" ]","[ ""No"" ]",,"AGiLx4gigQqYMN4fT"
"fb5a2nu4dm3meRoxH","[ ""No"" ]","[ ""No"" ]",,"Kqq9XsRqsRQM6PjGn"
"gEtEuXufCmGcvzzD4","[ ""No"" ]",,,"JpDqQfLuuC9qJrici"
"gG8DkC569LrrkbKuB","[ ""No"" ]","[ ""No"" ]",,"A7HS55Lmpv7eWduhv"
"gtpNj8QjYDzQmGAXp","[ ""No"" ]","[ ""No"" ]",,"uyB7xpWYkTuuhsLzS"
"h2gABWvatysuzQmKj","[ ""No"" ]","[ ""No"" ]",,"GdT4e3QnaH2fX4vAA"
"hyeRTb3ZJqHDMLavM","[ ""No"" ]","[ ""Mud"" ]",,"S3LbwsmZGkiiekXEX"
"iBRBC74zyfwp6SmBr","[ ""No"" ]","[ ""No"" ]",,"sfN5HAvKti5hRvPxZ"
"iYH9ZcfELp7Pfn9ep","[ ""No"" ]","[ ""No"" ]",,"68f6ufafjEtTD87dK"
"iqoH2p5Gau9PYA2gX","[ ""Wood"", ""Asbestos"" ]","[ ""No"" ]",,"vPSPXjGpC6ABc9Szc"
"itsaus4F8MjXbzX8A","[ ""No"" ]","[ ""No"" ]",,"g6orxjw6EmCqYup83"
"j2ni9tEGFdp8TgESs","[ ""No"" ]","[ ""No"" ]",,"EyHGQ2ctZRGcPQ4Lc"
"jBYknCMhifeSHWxXL","[ ""No"" ]","[ ""No"" ]",,"ojqksxwnmxWXpM8n6"
"jCLpNh5MfmvympoW7","[ ""No"" ]","[ ""No"" ]",,"myEbntbNmwtRJAXXn"
"jCXcYKCcifEFgXy5u","[ ""No"" ]","[ ""No"" ]",,"2zRbjDBfz4zB8Tv6q"
"jDfp6tPMh7rFfjbQh","[ ""No"" ]","[ ""No"" ]",,"2rqTjwusZ8tc8nbYt"
"jMuHgTpqHCfBekxcG","[ ""No"" ]","{ ""0"" : ""No"" }",,"Gfj3WRS3Y8w4dmyph"
"jRGtNZHrAq3Rhnaun","[ ""No"" ]","[ ""No"" ]",,"WeXHdZMumEMFyckHq"
"jRem9PAvFKWw4CCyx","[ ""No"" ]","[ ""No"" ]",,"6iixm3MYropadAMjX"
"k2AN4gxbxWQZNnEPE","[ ""No"" ]","[ ""No"" ]","There is an open space which is not safe for children to play around","ufaeHuMMa97ge5aCK"
"k4N7KTQuEBDeAnEJP","[ ""No"" ]","[ ""No"" ]",,"ZQvS49GgfM6XNnqij"
"kDkakFCdJXkTvcxmp","[ ""No"" ]","[ ""No"" ]",,"GQPE7rurt9bb7DM5a"
"kNM7hjbc9GnaW3v6W","[ ""No"" ]","[ ""No"" ]",,"A9g2JXbafa9hggA23"
"kzf7ShEfChcwaqGfs","[ ""No"" ]","[ ""No"" ]",,"Y2gH7TZojYSgJ6J3i"
"mSuDzsgnef8SkTFxB","[ ""No"" ]",,,"SeRiR2xnt35DWtRzX"
"nNWixoMmpnh7sFfMb","[ ""No"" ]","[ ""No"" ]",,"HKHTs5NYM9YcNKmA3"
"o8SyNbEJoDpHmR82j","[ ""No"" ]","[ ""No"" ]",,"pqm6NksjcwAhrDwyH"
"ocAub5mdwrEAzfQto","[ ""No"" ]","[ ""No"" ]",,"FEAD8jBu7LbHezy2j"
"pGekoZRCoG67Caq9S","[ ""No"" ]","[ ""No"" ]",,"Qmhp6bLYHrRTc42wc"
"pKx438FQoqSXvBj82",,,,"4avNjjRgrzrEpwKMN"
"qMmMFRYaj8fAtdurw","[ ""No"" ]","[ ""No"" ]",,"P4wqK6rnJQahfhFTr"
"qYXK5ggesvFCoCCEB","[ ""No"" ]","[ ""No"" ]",,"q7vvj7t7uptnim45G"
"qkrgFMxt8k9MZFwXi","[ ""No"" ]","[ ""No"" ]",,"JMwctXTYdunvweNYD"
"qtzm5dH9shTLvETHD","[ ""No"" ]","[ ""No"" ]",,"4zo5MNwbBvTPykbFg"
"rpZ6crBktCq7CRhBZ","[ ""No"" ]","[ ""No"" ]",,"HE7QyZrdjZD4TwigW"
"s68ku2iC9uB7kHxzp","[ ""Asbestos"" ]","{ ""0"" : ""No"" }",,"Tnm69CSqqbdHg9obr"
"sQZeLdkadMaRsKur3","[ ""No"" ]","[ ""No"" ]",,"HushLZncKDsTyJhfN"
"sXMMcYWWSv5HYroxu","[ ""No"" ]","[ ""No"" ]",,"Dddj3YJBuiuGmAQFQ"
"suDYPhQdu6a7LqGcF","[ ""No"" ]",,,"u2mAvGSYipuFCETW2"
"tMTprZYRKdxxuXB3Z","[ ""Asbestos"" ]","[ ""Asbestos"" ]",,"2smWdy5ZETPXoRrYG"
"tN7AaJYWE5SzXY96m",,,,"sXauHMaoiXsoSamWK"
"tPf6qLm7CkE28HPYM","[ ""Asbestos"" ]","[ ""No"" ]",,"hBG3H9epZYnScCbtp"
"tT2DmWSAFoCL7fGrh","[ ""No"" ]","[ ""No"" ]",,"hJppCjP9YgzQPhsxp"
"tXwF7cuJekBM84TsQ","[ ""No"" ]","[ ""No"" ]",,"BwK89vufnm6iCSJhQ"
"tisWJywAZcD6QqDzX","[ ""No"" ]","[ ""No"" ]",,"LBujyFwCgPkGzWSZy"
"uA3eHvMMWwXuSvDJv","[ ""No"" ]","[ ""No"" ]",,"KDmkojmtPfcEEQ3vv"
"uXsDkr29486jgnEHR","[ ""No"" ]","[ ""No"" ]",,"HZFjNDTejF5ga78Sx"
"udFHfwYB5uQLL4gww","[ ""No"" ]","[ ""No"" ]",,"XTL9gvLr9S2MmMsjJ"
"v5zdNyqLFMT6rkBtY","[ ""No"" ]","[ ""No"" ]",,"7sAKJvmox8vK6GJBv"
"vYwFjqGWLvBtN7sRr","[ ""No"" ]","[ ""No"" ]",,"LD7hazozFmAuLNBgP"
"voB75fuT5W9Pv6WXj","[ ""No"" ]","[ ""No"" ]",,"GaE7jrBwPxNR4AK72"
"wRQnvuDAJKZeMAaZT","[ ""No"" ]","{ ""0"" : ""No"" }",,"XYLgc3p2tmFJ6nGJb"
"wj4j6xkuqeoJHtQ3b","[ ""No"" ]","[ ""No"" ]",,"METTMMRQRhoWxKdRt"
"wwaK6wt8ZkPWHCzbp","[ ""No"" ]","{ ""0"" : ""No"" }",,"tC7ee9TXmJ8oDEcRe"
"wxxjtDg9ASsrRR8Da",,,,"sfgS3CrJFoTBvFQ72"
"wzKyy7TAdqgHFoMWz",,,,"uvAsG8PGNZNED5pxz"
"xDAjGgNmvfyhhCrnY","[ ""No"" ]","[ ""No"" ]",,"opzRuPL9N8RSzCNsi"
"xKgxnf6wCSe66PySK","[ ""No"" ]","[ ""No"" ]",,"4F5Qwq5cmL34WsvHP"
"xn78CaBbCrxN2scmN","[ ""No"" ]","[ ""No"" ]",,"vQsgY2cMuHRHHxN5X"
"yCousa6CQQEAEMu7v","[ ""No"" ]",,,"qsXPNNQE3pWkdTbfb"
"yGZ9vxjifb4LXyp5p","[ ""No"" ]","[ ""No"" ]",,"efr9txWNfPHw3AhD7"
"yLvP2oeJ9usriz25H","[ ""Mud"" ]","[ ""Mud"" ]",,"MYybcL4ntNLDfPjZt"
"yaLjCaPHgMw2p3c2d","[ ""No"" ]","[ ""No"" ]",,"eiaeXipXaywPNGZ7X"
"z9XjGWPgEB6NKWEud","[ ""No"" ]","[ ""No"" ]",,"Sue8DWeGKHPKAyQBi"
"zJ2WsXeCYZfRx5vWR","[ ""No"" ]","[ ""No"" ]",,"6yXgt6quvcZfmQiWf"
"zgmz9ykQjhqH7impm","[ ""No"" ]","[ ""No"" ]",,"fXPmfwBo9N6rx7mLh"
"zhStunzoQiFDDv4PY","[ ""No"" ]","[ ""No"" ]",,"hrfAaJLuuBvdukdf9"
