_id,date,auditorName,auditorPhoneNumber,auditorEmail,name,phoneNumber,email,comment,version_id
"246z9XisA25yRwbB3","2015-03-19","Nomthandazo","0607343421",,,,,,"J8iGazpt3MwprEvbp"
"2huA6PpESvYHdRdsa","2015-03-19","TABISILE","0731095733",,"KD KUBHEKA","0119851199",,,"4F5Qwq5cmL34WsvHP"
"2taRicebpqM492Lqz","2015-03-17","Lebohang Mlambo","0730733647",,,,,,"4z6ESappfnPWNQ98D"
"2yzpbZQCcgZkDgByE","2015-03-18","STHEMBILE SIMELANE","0733681210","MR.C.M.MANAKA","(011) 939 3712",,,,"y3Rzmw2pDYqioZ8WC"
"3KfNuDuZDAksWErHf","2015-03-17","Dineo Phukubje","0713441547",,,,,,"Gfj3WRS3Y8w4dmyph"
"4pv3oYsjn6pQnuz7d","2015-03-20","KHOLWANI","0607314339",,"MR MATSHOMO","0737930707",,,"MYuCFef7Fjt8yRX8d"
"5PffJktkpzTpyYFYP","2015-03-23","Tshepo Bila","0606862899","Tshepombila@Gmail.com","Mrs. B.G.N. Letsoele",,"N/A",,"6yXgt6quvcZfmQiWf"
"5RKAMxzsTndsrXtFN",,"GUGULETHU MDAWE","0731329023",,,,,,"pqm6NksjcwAhrDwyH"
"6HMAMSTxJk7CcgcLc","2015-03-15","nomsa zwane","0781126743",,"H.MC HLOANE",,,,"LrmX8FAuJMKckWE6c"
"6KNCJorpnBrPtXvfi","2015-03-23","NHLANHLA MAHLANGU","0619716046",,,"0825528680",,,"ayNNoGKj3iCnECzSg"
"6tM95Fwr56jcHCeXc",,"Sfiso mollo","0726009706",,"Mr R.M Maleke","0187831267",,,"qs4DrHmATWN59Tptg"
"6xpmMeW8Gdcf5gwZo","2015-03-24","Kgotso","0762744252",,"Z. M. Lebelo",,,,"dmcSwWf7Zcge6eHR8"
"7G47RoHdCrm8FpqoK",,,,,,,,,"siZhhkH29MMEnswvu"
"7royWQ2AtNDkKv2Zj","2015-04-15","london litsie","0604044737","MRS M.M.NDUMO","0736411077",,,,"k652o58moXsybbDfm"
"8FpCs45QqcpapHm9L","2015-03-17","ziphozihle jafta","0731445030",,,,,,"LBujyFwCgPkGzWSZy"
"8GACMFNgerRB5ntN8","2015-03-18","KHOLWANI","0607314339",,"L.NOMDA","0713598638",,,"eqJ28tbWRDYX6YPkp"
"8NNx8KRtB5iiGE2qc","2015-03-19","Thabang Mabuza","0786006062",,,,,,"bHZpmA7SpQzx29CQk"
"8TTBL933FCW5D4sMX",,"Lebohong",,,"Baase SA","0826524215",,,"kY8pdvG9t8eN5CY4h"
"8Tn83v8eQowLoejuS","2015-03-16","NOMSA ZWANE","0781126743",,,,,,"ufaeHuMMa97ge5aCK"
"8uwSKRQp68pxC4EeT","2015-03-17","NKULULEKO","0621350654",,,,,,"x39JZC9Q749pXeEbY"
"9v5SsjKRSBwnicPJv","2015-04-14","lizzie Mofokeng","0736340583",,"MARS. T. More","0825544076",,,"pamnvbjX3nHtQtv4D"
"AieEZW7GWhXqWygcQ","2015-03-18","0728963957",,,,,,,"syBSsyuaG3J2rk8ky"
"ApYr7LNLa8euFfSLP","2015-03-16","precious Dumane","0735596000",,,,,,"e6s5EEf389EeLo6Tz"
"Av9rxDEfp63zR3jMK",,"Sfiso mollo","0726009706",,"dimakatso sophy mnqayi",,,,"hk4XMrnHxTastfL7s"
"BAGWB8wefpd937eMq",,,,,,,,,"ZNXsgBEk2evJkTYso"
"BRi36EPr3yXzawxPJ",,"NHLANHLA MAHLANGU","0619716046",,"T.K. MABOTJA","0110568241",,,"4avNjjRgrzrEpwKMN"
"BuhL3bH7Y99N3rsvs","2015-04-17","Lerato Amanda Sindane","0846949860","N/A","N/A","0111471424","N/A",,"68f6ufafjEtTD87dK"
"C7aSsP4Xgka5htzd2",,"Elizabeth Khalari","0715476824",,,,,,"zpLEh72kC58ryRpxt"
"C7irpLAMSZDXv7Epf","2015-03-18","Phumzile Selpyane","0790797156",,,,,,"wfdMKsnKg56v7y6uJ"
"CwyLwZodfS6nzF5dR","2015-03-19","Xolisile Dlamini","0717215244","N/A","S. Nongwe","0828044151","N/A",,"ra2zX3jjBPguj6bc3"
"D5aFhhuDY3M6qyxSj","2015-03-05","ANDILE KAHLA","0603007736",,"PRINCIPAL","0112642417",,,"qsXPNNQE3pWkdTbfb"
"DFQwDgujASpfF8Hmp","2015-03-17","itumelen mokoena","0737732438",,,,,,"Kqq9XsRqsRQM6PjGn"
"DYNQkHq8H7E8XnSKZ","2015-03-23","NHLANHLA","0611661842",,"MR MM Sebiloane (GENERAL WORKER/SGB)",,,,"drsWF9n9G7CxbrANB"
"DbK4LfKekT2qcgehA","2015-03-20","Lawrence Zitha","0826832306",,"Mr. C Mashele","0119646907",,,"Qzm8u4imxajBRWLE5"
"DeuowyonoqMRHtaEQ","2015-03-18",,,,"mrs seipati dlamini","0825573491",,,"n9gEojJ6K5eKYJ4c2"
"FE2iQkohSKq6f8Ror","2015-03-17","zanele mazibuko","0726290907",,,,,,"xsLXqpcynPeYTwiXE"
"FYYsj46eLJJoyLmvS","2015-03-15","NTSAKO SHIBAMBO","0838811487",,,,,,"HE7QyZrdjZD4TwigW"
"FtqZi3vHJGGJDPzJW","2015-03-09","sfiso mollo","0759154225",,,,,,"FkDMg4ekjDHWExDuv"
"GFAZ3AwePJg4GQoxF","2015-04-15","anna scutloali","0737764839",,"m.g lebeoana","0614514908",,,"DwG2tAAFC8W79Ckxx"
"GKPXHKKabzaQextGg","2015-03-23","DINEO PHUKUBJE AND MOGAU MANAKA","0713441547",,"MRS.RUTH",,,,"bf5Ltec4dXsz7pEX9"
"GWLND9dM3oKoAjitG","2015-03-11","Grace Tente","0787714318",,,,,,"r5bdwdb45e7jr6JZB"
"GmBAsiWbCmEAD9BAR","2015-04-07","Sfiso","0739154225",,,,,,"hTroeBPPurCSNxDGe"
"H3yCBLGhk2rDsXAW2","2015-03-19","Lawrence Zitha","0826832306",,,,,,"656hyBavtd4QHF6yx"
"Hv9j5NGn3eMn7rTPt","2015-03-19","Nina Zitha","0788251282","N/A","Admin","0119626565",,,"o6KRqZ8m5YyPCmxEu"
"JrGNLGzAQZX4MG9hD","2015-03-17","Nkululeko Màgagula","0621350654",,"Ramogale M.J",,,,"qYqekSfSRExjXJrGM"
"KJwmckBiqxTeZoCDd","2015-03-23","NOMTHANDAZO AND HAPPY","0607343421",,,,,,"u2mAvGSYipuFCETW2"
"LS6KC3c22ZQegPpfK","2015-03-18","Nhlanhla Mahlangu","0619716046",,,,,,"ocFaNqXzeBvD5hiAZ"
"LiRAbEo2smY3CfyS3","2015-03-12","Sfiso Mollo","0739154225","Mr Makhuthi","0118501088/0825533260",,,,"g6orxjw6EmCqYup83"
"M8uJxq8GH6FyqHxwm","2014-04-07","KHOLWANI","0607314339","KABDULWAHID1@GMAIL.COM","MRS M. MOLEKANE","0718833085",,,"3uXaw9N4tJkFZKXSt"
"M9KTKRh5bZ32xeSrt",,,,,,,,,"ojqksxwnmxWXpM8n6"
"Mig47Swfq5bq5T6au","2015-03-10","Jonas Rakosa","0839907098",,,,,,"Qmhp6bLYHrRTc42wc"
"MvXYpWWjWFn7ACQDp","2015-03-23","DINEO AND MOGAU MANAKA",,,,,,,"yAYPTyMxnk5pj2zT9"
"N2n6hgRMBQh2qJn5Q","2015-03-18","Gugulethu Mdawe","0731329023","N/A","Zodwa Molepe","0827317656","N/A",,"6nyrh8pzbNxMHyu4J"
"NHmyPg6sd5RogYjYC",,,,,,,,,"95AYoAp6AiYz3KZ2t"
"NLs4ynJmZgbZ2nZ4d","2015-03-18","Riaan Macheke","0620043865",,"Admin","0119242373",,,"H2wSN9EFbKzeSGjCh"
"NXA2ErzMgv2zfaue3","2015-04-23","Onica Phalatse",,,"M.J Mhlontlo",,,,"y8vNYzZpy3A9BHx6W"
"P9DvBLBBfvNojZRz5","20-03-20",,,,,,,,"3tbjfT8zZ2fPGfiwc"
"PWNhNbshZ9T5nN24F","2015-03-19","Thabile Ndlovu","0719160328","N/A","Lindy Maepa","0825616818","N/A",,"srdTLx3pxML3nwKPr"
"QDgZxYky3wQwxGDgn","2015-03-19","BOITUMELO","0762021316",,"MRS MPHAKANE",,,,"jR3LMPDnnHi7xvLcp"
"QQ3wev9xB9k5eAm79","2015-03-23","sfiso mollo","0726009706",,"mulaudzi","0799689446",,,"P4wqK6rnJQahfhFTr"
"RX7eLrWtTQCncubGs","2015-04-18","Felicia","0784013514",,,,,,"8pdqiKPuW9emmvdMA"
"RaJPGPtpMmb9fESCC","2015-03-18","Niek Marutha",,,,,,,"qqTGPEnmDQRrarBSw"
"SJRyq3pMHfANwDeMm","201-03-20",,,,,,,,"MYuCFef7Fjt8yRX8d"
"SLLrY7gn7bL2Z3P8W","2015-03-18","Xolisile Dlamini","0717215244","N/A","N/A","0119621833","N/A",,"SNuf4DBJszmQrAzS4"
"San58ioSDSR8DhQzu","2015-03-17","JENNIFER SONO",,,,,,,"xuTGawqPYaYusxnm8"
"SxXSWgw4FZGmKswWY","2015-03-17","Nonhlanhla Hlatshwayo","0611661846",,"Mr Andries Motswagae",,,,"tC7ee9TXmJ8oDEcRe"
"T5igDDyanhZzLe7YQ","2015-03-17","Nthabiseng Phuka","0848450853",,,,,,"fkuEy7WKs5HL2NM6z"
"TJoqEh36c6wM47bFm","2015-03-19","Boitumelo Mhlongo","0762021316",,"Thabang Kunene","0839233455",,,"7jdhLaYzWcCtFduQg"
"TcEKfcxZmDLn7td8a","2015-03-19","Itumeleng Mokwena","0737732438",,"Boikanyo","0829305245",,,"gZKefKr3T7kQ7yZdd"
"TrvKsSeYb9bG3eRvo","2015-03-18","kgotso","0762744252",,"thuli",,,,"2rqTjwusZ8tc8nbYt"
"W29ppXoSRqv4YLfZF","2015-03-23","MMABATHO MADUA","0735804554",,,,,,"ZgR4zqFothSycL9hz"
"WY6YDALtPatQDgzpk","2015-03-19","Zanele Modise","0619257216","Modise.zee@gmail.com",,,,,"SeRiR2xnt35DWtRzX"
"XEZ5hA5hfKyW5MTRu","2015-04-23","ONICA","0734475064",,"MR.O.L PULE","0187716248",,,"2zRbjDBfz4zB8Tv6q"
"XGEQifQwrgKwJ2zoi","2015-03-23","Freddy Mathekga","0742247196","FreddyMathekga71@gmail.com","M.J. Ntamane",,,,"vPSPXjGpC6ABc9Szc"
"YFZJLFoKCcmiRLfPw","2015-04-14","cerato motsoeng","0720870736",,"MR.MABIZELA","0115931515",,,"bPfY5thaXn4EAdkXw"
"YK8AtWWFmkYjYpbzg","2015-03-18","Fihliwe Masombuka","0789598047",,,,,,"WeXHdZMumEMFyckHq"
"YS7nLQYweSuZCqfpG","2015-03-20","KHOLWANI","0607314339",,"MR TWALA","0833947959",,,"3tbjfT8zZ2fPGfiwc"
"YdcHZpLeAe9Q4xnvL",,"RICHARD UBISI",,,,,,,"E4srgmkj2uCu4Coxb"
"Ynj32rWvsEA3pGzXQ","2015-03-16","Gugu Dhlamini","0735754775",,"Mpho",,,,"qCqx8rN4JLCHpEwF4"
"ZvxbpTo9gfELErhiP","2015-03-19","Richard Ubisi","0845216426",,,,,,"8EkWbb3qMosGvaWyT"
"aCAHMgtWT4fcnM4Sc","2015-04-07","SFISO","0739154225","SFISOVAVO@GMAIL.COM","TUMELO","0631023826",,"THEY ARE HAPPY WITH THE WORK THAT HAS BEEN DONE BY GDE IN THEIR SCHOOL","NY3CpQoLXKGkXkq8b"
"aEwDNRGywoCNFQST7","2015-04-07","SINDATHWA LUTI","0736113946",,,,,,"tqMTBWRbAuYsAqATz"
"aYae4JtyDkdv6pJGG",,,,,,,,,"BL89Y49hLjtAgtj9C"
"bur6pAj2ieZKNKda9","2015-03-17","Nthabiseng Phuka","0848450853",,,,,,"2G6DH4Aiu8dpRQyrD"
"bxcppn8rmuamyRwab","2015-03-19","Joseph Mhlanga","0717503836",,"Mr. S.B. Gamede","0781523965",,,"uvAsG8PGNZNED5pxz"
"cCnRo6Px4wkxzummu","2015-03-08","KHOLWANI","0607314339",,"MRS SANTI","0734031634",,,"55foHoJLBDfwGwTWD"
"cMcfrBqinqWCawok7","2015-03-24","Joseph Mhlanga","0717503836",,,"0839608857",,,"cQQF5juB8JG3jNbNs"
"cTunfFBj2wjDWDJfK","2015-03-17","noxolo mbashe","0728963957",,,"0119357465",,,"HKHTs5NYM9YcNKmA3"
"ccYKoJmgfEEqb59N6","2015-03-11","Sithembile","0733681210","Mafrika A.M","0720613845",,,,"GdT4e3QnaH2fX4vAA"
"czut8CuPSHynML9gY",,"Dikeldi","0717292121",,,,,,"S47bpHzXts94zC2ke"
"d5Gw8z5jtuhxxSKvk",,"Sithembile Simelane","0737724259",,,,,,"3XdLNoiuCRA5T5Dfc"
"ei2by7kYuzKnwEjWq","2015-03-19","Mbedzi Bulelani","0603992648",,"Mr M.J. Hlungwani","0825522790",,,"myEbntbNmwtRJAXXn"
"fFqpk8hdAr3mWv3LD","2015-03-18","KHOLWANI","0607314339",,"LUCKY RAMATSITSI",,,,"7sAKJvmox8vK6GJBv"
"fGhsFBTfRoW3k9Tak","2015-03-24","Xolani Nhlapho","0840800951",,,,,,"EbrJ8dHAyrQTpSaNj"
"fhnba2Rc4FQ5H7vwP","2015-03-20",,,,,,,,"MYuCFef7Fjt8yRX8d"
"fsB2crxZEfj9EhFrh","2015-03-20","Thabile Ndlovu","0719160328","N/A","M.D. Sibeko","0825546105","N/A",,"JpDqQfLuuC9qJrici"
"fuKC4MmWnF6Y9CP5a","2015-03-15","Pontsho Shakhane","0788115926","Pshakhane@gmail.com",,,,,"yuLFP8PQcXB6aAAm6"
"gGJfZSWYrtkMBcg2k","2015-03-20","GUGU","0735754775",,"RAMOTHIBE H.D.",,,,"gPuKrSrjRHYQAhofp"
"gm9arqSX2yCTZFpaD","2015-03-12","Boitumelo Mhlongo","0762021316",,"Sipho Mdletshe","0732763621",,,"uiiC6LpdXHBickDqX"
"gnTGqExHWDsgZmokh",,,,"K.L SERWADI",,,,,"YLYWLt3BFmbGuRHBQ"
"hdv9KhoWfq5zqXWJQ","2015-03-11",,,,"Mrs F.C Thwala","0727451057",,,"4zo5MNwbBvTPykbFg"
"hsc9tE799cbWRAmtL","2015-03-19","Boitumelo Mhlongo","0762021316",,"Thoko Mabena","0736719097",,,"KDmkojmtPfcEEQ3vv"
"iYugNwRqeFntNpXt7","2015-03-18","kholwani","0607314339",,"mrs sanyi","0734031634",,,"7qkXEP7zRNRG2EXxW"
"irQX5zySzQKbwuxaX","2015-03-18","KHOLWANI","0607314339",,,,,,"5QzLWMPF8grmhh3G5"
"izvRc9pj6bBbAmDSZ",,"Sithembile","0733681210",,"Ayanda","0740726310",,,"EyHGQ2ctZRGcPQ4Lc"
"jXqsoLySQvMWezfM9","2015-03-17","SIMELANE SITHEMBILE","0733681216",,,,,,"SDQzcRxtroyWa7uGB"
"jYtCci9NfABgoeLZb",,"Sbiso Mollo","0739154225",,,,,,"r8FrZJWZGiB9zPmmc"
"jqPzTXZAHHWh97ciJ","2015-03-12","Sithembile","0733681210",,"Mbkahne B",,,,"Y2gH7TZojYSgJ6J3i"
"kPiiLkAzJ98je5i76","2015-04-14","themba","0737614880",,"mrs n dlamini","0792034434",,,"2gqMBsR5BKHB3TEv6"
"keMvSNYxsEsbRRCFn",,"Freddy Mathekga","0742247196",,,,,,"MYybcL4ntNLDfPjZt"
"kuae8SWwdAeDn7ivb",,"Lydia Montoeli","0765216460",,"Mr KP Mantsoe","0733589397",,,"GaE7jrBwPxNR4AK72"
"kydeQC8c4AaxPgZKy","2015-03-20","NONHLANHLA","0611661846",,"NOMSA MALOMA",,,,"5iHufHeS6B2XBsHTB"
"ngsmJvD4rNnKbFSsG","2015-04-23","sfiso","0726009706",,"R.S PEEGA","0817831676",,,"hrfAaJLuuBvdukdf9"
"nma4B5j8becPWSjqK","2015-03-09","sithembile simelane","0733681210",,,,,,"6iixm3MYropadAMjX"
"o9kGp6jT2JS5MCxz7","2015-03-18","Thabang Mabuza","0786006062",,"Mzukisi Mthotywa","0781010289",,,"q7rLbRb4nxtPxfoSc"
"oQ5kxmrAmyy4ggZ82","2015-03-15","Nomthandazo","0607343421",,,,,,"HMfiK9msnxvBpZRTv"
"ofZQNiyh7nbsAbJzh",,,,,,,,,"LTccQvtsRbQdnvd4x"
"p4haX4aNwMJGJN8kb","2015-03-19","Yonela Mbane","0820585054",,,,,,"XYLgc3p2tmFJ6nGJb"
"pJg2Pm6PPjwnzkc3j","2015-03-13","XOLANI","0840800951","VICTORIA","0825551952",,,,"NTo8EK8jnLkjB93Hd"
"pjoGdug8DqGKgadCw","2015-03-18","Thabile Ndlovu","0719160328",,"Mr Mapoti","0114245626",,,"HushLZncKDsTyJhfN"
"prA2XapXZtyqTudbp","2015-03-17","Nonhlanhla Hlatshwayo","0611661846",,"Mrs Mponza",,,,"EtHDHYs97BCxasggi"
"pw8kWEmkib6h4MrFT","2015-03-12","Xolani Nhlapo","0840800951",,,,,,"922NEXkq8CZy6PH7L"
"qfgrKmJKcPWowovc6","2015-04-18","Lindiwe Adams","0768395968",,"m.serumula","0119252437",,,"Q2SemXMcpEX5NfYsD"
"qtCP5SytQc2fHkDSN","2015-03-19","SImelane Sithembile","0733681210",,,,,,"HZFjNDTejF5ga78Sx"
"r8EYiDk2ugxk7YaDR","2015-03-17","ziphozihle jafta","0731445030",,"KM SAN1065GWENI",,,,"AHHiQixZscHdnSQpM"
"rqrdbSSowbRvxiyax","2015-03-24","Nonhlanhla Hlatswayo","0611661846",,"Mrs Kubeka",,,,"bEf9GjYAyqAqY3bhw"
"s784PJYacdqRaT3s3",,,,,,,,,"g2zngXhSLP6Xe7qtg"
"sNwHJvRjfiX2LAqDv","2015-03-09",,,,,,,,"LD7hazozFmAuLNBgP"
"sbmTK6kTa58FErmCX",,"XOLANI","0840800951",,"BULENI","0117369924",,,"2Qm9dY2unum62oDu7"
"so4WERacm5KQXf7oc","2015-04-23","lindiwe","0712338413",,"MI Malindi",,,,"hBG3H9epZYnScCbtp"
"szCfiRQFK6fiHeKag",,,,,"F.M.Tshikane","0726900069",,,"ogTK6SAt8Ndg38xPc"
"t5TQfgMQmqjzZnsuF","2015-03-23","Joseph Mhlanga","0717503836",,"N.M. Gobela",,,,"8FucY8f4FTzL2XmhY"
"tQhh9Q8aey3hynP9v","2015-03-05","SIPHOSETHU","0720204540",,"MR MAKGATO","0825522293",,,"tdRzrm36MQJ2raFea"
"tbSBqQpoQGaJjvNbP",,,,,,,,,"ieCAKYPDiJ8dGueXc"
"tiQDGaPPrKuE6vtmX","2015-03-08","TABBISILE","0731095733","MOGALE","0825575114",,,,"Zyuc4wPBmxQPcNyjF"
"tjGfyksNNYeKKmowA","2015-03-24","Tshepo Bila","0606862899","Tshepombila@gmail.com",,,,,"bMEYkfLEMjEHiTFux"
"uHLfkx3J3x33tyhit","2015-03-18","Fihliwe Masombuka","0789598047",,,,,,"vQsgY2cMuHRHHxN5X"
"uSJ4PiRs6Kzyvuk37","2015-03-18","GUGU DLAMINI","0733734775",,"THOKOZILE ZIMBA","0117364307",,,"jSDZSbr7cMPKgibe7"
"uf4GnEkEcRuxsz43L","2015-03-18","THABANG MODIKOE","0796852126","MS NKOSI",,,,,"E7KSgcfSqaoDb5BEE"
"vLgy8atMeyCvBwrAg","2015-04-14",,,,"mohaso DA",,,,"FEAD8jBu7LbHezy2j"
"vWTmxcTop7j7woDj9","2015-03-24","Xolani Nhlapho","0840800951",,"Ms T.I Giyama","0825522420",,,"8TjXzm5mqedTkvZ5n"
"wm7mQoXpfK9vgmmBQ","2015-03-15","NOMSA ZWANE","0781126743",,"PRINCIPAL","0117364908",,,"7Lt26udxHfpKtyAwY"
"xCqMSsSFWNmGkuCAM",,,,,,,,,"eJm4RDeLanTZcKgeN"
"xbH9fcJA3bEKpQc8u","2015-03-18","Lindiwe Adams","0768395968",,"Maboya T",,,,"A7HS55Lmpv7eWduhv"
"ydSYWyN6DG45R27fL",,"Freddy","0742247196",,"Motlathe D","0738195269",,,"dLHdmSdFbLWF2kJqy"
"yuw69FJgQWEuG6KDh","20-03-20",,,,,,,,"MYuCFef7Fjt8yRX8d"
"zpWDuckgjRo85rQHJ","2015-03-19","Teboho Mabusela","0787461362",,,,,,"XKxt23fR8Fujkyiim"
"zwqF7vj6X3wfFT6c6","2015-03-18","Nthabiseng Phuka","0848450853",,"Mrs Zulu","0837599802",,,"sfN5HAvKti5hRvPxZ"
