_id,electricityCondition,electricitySource,electricitySourceOtherDescription,comment,version_id
"2SyGzYjAfsF2n5KYg","There is a regular power supply","[ ""Grid (e.g. Eskom)"" ]",,,"Pye3fvQETS2TCPKyt"
"2kpYrGJkeQ8KxQcg9","There is a regular power supply","[ ""Grid (e.g. Eskom)"" ]",,,"bAExKd8RN5BhHzb3z"
"3E9nfwksayag4uTpK","There is a regular power supply","[ ""Grid (e.g. Eskom)"" ]",,,"Tnm69CSqqbdHg9obr"
"3fX6nktT3kKHyiJMz","There is a regular power supply","[ ""Grid (e.g. Eskom)"" ]",,,"RHG8484wnsaqifrig"
"4GehRtBnxhFaeksbZ","There is no power supply","[ ""Grid (e.g. Eskom)"" ]",,,"95AYoAp6AiYz3KZ2t"
"4TA3nhfAYybbtawT2","There is a regular power supply","[ ""Grid (e.g. Eskom)"" ]",,,"3CZM6LyxfbGxQ676w"
"4fmhQrbtm9TuJNtte","There is a regular power supply",,,,"Ch6HJ6DZmFCYxKkww"
"4hwE9eFB4WcgpC9ip","There is a regular power supply","[ ""Grid (e.g. Eskom)"" ]",,,"KDmkojmtPfcEEQ3vv"
"548kuTRcRQenrs2gR","There is a regular power supply",,,,"opzRuPL9N8RSzCNsi"
"5CtcpBaszJkxHbCPg","There is a regular power supply","[ ""Unsure"" ]",,,"A82Sqxg6dWo9BjRw7"
"5S9NF96E2zgBDY967","There is a regular power supply","[ ""Grid (e.g. Eskom)"" ]",,,"y8vNYzZpy3A9BHx6W"
"5gARneRane62ghhxn","There is a regular power supply","[ ""Grid (e.g. Eskom)"" ]",,,"sfgS3CrJFoTBvFQ72"
"6mnkjJmeLFkkakiFb","There is a regular power supply","[ ""Grid (e.g. Eskom)"" ]",,,"6cFA5fAxPtQzaP5bz"
"6yfgvh2ZdACvZnJDn","Sometimes there is power","[ ""Grid (e.g. Eskom)"" ]",,,"LJC3JBYxgkbi8GzAP"
"75ndouz5C4XY3ZMSk","There is a regular power supply",,,,"kY8pdvG9t8eN5CY4h"
"7ECN28FAM5ENXxvnv","There is a regular power supply","[ ""Grid (e.g. Eskom)"" ]",,,"9NYELJLrE2z96eKGu"
"7HRXuGWxM2LmSTwED","There is a regular power supply","[ ""Grid (e.g. Eskom)"" ]",,,"q7vvj7t7uptnim45G"
"7LBqNQh5wmqPPcnC2","There is a regular power supply","[ ""Other"" ]",,,"hBG3H9epZYnScCbtp"
"7MHi2E36vi5WJSN4j","There is a regular power supply","[ ""Grid (e.g. Eskom)"" ]",,,"BpGigPup4eyijh28x"
"7R5r4LGBcGZqXkgMr","There is no power supply","[ ""Grid (e.g. Eskom)"" ]",,,"tC7ee9TXmJ8oDEcRe"
"7kaQmCAvNEML3R4B6","Sometimes there is power","{ ""0"" : ""Grid (e.g. Eskom)"" }",,,"922NEXkq8CZy6PH7L"
"7tCLd74TEueboirXt","There is no power supply","[ ""Grid (e.g. Eskom)"" ]",,,"MrCRY4JkG2RtXRzjf"
"7zmPQtqcfpk39TQvp","There is a regular power supply",,,,"JpDqQfLuuC9qJrici"
"7zszY2YndXXNMzCzx","There is a regular power supply","[ ""Grid (e.g. Eskom)"" ]",,,"PySjA6yQMoXAyS2z8"
"88wYGaANmYDtohZqC","There is a regular power supply",,,,"5PhvChXDzSoaBymWp"
"8RkLKy7dTWM4ZusiW","There is a regular power supply","[ ""Grid (e.g. Eskom)"" ]",,,"ZQpQXXcpAjvZC2ony"
"9PL3XrANktCS35Y9a","There is a regular power supply","[ ""Grid (e.g. Eskom)"" ]",,,"A7HS55Lmpv7eWduhv"
"9Px9oXKLdfYYPreCS","There is a regular power supply","[ ""Grid (e.g. Eskom)"" ]",,,"aMRD37JGNEmrz9FZ9"
"9jqX9AQzstZvn8GZg","There is a regular power supply","[ ""Grid (e.g. Eskom)"" ]",,,"esLPjFoMCrf7aGwqS"
"AMnNgYxeYjdJQv7Cc","There is a regular power supply","[ ""Grid (e.g. Eskom)"" ]",,,"Ayck7PmsY3mNr3gZQ"
"AYiHQnZYyr7RLDddS","There is a regular power supply","[ ""Grid (e.g. Eskom)"" ]",,,"ZrghZT93L2bSWSofg"
"Aj36iT9BgEA5ii4LD","There is a regular power supply","[ ""Grid (e.g. Eskom)"" ]",,,"WdTssNZoaRHCT3LMG"
"AsyhQ3SLxc8dnRqjR","Sometimes there is power","[ ""Grid (e.g. Eskom)"" ]",,,"Qzm8u4imxajBRWLE5"
"AwsDF6qBbaMobnGbE","There is a regular power supply","[ ""Grid (e.g. Eskom)"" ]",,,"Rvf9JkpRBRozBsyiq"
"B2aT3quSt459v47uE","There is a regular power supply","[ ""Grid (e.g. Eskom)"" ]",,,"3acdePaA3PaTzXLaP"
"BrGmSQ7PT8vJRJR9e","There is a regular power supply","[ ""Grid (e.g. Eskom)"" ]",,,"tqMTBWRbAuYsAqATz"
"Bsa3JycPsnnKmMRCi","There is a regular power supply","[ ""Grid (e.g. Eskom)"" ]",,,"hJppCjP9YgzQPhsxp"
"BuzAEpz2KRietbxWJ","There is a regular power supply","[ ""Grid (e.g. Eskom)"" ]",,,"syBSsyuaG3J2rk8ky"
"CMQTQzxRbs9crTZiH","There is a regular power supply","{ ""0"" : ""Grid (e.g. Eskom)"" }",,,"XYLgc3p2tmFJ6nGJb"
"CcMwgDiSArr7a56Pj","There is a regular power supply",,,,"Sue8DWeGKHPKAyQBi"
"Cfr6tsLuJQvumqodD","There is a regular power supply","[ ""Grid (e.g. Eskom)"" ]",,,"NY3CpQoLXKGkXkq8b"
"CsZFtKJEcHJJPDTEY",,,,,"siZhhkH29MMEnswvu"
"D5ikZHYRHbwgPQrw7","There is a regular power supply","[ ""Grid (e.g. Eskom)"" ]",,,"93KanXF8i8wGs4YKw"
"D7wmHKLcErX5Sj6Md","There is a regular power supply","[ ""Unsure"" ]",,,"pqm6NksjcwAhrDwyH"
"DB3uhjm68pX2sy9xp","There is a regular power supply","[ ""Grid (e.g. Eskom)"" ]",,,"pamnvbjX3nHtQtv4D"
"DLGiyZXyPRuhpcbfM","There is no power supply",,,,"2gqMBsR5BKHB3TEv6"
"DxZS2xeJbwBLn399Q","Sometimes there is power","[ ""Grid (e.g. Eskom)"" ]",,,"cQQF5juB8JG3jNbNs"
"E9tbBg7xRbTbwnaGr","There is a regular power supply","[ ""Grid (e.g. Eskom)"" ]",,,"J8iGazpt3MwprEvbp"
"ESdHRT3TcQcji6GJb","There is a regular power supply",,,,"METTMMRQRhoWxKdRt"
"EsJ7oGfiuQjva4Sei","There is a regular power supply","[ ""Grid (e.g. Eskom)"" ]",,,"n9gEojJ6K5eKYJ4c2"
"Ev7JQw4PuEEDvcPPM","There is a regular power supply","[ ""Grid (e.g. Eskom)"" ]",,,"XTL9gvLr9S2MmMsjJ"
"F93hFjZGQqxh4LujR","There is a regular power supply","[ ""Grid (e.g. Eskom)"" ]",,,"A9g2JXbafa9hggA23"
"FC5W8mECheKL37AAR","There is a regular power supply","[ ""Grid (e.g. Eskom)"" ]",,,"2zRbjDBfz4zB8Tv6q"
"FLxPTsm3avRgM9NS5","There is a regular power supply","{ ""0"" : ""Grid (e.g. Eskom)"" }",,,"8EkWbb3qMosGvaWyT"
"FveQ4MDGmCCBS3dDo","There is a regular power supply","[ ""Grid (e.g. Eskom)"" ]",,,"AHHiQixZscHdnSQpM"
"G4xWcrhZcz7FWB6ye",,,,,"H2wSN9EFbKzeSGjCh"
"G67xzJjopLp5CWZfw","There is a regular power supply","[ ""Grid (e.g. Eskom)"" ]",,,"dBu8rGN6ZLKj4rb4e"
"GGNEWfco94uN6qSmT","There is a regular power supply","[ ""Grid (e.g. Eskom)"" ]",,,"ufaeHuMMa97ge5aCK"
"GPFtGbHKXSjyToWTu","There is a regular power supply","[ ""Grid (e.g. Eskom)"" ]",,,"LrmX8FAuJMKckWE6c"
"GtHXKKSDSrxhpFDwz","There is a regular power supply","[ ""Grid (e.g. Eskom)"" ]",,,"WszeF9gAuQuHMNHLC"
"HBBJ7CSxNNK47XeZo","Sometimes there is power","[ ""Grid (e.g. Eskom)"" ]",,,"7qkXEP7zRNRG2EXxW"
"HTvKjSeXJNCfgXFdK","There is a regular power supply","[ ""Grid (e.g. Eskom)"" ]",,,"Qmhp6bLYHrRTc42wc"
"HpZ4CHB9wJKduhw3F","There is a regular power supply","{ ""0"" : ""Grid (e.g. Eskom)"" }",,,"2G6DH4Aiu8dpRQyrD"
"HuQA5CZ7rhjGcuXqp","Sometimes there is power","[ ""Grid (e.g. Eskom)"" ]",,,"aQ4BMeoFWmo4HrHqF"
"J7MkLjCEsnDX6icHs","There is a regular power supply","[ ""Grid (e.g. Eskom)"" ]",,"If there isn't electricity they use gas stove","uyB7xpWYkTuuhsLzS"
"JMbPkmK6ntXudpWPK","There is a regular power supply","[ ""Grid (e.g. Eskom)"" ]",,,"WeXHdZMumEMFyckHq"
"JQjw4BfwvFbxBpBem","Sometimes there is power","[ ""Grid (e.g. Eskom)"" ]",,,"JeGKrkaqdgboxbxAd"
"JS43Jmng7FnXpu5XF","There is a regular power supply","[ ""Grid (e.g. Eskom)"" ]",,,"xp2bxhMm4Yoeu9jho"
"JStpgPLv3ahAKd8AB","There is a regular power supply","{ ""0"" : ""Grid (e.g. Eskom)"" }",,,"jSDZSbr7cMPKgibe7"
"JgLvbPjqgqQxo85iz",,,,,"656hyBavtd4QHF6yx"
"JrW4ie5iBLdh7vhxJ","There is a regular power supply","{ ""0"" : ""Grid (e.g. Eskom)"" }",,,"yuLFP8PQcXB6aAAm6"
"KPPcc9YmGB3F5MzZR","There is a regular power supply","[ ""Grid (e.g. Eskom)"" ]",,,"Zyuc4wPBmxQPcNyjF"
"Ka74TSShku2fqFZxi","There is a regular power supply","[ ""Grid (e.g. Eskom)"" ]",,,"CoWKa7AHpYehwgjN4"
"Kmv6Ma329FT5xJP28","There is a regular power supply","[ ""Grid (e.g. Eskom)"" ]",,,"ZNXsgBEk2evJkTYso"
"KoHj7RfwX8jmAAosv","There is a regular power supply","{ ""0"" : ""Grid (e.g. Eskom)"" }",,,"3tbjfT8zZ2fPGfiwc"
"L3tRwGpLvN4biwgAE","There is a regular power supply","[ ""Grid (e.g. Eskom)"" ]",,,"tkbM3Jp4KjPx4H5qC"
"LphTH8sbPtvTQQDGL","Sometimes there is power","[ ""Grid (e.g. Eskom)"" ]",,,"ZQvS49GgfM6XNnqij"
"LqYc9vLyjxXEnFjkC","There is a regular power supply","[ ""Grid (e.g. Eskom)"" ]",,,"DwG2tAAFC8W79Ckxx"
"M48F7a6vYzDR79rgb","There is a regular power supply","[ ""Grid (e.g. Eskom)"" ]",,,"MtKWmrDmPtx6hTjXm"
"Mhq9WZugX7Jc4Hi7X","There is a regular power supply","[ ""Grid (e.g. Eskom)"" ]",,,"cDYo2z98FGZzNHPMM"
"NQkRNADdFMp7MKNAM","There is a regular power supply","[ ""Grid (e.g. Eskom)"" ]",,,"FpTsqHm4D3ttwK8dY"
"NZkwDMJT6BDGNTEuu","There is a regular power supply","[ ""Grid (e.g. Eskom)"" ]",,,"6iixm3MYropadAMjX"
"NmtZ3S6RseQfwmosj","There is a regular power supply","[ ""Grid (e.g. Eskom)"" ]",,,"74LtY73iZk5nAgKN4"
"NzdzRZSt5CaB5cCSL","There is a regular power supply","[ ""Grid (e.g. Eskom)"" ]",,,"7sAKJvmox8vK6GJBv"
"PC57gqPjaTZWfPb9d","There is a regular power supply","[ ""Grid (e.g. Eskom)"" ]",,,"LZ7sJWsXTML9asLdD"
"PLyFNrAgYtC7cL38g","There is a regular power supply","[ ""Grid (e.g. Eskom)"" ]",,,"tdRzrm36MQJ2raFea"
"PPjNgzYuHsA8a2sfn","There is a regular power supply","[ ""Grid (e.g. Eskom)"" ]",,,"LD7hazozFmAuLNBgP"
"PekhRwh8hsf4W4XXx","Sometimes there is power",,,,"mobhBo8uKGxkvNsjR"
"Ppa2fHJfo3w7DFgHe","There is a regular power supply","[ ""Grid (e.g. Eskom)"" ]",,,"bMEYkfLEMjEHiTFux"
"PqcJpi5f2NbvCgxmk","There is a regular power supply","[ ""Grid (e.g. Eskom)"" ]",,,"2rqTjwusZ8tc8nbYt"
"QFdNZ92Knrq3vqPdX","There is a regular power supply","[ ""Grid (e.g. Eskom)"" ]",,,"HKHTs5NYM9YcNKmA3"
"QR9XEZPNX8W2jKaBg","There is a regular power supply","[ ""Grid (e.g. Eskom)"" ]",,,"x39JZC9Q749pXeEbY"
"QpENLrJyhNcSsEEfo","Unsure",,,,"zpLEh72kC58ryRpxt"
"R3DxqunkoN5vZwAW3","Sometimes there is power","[ ""Grid (e.g. Eskom)"" ]",,,"jR3LMPDnnHi7xvLcp"
"RKxqv8xw63acYjAER","There is a regular power supply","[ ""Grid (e.g. Eskom)"" ]",,,"S3LbwsmZGkiiekXEX"
"RTbYGu8KMFqfRjKFj","There is a regular power supply","[ ""Grid (e.g. Eskom)"" ]",,,"efr9txWNfPHw3AhD7"
"RX8qGhJPgH2GPwAjD","There is a regular power supply","[ ""Grid (e.g. Eskom)"" ]",,,"YLYWLt3BFmbGuRHBQ"
"RnfAbiSScut4mt9uE","There is a regular power supply","[ ""Grid (e.g. Eskom)"" ]",,,"gZKefKr3T7kQ7yZdd"
"SKQpkifhApmzdCWhS","There is a regular power supply","[ ""Grid (e.g. Eskom)"" ]",,,"ayNNoGKj3iCnECzSg"
"SNjpktho2az8dK5oG","Unsure","[ ""Grid (e.g. Eskom)"" ]",,,"mu6wNPMzZ754NLLnE"
"SYroCWqjXPz8Pzkyk","There is a regular power supply","[ ""Grid (e.g. Eskom)"" ]",,,"QBmBALzw89kwmHz2B"
"Sbcm4jPaYfm8ztmkG",,"[ ""Grid (e.g. Eskom)"" ]",,,"GaE7jrBwPxNR4AK72"
"SgsX4ArKpegyBCedk","There is a regular power supply","[ ""Grid (e.g. Eskom)"" ]",,"there are 11 classes without electricity","k652o58moXsybbDfm"
"SnYiexB4Pmz93RgtK","There is a regular power supply","{ ""0"" : ""Grid (e.g. Eskom)"" }",,,"fkuEy7WKs5HL2NM6z"
"SnsMg6K7g6FZa4yrr","There is a regular power supply",,,,"HZFjNDTejF5ga78Sx"
"T8WTxMvNzNQS7jbfD","There is a regular power supply","[ ""Grid (e.g. Eskom)"" ]",,,"MYybcL4ntNLDfPjZt"
"TMnXXDNWbtrdrr24G","There is a regular power supply","[ ""Grid (e.g. Eskom)"" ]",,,"rCApJ97XLJY5xuoJY"
"TbHoFQDhyJKAQTTb8","There is a regular power supply","[ ""Grid (e.g. Eskom)"" ]",,,"drsWF9n9G7CxbrANB"
"TbcpPQ9XK74dQhCwE","There is a regular power supply","[ ""Grid (e.g. Eskom)"" ]",,,"7jdhLaYzWcCtFduQg"
"TrXzXDbzarzHrqoo4",,,,,"eJm4RDeLanTZcKgeN"
"WCBEfJ4ZLoENSfHxq","There is a regular power supply","[ ""Grid (e.g. Eskom)"" ]",,,"XKxt23fR8Fujkyiim"
"WHwzKCFywmMiNSzYa","Unsure","[ ""Grid (e.g. Eskom)"" ]",,,"xsLXqpcynPeYTwiXE"
"WMwd5M7tgjLNyom6J","There is a regular power supply","[ ""Grid (e.g. Eskom)"" ]",,,"tMjiiRvEEAsNmSJGx"
"Wnc7RH2h6RRgXJ7dJ","Sometimes there is power","{ ""0"" : ""Grid (e.g. Eskom)"" }",,,"bEf9GjYAyqAqY3bhw"
"WqrqXeJX8e4pTFgRk","There is a regular power supply","[ ""Grid (e.g. Eskom)"" ]",,,"4zo5MNwbBvTPykbFg"
"Wwi8YXbGJLaMhWGjw","There is a regular power supply","[ ""Grid (e.g. Eskom)"" ]",,,"myEbntbNmwtRJAXXn"
"Wy9pwHCzgHW8CwAjh","There is a regular power supply","[ ""Unsure"" ]",,,"HushLZncKDsTyJhfN"
"X5dae6cafgo6Zy7d4","There is a regular power supply","[ ""Grid (e.g. Eskom)"" ]",,,"Kqq9XsRqsRQM6PjGn"
"XPwcmX4vNDPW6FmFP","There is a regular power supply","[ ""Grid (e.g. Eskom)"" ]",,,"gpABZNKAeZxGARLNE"
"Xi2yFM66e936PeR4H","There is a regular power supply","[ ""Grid (e.g. Eskom)"" ]",,,"LBujyFwCgPkGzWSZy"
"Y5oy56FqZGauzZiQK","There is a regular power supply","[ ""Grid (e.g. Eskom)"" ]",,,"yAYPTyMxnk5pj2zT9"
"YEDDekQXHg2T8r6JD","There is a regular power supply","[ ""Grid (e.g. Eskom)"" ]",,,"hk4XMrnHxTastfL7s"
"YFGHC4dRxHpvddC2J","There is a regular power supply","[ ""Grid (e.g. Eskom)"" ]",,,"bf5Ltec4dXsz7pEX9"
"YTFyp2DuesztKXjL3","There is a regular power supply","[ ""Grid (e.g. Eskom)"" ]",,,"68f6ufafjEtTD87dK"
"YTz6azLcRs5uMWWaj","There is a regular power supply","[ ""Grid (e.g. Eskom)"" ]",,,"S47bpHzXts94zC2ke"
"Z5HQKzfAHvBF5b9mt","There is a regular power supply","[ ""Grid (e.g. Eskom)"" ]",,,"o6KRqZ8m5YyPCmxEu"
"Z6fqkqkEnrMEPSten","There is a regular power supply",,,,"2Qm9dY2unum62oDu7"
"ZKGw4y9JWCKmzWMBA","There is a regular power supply","[ ""Grid (e.g. Eskom)"" ]",,,"E7KSgcfSqaoDb5BEE"
"ZmxowFCSLdJMsecFR","There is a regular power supply","[ ""Grid (e.g. Eskom)"" ]",,,"Acd6f7D8RbhpthZHN"
"ZtP54EvF2aKHvk568","There is a regular power supply","[ ""Grid (e.g. Eskom)"" ]",,,"r8FrZJWZGiB9zPmmc"
"aEPxqd7qHgpafBvjt","Sometimes there is power",,,,"KYeDjZFEFXobJB7hL"
"aFwxmNLRLykzYaGpX","There is a regular power supply","[ ""Grid (e.g. Eskom)"" ]",,,"rgipwMLK9skQK2EuA"
"aG4mmYrhiHPPwrRqe",,"[ ""Grid (e.g. Eskom)"" ]",,,"bPfY5thaXn4EAdkXw"
"aTHhpTQYTNjnEymAp","There is a regular power supply","[ ""Grid (e.g. Eskom)"" ]",,,"r5bdwdb45e7jr6JZB"
"aTeq5455jNA6dC82q","There is a regular power supply","[ ""Grid (e.g. Eskom)"" ]",,,"SNuf4DBJszmQrAzS4"
"aWSuucSwpuiqma4e3","There is a regular power supply","[ ""Grid (e.g. Eskom)"" ]",,,"FEAD8jBu7LbHezy2j"
"ajPAf3a9QBk59WYiB","There is a regular power supply","[ ""Grid (e.g. Eskom)"" ]",,,"eqJ28tbWRDYX6YPkp"
"bBvHq2hzGqonaLd8A","There is a regular power supply","[ ""Grid (e.g. Eskom)"" ]",,,"eiaeXipXaywPNGZ7X"
"bTzRkJGYewzQd3WL6","There is a regular power supply","[ ""Grid (e.g. Eskom)"" ]",,,"q7rLbRb4nxtPxfoSc"
"buTA6Pu4pBs4xkCg4","There is a regular power supply","[ ""Grid (e.g. Eskom)"" ]",,,"Z9wz3QcLwmRfGuaeT"
"cZgihoqbgozZFYTj5","There is a regular power supply","[ ""Grid (e.g. Eskom)"" ]",,,"hTroeBPPurCSNxDGe"
"co4tZdDXokJ7tpWbk","There is a regular power supply","[ ""Grid (e.g. Eskom)"" ]",,,"rRCnvnKF3KB68xQfw"
"cpCABrqDW77XSDsvQ","There is a regular power supply","[ ""Grid (e.g. Eskom)"" ]",,,"6ZNqRnThWfJTjmtzh"
"dKrqP3MTSN6Hzfyfg","There is a regular power supply","[ ""Grid (e.g. Eskom)"" ]",,,"uiiC6LpdXHBickDqX"
"dTzmpAAnuAFaTbz3L","There is a regular power supply","[ ""Grid (e.g. Eskom)"" ]",,,"vQsgY2cMuHRHHxN5X"
"eNnHvhmQtmqyPym2d","Sometimes there is power","[ ""Grid (e.g. Eskom)"" ]",,,"ghEZdTPoThhpWNWiw"
"eby5Fc6AkPXhiBaKf","There is a regular power supply","[ ""Grid (e.g. Eskom)"" ]",,,"3XdLNoiuCRA5T5Dfc"
"ewiYLX3Td3EjhskiR","There is a regular power supply","[ ""Grid (e.g. Eskom)"" ]",,,"qYqekSfSRExjXJrGM"
"ftvqMsTJb3rCqPTkw","There is a regular power supply","[ ""Grid (e.g. Eskom)"" ]",,,"HE7QyZrdjZD4TwigW"
"fwfABnpj6aDcbJZsF","There is a regular power supply","[ ""Grid (e.g. Eskom)"" ]",,,"ocFaNqXzeBvD5hiAZ"
"gnw5LdFBDn8hAf4h4","There is a regular power supply","[ ""Grid (e.g. Eskom)"" ]",,,"SDQzcRxtroyWa7uGB"
"hCTFbdiFqkvjRxn7B","Sometimes there is power","[ ""Grid (e.g. Eskom)"" ]",,,"GQPE7rurt9bb7DM5a"
"hL84iXuKjzqqNZhsH","There is a regular power supply","[ ""Grid (e.g. Eskom)"" ]",,,"3uXaw9N4tJkFZKXSt"
"hhvggAPd8FtzAHFMQ","There is a regular power supply","[ ""Grid (e.g. Eskom)"" ]",,,"u2mAvGSYipuFCETW2"
"i3PE8kAcEyYunvprg",,,,,"mDwDpssp9xiy5oAgB"
"i6mNeC46D6KGkKPWz","There is a regular power supply","[ ""Grid (e.g. Eskom)"" ]",,,"MYuCFef7Fjt8yRX8d"
"iZtHhSMg3qXJdh9db","There is a regular power supply","[ ""Grid (e.g. Eskom)"" ]",,,"ZMuo7tqss7QrYPuwZ"
"icQubXiWjJDptW6x3","There is a regular power supply","[ ""Grid (e.g. Eskom)"" ]",,,"Sa8QfeRArxjpbStqt"
"imA2otfnAG6N6NmyK","There is a regular power supply","[ ""Grid (e.g. Eskom)"" ]",,,"Dddj3YJBuiuGmAQFQ"
"ioa3GYnr83pttfDC3","There is a regular power supply","[ ""Grid (e.g. Eskom)"" ]",,,"dnFyeB4sC6kfmj2Q6"
"ixXuCjCGnh7sbL8em","There is a regular power supply","[ ""Grid (e.g. Eskom)"" ]",,,"FkDMg4ekjDHWExDuv"
"j38ewiB7LmdRcJ7Ms","There is a regular power supply","[ ""Grid (e.g. Eskom)"" ]",,,"gPuKrSrjRHYQAhofp"
"jXeTXfWobyZraqFD8","There is a regular power supply","[ ""Grid (e.g. Eskom)"" ]",,,"dmcSwWf7Zcge6eHR8"
"jsikXFPpiS49n9hDT","There is no power supply",,,,"uvAsG8PGNZNED5pxz"
"kCxg3tWW4Xsm9DR5v","There is a regular power supply","[ ""Grid (e.g. Eskom)"" ]",,,"e6s5EEf389EeLo6Tz"
"kLkJSqM88fBLG5Yxr","There is a regular power supply","[ ""Grid (e.g. Eskom)"" ]",,,"8TjXzm5mqedTkvZ5n"
"kP7K3NvDY5wJG2kpG","There is a regular power supply","[ ""Grid (e.g. Eskom)"" ]",,,"eaN2HpTXfZTyuJHLY"
"kmSjrsRs7KKgn7Wyx","There is a regular power supply","[ ""Grid (e.g. Eskom)"" ]",,,"wfdMKsnKg56v7y6uJ"
"kmxc4A5S53mo9x9PT","There is a regular power supply","[ ""Grid (e.g. Eskom)"" ]",,,"Hjqy94n4PwNqwN5uA"
"kqARQveym3xwFrdBu","There is a regular power supply","[ ""Grid (e.g. Eskom)"" ]",,,"6XmRH2cDbjXJd8Zri"
"m43XGaWmfJkCKjvZt","There is a regular power supply","[ ""Grid (e.g. Eskom)"" ]",,,"ojqksxwnmxWXpM8n6"
"mJsTAH9JR4dXLAnsA","Sometimes there is power","{ ""0"" : ""Grid (e.g. Eskom)"" }",,,"55foHoJLBDfwGwTWD"
"mdAXGcR53idyEkDkd","There is a regular power supply","[ ""Grid (e.g. Eskom)"" ]",,,"Y2gH7TZojYSgJ6J3i"
"mdQtRC3e3Gnfj2eFp","There is a regular power supply","[ ""Grid (e.g. Eskom)"" ]",,"The supply of electricity according to the principal is very good.","SeRiR2xnt35DWtRzX"
"mjA35GjDGF54PkkmC","There is a regular power supply","[ ""Grid (e.g. Eskom)"" ]",,,"JMwctXTYdunvweNYD"
"nFosENy53jmZ9GiXq","There is a regular power supply","[ ""Grid (e.g. Eskom)"" ]",,,"AQmqsTKLbbQgfAmzP"
"nTcPvgqCY5KKyQMo9","There is a regular power supply","[ ""Grid (e.g. Eskom)"" ]",,,"hrfAaJLuuBvdukdf9"
"nkeb2pyAwxvuQYJgP","There is a regular power supply","{ ""0"" : ""Grid (e.g. Eskom)"" }",,,"Gfj3WRS3Y8w4dmyph"
"oN8YGWqEybjBRxdn6","There is a regular power supply","{ ""0"" : ""Grid (e.g. Eskom)"" }",,,"Q2SemXMcpEX5NfYsD"
"oWRuhJPC9wYBdkuMe","There is a regular power supply","[ ""Grid (e.g. Eskom)"" ]",,,"tDKj5hfjzok3tbGs9"
"ohttzTjj6unN6LLBW","There is a regular power supply","[ ""Grid (e.g. Eskom)"" ]",,,"qsXPNNQE3pWkdTbfb"
"ors4ZmCTouA2S2Qt5","There is a regular power supply","[ ""Grid (e.g. Eskom)"", ""Solar Panel"" ]",,"Solar power is used at the kitchen only","qCqx8rN4JLCHpEwF4"
"pAWQvi4abjpgCh3Nk","There is a regular power supply","[ ""Grid (e.g. Eskom)"" ]",,,"sfN5HAvKti5hRvPxZ"
"pXHCw3jE5XNLqdfia","There is a regular power supply","[ ""Grid (e.g. Eskom)"" ]",,,"g6orxjw6EmCqYup83"
"pjNDLDeDDwf6Yvpez","There is a regular power supply","[ ""Grid (e.g. Eskom)"" ]",,,"eg2P5ZFGTcwctmdcA"
"q56NzRLoS3a84tR4t","There is a regular power supply","[ ""Grid (e.g. Eskom)"" ]",,,"sXauHMaoiXsoSamWK"
"qA2jPHfHYnWhq5zWa","There is a regular power supply","[ ""Generators"" ]",,,"8Q8hLajqT7vMWrbeA"
"qRSa88SpuLmPG9E4u","Sometimes there is power","[ ""Grid (e.g. Eskom)"" ]",,,"5QzLWMPF8grmhh3G5"
"rRB2ZF6jtjGjndhzF","There is a regular power supply","[ ""Grid (e.g. Eskom)"" ]",,,"5iHufHeS6B2XBsHTB"
"sH2n4pM5fPMFh2dAm","There is a regular power supply","[ ""Grid (e.g. Eskom)"" ]",,,"vZkChYaMACHarXWxC"
"sQHteKgFof8ACEMZo","There is a regular power supply","[ ""Generators"" ]",,,"6yXgt6quvcZfmQiWf"
"sRpNn3YN6dsCqh7sN","There is a regular power supply","[ ""Grid (e.g. Eskom)"" ]",,,"KhtEcF9mnhkNyqnW3"
"seodTJGbZhLnXv6um","There is a regular power supply",,,,"pRKnFJGLubdAiTZEy"
"sm8Gw9C2moaui3sG2","There is a regular power supply","[ ""Grid (e.g. Eskom)"" ]",,,"4avNjjRgrzrEpwKMN"
"sqTGMXKfWK684MPuX","There is a regular power supply","[ ""Grid (e.g. Eskom)"" ]",,,"bHZpmA7SpQzx29CQk"
"t8E37qRPe22zzJwbb","There is a regular power supply","[ ""Grid (e.g. Eskom)"" ]",,,"ra2zX3jjBPguj6bc3"
"tJoPurCotc5MdvnF6","There is a regular power supply","[ ""Grid (e.g. Eskom)"" ]",,,"EtHDHYs97BCxasggi"
"tYyAgtR78JcjgGgwS","There is a regular power supply","[ ""Unsure"" ]",,,"E4srgmkj2uCu4Coxb"
"toccLXoDMo3qw3L8Z","Unsure","[ ""Grid (e.g. Eskom)"" ]",,,"RKz4SAhiQgbHCmTpZ"
"tvWLyyiHGtzMMTcfJ","There is a regular power supply","[ ""Grid (e.g. Eskom)"" ]",,,"ZgR4zqFothSycL9hz"
"tySmpKRv2s9845ND9","Sometimes there is power","[ ""Grid (e.g. Eskom)"" ]",,"No electricity in classes.","HMfiK9msnxvBpZRTv"
"tzhcEx2bifu9zvYy9","There is a regular power supply",,,,"EtsNuLzuvqcqdM943"
"u5pwne9Lt2xsZo5e9","There is a regular power supply","[ ""Grid (e.g. Eskom)"" ]",,,"ogTK6SAt8Ndg38xPc"
"uZHPQANQyoh4KL9wh","There is a regular power supply","[ ""Solar Panel"" ]",,,"yYkct2ymcY7BaACza"
"uZmEFYeNeNiQNWtHe","There is a regular power supply","[ ""Grid (e.g. Eskom)"" ]",,,"4F5Qwq5cmL34WsvHP"
"ufLdWfuSGWkcceuTd","There is a regular power supply","[ ""Grid (e.g. Eskom)"" ]",,,"AGiLx4gigQqYMN4fT"
"uomXgWXig5K52mxcD","Sometimes there is power","[ ""Grid (e.g. Eskom)"" ]",,,"EyHGQ2ctZRGcPQ4Lc"
"v8t9QbzdwoEp6gvXH","There is a regular power supply","{ ""0"" : ""Grid (e.g. Eskom)"" }",,,"srdTLx3pxML3nwKPr"
"vJiFf27g98nwSoi7g","There is a regular power supply","[ ""Grid (e.g. Eskom)"" ]",,,"2smWdy5ZETPXoRrYG"
"vKNABiRyGeGX6Sv45","There is a regular power supply","[ ""Grid (e.g. Eskom)"" ]",,,"y3Rzmw2pDYqioZ8WC"
"voCqnyipMXu5rgCeT","There is a regular power supply","[ ""Unsure"" ]",,,"vPSPXjGpC6ABc9Szc"
"w8hGGEWKjQac5z8R3","There is a regular power supply","[ ""Grid (e.g. Eskom)"", ""Unsure"" ]",,,"xuTGawqPYaYusxnm8"
"wJTCwAZ7e4eDvwiza","There is a regular power supply",,,,"KrNZ7H2XmHuPpHRrN"
"wMEhtiQZEMoQ4vZed","There is a regular power supply",,,,"qqTGPEnmDQRrarBSw"
"wqyseJ2yYGWd7dYs2","There is a regular power supply","[ ""Grid (e.g. Eskom)"" ]",,,"6nyrh8pzbNxMHyu4J"
"wv5vcm6jtFgQ2wpj9","Sometimes there is power","[ ""Grid (e.g. Eskom)"" ]",,,"giGaTXuXxZQxCGaMd"
"xeKqkHMcFeARGGioS","There is a regular power supply","[ ""Grid (e.g. Eskom)"" ]",,,"8FucY8f4FTzL2XmhY"
"xoAYkTERyRJeGqyJP","There is a regular power supply","[ ""Grid (e.g. Eskom)"" ]",,,"7Lt26udxHfpKtyAwY"
"yZYNp9iYyGgxGwzcj","There is a regular power supply","[ ""Grid (e.g. Eskom)"" ]",,,"BL89Y49hLjtAgtj9C"
"ynrW2nZLbcKBako7w","There is a regular power supply","[ ""Grid (e.g. Eskom)"" ]",,,"BwK89vufnm6iCSJhQ"
"ys9WAchKxpryxcq5G","There is a regular power supply","[ ""Grid (e.g. Eskom)"" ]",,,"NTo8EK8jnLkjB93Hd"
"zYZyARd54SPnMogXg","There is a regular power supply","[ ""Grid (e.g. Eskom)"" ]",,,"LTccQvtsRbQdnvd4x"
"zcwX5MDWeXgzzXxoK","There is a regular power supply","[ ""Grid (e.g. Eskom)"" ]",,,"fXPmfwBo9N6rx7mLh"
"zq2LgiRXnzpdq99wm","There is a regular power supply","[ ""Grid (e.g. Eskom)"" ]",,,"X4uSNwu6z2y2MdNwA"
