_id,electronicConnectivity,comment,version_id
"29xs2A2ZaNQcahpuW","[ ""Telephone facilities"", ""Fax facilities"", ""RInternet facilities"" ]",,"ZgR4zqFothSycL9hz"
"37BcLbvLa7qvkEkP9",,,"xsLXqpcynPeYTwiXE"
"3Dp2eWRMvAdQHHk54","[ ""Telephone facilities"", ""Fax facilities"", ""RInternet facilities"" ]",,"jR3LMPDnnHi7xvLcp"
"3FpjzKLeX3EzDMaZB","[ ""Telephone facilities"", ""Fax facilities"", ""RInternet facilities"" ]",,"r8FrZJWZGiB9zPmmc"
"3Pph9BS5aFPSiB8jv","[ ""Telephone facilities"", ""Fax facilities"", ""RInternet facilities"" ]",,"BpGigPup4eyijh28x"
"4Gea58zRie3MeEDEf","[ ""Telephone facilities"", ""RInternet facilities"" ]",,"Sue8DWeGKHPKAyQBi"
"4RwtK2zBR2dBnCjZB",,,"yYkct2ymcY7BaACza"
"4XTL2r9G3j5zTdRcn","[ ""Telephone facilities"" ]",,"rgipwMLK9skQK2EuA"
"4bXajD3iL9hFPg5NR","[ ""Telephone facilities"", ""Fax facilities"", ""RInternet facilities"" ]",,"qCqx8rN4JLCHpEwF4"
"4jdXs4deGRzpimFkD","[ ""Telephone facilities"", ""Fax facilities"", ""RInternet facilities"" ]",,"5iHufHeS6B2XBsHTB"
"4paPatNxYZeRZNjKF","[ ""Telephone facilities"", ""Fax facilities"", ""RInternet facilities"" ]",,"Ch6HJ6DZmFCYxKkww"
"4qofuuGEdxcDK9ak8","[ ""Telephone facilities"", ""Fax facilities"", ""RInternet facilities"" ]",,"HZFjNDTejF5ga78Sx"
"4tCJfpxMdvvJuFszf","[ ""Telephone facilities"", ""Fax facilities"", ""RInternet facilities"", ""An intercom or public address system"" ]","the school keeps record for everything and there is a person i charge","ghEZdTPoThhpWNWiw"
"4wfvHhpTFLsznKQ6j","[ ""Telephone facilities"", ""Fax facilities"", ""RInternet facilities"" ]",,"2Qm9dY2unum62oDu7"
"5DrQ2EJNfTebDDtHQ","[ ""Telephone facilities"", ""Fax facilities"", ""RInternet facilities"", ""An intercom or public address system"" ]",,"MYybcL4ntNLDfPjZt"
"5asGkimyneF6B7TwT","[ ""Telephone facilities"", ""Fax facilities"", ""RInternet facilities"" ]",,"A7HS55Lmpv7eWduhv"
"5eEima2epBs2jQga3","[ ""Telephone facilities"", ""Fax facilities"", ""RInternet facilities"", ""An intercom or public address system"" ]",,"eiaeXipXaywPNGZ7X"
"5xgpGtfdJgDbjCqhf","[ ""Fax facilities"" ]",,"uiiC6LpdXHBickDqX"
"5z82KFfeeo4YTvDJ3","[ ""Telephone facilities"" ]",,"eaN2HpTXfZTyuJHLY"
"64SuFuogEbZxTuQJX","[ ""Telephone facilities"" ]","need internet and intercom system","4F5Qwq5cmL34WsvHP"
"69zM5EmXF5hahP4cR","[ ""Telephone facilities"", ""Fax facilities"", ""RInternet facilities"" ]",,"eg2P5ZFGTcwctmdcA"
"6AToHcsTAPMz8xZF2","[ ""Telephone facilities"", ""Fax facilities"", ""RInternet facilities"" ]",,"BwK89vufnm6iCSJhQ"
"6DEohz28JgXgS9xJq","[ ""Telephone facilities"" ]","principal uses his own phone","3uXaw9N4tJkFZKXSt"
"6MfYXqdubDTAqqTir","[ ""Telephone facilities"" ]",,"MYuCFef7Fjt8yRX8d"
"6NZrgJqtd5N69gxd2","[ ""Telephone facilities"", ""Fax facilities"", ""RInternet facilities"" ]",,"ayNNoGKj3iCnECzSg"
"6PtbHTg6fs59pncQd","[ ""Telephone facilities"", ""Fax facilities"" ]",,"WdTssNZoaRHCT3LMG"
"6dRgPYkRvviJfh4hz","[ ""Telephone facilities"", ""Fax facilities"", ""RInternet facilities"" ]",,"EbrJ8dHAyrQTpSaNj"
"6hqAEnTFwvSDhTqb9","[ ""Telephone facilities"", ""Fax facilities"", ""RInternet facilities"" ]",,"METTMMRQRhoWxKdRt"
"6mEMZnr3L8GPRZdme","[ ""Telephone facilities"" ]","But the phones are broken","sfN5HAvKti5hRvPxZ"
"6rfXFChrScydq7EhM","[ ""Telephone facilities"", ""Fax facilities"", ""RInternet facilities"" ]","There is a telefax but it is not working.
The school is still waiting for technicians","bMEYkfLEMjEHiTFux"
"78nCFiwu9DKEcM2kr","[ ""Telephone facilities"", ""RInternet facilities"", ""An intercom or public address system"" ]",,"FpTsqHm4D3ttwK8dY"
"8RE9DBG4fFLnzfkn2","[ ""Telephone facilities"", ""Fax facilities"", ""RInternet facilities"" ]",,"AQmqsTKLbbQgfAmzP"
"9AeC29djrfmSCcAgF","[ ""Telephone facilities"", ""Fax facilities"", ""RInternet facilities"" ]",,"efr9txWNfPHw3AhD7"
"9EJ2vkXXa2JD9YeCt","[ ""Telephone facilities"", ""Fax facilities"" ]",,"ufaeHuMMa97ge5aCK"
"9iH9hxq9fAoSJzdxg","[ ""Telephone facilities"", ""RInternet facilities"", ""An intercom or public address system"" ]",,"Y2gH7TZojYSgJ6J3i"
"9pF2hs3B4ikPsRBDv","[ ""Telephone facilities"" ]",,"mobhBo8uKGxkvNsjR"
"9picPmwd2jvzZY2oT","[ ""Telephone facilities"", ""Fax facilities"", ""RInternet facilities"", ""An intercom or public address system"" ]",,"siZhhkH29MMEnswvu"
"9sox23puXcqWTBM7r","[ ""Telephone facilities"", ""Fax facilities"", ""RInternet facilities"", ""An intercom or public address system"" ]",,"RKz4SAhiQgbHCmTpZ"
"9w6b2hoRNKdWo2fZY","[ ""Telephone facilities"", ""Fax facilities"", ""RInternet facilities"", ""An intercom or public address system"" ]",,"8EkWbb3qMosGvaWyT"
"9zJR5eZiiGwmgrT5X","[ ""Telephone facilities"", ""RInternet facilities"" ]","There are no fax facilities.","qqTGPEnmDQRrarBSw"
"AnirYe5LP9QtosCdD","[ ""Fax facilities"", ""RInternet facilities"" ]","there are telephone facilities but they not working","3CZM6LyxfbGxQ676w"
"AsYcKjfq8GWMe3p4g","[ ""Telephone facilities"", ""Fax facilities"", ""RInternet facilities"" ]",,"Dddj3YJBuiuGmAQFQ"
"AyaoAttcTKqfmtdY7","[ ""Telephone facilities"" ]",,"hJppCjP9YgzQPhsxp"
"BFs65zWixhN2uMMbT","[ ""Telephone facilities"" ]",,"gZKefKr3T7kQ7yZdd"
"BLriRNvFPRmtFFs5W","[ ""Telephone facilities"", ""Fax facilities"", ""RInternet facilities"" ]",,"J8iGazpt3MwprEvbp"
"BR86gZHYnKLkRsQbo","[ ""Telephone facilities"" ]","they usually use emails","QBmBALzw89kwmHz2B"
"BXQNxcnTgvnFWMc5D","[ ""Telephone facilities"", ""RInternet facilities"" ]",,"y8vNYzZpy3A9BHx6W"
"BYGNzrRQxJvQCPmrb","[ ""Telephone facilities"", ""Fax facilities"", ""An intercom or public address system"" ]",,"aiBSX6cmH9icpEn7C"
"BfJa9XbMCDZ4vbgnb","[ ""Telephone facilities"", ""Fax facilities"", ""RInternet facilities"" ]",,"Hjqy94n4PwNqwN5uA"
"CHBAd283KpfBfQgMA","[ ""Telephone facilities"", ""Fax facilities"", ""RInternet facilities"" ]",,"WeXHdZMumEMFyckHq"
"CHC4Yquq2EYbo9fBJ","[ ""Telephone facilities"", ""RInternet facilities"", ""An intercom or public address system"" ]",,"XTL9gvLr9S2MmMsjJ"
"DsxqhLEYZgdyhwznE","[ ""Telephone facilities"", ""Fax facilities"", ""RInternet facilities"" ]",,"CoWKa7AHpYehwgjN4"
"EMTDphZSGNqEShwAk","[ ""Telephone facilities"", ""Fax facilities"" ]",,"7jdhLaYzWcCtFduQg"
"EfaamQJKipTAkZWnR","[ ""Telephone facilities"", ""RInternet facilities"" ]",,"esLPjFoMCrf7aGwqS"
"F3qcoFTgdfR8ch5af","[ ""Telephone facilities"" ]","PRIVATE PHONE BEING USED BY PRINCIPAL GIVEN BY DEPARTMENT","eqJ28tbWRDYX6YPkp"
"F6MninvHDq2xJxck2","[ ""Telephone facilities"", ""Fax facilities"", ""RInternet facilities"" ]",,"KrNZ7H2XmHuPpHRrN"
"FKFwjGrL8YP6egGpW","[ ""Telephone facilities"", ""Fax facilities"", ""RInternet facilities"" ]",,"tkbM3Jp4KjPx4H5qC"
"FXQMWGXfrkYHuY4Fp","[ ""Telephone facilities"", ""Fax facilities"", ""RInternet facilities"" ]",,"LD7hazozFmAuLNBgP"
"FYnf9GyCeWzc7DXYE","[ ""Telephone facilities"", ""Fax facilities"", ""RInternet facilities"", ""An intercom or public address system"" ]",,"8TjXzm5mqedTkvZ5n"
"FcBaeyXvw9YmxhWeS","[ ""Telephone facilities"", ""Fax facilities"", ""RInternet facilities"" ]",,"P4wqK6rnJQahfhFTr"
"Fy3BfF3hR4BopQgFd","[ ""Telephone facilities"", ""An intercom or public address system"" ]",,"BQfg3z63ZB9CEwvQ8"
"GSGz8C4a6axuLzQyx","[ ""Telephone facilities"", ""Fax facilities"", ""RInternet facilities"" ]",,"pRKnFJGLubdAiTZEy"
"GYivhZJAeLN2xocPw","[ ""Telephone facilities"" ]","It terms of faxing and internet, they usually outside the. School","PySjA6yQMoXAyS2z8"
"Gy6pYAxBdE5GctCr3","[ ""Telephone facilities"", ""Fax facilities"", ""RInternet facilities"" ]",,"HKHTs5NYM9YcNKmA3"
"H2prmYe34jrFJrQcu","[ ""Telephone facilities"", ""Fax facilities"", ""RInternet facilities"", ""An intercom or public address system"" ]",,"hBG3H9epZYnScCbtp"
"H3Twyqwy7jFTPTnYb","[ ""Telephone facilities"", ""RInternet facilities"", ""An intercom or public address system"" ]",,"rRCnvnKF3KB68xQfw"
"H4X8ec6jkSB4mN4Wn","[ ""Telephone facilities"", ""Fax facilities"" ]",,"gPuKrSrjRHYQAhofp"
"Hyndh9w25vmkRR7zT","[ ""Telephone facilities"", ""Fax facilities"", ""RInternet facilities"" ]",,"bEf9GjYAyqAqY3bhw"
"J5apL2h3oyJuYGNy5","[ ""Telephone facilities"", ""Fax facilities"", ""RInternet facilities"" ]",,"hTroeBPPurCSNxDGe"
"JEMC5nFZShLct6ZDd","[ ""Telephone facilities"", ""RInternet facilities"" ]",,"HushLZncKDsTyJhfN"
"JSaX3Z4W2HsFJS7eL","[ ""Telephone facilities"", ""Fax facilities"", ""RInternet facilities"" ]",,"HE7QyZrdjZD4TwigW"
"Jepy5CQA6SyZnM2rP","[ ""Telephone facilities"", ""Fax facilities"", ""RInternet facilities"" ]",,"hrfAaJLuuBvdukdf9"
"KDX4hEuF4f6JE2uhb","[ ""Telephone facilities"", ""Fax facilities"", ""RInternet facilities"" ]",,"sfgS3CrJFoTBvFQ72"
"LGLj7rg5JHw5BY2cE","[ ""Telephone facilities"", ""Fax facilities"", ""RInternet facilities"" ]",,"q7vvj7t7uptnim45G"
"LYu3tA9oZg78egb7A","[ ""Telephone facilities"", ""Fax facilities"", ""RInternet facilities"" ]",,"Qmhp6bLYHrRTc42wc"
"MLcuQb4xcZreQk2qv","[ ""Telephone facilities"", ""Fax facilities"", ""RInternet facilities"" ]",,"2G6DH4Aiu8dpRQyrD"
"MQW9krfKJ3PdnECed","[ ""Telephone facilities"", ""Fax facilities"" ]",,"RHG8484wnsaqifrig"
"Mazuqik3nDxkw9PFp","[ ""Telephone facilities"", ""Fax facilities"", ""RInternet facilities"" ]",,"y3Rzmw2pDYqioZ8WC"
"Mpa4daqDkyd9bc6sj","[ ""Telephone facilities"", ""Fax facilities"" ]",,"EtHDHYs97BCxasggi"
"Mpf9ASDzWFhkbjyBo","[ ""Telephone facilities"", ""Fax facilities"", ""An intercom or public address system"" ]",,"gpABZNKAeZxGARLNE"
"P9qu4exm7z2JhGs36","[ ""Telephone facilities"", ""Fax facilities"", ""RInternet facilities"" ]",,"6XmRH2cDbjXJd8Zri"
"PR6ff6XqcLLAmnraq","[ ""Telephone facilities"", ""Fax facilities"", ""RInternet facilities"" ]",,"E7KSgcfSqaoDb5BEE"
"Ph6pqKkWqL4pSLg39","[ ""Telephone facilities"", ""Fax facilities"", ""RInternet facilities"", ""An intercom or public address system"" ]",,"H2wSN9EFbKzeSGjCh"
"PiEYyu8LPhfMRreaw","[ ""Telephone facilities"" ]",,"8Q8hLajqT7vMWrbeA"
"PmAD7XuqjxXB9gCBQ","[ ""Telephone facilities"" ]",,"sXauHMaoiXsoSamWK"
"PmqRjYEas4CC44BBd","[ ""Telephone facilities"", ""Fax facilities"", ""RInternet facilities"" ]",,"bf5Ltec4dXsz7pEX9"
"Q8e9LDCrqAvNHMaJR","[ ""Telephone facilities"", ""Fax facilities"", ""RInternet facilities"" ]",,"GdT4e3QnaH2fX4vAA"
"QAiXJhBoLFBjm3mC2","[ ""Telephone facilities"", ""Fax facilities"" ]",,"7sAKJvmox8vK6GJBv"
"QdLNHffAF7cqjagyC","[ ""Telephone facilities"", ""Fax facilities"", ""RInternet facilities"" ]",,"Gfj3WRS3Y8w4dmyph"
"QmmTBC9eX3BoXsot3","[ ""Telephone facilities"", ""Fax facilities"", ""RInternet facilities"" ]",,"syBSsyuaG3J2rk8ky"
"QsikcDY6oMaQiB5Eu","[ ""Telephone facilities"", ""Fax facilities"" ]",,"jSDZSbr7cMPKgibe7"
"QxtmLs5hFkcYR8xLR","[ ""Telephone facilities"", ""Fax facilities"", ""RInternet facilities"" ]",,"fXPmfwBo9N6rx7mLh"
"RzJ6CNwrxWMfC5s5A","[ ""Telephone facilities"", ""Fax facilities"" ]",,"XKxt23fR8Fujkyiim"
"SeC4sEXpQNEBtFeDX","[ ""Telephone facilities"", ""Fax facilities"", ""RInternet facilities"" ]","They only don't have intercom but also to note that the computer lab is not easily accessible to learners.","SeRiR2xnt35DWtRzX"
"Sem2XBzxkfHNshTv3","[ ""Telephone facilities"" ]",,"Z9wz3QcLwmRfGuaeT"
"SqP7qv66N8C7Ftic2","[ ""Telephone facilities"" ]",,"aQ4BMeoFWmo4HrHqF"
"StyQk7Gt6w8wJkZxR","[ ""Telephone facilities"", ""RInternet facilities"" ]",,"KhtEcF9mnhkNyqnW3"
"SyYmpx7vpydu9NRZq","[ ""Telephone facilities"", ""Fax facilities"", ""RInternet facilities"" ]",,"ZQpQXXcpAjvZC2ony"
"T3CTsTTggAC5sqktz","[ ""Telephone facilities"", ""Fax facilities"", ""RInternet facilities"", ""An intercom or public address system"" ]",,"DwG2tAAFC8W79Ckxx"
"T8RAhrstMsxqoDLSm","[ ""Telephone facilities"", ""Fax facilities"", ""RInternet facilities"" ]",,"MrCRY4JkG2RtXRzjf"
"TDc3Rmu3djCZGicHL","[ ""Telephone facilities"", ""Fax facilities"", ""RInternet facilities"" ]",,"aMRD37JGNEmrz9FZ9"
"TGZcN27vQNDoWmtEJ",,,"Qzm8u4imxajBRWLE5"
"TpQSf7NYCkFbfoTnQ","[ ""Telephone facilities"", ""Fax facilities"", ""RInternet facilities"" ]",,"ocFaNqXzeBvD5hiAZ"
"WKfAg6D4yHdTe9qNu","[ ""Telephone facilities"", ""Fax facilities"", ""RInternet facilities"" ]",,"A82Sqxg6dWo9BjRw7"
"WgaY2mWkGQfn7JF2k","[ ""Telephone facilities"", ""Fax facilities"" ]",,"AGiLx4gigQqYMN4fT"
"XBZdyXPdPpKKsi93x","[ ""Telephone facilities"", ""Fax facilities"", ""RInternet facilities"" ]",,"kY8pdvG9t8eN5CY4h"
"XK8p4T2bkFh7onSkp","[ ""Telephone facilities"", ""RInternet facilities"" ]","There isn't a fax machine available at school, they scan to email.","6ZNqRnThWfJTjmtzh"
"XM2xS77BuYbbQfjN6","[ ""Telephone facilities"", ""Fax facilities"", ""RInternet facilities"" ]",,"k652o58moXsybbDfm"
"XZzzXM9tx9XR8ByPQ","[ ""Telephone facilities"", ""Fax facilities"", ""RInternet facilities"" ]",,"YLYWLt3BFmbGuRHBQ"
"XexosPsuSzXqEPhJt","[ ""Telephone facilities"", ""Fax facilities"", ""RInternet facilities"" ]",,"XYLgc3p2tmFJ6nGJb"
"Xso5jKfRxwTjBz8RF","[ ""RInternet facilities"" ]","They all need electronic connectivity","cDYo2z98FGZzNHPMM"
"Xxn4kR9hjGmYbWE4T","[ ""Telephone facilities"", ""Fax facilities"", ""RInternet facilities"" ]",,"ojqksxwnmxWXpM8n6"
"Y5T9byWymi55YjP7r",,,"tCtKh6DnzT7ZXMeHw"
"YjjTfFn93aGnCnAFQ","[ ""Telephone facilities"", ""Fax facilities"", ""RInternet facilities"" ]",,"LZ7sJWsXTML9asLdD"
"ZAhZnbuBqN4vGgZ5K","[ ""Telephone facilities"", ""Fax facilities"", ""RInternet facilities"" ]",,"5PhvChXDzSoaBymWp"
"ZSiGto3wM6gdfWXb8","[ ""Telephone facilities"", ""Fax facilities"", ""RInternet facilities"" ]",,"SDQzcRxtroyWa7uGB"
"ZyAgBr59B9Yrjtuv9","[ ""Telephone facilities"", ""Fax facilities"", ""RInternet facilities"" ]",,"ZMuo7tqss7QrYPuwZ"
"a56ttdx6vFHY3W7Yr","[ ""Telephone facilities"" ]",,"KYeDjZFEFXobJB7hL"
"a7MrKhxyXpKSwnNyn","[ ""Telephone facilities"", ""Fax facilities"", ""RInternet facilities"" ]",,"MtKWmrDmPtx6hTjXm"
"aA73QGTYS8ztWnW7P","[ ""Telephone facilities"", ""Fax facilities"" ]",,"Ayck7PmsY3mNr3gZQ"
"aKPRyexdxLmDhz6oq","[ ""Telephone facilities"" ]",,"EyHGQ2ctZRGcPQ4Lc"
"aKmrCEPDGGyJ4Z4HP","[ ""Telephone facilities"", ""Fax facilities"", ""RInternet facilities"" ]",,"LBujyFwCgPkGzWSZy"
"aS6u8iRyXFdHRvvWD","[ ""Telephone facilities"", ""Fax facilities"", ""RInternet facilities"", ""An intercom or public address system"" ]",,"68f6ufafjEtTD87dK"
"aSH8rzSSzN86bzQwm","[ ""Telephone facilities"", ""Fax facilities"", ""RInternet facilities"" ]","All of them are working in good condition","pqm6NksjcwAhrDwyH"
"ao4Y2bSHoxHoNKf3e","[ ""Telephone facilities"", ""Fax facilities"", ""RInternet facilities"" ]",,"Pye3fvQETS2TCPKyt"
"aqiJ4qCShNSmHbD3E","[ ""RInternet facilities"" ]",,"S3LbwsmZGkiiekXEX"
"b7WiXdaQR7DrfQ2er","[ ""Telephone facilities"", ""Fax facilities"", ""RInternet facilities"", ""An intercom or public address system"" ]",,"qYqekSfSRExjXJrGM"
"bb2bWqracqBRecDA4","[ ""Telephone facilities"", ""Fax facilities"" ]",,"bAExKd8RN5BhHzb3z"
"cmiZwoTfdyh7GW5CJ","[ ""Telephone facilities"", ""Fax facilities"", ""RInternet facilities"" ]",,"6yXgt6quvcZfmQiWf"
"dAeYjYmfNvAcf76h7","[ ""Telephone facilities"", ""Fax facilities"", ""RInternet facilities"" ]",,"Acd6f7D8RbhpthZHN"
"dWkcJHwgniBA7cSoM","[ ""Telephone facilities"", ""Fax facilities"", ""RInternet facilities"", ""An intercom or public address system"" ]",,"yAYPTyMxnk5pj2zT9"
"dy7Ck79F5GWpxNXRY","[ ""Telephone facilities"" ]","no electricity since 2014 only generators were used but they were stolen","2gqMBsR5BKHB3TEv6"
"e3FL3LTXbgkM2ZdZD","[ ""Telephone facilities"", ""Fax facilities"", ""RInternet facilities"", ""An intercom or public address system"" ]",,"x39JZC9Q749pXeEbY"
"e57zeupq6y8pryJKH",,,"4zo5MNwbBvTPykbFg"
"eGqDBknabzrsw2Cm8","[ ""Telephone facilities"", ""Fax facilities"", ""RInternet facilities"" ]",,"bPfY5thaXn4EAdkXw"
"eHHep4MPv37quSNaT","[ ""Telephone facilities"", ""Fax facilities"", ""RInternet facilities"" ]",,"AHHiQixZscHdnSQpM"
"eQ42GkPFWPkxcpovm","[ ""Telephone facilities"", ""Fax facilities"", ""An intercom or public address system"" ]","There is a computer centre but not everyone is allowed to use it","8FucY8f4FTzL2XmhY"
"ea5tvkt7867j7XRcm","[ ""Telephone facilities"", ""Fax facilities"" ]","Internet and intercom facilities are not working but do exist so therefore have not been ticked.","xuTGawqPYaYusxnm8"
"emyuPgeLdYQo3hXRG","[ ""RInternet facilities"" ]","No landline. Telephone  service,no fax,no intercom","dLHdmSdFbLWF2kJqy"
"eo48zorNYdTF4PSkT","{ ""0"" : ""Telephone facilities"" }","The school needs internet facilities for learners to do their assignments","fkuEy7WKs5HL2NM6z"
"ep2CNJFgNc9nxiNJ6","[ ""Telephone facilities"", ""Fax facilities"", ""RInternet facilities"" ]",,"mu6wNPMzZ754NLLnE"
"exbfoxZ9EbYsLAsFK","[ ""RInternet facilities"" ]",,"BL89Y49hLjtAgtj9C"
"fWK5sxhK3zBRdfR3P","[ ""Telephone facilities"", ""Fax facilities"" ]",,"tMjiiRvEEAsNmSJGx"
"faf6QTxX4NJc83mbv","[ ""Telephone facilities"", ""Fax facilities"", ""RInternet facilities"", ""An intercom or public address system"" ]",,"922NEXkq8CZy6PH7L"
"fvZ8cYEWroTSkk8zF","[ ""An intercom or public address system"" ]",,"e6s5EEf389EeLo6Tz"
"fwEPef67h3LzWKrnD","[ ""Telephone facilities"", ""Fax facilities"" ]",,"FEAD8jBu7LbHezy2j"
"gGmQF7duqz6ZPPi52","[ ""Telephone facilities"", ""Fax facilities"", ""RInternet facilities"" ]",,"Q2SemXMcpEX5NfYsD"
"gGoCwZjAvsTNk3wQg","[ ""Telephone facilities"", ""Fax facilities"", ""RInternet facilities"" ]",,"A9g2JXbafa9hggA23"
"gKkbchWDYeSd6xyGx","[ ""Fax facilities"", ""RInternet facilities"" ]",,"dBu8rGN6ZLKj4rb4e"
"gbgBKCJGziM9BrASt","[ ""Telephone facilities"", ""Fax facilities"", ""RInternet facilities"" ]",,"xp2bxhMm4Yoeu9jho"
"gkAroD2GaSkeQXRGn","[ ""Telephone facilities"" ]","cable theft","2smWdy5ZETPXoRrYG"
"gukoPu9fa4DdAgnrE","[ ""Telephone facilities"", ""Fax facilities"", ""RInternet facilities"" ]",,"JMwctXTYdunvweNYD"
"h9YbJJXeXDTdmRdQj","[ ""Telephone facilities"", ""Fax facilities"", ""RInternet facilities"" ]",,"opzRuPL9N8RSzCNsi"
"hAo6BwEcEnKbhn5JJ",,,"656hyBavtd4QHF6yx"
"hCH9WpTcSYqmTmDG5","[ ""Telephone facilities"", ""Fax facilities"", ""RInternet facilities"", ""An intercom or public address system"" ]",,"tC7ee9TXmJ8oDEcRe"
"hi3vcqKDEQatKtTge","[ ""Telephone facilities"", ""Fax facilities"", ""RInternet facilities"" ]",,"Zyuc4wPBmxQPcNyjF"
"hjgECNAAD3ac6rtB7","[ ""Telephone facilities"", ""RInternet facilities"" ]",,"giGaTXuXxZQxCGaMd"
"iKsN8RxxvxQns5RWB","[ ""Telephone facilities"", ""Fax facilities"", ""RInternet facilities"" ]",,"NY3CpQoLXKGkXkq8b"
"iL2uzcj6WPDjvCHBa","[ ""Telephone facilities"", ""Fax facilities"", ""RInternet facilities"", ""An intercom or public address system"" ]",,"WszeF9gAuQuHMNHLC"
"iPT55ojWG3deqKD8K","[ ""Telephone facilities"", ""Fax facilities"", ""RInternet facilities"", ""An intercom or public address system"" ]",,"Tnm69CSqqbdHg9obr"
"ihixHYjK7WzHnnh86","[ ""Telephone facilities"", ""Fax facilities"" ]",,"GaE7jrBwPxNR4AK72"
"iqBuMATZPn2n9ST7v","[ ""Telephone facilities"", ""RInternet facilities"" ]",,"Rvf9JkpRBRozBsyiq"
"ispMKbvDe3EJvxM8h","[ ""Telephone facilities"", ""Fax facilities"" ]","There is a problem of internet connection which they are busy fixing.","8pdqiKPuW9emmvdMA"
"jEXTkk7L2eXkubHZL","[ ""Telephone facilities"", ""Fax facilities"", ""RInternet facilities"" ]",,"3acdePaA3PaTzXLaP"
"k7MNdakFtAnybuueu","[ ""Telephone facilities"", ""Fax facilities"", ""RInternet facilities"" ]",,"vPSPXjGpC6ABc9Szc"
"k7uKhsqA2zCEbcp6R","[ ""Telephone facilities"", ""Fax facilities"", ""RInternet facilities"" ]",,"FkDMg4ekjDHWExDuv"
"kDbqrDMwdmyuysQFT","[ ""Telephone facilities"", ""Fax facilities"", ""RInternet facilities"" ]",,"6cFA5fAxPtQzaP5bz"
"kEssaSmreQGLzZywi","[ ""Telephone facilities"", ""Fax facilities"", ""RInternet facilities"" ]",,"drsWF9n9G7CxbrANB"
"ksRtiisRnnj9C3J6W","[ ""RInternet facilities"" ]",,"ra2zX3jjBPguj6bc3"
"mTo3MuGfJ2HGw2Wkd","[ ""Telephone facilities"", ""Fax facilities"", ""RInternet facilities"", ""An intercom or public address system"" ]",,"qsXPNNQE3pWkdTbfb"
"mjuZ68rD66ZwNkJnQ","[ ""Telephone facilities"", ""Fax facilities"" ]",,"yuLFP8PQcXB6aAAm6"
"mppME3u7H6cXmBHa2","[ ""Telephone facilities"" ]",,"qNgGZm2CTNoa336qY"
"myz8BuyJGGBzPFdZJ","[ ""Telephone facilities"", ""Fax facilities"", ""An intercom or public address system"" ]",,"uvAsG8PGNZNED5pxz"
"n4JSs2JzGxv486xT2","[ ""Telephone facilities"", ""Fax facilities"", ""RInternet facilities"" ]",,"srdTLx3pxML3nwKPr"
"nLGjTLRnAcfahaayh","[ ""Telephone facilities"", ""RInternet facilities"" ]",,"ogTK6SAt8Ndg38xPc"
"nfNGL2PZC6bDbwSaN","[ ""Telephone facilities"" ]","Vandalism and theft","SNuf4DBJszmQrAzS4"
"o5YMhyN9CWh8ayKrE","[ ""Telephone facilities"", ""Fax facilities"", ""RInternet facilities"" ]",,"Sa8QfeRArxjpbStqt"
"o6fcunbWcAs4tzyoX",,"There are no telephone, Fax or Internet facilities at the school.They just have copying machine.","bHZpmA7SpQzx29CQk"
"oA9g8kuCmiv3eGBj8","[ ""Telephone facilities"", ""Fax facilities"", ""RInternet facilities"" ]",,"74LtY73iZk5nAgKN4"
"oPrWBBGjMoL4ZxjPt","[ ""Telephone facilities"", ""Fax facilities"", ""RInternet facilities"" ]",,"EtsNuLzuvqcqdM943"
"oWJqLjx3DCTLnXbZL","[ ""Telephone facilities"", ""Fax facilities"", ""RInternet facilities"" ]",,"X4uSNwu6z2y2MdNwA"
"obqXZTTp42236tF3e","[ ""Telephone facilities"", ""Fax facilities"", ""RInternet facilities"", ""An intercom or public address system"" ]",,"ZQvS49GgfM6XNnqij"
"oqSp8RFgXdHe8xA2s","[ ""Telephone facilities"", ""Fax facilities"", ""RInternet facilities"", ""An intercom or public address system"" ]",,"2rqTjwusZ8tc8nbYt"
"oqfmtGG6NxcPCXBB8","[ ""Telephone facilities"", ""Fax facilities"", ""RInternet facilities"", ""An intercom or public address system"" ]",,"tDKj5hfjzok3tbGs9"
"owdpKtnmfmyhXy7Bw","[ ""Telephone facilities"", ""Fax facilities"", ""RInternet facilities"" ]","They need ramps, chairs and desks","LrmX8FAuJMKckWE6c"
"oxTWgTfTShciCpw9d","[ ""Telephone facilities"", ""Fax facilities"", ""RInternet facilities"", ""An intercom or public address system"" ]",,"vZkChYaMACHarXWxC"
"pLMZi2Kd9SkJJfLgZ","[ ""Telephone facilities"", ""Fax facilities"", ""RInternet facilities"" ]",,"JpDqQfLuuC9qJrici"
"pLkQ54Ep63JT54CnJ","[ ""Telephone facilities"", ""Fax facilities"", ""RInternet facilities"", ""An intercom or public address system"" ]",,"wfdMKsnKg56v7y6uJ"
"psAN3KBB5g6AQsvwK","[ ""Telephone facilities"", ""Fax facilities"", ""RInternet facilities"", ""An intercom or public address system"" ]",,"7qkXEP7zRNRG2EXxW"
"q3LHghNPmuJYGeFFj","[ ""Telephone facilities"", ""Fax facilities"", ""RInternet facilities"", ""An intercom or public address system"" ]",,"93KanXF8i8wGs4YKw"
"qR3vZypkP8oDtZW7Y","[ ""Telephone facilities"", ""Fax facilities"" ]",,"n9gEojJ6K5eKYJ4c2"
"qYQFaG3Ksuwm3bNBk","[ ""Telephone facilities"", ""Fax facilities"", ""RInternet facilities"", ""An intercom or public address system"" ]",,"o6KRqZ8m5YyPCmxEu"
"qfMBRGA7RnDJqiriY","[ ""Telephone facilities"", ""Fax facilities"", ""RInternet facilities"" ]",,"3XdLNoiuCRA5T5Dfc"
"qj6fHthTRGJDud9Dz","[ ""Fax facilities"", ""RInternet facilities"" ]",,"rCApJ97XLJY5xuoJY"
"qvxRE8AaCkDwHzS4F","[ ""Telephone facilities"", ""Fax facilities"", ""RInternet facilities"", ""An intercom or public address system"" ]","All working and in good condition","6nyrh8pzbNxMHyu4J"
"rFHJaBuohqwX9E5Di","[ ""Telephone facilities"", ""RInternet facilities"" ]",,"GQPE7rurt9bb7DM5a"
"rXudBaTvL34GufK3W","[ ""Telephone facilities"", ""Fax facilities"", ""RInternet facilities"", ""An intercom or public address system"" ]","GOOD OPERATIONAL SYSTEM","55foHoJLBDfwGwTWD"
"rifuY36ZA9de56vrg","[ ""Telephone facilities"", ""Fax facilities"" ]",,"KDmkojmtPfcEEQ3vv"
"rovPYWp9g24esD8e7","[ ""Telephone facilities"", ""Fax facilities"", ""RInternet facilities"" ]",,"qs4DrHmATWN59Tptg"
"s3eYdbbkfgkbrzrbo","[ ""Telephone facilities"", ""Fax facilities"", ""RInternet facilities"" ]",,"5QzLWMPF8grmhh3G5"
"sT9m94vwLoQAfaEba","[ ""Telephone facilities"", ""Fax facilities"", ""RInternet facilities"" ]",,"u2mAvGSYipuFCETW2"
"sXvtykbQZaqQHw59Y","[ ""Telephone facilities"", ""An intercom or public address system"" ]",,"dnFyeB4sC6kfmj2Q6"
"sinLKoj4YKyeJho4G","[ ""Telephone facilities"", ""Fax facilities"" ]","The school uses the admin's cellphone as a telephone.","HMfiK9msnxvBpZRTv"
"sji9G2Y2A2toRDzom","[ ""Telephone facilities"", ""Fax facilities"", ""RInternet facilities"" ]",,"myEbntbNmwtRJAXXn"
"t73roXFb3L9ezT3z7","[ ""Telephone facilities"", ""Fax facilities"", ""RInternet facilities"" ]",,"g6orxjw6EmCqYup83"
"tGDscdFr5kNmB2Jkk",,,"NTo8EK8jnLkjB93Hd"
"tK2EQ2AXj7T5nZ2y3","[ ""Telephone facilities"", ""Fax facilities"", ""RInternet facilities"" ]",,"ZrghZT93L2bSWSofg"
"tT3fXiokofmhJvEpv","[ ""Telephone facilities"", ""Fax facilities"", ""RInternet facilities"", ""An intercom or public address system"" ]",,"LTccQvtsRbQdnvd4x"
"tZWRzbK4FjgjDbiSA","[ ""Telephone facilities"", ""Fax facilities"" ]",,"Kqq9XsRqsRQM6PjGn"
"txn6WWd5TQrFY94Yj",,"They don't have","9NYELJLrE2z96eKGu"
"tzEn68AWK8LzSRQZT","[ ""Telephone facilities"", ""Fax facilities"", ""RInternet facilities"" ]",,"LJC3JBYxgkbi8GzAP"
"u8bRYPmYaMQgKh6j3","[ ""Telephone facilities"" ]","No land line, e-mail","zpLEh72kC58ryRpxt"
"uGnnxgGatYAw4hKJh","[ ""Telephone facilities"", ""Fax facilities"", ""RInternet facilities"" ]",,"6iixm3MYropadAMjX"
"uNabzr8KSR4MYz68r","[ ""Telephone facilities"", ""Fax facilities"", ""RInternet facilities"", ""An intercom or public address system"" ]",,"ZNXsgBEk2evJkTYso"
"uj7j84iYh3EhpeRAn","[ ""Telephone facilities"", ""Fax facilities"", ""RInternet facilities"" ]",,"dmcSwWf7Zcge6eHR8"
"vyYsXMY6WzcWdN6KE","[ ""Telephone facilities"", ""Fax facilities"", ""RInternet facilities"" ]",,"q7rLbRb4nxtPxfoSc"
"w3cXDbYmbsXguBYJp",,"They don't have","9NYELJLrE2z96eKGu"
"wH5iBMph2QiTjhPfB","[ ""Telephone facilities"", ""Fax facilities"", ""RInternet facilities"", ""An intercom or public address system"" ]",,"95AYoAp6AiYz3KZ2t"
"whEZRAZs7QmtchQbr","[ ""Telephone facilities"", ""Fax facilities"", ""RInternet facilities"", ""An intercom or public address system"" ]","Intercom needs to be fixed","uyB7xpWYkTuuhsLzS"
"wwe6Kj24GjuBAkvom","[ ""Telephone facilities"", ""Fax facilities"", ""RInternet facilities"" ]",,"S47bpHzXts94zC2ke"
"x2CJJXpSGXxzbmmAY","[ ""Telephone facilities"", ""Fax facilities"", ""RInternet facilities"" ]",,"tqMTBWRbAuYsAqATz"
"xCLXWJ6XzSYWppYSo","[ ""Telephone facilities"", ""Fax facilities"" ]",,"7Lt26udxHfpKtyAwY"
"xZCKdMHcJKrznYhCM","[ ""Telephone facilities"", ""Fax facilities"", ""RInternet facilities"", ""An intercom or public address system"" ]",,"r5bdwdb45e7jr6JZB"
"xg52wKBBX96YuqQng","[ ""Telephone facilities"", ""Fax facilities"", ""RInternet facilities"" ]",,"pamnvbjX3nHtQtv4D"
"xn93ExNpdPijhFwXy","[ ""Telephone facilities"", ""Fax facilities"", ""RInternet facilities"" ]",,"vQsgY2cMuHRHHxN5X"
"yfqsNvxQWrZ7BsSt2","[ ""Telephone facilities"", ""Fax facilities"" ]",,"cQQF5juB8JG3jNbNs"
"zE4xWh3mQzDtf4zmw","[ ""Fax facilities"", ""RInternet facilities"", ""An intercom or public address system"" ]",,"4avNjjRgrzrEpwKMN"
"zErtcWgBuWusj6Zv2","[ ""Telephone facilities"", ""Fax facilities"", ""RInternet facilities"", ""An intercom or public address system"" ]","Functional electronic connectivity","3tbjfT8zZ2fPGfiwc"
"zXhTMLJFxKDZrLr38","[ ""Telephone facilities"", ""Fax facilities"", ""RInternet facilities"", ""An intercom or public address system"" ]",,"2zRbjDBfz4zB8Tv6q"
"zoMKbYeK2pJgYQwHm","[ ""Telephone facilities"", ""Fax facilities"", ""RInternet facilities"" ]",,"tdRzrm36MQJ2raFea"
"zom23SjRNcti68yKK","[ ""Telephone facilities"", ""Fax facilities"" ]",,"JeGKrkaqdgboxbxAd"
"zsMAN9vXrRXnKbkRg","[ ""Telephone facilities"", ""Fax facilities"", ""RInternet facilities"" ]",,"hk4XMrnHxTastfL7s"
"zuXMhzJvHrJhHKNDe","[ ""Telephone facilities"", ""Fax facilities"", ""RInternet facilities"", ""An intercom or public address system"" ]",,"g2zngXhSLP6Xe7qtg"
