version_id,_id,totalTeachersInSchool,totalStudentsInSchool,gradeR.numberOfMaleStudents,gradeR.numberOfFemaleStudents,gradeR.totalNumberOfStudents,gradeR.totalNumberOfTeachers,gradeR.totalNumberOfClassRooms,gradeR.comment,grade1.numberOfMaleStudents,grade1.numberOfFemaleStudents,grade1.totalNumberOfStudents,grade1.totalNumberOfTeachers,grade1.totalNumberOfClassRooms,grade1.comment,grade2.numberOfMaleStudents,grade2.numberOfFemaleStudents,grade2.totalNumberOfStudents,grade2.totalNumberOfTeachers,grade2.totalNumberOfClassRooms,grade2.comment,grade3.numberOfMaleStudents,grade3.numberOfFemaleStudents,grade3.totalNumberOfStudents,grade3.totalNumberOfTeachers,grade3.totalNumberOfClassRooms,grade3.comment,grade4.numberOfMaleStudents,grade4.numberOfFemaleStudents,grade4.totalNumberOfStudents,grade4.totalNumberOfTeachers,grade4.totalNumberOfClassRooms,grade4.comment,grade5.numberOfMaleStudents,grade5.numberOfFemaleStudents,grade5.totalNumberOfStudents,grade5.totalNumberOfTeachers,grade5.totalNumberOfClassRooms,grade5.comment,grade6.numberOfMaleStudents,grade6.numberOfFemaleStudents,grade6.totalNumberOfStudents,grade6.totalNumberOfTeachers,grade6.totalNumberOfClassRooms,grade6.comment,grade7.numberOfMaleStudents,grade7.numberOfFemaleStudents,grade7.totalNumberOfStudents,grade7.totalNumberOfTeachers,grade7.totalNumberOfClassRooms,grade7.comment,grade8.numberOfMaleStudents,grade8.numberOfFemaleStudents,grade8.totalNumberOfStudents,grade8.totalNumberOfTeachers,grade8.totalNumberOfClassRooms,grade8.comment,grade9.numberOfMaleStudents,grade9.numberOfFemaleStudents,grade9.totalNumberOfStudents,grade9.totalNumberOfTeachers,grade9.totalNumberOfClassRooms,grade9.comment,grade10.numberOfMaleStudents,grade10.numberOfFemaleStudents,grade10.totalNumberOfStudents,grade10.totalNumberOfTeachers,grade10.totalNumberOfClassRooms,grade10.comment,grade11.numberOfMaleStudents,grade11.numberOfFemaleStudents,grade11.totalNumberOfStudents,grade11.totalNumberOfTeachers,grade11.totalNumberOfClassRooms,grade11.comment,grade12.numberOfMaleStudents,grade12.numberOfFemaleStudents,grade12.totalNumberOfStudents,grade12.totalNumberOfTeachers,grade12.totalNumberOfClassRooms,grade12.comment
"A7HS55Lmpv7eWduhv","2EM3Ad8c8xSaw5euF","90","1634",,,,,,,,,,,,,,,,,,,,,,,,,,,,,,,,,,,,,,,,,,,,,,,,,"178","174","351",,"8",,"182","190","372",,"8",,"168","172","340",,"9",,"166","171","337",,"10",,"101","112","213",,"10",
"g6orxjw6EmCqYup83","2b29dBx5SsxWvutZ7",,"512",,,,,,,,,,,,,,,,,,,,,,,,,,,,,,,,,,,,,,,,,,,,,,,,,,,,,,,,,,,,,,,,,,,,,,,,,,,,,,
"uiiC6LpdXHBickDqX","2saySprDtWRJXyCiD","41","1168",,,,,,,,,,,,,,,,,,,,,,,,,,,,,,,,,,,,,,,,,,,,,,,,,,,,,,,,,,,,,,,,,,,,,,,,,,,,,,
"eaN2HpTXfZTyuJHLY","2tiYDbsEM7gAZH8fQ","27","1157","50","47","97","3","3",,"86","79","165","4","4",,"94","95","189","4","4",,"69","73","142","3","3",,"97","79","176","3","3",,"57","85","142","3","3",,,,"68","57","125",,"52","69","121","3","3",,,,,,,,,,,,,,,,,,,,,,,,,,,,,,,
"qCqx8rN4JLCHpEwF4","32wzSRd86Pg5jqpWL","22","817",,,,,,,,,,,,,,,,,,,,,,,,,,,,,,,,,,,,,,,,,,,,,,,,,,,,,,,,,,,,,,,,,,,,,,,,,,,,,,
"n9gEojJ6K5eKYJ4c2","36ShTwxkCAJ9HgxoJ","10","408","25","26","51","2","2",,"32","43","75","2","2",,"22","23","45","1","1",,"19","19","38","1","1",,"24","25","49","1","1",,"17","23","40","1","1",,"35","21","56","1","1",,"36","18","54","1","1",,,,,,,,,,,,,,,,,,,,,,,,,,,,,,,
"X4uSNwu6z2y2MdNwA","3J4rheMaC8yZ9hEmz","27","1092","50","50","100",,,,"110","105","215",,,,"90","76","166",,,,"70","71","141",,,,"80","69","149",,,,"61","65","126",,,,"50","45","95",,,,"50","50","100",,,,,,,,,,,,,,,,,,,,,,,,,,,,,,,,,
"Q2SemXMcpEX5NfYsD","3aQnPb87TgoTZRNW7","28","1063","37","50","87","2","2",,"73","94","167","4","4",,"87","69","156","4","4",,"64","51","115","3","3",,"70","72","142","3","3",,"71","56","127","4","3",,"60","65","125","3","3",,"74","70","144","5","4",,,,,,,,,,,,,,,,,,,,,,,,,,,,,,,
"jSDZSbr7cMPKgibe7","3qSYtCnXi95wE4ksA","12","429","18","12","30","1",,,"27","22","49","2",,,"34","23","57","1",,,"31","40","71","2",,,"33","26","59","1",,,"35","26","61","1",,,"28","26","54","1",,,"22","26","48","1",,,,,,,,,,,,,,,,,,,,,,,,,,,,,,,,
"ZNXsgBEk2evJkTYso","3qeqvECX6rrwjQncr","39","1347","56","49","105",,"3",,"111","111","222",,"5",,"107","106","213",,"5",,"81","85","166",,"4",,"94","105","199",,"5",,"83","85","168",,"3",,"69","62","131",,"3",,"67","76","143",,"3",,,,,,,,,,,,,,,,,,,,,,,,,,,,,,,
"ocFaNqXzeBvD5hiAZ","3ro5dy4wKRywE2gyE","29","1053","35","49","84","29","32",,"101","73","174",,,,"84","65","149",,,,"57","77","134",,,,"80","68","148",,,,"69","61","130",,,,"56","62","118",,,,"65","51","116",,,,,,,,,,,,,,,,,,,,,,,,,,,,,,,,,
"g2zngXhSLP6Xe7qtg","3rrrgZfdXHeGbcT35","27","1346","78","68","146","4","4",,"112","102","214","4","4",,"106","93","199","4","4",,"81","78","159","3","3",,"111","90","201","3","3",,"55","74","129","3","3",,"88","68","156","3","3",,"62","80","142","3","3",,,,,,,,,,,,,,,,,,,,,,,,,,,,,,,
"MYybcL4ntNLDfPjZt","4KxeTY5HJg7Egkfeu","30","1247","61","59","120","3","3",,"99","77","176","4","4",,"103","76","179","4","4",,"73","76","149","4","4",,"78","85","163","4","4",,"85","83","168","4","4",,"89","61","150","4","4",,"73","69","142","3","3",,,,,,,,,,,,,,,,,,,,,,,,,,,,,,,
"6XmRH2cDbjXJd8Zri","4QxJyBqLXKmPzpCEB",,,"48","56","104","3","3",,"93","94","187","4","4",,"83","84","164","4","4",,"63","78","141","4","4",,"72","71","143","3","3",,"63","70","133","4","3",,"64","52","116","4","3",,"43","48","91","4","2",,,,,,,,,,,,,,,,,,,,,,,,,,,,,,,
"922NEXkq8CZy6PH7L","4iuMHbsA58tiYDask",,"827",,,,,,,,,,,,,,,,,,,,,,,,,,,,,,,,,,,,,,,,,,,,,,,,,"62","72","134",,,,"96","78","174",,,,"163","92","255",,,,"65","103","165",,,,"45","54","99",,,
"aMRD37JGNEmrz9FZ9","4nufi6PbuKWzycuRB","19","834","39","38","77",,"2",,"55","50","105",,"3",,"54","61","115",,"2",,"67","62","129",,"3",,"51","50","101",,"2",,"65","36","101",,"2",,"57","44","101",,"2",,"55","50","105",,"2",,,,,,,,,,,,,,,,,,,,,,,,,,,,,,,
"sfgS3CrJFoTBvFQ72","4v4aT2YkS2bphGZXw","30","2903","21","17","76",,,,"109","90","199",,,,"87","93","180",,,,"90","66","156",,,,"105","90","195",,,,"96","76","172",,,,"61","74","135",,,,"90","77","167",,,,,,,,,,,,,,,,,,,,,,,,,,,,,,,,,
"qs4DrHmATWN59Tptg","5KuY6xcee3AzcTaJP","23","1010","42","47","89","3",,,"88","72","160","3",,,"64","54","118","3",,,"47","56","103","2",,,"69","45","114","2",,,"42","43","85","2",,,"48","49","97","2",,,"54","68","122","3",,,"50","72","122","2",,,,,,,,,,,,,,,,,,,,,,,,,,
"2smWdy5ZETPXoRrYG","5f72hraAMjviuzSgi",,"323","17","25","42",,"1",,"27","26","53",,"1",,"21","18","39",,"1",,"19","19","38",,"1",,"17","20","37",,"1",,"15","20","35",,"1",,"19","20","39",,"1",,"20","20","40",,"1",,,,,,,,,,,,,,,,,,,,,,,,,,,,,,,
"J8iGazpt3MwprEvbp","5phNEuq9Ju4KeSEn8","32","1505","73","75","148","3","3",,"115","133","248","5","5",,"103","106","209","5","5",,"111","113","224","5","5",,"108","96","204","4","4",,"110","84","194","4","4",,"81","65","146","3","3",,"53","79","132","3","3",,,,,,,,,,,,,,,,,,,,,,,,,,,,,,,
"4z6ESappfnPWNQ98D","6j52YBZuNiDrksLys","24","793",,,,,,,,,,,,,,,,,,,,,,,,,,,,,,,,,,,,,,,,,,,"89","84","173",,,,"166","154","320",,,,"199","101","300",,,,,,,,,,,,,,,,,,,,,
"giGaTXuXxZQxCGaMd","6s3gW8hv6A4HScYdR","16","548","36","39","75","3","3",,"57","44","101","3","3",,"52","42","94","3","3",,"27","47","74","2","2",,"46","28","74","1","1",,"31","41","72","1","1",,"25","33","58","1","1",,,,,,,,,,,,,,,,,,,,,,,,,,,,,,,,,,,,,
"AGiLx4gigQqYMN4fT","6vJpAc6T2f98sfove",,,"26","24","50","2","2",,"53","56","109","2","2",,"47","42","89","2","2",,"36","38","74","2","2",,"19","31","50","1","1",,"19","27","46","1","1",,"25","17","42","1","1",,"22","15","37","1","1",,,,,,,,,,,,,,,,,,,,,,,,,,,,,,,
"bAExKd8RN5BhHzb3z","6yXEreg7utthmtRHd",,,"35","45","80","2","2",,"77","70","147","3","3",,"65","45","110","3","3",,"54","56","110","2",,,"79","51","130","9",,,"45","57","102","6",,,"42","44","86","4",,,"28","38","66","7",,,,,,,,,,,,,,,,,,,,,,,,,,,,,,,,
"95AYoAp6AiYz3KZ2t","795YLFDEnaTWSrfto","8","669","43","32","65","1","3",,"53","58","111","1","3",,"41","47","88","1","2",,"41","32","73","1","3",,"46","43","89","1","2",,"46","48","94","1","2",,"46","22","68","1","2",,"30","51","81","1","2",,,,,,,,,,,,,,,,,,,,,,,,,,,,,,,
"tDKj5hfjzok3tbGs9","7bmvSZDkXcRyeXp7o","51","1560",,,,,,,,,,,,,,,,,,,,,,,,,,,,,,,,,,,,,,,,,,,,,,,,,"185","187","372",,,,"123","160","283",,,,"181","239","420",,,,"114","148","262",,,,"97","126","233",,,
"LrmX8FAuJMKckWE6c","7hRkx39QmeWZjJAx8","24","817","55","62","117","3","3",,"54","53","107","3","3",,"57","56","113","3","3",,"51","24","75","2","3",,"26","30","108","3","2",,"52","49","101","4","2",,"47","48","95","3","2",,"52","49","101","3","3",,,,,,,,,,,,,,,,,,,,,,,,,,,,,,,
"hk4XMrnHxTastfL7s","7oGtTuKM382fXddq4","25","1007","58","50","108","4","4",,"67","67","134","3","3",,"62","60","122","2","2",,"63","75","138","3","3",,"127","60","67","3","3",,"60","47","107","2","2",,"66","45","111","3","3",,"68","65","133","3","3",,"27","60","87","2","2",,,,,,,,,,,,,,,,,,,,,,,,,
"55foHoJLBDfwGwTWD","8FSWQdPkBDgtvAM9D","21",,,,,,,,,,,,,,,,,,,,,,,,,,,,,,,,,,,,,,,,,,,,,,,,,,,,,,,,,,,,,,,,,,,,,,,,,,,,,,,
"GaE7jrBwPxNR4AK72","8dNtd4L3PSExizCit","21","412","52","58","110","3","3",,"78","66","144","3","3",,"64","61","125","3","3",,"62","49","111","3","3",,"66","45","111","3","3",,"41","51","92","2","2",,"52","40","92","2","2",,"37","42","79","2","2",,,,,,,,,,,,,,,,,,,,,,,,,,,,,,,
"eJm4RDeLanTZcKgeN","8jFFo56YcM4CWQe54",,,,,,,,,,,,,,,,,,,,,,,,,,,,,,,,,,,,,,,,,,,,,,,,,,,,,,,,,,,,,,,,,,,,,,,,,,,,,,,,
"uvAsG8PGNZNED5pxz","93cx6izBDTgorzm2i","30","17",,,,,,,"81","67","148","3","3",,"65","73","138","3","3",,"49","46","95","2","2",,"57","66","123","5","5",,"59","36","95","6","2",,"47","33","80","6","2",,"49","46","95","5","2",,,,,,,,,,,,,,,,,,,,,,,,,,,,,,,
"vZkChYaMACHarXWxC","94nbfPzymf6nHqcY6","28","1251","68","67","135","3","4",,"89","93","182","4","4",,"111","94","205","5","5",,"84","71","155","4","4",,"71","84","155","3","3",,"97","82","179","3","3",,"56","73","129","3","3",,"47","67","111","3","3",,,,,,,,,,,,,,,,,,,,,,,,,,,,,,,
"vPSPXjGpC6ABc9Szc","97mJj9A8WGAn4Tq5D","35","23","41","29","70","2","2",,"47","93","140","3","3",,"87","73","160","3","3",,"70","69","139","3","3",,"39","101","140","5","3",,"67","73","140","6","3",,"60","70","130","6","3",,"50","73","123","7","3",,,,,,,,,,,,,,,,,,,,,,,,,,,,,,,
"drsWF9n9G7CxbrANB","9p44LyRWLyd9C75j4",,,"45","44","89","3","3",,"85","66","150","3","3",,"100","83","183","5","5",,"87","79","163","4","4",,"86","62","148","8","3",,"72","72","144","8","4",,"72","74","146","7","3",,"72","73","145","9","3",,,,,,,,,,,,,,,,,,,,,,,,,,,,,,,
"pamnvbjX3nHtQtv4D","9vrharKRYkMfYrrD4","22","912","71","63","134","3","3",,"89","54","143","3","3",,"73","53","53","3","3",,"73","53","126","3","3",,"59","61","120","3","3",,"59","52","111","3","3",,"38","41","79","2","2",,"43","30","73","2","2",,,,,,,,,,,,,,,,,,,,,,,,,,,,,,,
"xuTGawqPYaYusxnm8","A2dGWKYemeYSJvKbL","156","1627",,,,,,,,,,,,,,,,,,,,,,,,,,,,,,,,,,,,,,,,,,,,,,,,,"118","167","285","23","6",,"133","141","274","27","7",,"182","227","409","37","9",,"123","186","309","33","8",,"158","192","350","36","9",
"SeRiR2xnt35DWtRzX","A6GQv9bHF4rKuHhjo","36","1773","79","73","152","3","3",,"165","138","303","5","5",,"93","127","220","5","5",,"148","122","270","6","6",,"152","116","268","6","6",,"96","137","233","5","6",,"72","74","146","3","7",,"92","89","181","3","7",,,,,,,,,,,,,,,,,,,,,,,,,,,,,,,
"GQPE7rurt9bb7DM5a","A8eAvqLrB9f9moiZ6","20","781",,,,,,,,,,,,,,,,,,,,,,,,,"99","95","194","5","4",,"99","103","202","5","4",,"93","97","190","5","4",,"100","95","195","5","4",,,,,,,,,,,,,,,,,,,,,,,,,,,,,,,
"MYuCFef7Fjt8yRX8d","AF8BQ5EGx59qWqDze","19","759",,,,,,,,,,,,,,,,,,,,,,,,,,,,,,,,,,,,,,,,,,,,,,,,,,,,,,,,,,,,,,,,,,,,,,,,,,,,,,
"MtKWmrDmPtx6hTjXm","ALwGfJmN4YqvJZMGA","19","807","39","30","69","2","1",,"64","74","138","3","3",,"58","47","105","3","3",,"57","54","111","3","3",,"46","54","100","2","2",,"56","57","113","2","2",,"44","39","83","2","2",,"48","40","88","2","2",,,,,,,,,,,,,,,,,,,,,,,,,,,,,,,
"P4wqK6rnJQahfhFTr","AMjPwxKJgkPXh34Kf","17","808","29","49","78","2","2",,"64","61","125","2","2",,"81","67","148","3","3",,"45","57","102","2","2",,"47","46","93","2","2",,"46","46","92","2","2",,"48","47","95","2","2",,"48","51","99","2","2",,,,,,,,,,,,,,,,,,,,,,,,,,,,,,,
"efr9txWNfPHw3AhD7","AdWT3jnP9gwFaXNdo","15","634","36","24","60","2","2",,"47","56","103","2","2",,"50","45","95","2","2",,"36","47","83","2","2",,"48","34","82","2","2",,"28","41","69","2","2",,"42","36","78","1","1",,"33","31","64","2","2",,,,,,,,,,,,,,,,,,,,,,,,,,,,,,,
"tMjiiRvEEAsNmSJGx","AkeiRxFs82QXd7RTi",,,"23","28","51","2","2",,"24","23","47","1","1",,"12","16","28","1","1",,"14","19","33","1","1",,"12","16","28","1","1",,"15","8","23","1","1",,"15","8","23","1","1",,"16","21","37","1","1",,,,,,,,,,,,,,,,,,,,,,,,,,,,,,,
"2Qm9dY2unum62oDu7","AmDm6vcXH8Amkua9F","13","491",,,"42","1",,,,,"42","1",,,,,"73","2",,,,,"78","2",,,,,"80","2",,,,,"69","2",,,,,"59","2",,,,,"48","1",,,,,,,,,,,,,,,,,,,,,,,,,,,,,,,,
"vQsgY2cMuHRHHxN5X","B4mhejvFdskb2dDZM","80",,,,,,,,,,,,,,,,,,,,,,,,,,,,,,,,,,,,,,,,,,,,,,,,,,,,,"17","10",,,,,"15","11",,,,,"19","8",,,,,"16","9",,,,,"13","6",
"9NYELJLrE2z96eKGu","B84gbEX4N2hSdvY3N","24","1073","24","19","43","1",,,"72","73","145","3",,,"82","76","158","4",,,"103","75","178","4",,,"70","74","144","4",,,"74","64","138","2",,,"71","52","123","3",,,"77","67","144","3",,,,,,,,,,,,,,,,,,,,,,,,,,,,,,,,
"E4srgmkj2uCu4Coxb","BFYDncNjSXPcSieRz","31","1355","69","56","125","4","4",,"102","105","207","5","5",,"110","91","201","4","4",,"95","95","190","4","4",,,,,,,,,,,,,,,,,,,,,,,,,,,,,,,,,,,,,,,,,,,,,,,,,,,,,,,
"u2mAvGSYipuFCETW2","BdiFFoDuT5TDHigBK","33","1025",,,,,,,,,,,,,,,,,,,,,,,,,,,,,,,,,,,,,,,,,,,,,,,,,"89","133","222","6","6",,"92","126","218","6","6",,"131","155","286","7","7",,"55","85","140","5","5",,"69","90","159","5","5",
"LZ7sJWsXTML9asLdD","BdptTTkZwi26KjTPa","27","1039",,,,,,,,,"198",,"4",,,,"152",,"3",,,,"140",,"4",,,,"139",,"3",,,,"166",,"4",,,,"128",,"3",,,,"116",,"3",,,,,,,,,,,,,,,,,,,,,,,,,,,,,,,
"XYLgc3p2tmFJ6nGJb","BhH9w5anGLnf9QbRT","28","1277",,,,,,,,,,,,,,,,,,,,,,,,,,,,,,,,,,,,,,,,,,,,,,,,,"106","128","226","5","6",,"120","142","262","7","7",,"144","148","292","6","9",,"125","162","287","7","7",,"101","101","202","3","5",
"qqTGPEnmDQRrarBSw","BrYCSahmeodthkQ2u","32","1392","35","28","63",,,,,,"200",,,,,,"199",,,,,,"246",,,,,,"299",,,,,,"150",,,,,,"104",,,,,,"131",,,,,,,,,,,,,,,,,,,,,,,,,,,,,,,,,
"6nyrh8pzbNxMHyu4J","Ciqe3hQptdmuPZhbs","45","1478","75","90","165","6","6",,"125","119","244","6","5",,"118","79","197","4","4",,"86","91","172","5","5",,"97","79","176","5","4",,"113","92","205","7","5",,"71","79","150","5","3",,"88","81","169","7","4",,,,,,,,,,,,,,,,,,,,,,,,,,,,,,,
"BpGigPup4eyijh28x","Cxsedq2XxuNN3o3R4","30","944",,,,,,,,,,,,,,,,,,,,,,,,,,,,,,,,,,,,,,,,,,,,,,,,,"149","99","248","16","5",,"102","89","191","12","5",,"119","113","232","18","6",,"92","79","171","20","5",,"54","48","102","16","3",
"fXPmfwBo9N6rx7mLh","D6YzKRizRFS4zuTqk",,"794",,,"106",,,,,,"140",,,,,,"112",,,,,,"90",,,,,,"80",,,,,,"108",,,,,,"84",,,,,,"74",,,,,,,,,,,,,,,,,,,,,,,,,,,,,,,,,
"pqm6NksjcwAhrDwyH","DA5jEFP7jwHXWSkue","79","27",,,,,,,,,,,,,,,,,,,,,,,,,,,,,,,,,,,,,,,,,,,,,,,,,"123","106","229","14","4",,"116","158","274","17","6",,"163","133","296","16","7",,"90","124","214","17","5",,"59","79","138","15","5",
"ra2zX3jjBPguj6bc3","DJY59Xczne3zWSFnx","31","1051",,,,,,,,,,,,,,,,,,,,,,,,,,,,,,,,,,,,,,,,,,,,,,,,,"124","104","228",,"4",,"87","81","168",,"4",,"181","168","350",,"8",,"106","98","204",,"4",,"50","51","101",,"3",
"q7rLbRb4nxtPxfoSc","DJk6Z3sm8mRSb97Em","40","1037","52","52","104","2","2",,"102","95","197","4","4",,"81","86","167","4","4",,"70","65","135","3","3",,"68","57","125","6","3",,"56","60","116","6","2",,"55","55","110","6","2",,"41","42","83","9","2",,,,,,,,,,,,,,,,,,,,,,,,,,,,,,,
"hBG3H9epZYnScCbtp","DZANnhqsxKwuienD2","43","1787","51","27","78","2","2",,"57","47","104","2","2",,"61","41","102","4","4",,"51","40","91","3","3",,"58","56","114","2","2",,"61","51","112","2","2",,"53","61","114","2","2",,"62","60","122","2","2",,"84","85","169","4","4",,"95","101","102","4","4",,"148","147","295","6","6",,"115","99","214","5","5",,"79","99","170","5","5",
"8pdqiKPuW9emmvdMA","Dn9WoFt9NP6XzqNab","18","825","35","38","73","1","1",,"69","58","127","3","3",,"57","49","106","2","2",,"61","60","121","4","4",,"50","49","99","3","3",,"52","56","108","3","3",,"53","46","99","2","2",,"46","46","92","2","2",,,,,,,,,,,,,,,,,,,,,,,,,,,,,,,
"yuLFP8PQcXB6aAAm6","EA55ErEJ2eDbwmb8E","43","1385",,,,,,,,,,,,,,,,,,,,,,,,,,,,,,,,,,,,,,,,,,,,,,,,,"124","123","247","6","6",,"94","97","191","8","5",,"99","125","224","11","6",,"219","221","440","10","10",,"133","148","281","8","8",
"mDwDpssp9xiy5oAgB","EKEihQd3rztGPAoPA",,,,,,,,,,,,,,,,,,,,,,,,,,,,,,,,,,,,,,,,,,,,,,,,,,,,,,,,,,,,,,,,,,,,,,,,,,,,,,,,
"gPuKrSrjRHYQAhofp","ELLmtLCE7zarce7EH",,,"73","53",,"4","4",,"103","85",,"5","5",,"60","54",,"3","3",,"47","48",,"2","2",,"47","65",,"5","2",,"47","47",,"4","2",,"43","47",,"4","2",,"38","40",,"5","2",,,,,,,,,,,,,,,,,,,,,,,,,,,,,,,
"sfN5HAvKti5hRvPxZ","EZJfSpiSdgihBhDGT","21","823","29","32","61","2","2",,"45","55","100","2","2",,"74","56","130","2","2",,"74","85","159","3","3",,"49","61","110","3","3",,"39","41","80","3","3",,"52","41","93","3","3",,"39","52","91","3","3",,,,,,,,,,,,,,,,,,,,,,,,,,,,,,,
"EyHGQ2ctZRGcPQ4Lc","EaSn4tuASZDu5Fwad","39","771",,,,,,,,,,,,,,,,,,,,,,,,,,,,,,,,,,,,,,,,,,,,,,,,,"41","46","87","10","5",,"62","58","120","10","4",,"126","119","245","7","6","4","100","104","204","6","4",,"51","64","115","6","4",
"Sue8DWeGKHPKAyQBi","EibtY7edx9LeFPsYs","31","1401","70","84","154","4","4",,"119","99","218","4","4",,"91","97","188","4","4",,"89","89","178","4","4",,"85","84","169","4","4",,"91","93","184","4","4",,"76","67","143","3","3",,"63","90","153","3","3",,"13","6","19","1","1","Not necessarily grade 8 but LSEN class",,,,,,,,,,,,,,,,,,,,,,,,
"LBujyFwCgPkGzWSZy","EoqgHkcHTcgEscTZk",,,,,,,,,,,,,,,,,,,,,,,,,,,,,,,,,,,,,,,,,,,,,,,,,,,,,,,,,,,,,,,,,,,,,,,,,,,,,,,,
"Qzm8u4imxajBRWLE5","F8A3Ddi4bwEpJ2GRd","31","1153","74","45","119","4","4",,"83","79","162","4","4",,"85","73","158","5","5",,"92","61","153","4","4",,"78","67","145","4","4",,"87","80","167","4","4",,"59","69","128","3","3",,"81","40","121","3","3",,,,,,,,,,,,,,,,,,,,,,,,,,,,,,,
"BwK89vufnm6iCSJhQ","F9zK93jAcLJso8cdq",,"978",,,,,,,,,,,,,,,,,,,,,,,,,,,,,,,,,,,,,,,,,,,,,,,,,,,,,,,,,,,,,,,,,,,,,,,,,,,,,,
"KDmkojmtPfcEEQ3vv","FCNAcg7T2SAXSCeoN","9","423","32","39","71","2","2",,"29","34","63","1","1",,"21","26","47","1","1",,"25","32","57","1","1",,"21","25","46","1","1",,"24","16","40","1","1",,"25","25","50","1","1",,"25","22","47","1","1",,,,,,,,,,,,,,,,,,,,,,,,,,,,,,,
"dLHdmSdFbLWF2kJqy","FPdcWf5HKwzAGmFXE","41","1218",,,,,,,,,,,,,,,,,,,,,,,,,,,,,,,,,,,,,,,,,,,,,,,,,"104","77","181",,,,"108","88","196",,,,"248","263","511",,,,"124","152","276",,,,"18","36","54",,,
"hTroeBPPurCSNxDGe","FasvTwo9PSArumhMc",,,,,,,,,,,,,,,,,,,,,,,,,,,,,,,,,,,,,,,,,,,,,,,,,,,,,,,,,,,,,,,,,,,,,,,,,,,,,,,,
"HMfiK9msnxvBpZRTv","G4esWWNWWnypJ7XRB","20","893",,,,,,,,,,,,,,,,,,,,,,,,,,,,,,,,,,,,,,,,,,,,,,,,,"127","143","270",,,,"106","139","245",,,,"82","141","223",,,,"78","77","155",,,,,,,,,
"Gfj3WRS3Y8w4dmyph","G5QKNL92ZXQsXnR6u","23",,"51","53","104","3","3",,"107","92","199","4","4",,"104","86","190","4","4",,"89","81","170","3","3",,"90","74","164","3","3",,"57","67","124","2","2",,"59","61","120","2","2",,"78","49","127","2","2",,,,,,,,,,,,,,,,,,,,,,,,,,,,,,,
"tdRzrm36MQJ2raFea","GXxTD85G7fhAEomMn","30","1264","33","32","65","2","2",,"99","76","175","4","4",,"66","53","119","4","2",,"97","106","204","4","4",,"102","91","193","4","4",,"77","88","165","4","4",,"87","91","178","4","4",,"62","103","165","4","4",,,,,,,,,,,,,,,,,,,,,,,,,,,,,,,
"CoWKa7AHpYehwgjN4","GY3HMaont8LXnwq58","1050","14","25","23","48","2","1",,"58","39","97","2","2",,"42","36","78","2","2",,"39","38","77","2","2",,"45","25","70","2","2",,"53","52","105","2","2",,"27","12","39","1","1",,"21","26","47","1","1",,,,,,,,,,,,,,,,,,,,,,,,,,,,,,,
"Acd6f7D8RbhpthZHN","GZgDFciPgyW9d43Xi","28",,"39","35","74",,,,"63","72","135",,,,"75","65","140",,,,"87","59","149",,,,"76","75","151",,,,"39","76","115",,,,"36","48","84",,,,"60","33","93",,,,,,,,,,,,,,,,,,,,,,,,,,,,,,,,,
"ojqksxwnmxWXpM8n6","GbGg9RcgNTXpftG2m","45","1566","29","41","70",,"2",,"115","110","225",,"6",,"115","107","222",,"6",,"108","100","208",,"5",,"115","99","214",,"5",,"129","109","238",,"5",,"99","95","194",,"5",,"98","97","195",,"5",,,,,,,,,,,,,,,,,,,,,,,,,,,,,,,
"jR3LMPDnnHi7xvLcp","HGetG2Jhj555RfnW6","15","340",,,,,,,,,,,,,,,,,,,,,,,,,,,,,,,,,,,,,,,,,,,,,,,,,,,,,,,,,,,,,,,,,,,,,,,,,,,,,,
"o6KRqZ8m5YyPCmxEu","HQWt8o8eKCCGdMufd","33","1455","65","69","134","4","4",,"109","109","218","5","5",,"102","100","202","5","5",,"100","113","213","4","4",,"98","69","167","4","4",,"99","101","200","3","3",,"59","66","125","4","4",,"98","98","196","4","4",,,,,,,,,,,,,,,,,,,,,,,,,,,,,,,
"Zyuc4wPBmxQPcNyjF","HTmZHBdaYjz3iDqK8",,"220",,,,,,,,,,,,,,,,,,,,,,,,,,,,,,,,,,,,,,,,,,,"26","34","60",,,,"38","55","93",,,,"32","35","67",,,,,,,,,,,,,,,,,,,,,
"HushLZncKDsTyJhfN","HoroJ45gRGjaFRwBq","19","724","36","28","64","2","2",,"70","49","119","3","3",,"52","43","95","2","2",,"44","48","92","2","2",,"48","46","94","2","2",,"36","37","73","2","2",,"50","42","92","2","2",,"48","47","95","4","2",,,,,,,,,,,,,,,,,,,,,,,,,,,,,,,
"bPfY5thaXn4EAdkXw","JC2wpoaWJadxJ4Rgi","18","774","23","43","66","02","02",,"63","54","119","03","03",,"51","61","112","03","03",,"53","44","97","2","3",,"63","42","105","2","3",,"58","57","115","02","02",,"43","34","77","02","02",,"48","35","83","02","2",,,,,,,,,,,,,,,,,,,,,,,,,,,,,,,
"Rvf9JkpRBRozBsyiq","JCKwZq4QmcScd7QKy","17",,"35","24","59","2","2",,"69","55","124","3","2",,"38","44","82","2","2",,"45","43","88","2","2",,"55","42","97","2","2",,"35","37","72","2","2",,"38","38","76","2","2",,"43","36","79","2","2",,,,,,,,,,,,,,,,,,,,,,,,,,,,,,,
"S47bpHzXts94zC2ke","JYerc8Lx65YK5zd7E","16","611","32","37","69","3","3",,"84","58","142","4","4",,"75","60","135","3","3",,"59","69","128","3","3",,"82","55","137","3","3",,,,,,,,,,,,,,,,,,,,,,,,,,,,,,,,,,,,,,,,,,,,,,,,,
"cQQF5juB8JG3jNbNs","JihFKtJCzPPM2R5pT","31","984",,,,,,,,,,,,,,,,,,,,,,,,,,,,,,,,,,,,,,,,,,,,,,,,,"97","160","257",,,,"84","112","196",,,,"117","156","273",,,,"80","90","170",,,,"39","49","88",,,
"FEAD8jBu7LbHezy2j","KGsA6kJ3MN7xgogaL","8","262",,,"42","1","1",,,,"37","1","1",,,,"33","1","1",,,,"33","1","1",,,,"28","1","1",,,,"32","1","1",,,,"34","1","1",,,,"26","1","1",,,,,,,,,,,,,,,,,,,,,,,,,,,,,,,
"ghEZdTPoThhpWNWiw","KLQn7XNm4zPXrd4i3",,"1049","45","52","96",,,,"90","84","173",,,,"75","79","144",,,,"73","85","148",,,,"72","81","135",,,,"63","84","126",,,,"76","75","121",,,,"66","79","106",,,,,,,,,,,,,,,,,,,,,,,,,,,,,,,,,
"A82Sqxg6dWo9BjRw7","KvYDkcModN7Eu6an3","34","804",,,,,,,,,,,,,,,,,,,,,,,,,,,,,,,,,,,,,,,,,,,,,,,,,"87","80","167",,,,"81","57","138",,,,"109","87","196",,,,"100","112","212",,,,"41","50","91",,,
"Pye3fvQETS2TCPKyt","KybaRZjrLa4oZrFYN","45","1289",,,,,,,,,,,,,,,,,,,,,,,,,,,,,,,,,,,,,,,,,,,,,,,,,"178","135","313",,"6",,"166","183","349",,"7",,"145","137","282",,"7",,"79","103","182",,"5",,"71","92","163",,"4",
"EbrJ8dHAyrQTpSaNj","LrbW8zcZMDNGuLNZq","32","1140","38","33","71",,"2",,"98","87","185",,,,"107","108","215",,,,"69","63","132",,,,"77","58","135",,,,"77","86","163",,,,"73","47","120",,,,"62","57","119",,,,,,,,,,,,,,,,,,,,,,,,,,,,,,,,,
"tqMTBWRbAuYsAqATz","LsM2tXbcm7dZjS7xq",,,,,,,,,,,,,,,,,,,,,,,,,,,,,,,,,,,,,,,,,,,,,,,,,,,,,,,,,,,,,,,,,,,,,,,,,,,,,,,,
"JpDqQfLuuC9qJrici","MEyCNsc5afPdM3kDf","21",,"39","55","94","3","3",,"148","126","274","6","6",,"144","132","276","7","7",,"97","108","205","5","5",,,,,,,,,,,,,,,,,,,,,,,,,,,,,,,,,,,,,,,,,,,,,,,,,,,,,,,
"7jdhLaYzWcCtFduQg","MyzQ9v3CXvaFmfxD5","13","485",,,,,,,,,,,,,,,,,,,,,,,,,,,,,,,,,,,,,,,,,,,,,,,,,,,,,,,,,,,,,,,,,,,,,,,,,,,,,,
"Dddj3YJBuiuGmAQFQ","NWq3zXTwJk5RgqyLF",,"387",,,,,,,,,,,,,,,,,,,,,,,,,,,,,,,,,,,,,,,,,,,,,,,,,,,,,,,,,,,,,,,,,,,,,,,,,,,,,,
"5PhvChXDzSoaBymWp","NbvC7pHGQ4xvtWYqE","43","1209",,,,,,,,,,,,,,,,,,,,,,,,,,,,,,,,,,,,,,,,,,,,,,,,,"136","129","265",,,,"113","121","234",,,,"117","143","260",,,,"169","141","310",,,,"61","79","140",,,
"XTL9gvLr9S2MmMsjJ","NmfoHgGrjMH9N4jqK","28","1002","56","29","85",,,,"101","79","185",,,,"81","75","156",,,,"81","64","142",,,,"61","63","124",,,,"59","55","114",,,,"50","58","105",,,,"33","58","91",,,,,,,,,,,,,,,,,,,,,,,,,,,,,,,,,
"ogTK6SAt8Ndg38xPc","PMdBpZGktPyBQCywW","415","13","22","28","50","2","2",,"32","25","57","2","2",,"28","20","48","2","2",,"23","28","51","2","2",,"37","19","56","1","1",,"24","21","45","1","1",,"23","25","48","1","1",,"31","29","60","1","1",,,,,,,,,,,,,,,,,,,,,,,,,,,,,,,
"eg2P5ZFGTcwctmdcA","Pb8etYCnveQGpJi5h",,"548","27","36","63",,,,"43","28","71",,,,"39","41","80",,,,"41","35","76",,,,"48","34","82",,,,"36","42","78",,,,"27","23","50",,,,"18","30","48",,,,,,,,,,,,,,,,,,,,,,,,,,,,,,,,,
"NTo8EK8jnLkjB93Hd","Piaia5fF2NGze9KeW","15","539",,,"52","2","2",,,,"96","2","2",,,,"65","2","2",,,,"53","1","1",,,,"67","2","2",,,,"62","2","2",,,,"75","2","2",,,,"69","2","2",,,,,,,,,,,,,,,,,,,,,,,,,,,,,,,
"KhtEcF9mnhkNyqnW3","PvjeWKHgsd65KHxaW","12","320","32","25","52",,"2",,"17","15","32",,"1",,"29","25",,,"1",,,,,,,,,,,,,,,,,,,,,,,,,,,,,,,,,,,,,,,,,,,,,,,,,,,,,,,,,,,,,
"Ch6HJ6DZmFCYxKkww","Q4JEjQnevpaoC8wE2","40","1739",,,,,,,,,,,,,,,,,,,,,,,,,,,,,,,,,,,,,,,,,,,,,,,,,"154","160","314","7","7",,"174","152","326","6","6",,"179","204","383","10","10",,"235","250","485","11","11",,"104","124","321","6","6",
"EtsNuLzuvqcqdM943","QCsXMajQSf65k5qng","8","298","16","16","32","1","1",,"30","29","59","2","2",,"20","18","38","1","1",,"22","17","39","1","1",,"27","28","55","1","1",,"23","19","42","1","1",,"22","11","33","1","1",,,,,,,,,,,,,,,,,,,,,,,,,,,,,,,,,,,,,
"qsXPNNQE3pWkdTbfb","QPFeKej3nnnBsDxhj","34","1353",,,"100",,,,,,"217",,,,,,"238",,,,,,"229",,,,,,"181",,,,,,"132",,,,,,"123",,,,,,"133",,,,,,,,,,,,,,,,,,,,,,,,,,,,,,,,,
"LD7hazozFmAuLNBgP","QSrKipE33e2BJ3ExH",,"1385",,,,,,,,,,,,,,,,,,,,,,,,,,,,,,,,,,,,,,,,,,,,,,,,,"87","91","178",,,,"188","140","328",,,,"172","174","346",,,,"153","243","396",,,,"59","78","137",,,
"2G6DH4Aiu8dpRQyrD","QjQnCjeiKDf43wwfL","45","1262",,,,,,,,,,,,,,,,,,,,,,,,,,,,,,,,,,,,,,,,,,,,,,,,,"81","103","184",,,,"125","110","235",,,,"187","186","373",,,,"149","150","299",,,,"87","84","171",,,
"3acdePaA3PaTzXLaP","QrWjpTegu4jn5GjMZ","21","942","54","36","90","2","2",,"87","78","165","3","3",,"71","64","135","3","3",,"62","59","121","3","3",,"64","68","132","3","3",,"61","56","117","3","3",,"38","48","86","2","2",,"50","46","96","2","2",,,,,,,,,,,,,,,,,,,,,,,,,,,,,,,
"E7KSgcfSqaoDb5BEE","RJGmaoBMmP3nEXchG","19","849",,,,,,,,,,,,,,,,,,,,,,,,,,,,,,,,,,,,,,,,,,,,,,,,,,,,,,,,,,,,,,,,,,,,,,,,,,,,,,
"RKz4SAhiQgbHCmTpZ","RLTCvRPCjCrSfzueu","28","894",,,,,,,,,,,,,,,,,,,,,,,,,,,,,,,,,,,,,,,,,,,,,,,,,"76","71",,,,,"85","67",,,,,"185","143",,,,,"104","83",,,,,"33","47",,,,
"Hjqy94n4PwNqwN5uA","RtrXkGDbn6SbBYcdm","41","874","50","58","108","3","3",,"70","68","138","4","4",,"56","48","104","2","2",,"62","64","126","3","3",,"56","58","114","7","2",,"46","49","95","7","2",,"50","46","96","7","2",,"48","45","93","8","2",,,,,,,,,,,,,,,,,,,,,,,,,,,,,,,
"Y2gH7TZojYSgJ6J3i","SS4sTgAMihxzgFCRA","26","1075","50","45","95","2","2",,"86","71","160","4","4",,"73","68","141","4","4",,"77","70","147","4","4",,"76","55","131","3","3",,"62","58","120","3","3",,"72","62","134","3","3",,"84","63","147","3","3",,,,,,,,,,,,,,,,,,,,,,,,,,,,,,,
"fkuEy7WKs5HL2NM6z","STaqGkGKsjJbzrpog","9","354","21","21","42","1","1",,"23","22","45","2","2",,"29","18","47","1","1",,"22","27","49","1","1",,"17","20","37","1","1",,"16","28","44","1","1",,"25","21","46","1","1",,"27","17","44","1","1",,,,,,,,,,,,,,,,,,,,,,,,,,,,,,,
"WdTssNZoaRHCT3LMG","SmRNdzGp7PrG8yPAG","25","1023","40","30","70","2","2",,"77","82","159","4","4",,"79","82","161","4","4",,"75","69","144","3","3",,"65","74","139","3","3",,"65","51","116","3","3",,"64","67","131","3","3",,"49","54","103","3","3",,,,,,,,,,,,,,,,,,,,,,,,,,,,,,,
"pRKnFJGLubdAiTZEy","SpZ9eSDBusmS7GzW3","18","791","43","44","87","2","2",,"79","72","151","3","3",,"68","54","122","3","3",,"48","51","99","2","2",,"41","46","87","2","2",,"46","31","77","2","2",,"38","41","79","2","2",,"43","46","89","2","2",,,,,,,,,,,,,,,,,,,,,,,,,,,,,,,
"LTccQvtsRbQdnvd4x","T4NiWRdyuWk3YTmdZ","52","2011",,,,,,,,,,,,,,,,,,,,,,,,,,,,,,,,,,,,,,,,,,,,,,,,,"195","174","369","10","10",,"263","233","469","11","11",,"238","228","466","11","11",,"155","210","365","10","10",,"133","209","342","10",,
"H2wSN9EFbKzeSGjCh","T8rbSkv5mFjQuNdGK","104","27",,,,,,,,,,,,,,,,,,,,,,,,,,,,,,,,,,,,,,,,,,,,,,,,,"99","129","228","13","4",,"91","89","180","15","4",,"202","195","397","26","7",,"104","124","228","28","6",,"120","158","278","22","6",
"4F5Qwq5cmL34WsvHP","TFztX7SBYSNBqEccq","14","418",,,,,,,,,,,,,,,,,,,,,,,,,,,,,,,"27","19","45","3","2",,"55","52","107","3","3",,"48","51","99","3","3",,"64","47","111","3","3",,"28","28","56","2","2",,,,,,,,,,,,,,,,,,,
"rRCnvnKF3KB68xQfw","TJvp5atP79aMzQcGj",,,"63","56","119","4","4",,"118","92","210","5","5",,"95","82","184","5","5",,"84","80","164","4","4",,"81","85","166","3","3",,"81","70","151","3","3",,"66","59","125","3","3",,"66","70","136","3","3",,,,,,,,,,,,,,,,,,,,,,,,,,,,,,,
"mobhBo8uKGxkvNsjR","TcCudPRzgGZH9tufa","24","353","16","12","28","1","1",,"17","17","34","1","1",,"29","21","51","1","1",,"17","18","35","1","1",,"50","41","85","2","2",,"16","8","24","4","4",,"31","25","56","6","6",,"23","17","40","8","7",,,,,,,,,,,,,,,,,,,,,,,,,,,,,,,
"5QzLWMPF8grmhh3G5","ThhxFXfPHpMdmRgoC","37","1287",,,,,,,,,,,,,,,,,,,,,,,,,,,,,,,,,,,,,,,,,,,,,,,,,,,,,,,,,,,,,,,,,,,,,,,,,,,,,,
"DwG2tAAFC8W79Ckxx","Ti2puF8eCvK4CXGZD","20","846","39","49","88","3","3",,"81","51","132","3","3",,"70","62","132","3","3",,"71","57","128","3","3",,"49","69","118","2","2",,"46","51","97","2","2",,"55","33","88","2","2",,"32","31","63","2","2",,,,,,,,,,,,,,,,,,,,,,,,,,,,,,,
"r8FrZJWZGiB9zPmmc","TpvAWeisRfSP5AopB","20","866","31","41","72","2",,,"58","59","117","3",,,"56","57","113",,,,"71","74","145",,,,"77","58","135",,,,"44","50","94",,,,"52","50","102",,,,"47","41","88",,,,,,,,,,,,,,,,,,,,,,,,,,,,,,,,,
"JeGKrkaqdgboxbxAd","Ty2t8tH9KwRjrbFYh","23","930","61","52","113","3","3",,"107","93","200","4","4",,"72","74","146","3","3",,"77","45","122","5","3",,"58","59","117","2","2",,"44","44","88","3","2",,"37","36","73","3","2",,"33","38","71",,"2",,,,,,,,,,,,,,,,,,,,,,,,,,,,,,,
"myEbntbNmwtRJAXXn","WBkzQXsCxbk9tPFhL","25","1019",,,"140","4","4",,,,"169","4","4",,,,"174","4","4",,,,"151","4","4",,,,"145","3","3",,,,"111","3","3",,,,"129","3","3",,"0","0","0","0","0",,,,,,,,,,,,,,,,,,,,,,,,,,,,,,,
"4avNjjRgrzrEpwKMN","WMaKhvaQpkty5fvsq","39","1303",,,,,,,,,,,,,,,,,,,,,,,,,,,,,,,,,,,,,,,,,,,,,,,,,"164","155","319",,,,"141","104","245",,,,"174","155","329",,,,"119","155","274",,,,"61","75","136",,,
"74LtY73iZk5nAgKN4","WNs2rWX6XKCDHm7C8","16","622",,,,,,,,,,,,,,,,,,,,,,,,,,,,,,,,,,,,,,,,,,,,,,,,,,,,,,,,,,,,,,,,,,,,,,,,,,,,,,
"bf5Ltec4dXsz7pEX9","WdsKD6r4ecJPgwKax",,,"33","37","70","3","3",,"80","80","160","3","3",,"56","72","128","3","3",,"66","52","118","3","3",,"67","50","117","2","2",,"36","55","91","2","2",,"50","38","88","2","2",,"48","51","99","2","2",,,,,,,,,,,,,,,,,,,,,,,,,,,,,,,
"xp2bxhMm4Yoeu9jho","X8Herx9uQ3neQE5Gw","23","1198","51","53","104","3","3",,"107","92","199","4","4",,"104","92","199","4","4",,"89","81","170","3","3",,"90","74","164","3","3",,"57","67","124","2","2",,"59","61","120","2","2",,"78","49","127","2","2",,,,,,,,,,,,,,,,,,,,,,,,,,,,,,,
"esLPjFoMCrf7aGwqS","XMwonNSHMn63WY6MR",,,"17","10","27","1","1",,"25","27","52","1","1",,"27","31","58","1","1",,"15","19","34","1","1",,"30","27","57","1","1",,"22","18","40","1","1",,"11","23","34","1","1",,"12","20","32","1","1",,,,,,,,,,,,,,,,,,,,,,,,,,,,,,,
"srdTLx3pxML3nwKPr","XytJxiHXxG8ks9R9W","23",,"54","48","102","3","3",,"104","87","191","4","4",,"91","79","170","3","3",,"65","62","127","3","3",,"66","45","111","2","2",,"59","60","119","3","3",,"58","46","104","3","3",,"57","50","107","2","2",,,,,,,,,,,,,,,,,,,,,,,,,,,,,,,
"PySjA6yQMoXAyS2z8","Y8xudCaWte2xHzgZb","19","714","24","32","56",,"2",,"55","52","107",,"2",,"65","57","122",,"2",,"50","57","107",,"2",,"46","60","106",,"2",,"28","47","75",,"2",,"35","37","72",,"2",,"24","45","69",,"2",,,,,,,,,,,,,,,,,,,,,,,,,,,,,,,
"Z9wz3QcLwmRfGuaeT","YNXCPdqaEY5muuuei","32","810",,,,,,,,,,,,,,,,,,,,,,,,,,,,,,,,,,,,,,,,,,,,,,,,,"83","61","144",,"3",,"103","69","172",,"4",,"185","147","332",,"8",,"68","115","183",,"6",,"86","103","189",,"6",
"aQ4BMeoFWmo4HrHqF","YPTJ7edugcsyMtkjY","26","1096","59","50","109","3","3",,"104","90","194","5","5",,"84","92","176","4","4",,"63","76","139","3","3",,"70","57","127","3","3",,"60","74","134","3","3",,"60","56","116","3","3",,"42","59","101","2","2",,,,,,,,,,,,,,,,,,,,,,,,,,,,,,,
"3CZM6LyxfbGxQ676w","YZRZKfa9DWodKxo9M",,"1728","48","62","110","3","3",,"144","119","263","6","6",,"161","149","310","7","7",,"111","129","240","6","6",,"114","106","220","4","4",,"111","132","243","6","6",,"83","98","181","4","4",,"79","82","161","4","4",,,,,,,,,,,,,,,,,,,,,,,,,,,,,,,
"8TjXzm5mqedTkvZ5n","YdoiEw4nw78XGeLYM","31","1180","38","37","75","2","2",,"93","102","195","4","4",,"107","101","208","4","4",,"109","84","193","4","4",,"108","95","203","5","4",,"78","70","148","5","4",,"80","78","158","7","4",,,,,,,,,,,,,,,,,,,,,,,,,,,,,,,,,,,,,
"GdT4e3QnaH2fX4vAA","YvevEzt4xfJv3Nuvj","54","1550",,,,,,,,,,,,,,,,,,,,,,,,,,,,,,,,,,,,,,,,,,,,,,,,,"98","134","232",,"6",,"131","169","300",,"7",,"189","269","458",,"10",,"160","177","337","7",,,"99","124","223",,"7",
"EtHDHYs97BCxasggi","Z6Gq5Zw9v2b7SDPoN",,"957","31","35","66","2","2",,"81","67","148","4","4",,"83","60","143","3","3",,"61","69","130","3","3",,"82","54","136","6","3",,"70","58","128","6","3",,"62","53","115","6","3",,"47","44","91","9","2",,,,,,,,,,,,,,,,,,,,,,,,,,,,,,,
"bMEYkfLEMjEHiTFux","ZBJihqKrjqQpHX52E",,,"57","53","110",,"3",,"56","61","117","3","3",,"68","48","116","3","3",,"53","40","93","2","2",,"58","71","129","3","3",,"41","45","96","2","2",,"38","39","77","2","2",,"48","35","93","2","2",,,,,,,,,,,,,,,,,,,,,,,,,,,,,,,
"METTMMRQRhoWxKdRt","ZEfB7Tk2xTWd5wFuT","20","846","39","66","114","4","4",,"82","80","162","4","4",,"67","61","128","3","3",,"55","58","113","3","3",,"54","57","111","3","3",,"59","62","121","3","3",,"49","67","116","3","3",,"58","48","106","2","2",,,,,,,,,,,,,,,,,,,,,,,,,,,,,,,
"RHG8484wnsaqifrig","ZHas4kH9Md5D3qBFd","12","477","31","30","61","2",,,"37","31","67","1",,,"35","32","67","1","1",,"27","25","52","1",,,"33","22","55","1",,,"27","37","64","2",,,"25","21","46","1",,,"23","23","46","1",,,"11","8","19","1","1",,"0","0",,,,,"0",,,,,,"0",,,,,,"0",,,,,
"sXauHMaoiXsoSamWK","ZeTjaqAWGGs9cvmKo","39","1407","52","51","103","4","4",,"160","123","283","6","6",,"116","81","197","4","4",,"94","82","176","4","4",,"104","84","190","4","4",,"85","89","174","3","3",,"78","85","167","3","3",,"58","65","123",,"3",,,,,,,,,,,,,,,,,,,,,,,,,,,,,,,
"eqJ28tbWRDYX6YPkp","ZnEArdN8zLCzLCToP","35","1555",,,,,,,,,,,,,,,,,,,,,,,,,,,,,,,,,,,,,,,,,,,,,,,,,,,,,,,,,,,,,,,,,,,,,,,,,,,,,,
"hrfAaJLuuBvdukdf9","aJ8NeJ6LqRtavJJpF","27","1100","44","51","95","3","3",,"80","72","152","3","3",,"63","57","119","3","3",,"67","65","132","4","4",,"56","62","118","3","3",,"75","52","127","3","3",,"47","69","116","3","3",,"77","56","133","3","3",,"51","57","108","2","2",,,,,,,,,,,,,,,,,,,,,,,,,
"6iixm3MYropadAMjX","aQHiRhgutsD9RX8o8","63","1757",,,,,,,,,,,,,,,,,,,,,,,,,,,,,,,,,,,,,,,,,,,,,,,,,"207","162","357",,,,"152","176","328",,,,"309","266","529",,,,"120","125","272",,,,"93","183","271",,,
"93KanXF8i8wGs4YKw","aczLej9L4oR6Qc9d5","23","890","31","39","70","3","3",,"68","59","127","3","3",,"63","69","132","4","4",,"72","65","137","3","3",,"68","44","112","3","3",,"52","67","119","3","3",,"55","38","93","2","2",,"41","59","100","2","2",,,,,,,,,,,,,,,,,,,,,,,,,,,,,,,
"FpTsqHm4D3ttwK8dY","akkrhDxeaZfvNvukX","14","563","25","31","56","2","2",,"42","50","92","2","2",,"44","35","79","2","2",,"40","33","73","2","2",,"33","40","73","2","1",,"26","42","66","1","1",,"31","33","64","1","1",,"28","32","60","2","2",,,,,,,,,,,,,,,,,,,,,,,,,,,,,,,
"Ayck7PmsY3mNr3gZQ","bAb7euPgEhEbczhi5","36",,,,,,,,,,,,,,,,,,,,,,,,,,,,,,,,,,,,,,,,,,,,,,,,,,,,,,,,,,,,,,"326","178","504",,"11",,"202","169","371",,,,"150","129","279",,,
"AHHiQixZscHdnSQpM","bJr3XRFsXxmrtKQHP","24","1026","52","53","105","3","3",,"91","97","188","4","4",,"85","70","155","4","4",,"93","86","179","4","4",,"84","67","151","3","3",,"65","67","132","3","3",,"63","57","166","3","3",,"63","53","116","3","3",,,,,,,,,,,,,,,,,,,,,,,,,,,,,,,
"6cFA5fAxPtQzaP5bz","bRKLyLhbq7nfASXxm","29","1107",,,,,,,"114","91","205","4",,,"86","84","170","4",,,"93","91","183","4",,,"95","71","166","3",,,"82","74","156","3",,,"42","59","101","4",,,"52","74","126","4",,,,,,,,,,,,,,,,,,,,,,,,,,,,,,,,
"HE7QyZrdjZD4TwigW","bYN3QEdWHtB5zi8L2","33","1157",,,,,,,,,,,,,,,,,,,,,,,,,,,,,,,,,,,,,,,,,,,"156","174","330",,"6",,"200","203","403",,"7",,"253","171","424",,"7",,,,,,,,,,,,,,,,,,,
"YLYWLt3BFmbGuRHBQ","cAz7Z3aBTuzPAZGTr","24","1016","40","55","95","3","3",,"75","75","150","3","3",,"68","63","131","3","3",,"63","63","126","3","3",,"64","59","123","2","2",,"101","90","191","4","4",,"70","72","142","3","3",,"83","65","148","3","3",,,,,,,,,,,,,,,,,,,,,,,,,,,,,,,
"S3LbwsmZGkiiekXEX","cPmW3968W6FQhgGLm","38","1255",,,,,,,,,,,,,,,,,,,,,,,,,,,,,,,,,,,,,,,,,,,,,,,,,"156","134","290",,"6",,"122","133","255",,"6",,"167","187","354",,"9",,"69","100","169",,"5",,"69","100","169",,"5",
"7Lt26udxHfpKtyAwY","cXAacXE2Bb9tw9fY3","25",,"55","46",,"3",,,"75","65",,"3",,,"72","57",,"3",,,"76","69",,"3",,,"79","66",,"4",,,"88","62",,"2",,,"47","47","4",,,,"54","47",,"3",,,,,,,,,,,,,,,,,,,,,,,,,,,,,,,,
"MrCRY4JkG2RtXRzjf","cdBityBwJLtNJzAvE","25","962","54","63","117","3","3",,"81","82","163","2","2",,"52","58","110","3","3",,"54","57","114","4","4",,"52","56","108","3","3",,"60","60","120","3","3",,"54","58","116","4","4",,"57","57","114","3","3",,,,,,,,,,,,,,,,,,,,,,,,,,,,,,,
"ZgR4zqFothSycL9hz","cf2vyqSi7FzW5Qvx3","39","1031",,,,,,,,,,,,,,,,,,,,,,,,,,,,,,,,,,,,,,,,,,,,,,,,,"120","118","238",,"6",,"99","107","206",,"5",,"142","157","299",,"7",,"72","126","198",,"5",,"39","51","90",,"3",
"WeXHdZMumEMFyckHq","cg86Lh9aZQkCioufN","28","1059","38","42","80",,"2",,"94","106","162",,"4",,"62","86","148",,"4",,"72","94","160",,"4",,"76","91","167",,"4",,"64","73","137",,"3",,"52","63","115",,"3",,"47","43","90",,"3",,,,,,,,,,,,,,,,,,,,,,,,,,,,,,,
"3XdLNoiuCRA5T5Dfc","cgLTsgbnvq39hKWc5","13","526",,,"51","2","2",,,,"60","1","1",,,,"81","2","2",,,,"75","2","2",,,,"56","1","1",,,,"57","2","2",,,,"80","2","2",,,,"66","1","1",,,,,,,,,,,,,,,,,,,,,,,,,,,,,,,
"AQmqsTKLbbQgfAmzP","cjmco4x87MyKf8kuR","38","1082",,,,,,,,,,,,,,,,,,,,,,,,,,,,,,,,,,,,,,,,,,,,,,,,,"105","98","203",,"5",,"85","92","177",,"5",,"170","154","324",,"7",,"100","113","213",,"6",,"70","95","165",,"4",
"cDYo2z98FGZzNHPMM","crZxaLFFWpCyBTjtJ","453","13",,,,,,,,,,,,,,,,,,,,,,,,,,,,,,,,,,,,,,,,,,,,,,,,,"29","33","62","2","2",,"36","34","70","2","2",,"49","45","94","3","3",,"49","89","138","3","3",,"47","42","89","3","3",
"FkDMg4ekjDHWExDuv","cxdx7d8KenkDhGHiL",,,,,,,,,,,,,,,,,,,,,,,,,,,,,,,,,,,,,,,,,,,,,,,,,,,,,,,,,,,,,,,,,,,,,,,,,,,,,,,,
"3tbjfT8zZ2fPGfiwc","d8fSWAuukAtfRe9jr","38","1283",,,,,,,,,,,,,,,,,,,,,,,,,,,,,,,,,,,,,,,,,,,,,,,,,,,,,,,,,,,,,,,,,,,,,,,,,,,,,,
"8EkWbb3qMosGvaWyT","dGshH9swSRhEmZq6K","31",,"69","56","125","4","4",,"102","105","207","5","5",,"110","91","201","4","4",,"95","95","190","4","4",,"84","71","155","4","4",,"102","88","190","4","4",,"61","84","145","3","3",,"66","76","142","3","3",,,,,,,,,,,,,,,,,,,,,,,,,,,,,,,
"dBu8rGN6ZLKj4rb4e","dTWWkjzbjioMw7auE","29","663","43","31","74","2","2",,"123","99","222","5","5",,"89","97","186","4","4",,"94","84","178","4","4",,"62","71","133","3","3",,"87","87","174","4","4",,"80","82","162","4","4",,"85","64","149","3","3",,,,,,,,,,,,,,,,,,,,,,,,,,,,,,,
"q7vvj7t7uptnim45G","dpAwdnehmb3qmNzpN","15",,"14","14",,,,,"59","47",,,,,"42","48",,,,,"54","33",,,,,"43","56",,,,,"34","36",,,,,"28","29",,,,,"47","47",,,,,"14","14",,,,,"59","47",,,,,"42",,,,,,,,,,,,,,,,,
"yAYPTyMxnk5pj2zT9","fX3ab3yfEroj7nw3D","23","1059",,,,,,,,,,,,,,,,,,,,,,,,,,,,,,,,,,,,,,,,,,,,,,,,,"134","98","232","5","5",,"87","119","206","4","4",,"104","124","228","5","5",,"119","145","264","6","6",,"51","78","129","3","3",
"6ZNqRnThWfJTjmtzh","fc2Q5yFvk7HJQLPTB","28","1159","41","59","100","3","3",,"113","102","215","5","5",,"80","81","161","4","4",,"79","81","160","4","4",,"81","83","164","4","4",,"54","58","112","3","3",,"75","60","133","3","3",,"66","48","114","2","2",,,,,,,,,,,,,,,,,,,,,,,,,,,,,,,
"2zRbjDBfz4zB8Tv6q","fde42f6JB9sBQyjpT","42","1177",,,,,,,,,,,,,,,,,,,,,,,,,,,,,,,,,,,,,,,,,,,,,,,,,"79","97","176",,,,"100","103","203",,,,"165","157","322",,,,"120","104","224",,,,"116","136","253",,,
"ZrghZT93L2bSWSofg","fuNsPQmH3TvofhsnT",,,,,"86","4","3",,,,"175","4","4",,,,"154","3","3",,,,"100","2","2",,,,"102","2","2",,,,"85","2","2",,,,"55","2","2",,,,"49","1","1",,,,,,,,,,,,,,,,,,,,,,,,,,,,,,,
"uyB7xpWYkTuuhsLzS","fuxR44Xt56e3iq7Ac","1127","28","48","67","115","3","3",,"102","76","178","4","4",,"86","76","178","4","4",,"71","85","156","4","4",,"65","70","135","4","4",,"55","68","123","3","3",,"57","63","120","3","3",,"61","77","138","3","3",,,,,,,,,,,,,,,,,,,,,,,,,,,,,,,
"gpABZNKAeZxGARLNE","gADmHtoMKHPGbq2aY",,,"31","30","61","2","2",,"45","50","95","2","2",,"57","43","100","2","2",,"66","50","116","3","3",,"59","49","108","3","3",,"43","55","98","2","2",,"49","47","96","2","2",,,,,,,,,,,,,,,,,,,,,,,,,,,,,,,,,,,,,
"wfdMKsnKg56v7y6uJ","gAngvZHPneMhzCFSh","35","1222","58","53","111","3","1","3 teachers are using one class to teach all their learners (I.e 3 classes in one class)","11","90","200","4","4",,"91","98","179","4","4",,"93","69","162","4","4",,"80","69","149","4","4",,"73","89","162","4","4",,"55","65","120","3","3",,"75","64","139","3","3",,,,,,,,,,,,,,,,,,,,,,,,,,,,,,,
"tkbM3Jp4KjPx4H5qC","gM8Wwd6PYq9SaRsC9",,"1384","30","49","79",,,,"94","100","194",,,,"104","102","206",,,,"111","100","211",,,,"104","99","203",,,,"91","83","176",,,,"86","84","170",,,,"76","64","140",,,,,,,,,,,,,,,,,,,,,,,,,,,,,,,,,
"QBmBALzw89kwmHz2B","gPEHxYCZQAugzXiaC","30","846",,,,,,,,,,,,,,,,,,,,,,,,,,,,,,,,,,,,,,,,,,,,,,,,,"63","45","108",,,,"66","56","122",,,,"161","101","262",,,,"129","113","242",,,,"52","60","112",,,
"xsLXqpcynPeYTwiXE","hDXi6Job4ND3sGZdy",,"804",,,,,,,,,,,,,,,,,,,,,,,,,,,,,,,,,,,,,,,,,,,,,,,,,,,,,,,,,,,,,"177","136","313",,,,"143","158","301",,,,"87","103","190",,,
"NY3CpQoLXKGkXkq8b","iNLwgfmnaNWRHnrNe",,,,,,,,,,,,,,,,,,,,,,,,,,,,,,,,,,,,,,,,,,,,,,,,,,,,,,,,,,,,,,,,,,,,,,,,,,,,,,,,
"syBSsyuaG3J2rk8ky","iv6kuPNkipb2gvRFm",,,"32","52","84","3","3",,"61","59","120","3","3",,"44","52","96","2","2",,"34","44","78","2","2",,"51","45","96","3","3",,,,,,,,,,,,,,,,,,,,,,,,,,,,,,,,,,,,,,,,,,,,,,,,,
"rgipwMLK9skQK2EuA","jJqJXpaunKsn7aHGe","9","300","13","07","20","01","01",,"20","13","33","01","01",,"24","11","35","01","01",,"22","11","33","01","01",,"38","15","53","02","02",,"33","15","48","01","01",,"23","15","38","01","01",,"28","12","40","01","01",,,,,,,,,,,,,,,,,,,,,,,,,,,,,,,
"2rqTjwusZ8tc8nbYt","jPPkYMv6AFJYJFRde","18","789","40","28","68","2",,,"53","46","99","3",,,"73","68","141","3",,,"54","53","107","2",,,"48","46","94","2",,,"58","41","99","2",,,"44","40","84","2",,,"54","43","97","2",,,,,,,,,,,,,,,,,,,,,,,,,,,,,,,,
"eiaeXipXaywPNGZ7X","jWWgGHPXuNQEZ6w72","27","1346","78","68","146","4","4",,"112","102","214","4","4",,"106","93","199","4","4",,"81","78","159","3","3",,"111","90","201","3","3",,"55","74","129","3","3",,"88","68","156","3","3",,"62","80","142","3","3",,,,,,,,,,,,,,,,,,,,,,,,,,,,,,,
"siZhhkH29MMEnswvu","jmAqNSRfRvtGCrRcD",,,,,,,,,,,,,,,,,,,,,,,,,,,,,,,,,,,,,,,,,,,,,,,,,,,,,,,,,,,,,,,"123","12","123","23","123","sdfsdfdsf",,,,,,,,,,,,
"LJC3JBYxgkbi8GzAP","kie6stDD5sBcTt6Mm","10","340",,,,,,,,,,,,,,,,,,,,,,,,,,,,,,,,,,,,,,,,,,,,,,,,,,,,,,,,,,,,,,,,,,,,,,,,,,,,,,
"WszeF9gAuQuHMNHLC","kmhZZrnZ7mMzKB9du","30","871",,,,,,,,,,,,,,,,,,,,,,,,,,,,,,,,,,,,,,,,,,,,,,,,,"112","87","199",,,,"98","93","191",,,,"145","102","247",,,,"36","67","103",,,,"65","66","131",,,
"kY8pdvG9t8eN5CY4h","mBRksrqaTPbTA73iX","42","1447",,,"124",,"4",,,,"200",,"4",,,,"203",,"4",,,,"228",,"5",,,,"220",,"4",,,,"178",,"4",,,,"127",,"3",,,,"167",,"4",,,,,,,,,,,,,,,,,,,,,,,,,,,,,,,
"JMwctXTYdunvweNYD","mLnsWp9bPQAh7vsJj","43","1544","52","65","117","4","4",,"143","110","253","6","6",,"141","127","268","6","6",,"101","95","196","5","5",,"123","120","243","4","5",,"87","97","184",,"4",,"115","89","204",,"4",,"97","99","196",,"4",,,,,,,,,,,,,,,,,,,,,,,,,,,,,,,
"bHZpmA7SpQzx29CQk","mNN6fNqNzCPL7xAPb",,"1277",,,,,,,,,,,,,,,,,,,,,,,,,,,,,,,,,,,,,,,,,,,,,,,,,"143","115","258",,,,"124","132","256",,,,"180","187","367",,,,"116","145","261",,,,"55","80","135",,,
"bEf9GjYAyqAqY3bhw","mYTqWwYL8mXFbWtjX","37","993",,,,,,,,,,,,,,,,,,,,,,,,,,,,,,,,,,,,,,,,,,,,,,,,,"100","106","206","8","5",,"117","119","236","8","5",,"131","138","269","7","6",,"74","87","161","7","4",,"53","68","121","7","3",
"aiBSX6cmH9icpEn7C","mgo8aBRXCd2GYQQdo","123","124","23","34","47","48",,,"43","77","88","2",,,"23","37","73",,,,"45","37",,,,,,,,,,,,,,,,,,,,,,,,,,,,,,,,,,,,,,,,,,,,,,,,,,,,,,,,,,
"mu6wNPMzZ754NLLnE","nHCyL4ARCyM9kt6iX",,,,,,,,,,,,,,,,,,,,,,,,,,,,,,,,,,,,,,,,,,,,,,,,,,,"158","171","329","5",,,"141","152","293","5",,,"158","222","380","7",,,"130","202","332","7",,,"61","78","139","4",,
"7qkXEP7zRNRG2EXxW","nQKa3dn8HnbdhecBT","26","1108",,,,,,,,,,,,,,,,,,,,,,,,,,,,,,,,,,,,,,,,,,,,,,,,,,,,,,,,,,,,,,,,,,,,,,,,,,,,,,
"5iHufHeS6B2XBsHTB","nXDNKdHakp9cAeeut","36","853","44","35","79","3","3",,"65","63","128","3","3",,"58","63","121","3","3",,"62","72","134","3","3",,"49","56","105","6","3",,"59","61","110","6","3",,"43","48","91","6","2",,"46","39","85","6","2",,,,,,,,,,,,,,,,,,,,,,,,,,,,,,,
"e6s5EEf389EeLo6Tz","nkyoH7D7BsDxNhMet","48","1662",,,,,,,,,,,,,,,,,,,,,,,,,,,,,,,,,,,,,,,,,,,,,,,,,"153","113","266",,,,"176","194","370",,,,"240","250","490",,,,"168","163","331",,,,"90","119","205",,,
"8FucY8f4FTzL2XmhY","nrFQmsdnWZWX88Sfd","49","1275",,,,,,,,,,,,,,,,,,,,,,,,,,,,,,,,,,,,,,,,,,,,,,,,,"147","99","246",,,,"115","85","200",,,,"202","218","420",,,,"122","144","266",,,,"60","83","143",,,
"hJppCjP9YgzQPhsxp","nxDMcbZXswsfc5hry","29","1219","38","52","90","3","3",,"83","104","187","4","4",,"88","90","178","4","4",,"95","78","173","4","4",,"85","72","157","4","4",,"62","57","119","3","3",,"67","64","131","3","3",,"99","85","184","4","4",,,,,,,,,,,,,,,,,,,,,,,,,,,,,,,
"x39JZC9Q749pXeEbY","nxxJsx3rSdowXGaYW","26","1030","40","51","91","3","3",,"84","81","165","4","4",,"75","77","152","4","4",,"63","71","134","3","3",,"68","71","139","3","3",,"64","71","131","3","3",,"45","50","95","3","3",,"59","64","123","3","3",,,,,,,,,,,,,,,,,,,,,,,,,,,,,,,
"A9g2JXbafa9hggA23","oDq38ubsf6KmXXC7R","7","256","16","15","31","1","1",,"27","16","43","1","1",,"16","14","30","1","1",,"21","17","38","1","1",,"24","24","48","1","1",,"22","15","37","1","1",,"12","17","29","1","1",,,,,,,,,,,,,,,,,,,,,,,,,,,,,,,,,,,,,
"3uXaw9N4tJkFZKXSt","oH3hFoMhj9JkLMrTm","40","1667",,,,,,,,,,,,,,,,,,,,,,,,,,,,,,,,,,,,,,,,,,,,,,,,,,,,,,,,,,,,,,,,,,,,,,,,,,,,,,
"656hyBavtd4QHF6yx","oNjMvfPjXWeu7biC7","53","1573",,,,,,,,,,,,,,,,,,,,,,,,,,,,,,,,,,,,,,,,,,,,,,,,,"167","139","306",,"6",,"231","180","411",,"10",,"170","146","316",,"8",,"147","211","358",,"8",,"82","100","182",,"5",
"KYeDjZFEFXobJB7hL","ogb8LvgY9F68Y9skg","24",,"16","12","28","1","1",,"17","17",,"1","1",,"29","21",,"1","1",,"17","18",,"1","1",,"50","41",,"2","2",,"16","8",,"4","4",,"31","25",,"6","6",,"23","17",,"8","7",,,,,,,,,,,,,,,,,,,,,,,,,,,,,,,
"gZKefKr3T7kQ7yZdd","pjXAkZTsKrv5NhCva","19","274",,,,,,,,,,,,,,,,,,,,,,,,,,,,,,,,,,,,,,,,,,,"56","49","105","5","3",,"49","46","95","7","2",,"35","39","74","7","3",,,,,,,,,,,,,,,,,,,
"SDQzcRxtroyWa7uGB","pnpYjFBqmBBHywfQu","10","474","35","28","63","2","2",,"59","49","108","1","1",,"32","35","67","2","2",,"35","36","71","2","2",,"33","33","66","1","1",,"18","24","42","1","1",,"23","24","47","1","1",,,,,,,,,,,,,,,,,,,,,,,,,,,,,,,,,,,,,
"qYqekSfSRExjXJrGM","pvzDQYfmoEXsDD9f9",,"1509","52","56","106",,,,"140","111","251",,,,"106","116","222",,,,"103","99","202",,,,"110","93","203",,,,"103","106","209",,,,"87","72","159",,,,"86","71","157",,,,,,,,,,,,,,,,,,,,,,,,,,,,,,,,,
"yYkct2ymcY7BaACza","qHSjDoMMpuxwchiKS",,,,,,,,,,,,,,,,,,,,,,,,,,,,,,,,,,,,,,,,,,,,,,,,,,,,,,,,,,,,,,,,,,,,,,,,,,,,,,,,
"k652o58moXsybbDfm","qSYX3YgHJ6iTXy7wD","489","14","46","12","58","2","3",,"47","44","91","2","3",,"34","44","78","1","3",,"33","39","72","2","3",,"21","27","48","1","2",,"21","30","51","1","2",,"18","25","43","1","2",,"19","29","48","1","2",,,,,,,,,,,,,,,,,,,,,,,,,,,,,,,
"Qmhp6bLYHrRTc42wc","rFp8tyxrAHi3BJY7v","30","1074","70","68","138",,"3",,,,,,,,,,,,,,,,,,,,,,,,,,,,,,,,,,,,,,,,,,,,,,,,,,,,,,,,,,,,,,,,,,,,,,,,,
"r5bdwdb45e7jr6JZB","rRmpGJPCTmuj4SbQQ","26","960","55","56","111","4","4",,"59","74","133","3","3",,"77","60","137","3","3",,"80","71","152","4","4",,"47","59","106","3","3",,"60","53","113","3","3",,"50","49","99","3","3",,"49","61","110","3","3",,,,,,,,,,,,,,,,,,,,,,,,,,,,,,,
"opzRuPL9N8RSzCNsi","rSwLRLtuo3LPFjjGi","63","1862",,,,,,,,,,,,,,,,,,,,,,,,,,,,,,,,,,,,,,,,,,,,,,,,,"143","150","293",,,,"224","228","452",,,,"278","288","566",,,,"157","212","369",,,,"97","87","182",,,
"HZFjNDTejF5ga78Sx","ruBJBgeYPgHrRrYvb","28","414","25","21","46","2","2",,"36","26","62","2","2",,"31","21","52","2","2",,"32","26","58","2","2",,"30","36","66","5","1",,"23","20","43","5","1",,"30","15","43","5","1",,"26","18","44","6","1",,,,,,,,,,,,,,,,,,,,,,,,,,,,,,,
"68f6ufafjEtTD87dK","rxT2FjbggeuYddW9w","58","1910",,,,,,,,,,,,,,,,,,,,,,,,,,,,,,,,,,,,,,,,,,,,,,,,,"200","227","427","10","10",,"191","219","410","10","10",,"231","263","494","12","12",,"141","166","307","7","7",,"123","149","272","8","8",
"ZMuo7tqss7QrYPuwZ","sND72WibpoinRPpPp",,,"28","32","60","2","2",,"55","26","81","2","2",,"34","37","71","1","1",,"32","28","60","1","1",,"26","21","47","1","1",,"24","18","42","1","1",,"19","21","40","1","1",,"23","20","43","1","1",,,,,,,,,,,,,,,,,,,,,,,,,,,,,,,
"Sa8QfeRArxjpbStqt","sRAv3wjv2e8BZsNfH","43","1297",,,,,,,,,,,,,,,,,,,,,,,,,,,,,,,,,,,,,,,,,,,,,,,,,,,"301",,"6",,,,"218",,"5",,,,"316",,"9",,,,"212",,"6",,,,"250",,"8",
"SNuf4DBJszmQrAzS4","snh7xdJFqSkTPoDyN","43","1248",,,,,,,,,,,,,,,,,,,,,,,,,,,,,,,,,,,,,,,,,,,,,,,,,"118","119","237",,"5",,"147","159","298",,"6",,"148","123","279",,"6",,"139","129","268",,"4",,"63","103","166",,"4",
"BL89Y49hLjtAgtj9C","tRP8HLc733FDHtiBo",,"1253",,,,,,,,,,,,,,,,,,,,,,,,,,,,,,,,,,,,,,,,,,,,,,,,,,,,,,,,,,,,,,,,,,,,,,,,,,,,,,
"y3Rzmw2pDYqioZ8WC","u4ZDTuBWr6JYvhg5C",,,"25","21","46","2","2",,"19","17","36","1","1",,"15","17","32","1","1",,"08","05","13","1","1",,"07","14","21","1","1",,"10","9","19","1","1",,"08","06","14","1","1",,"08","05","13","1","1",,,,,,,,,,,,,,,,,,,,,,,,,,,,,,,
"ufaeHuMMa97ge5aCK","u5FBsZRxHXsEZSfKR","12","423","40","28","68","2","2",,"31","32","63","2","2",,"30","34","64","2","2",,"27","32","59","2","2",,"35","28","63","1","1",,"15","16","31","1","1",,"16","18","34","1","1",,"29","12","41","1","1",,,,,,,,,,,,,,,,,,,,,,,,,,,,,,,
"ayNNoGKj3iCnECzSg","vcBevb7sZxPGDq26E","22","426","30","38","66","2","2",,"73","77","150","3","3",,"73","49","122","3","3",,"69","62","131","3","3",,"90","70","160","3","3",,"63","47","110","3","3",,"52","49","101","3","3",,"44","35","79","2","2",,,,,,,,,,,,,,,,,,,,,,,,,,,,,,,
"8Q8hLajqT7vMWrbeA","vnpd2LfNN5WFo4Auz","19","712","28","31","59","2","2",,"51","36","87","2","2",,"54","35","89","2","2",,"56","46","102","2","2",,"68","56","124","3","3",,"45","54","99","3","3",,"41","51","92","3","3",,"22","38","60","2","2",,,,,,,,,,,,,,,,,,,,,,,,,,,,,,,
"Kqq9XsRqsRQM6PjGn","vpyxahRy8CgAvnhvX","11","395",,,"55","2","2",,,,,,,,,,,,,,,,,,,,,,"105","3","3",,,,"113","3","3",,,,"122","3","3",,,,,,,,,,,,,,,,,,,,,,,,,,,,,,,,,,,,,
"zpLEh72kC58ryRpxt","vxg7qizScfK2XFhkJ",,"720",,,"67","2",,,,,"124","2",,,,,"100","2",,,,,"126","2",,,,,"80","2",,,,,"95","2",,,,,"65","2",,,,,"77","2",,,,,,,,,,,,,,,,,,,,,,,,,,,,,,,,
"XKxt23fR8Fujkyiim","wFrc4eFMeXEuYfjtz","31","760",,,,,,,,,,,,,,,,,,,,,,,,,,,,,,,,,,,,,,,,,,,,,,,,,,,,,,,,,,,,,"168","129","297",,"8",,"158","107","265",,"8",,"111","87","198",,"6",
"HKHTs5NYM9YcNKmA3","wJYKKm3uDptpkyBnp","15","564","52","38","90","3","3",,"84","87","171","4","4",,"70","46","156","4","4",,"77","70","147","4","4",,,,,,,,,,,,,,,,,,,,,,,,,,,,,,,,,,,,,,,,,,,,,,,,,,,,,,,
"4zo5MNwbBvTPykbFg","wJxGgWCBG5CmJnDaP","24","998","53","58","112","3","3",,"85","82","167","4","4",,"80","74","154","4","4",,"79","81","160","4","4",,"67","58","125","3","3",,"46","49","95","2","2",,"54","51","105","2","2",,"34","46","80","2","2",,,,,,,,,,,,,,,,,,,,,,,,,,,,,,,
"KrNZ7H2XmHuPpHRrN","wwRvnPdRapAXiyzGC","28","949",,,,,,,,,,,,,,,,,,,,,,,,,,,,,,,,,,,,,,,,,,,,,,,,,"108","111","229",,,,"87","74","169",,,,"139","109","248",,,,"123","89","212",,,,"46","45","91",,,
"2gqMBsR5BKHB3TEv6","wxjLwAX3cQC67hDuc",,,"35","44","79","2","2",,"89","90","177","4","4",,"57","44","101","3","3",,"48","27","75","2","2",,"30","28","59","2","2",,"28","19","46","1","1",,"20","9","29","1","1",,"8","9","17","1","1",,,,,,,,,,,,,,,,,,,,,,,,,,,,,,,
"Tnm69CSqqbdHg9obr","xHQJK6DbXB9jKQdQ8","30","1758",,,,,,,,,,,,,,,,,,,,,,,,,,,,,,,,,,,,,,,,,,,,,,,,,"223","249","519","10","10",,"113","173","306","6","6",,"107","183","290","13","13",,"140","227","375","8","8",,"121","147","268","6","6",
"dmcSwWf7Zcge6eHR8","xQrw5xA2WXXCaLemR","67","1789",,,,,,,,,,,,,,,,,,,,,,,,,,,,,,,,,,,,,,,,,,,,,,,,,"267","268","535",,,,"195","195","390",,,,"204","222","426",,,,"115","177","292",,,,"59","87","146",,,
"7sAKJvmox8vK6GJBv","yELD9hdThNh3kMbQL","26","1146",,,,,,,,,,,,,,,,,,,,,,,,,,,,,,,,,,,,,,,,,,,,,,,,,,,,,,,,,,,,,,,,,,,,,,,,,,,,,,
"qNgGZm2CTNoa336qY","yEswopyzZ6paaHnfv","10","386","21","34","55","2","2",,"33","30","63","2","2",,"27","27","54","1","1",,"23","23","46","1","1",,"26","26","52","1","1",,"13","31","44","1","1",,"17","17","34","1","1",,"21","17","38","1","1",,,,,,,,,,,,,,,,,,,,,,,,,,,,,,,
"rCApJ97XLJY5xuoJY","yMcbeG4TWEg6Q8WWq",,"376","13","17","30","1","1",,"43","37","80","2","2",,"23","26","49","1","1",,"31","23","54","1","1",,"24","22","46","1","1",,"21","17","38","1","1",,"20","18","38","1","1",,"19","22","41",,,,,,,,,,,,,,,,,,,,,,,,,,,,,,,,,
"6yXgt6quvcZfmQiWf","yxf9RRmtBmqjdSi87","11","499","46","3332","98","2","2",,"38","36","74","2","2",,"27","28","55","1","1",,"23","27","50","1","1",,"31","33","64","2","2",,"32","33","65","1","11",,"20","20","40","1","1",,"24","29","53","1","1",,,,,,,,,,,,,,,,,,,,,,,,,,,,,,,
"ZQvS49GgfM6XNnqij","z3njpQwtcX6okiBSr","33","944",,,,,,,,,,,,,,,,,,,,,,,,,,,,,,,,,,,,,,,,,,,,,,,,,"96","87","183",,"4",,"109","77","186",,"5",,"137","122","259",,"7",,"98","114","212",,"6",,"43","61","104",,"3",
"tC7ee9TXmJ8oDEcRe","zbPdT6ScgkxxMtgAN","40","1053","57","53","110","3","3",,,,"173","4","4",,,,"184","3","3",,,,"154","3","3",,,,"128","6","3",,,,"96","6","3",,,,"112","6","3",,,,"95","9","2",,,,,,,,,,,,,,,,,,,,,,,,,,,,,,,
