_id,labName,labCondition,hasNecessaryEquipment,comment,version_id
"49k7sidsJg6naeZzp","Lab 1","Yes","Yes",,"H2wSN9EFbKzeSGjCh"
"5bzswkmsjD9E2K9pJ","School lab","Yes","Yes",,"qCqx8rN4JLCHpEwF4"
"5w6RsoHkTuW9tiFXQ","unknown","Yes","No",,"dmcSwWf7Zcge6eHR8"
"6JfvrytaFjawcAC5e","1","Yes","Yes",,"2Qm9dY2unum62oDu7"
"6cGK9gNNMWqaPE4Rc","School labs","No","No","This applies in all the school labs","922NEXkq8CZy6PH7L"
"6jq5vzG6Br6SJSRwq","1","Yes","Yes",,"opzRuPL9N8RSzCNsi"
"85cSiu4BnGqxBFhMu","0","No","No",,"55foHoJLBDfwGwTWD"
"9HgAj9q9HNomM4732","Lab 1","No","No",,"EyHGQ2ctZRGcPQ4Lc"
"9oj5o7WFdXqRkZJtQ","Lab 1","Yes","Yes",,"tdRzrm36MQJ2raFea"
"B23CiYwPK2ewyaKAY",,"No",,,"2smWdy5ZETPXoRrYG"
"BG9Ww4nuQaytXHDTW","1","Yes","Yes",,"dBu8rGN6ZLKj4rb4e"
"CRzCaZGuMoZgxuZh6","A","Yes","Yes",,"XYLgc3p2tmFJ6nGJb"
"ECxwmztyx8tTw6XLH","School lab 3","Unsure","No",,"WszeF9gAuQuHMNHLC"
"HwKnANGgLDtYgniaB","Lab 1","No","No",,"8FucY8f4FTzL2XmhY"
"HyYE3nBTEketyxvoA","School lab","Yes","Yes",,"S3LbwsmZGkiiekXEX"
"JhivBJeQtbeYifBnq",,"Yes","No",,"dLHdmSdFbLWF2kJqy"
"KCyEtgc9NB6XzS64j","2","Yes","Yes","There are no good material for experimenting","QBmBALzw89kwmHz2B"
"LLpDn9yCWBNqGg6iR","0","No","No",,"MYuCFef7Fjt8yRX8d"
"MLSiANkG5rQpbbW5W","LabA","Yes","Yes","Poorly resourced","bHZpmA7SpQzx29CQk"
"MWJiAxrg8b5yW669j",,"No","No",,"ZQvS49GgfM6XNnqij"
"Mt23zvESeM2nHEkAC","School labs","No","No","All the equipment are old and the labs are now used as classes","yuLFP8PQcXB6aAAm6"
"Nry4jWdz7waz8dkpT","Lab A","No","Yes",,"r5bdwdb45e7jr6JZB"
"NuWurCKSbffFd2aMa",,"No","No",,"ZQvS49GgfM6XNnqij"
"PQFoZkwjsFHgeoNcK","0","No","No","there is no lab","3uXaw9N4tJkFZKXSt"
"PTpZTWdvsZGy4GCC9","Science Labratory","No","Yes","Not in working condition and is used as an office.","xuTGawqPYaYusxnm8"
"TAJCjJAa8wSMeGg8q","Lab1","No","No",,"J8iGazpt3MwprEvbp"
"TEAxurX9R7kJmp9jq","lab 1","No","Yes",,"Z9wz3QcLwmRfGuaeT"
"Tios8KWX5h9hRzJTM","1","No","Yes",,"4F5Qwq5cmL34WsvHP"
"WBxvX5v5fHbHQntE7",,,"Yes",,"KrNZ7H2XmHuPpHRrN"
"XCPrrDGC85qCAKDN5","0","No","No",,"LrmX8FAuJMKckWE6c"
"Zd6ZwtZ5xkhJXpTTt","SL 1","Yes","Yes","The lab is in good  condition","Gfj3WRS3Y8w4dmyph"
"aFsgDeGRGuaFziYyR","0","No","No",,"7sAKJvmox8vK6GJBv"
"acfh8h62ieWcSkucy","Lab1","Yes","Yes","In good condition","xp2bxhMm4Yoeu9jho"
"bAQDcNfjn6qwknBoF","Lab1","Yes","No",,"u2mAvGSYipuFCETW2"
"bNuCdFpkYFgSKtx58","Lab 1","No","No","Doesn't have any material.","qqTGPEnmDQRrarBSw"
"cdtL6pEN3uhmcWwRD","unknown","Yes","No",,"dmcSwWf7Zcge6eHR8"
"dsPPs3T4kuHpmvCBZ","1","Yes","Yes","2 Air fans","drsWF9n9G7CxbrANB"
"e9S7ES88wL4KZwvHh","Lab A","Yes","Yes",,"GdT4e3QnaH2fX4vAA"
"eQQE94rJoXzD3CrM3","Lab 1","No","Unsure","Lack of apparatus","vPSPXjGpC6ABc9Szc"
"eucivx7FMZKFMiaFB","2","Yes","No",,"XTL9gvLr9S2MmMsjJ"
"ezKEs2jgcKQHCdqdE",,"No","Yes","There is no running water. No efficient electricity","SNuf4DBJszmQrAzS4"
"fnqtxbvMuT949dsHW","1","Yes","Yes",,"MYybcL4ntNLDfPjZt"
"g6fWtEkctzPZhv7Yc","1","No","No",,"5PhvChXDzSoaBymWp"
"gGyR4orE5SgKSr4zn",,"Yes","Unsure",,"A82Sqxg6dWo9BjRw7"
"gizhnig2dmuxr8ynF","Lab 1","Yes","Yes",,"bMEYkfLEMjEHiTFux"
"ifHje7HEQMjSmSP6B","0","No","No","THERE IS NO LAB","eqJ28tbWRDYX6YPkp"
"k8mdXnKf3eq8Q5Xjx","b","Yes","Yes",,"2G6DH4Aiu8dpRQyrD"
"kicNXcstw5QP2Lgye","Lab","No","No",,"Pye3fvQETS2TCPKyt"
"kxLpJNNxJcNXMPv27","3","Yes","Yes","There is no good material for experimenting","QBmBALzw89kwmHz2B"
"mob9TfRRKYYuP6WmS","Lab 1","Yes","Yes","The water that come out of the taps is not in good condition","BpGigPup4eyijh28x"
"nk5pZq5Ty3FoBGNyA","1","Yes","No",,"XTL9gvLr9S2MmMsjJ"
"nmpXv4skfrFcHyuWv","B","Yes","Yes",,"XYLgc3p2tmFJ6nGJb"
"p5ry4qTy9yM28nSb5","0","No","No",,"3tbjfT8zZ2fPGfiwc"
"q2M5r7h5yytFyZzP8","a","Yes","Yes",,"2G6DH4Aiu8dpRQyrD"
"qBicbaX6crnqt2Rna","Lab","No","No",,"Sa8QfeRArxjpbStqt"
"qjGPZCmSMKTbrkfZF",,"No","No",,"ZQvS49GgfM6XNnqij"
"qmb3S8je8dZRgGEXe","School lab 2","Unsure","No",,"WszeF9gAuQuHMNHLC"
"rpZPXm5CXWFxWzz6M","LAB 1","Yes","Yes",,"uiiC6LpdXHBickDqX"
"sBkTrB7Hn5kr3iyM4","lab","Yes","Yes",,"xsLXqpcynPeYTwiXE"
"sLt8wrgxtNEDRnRjQ",,"Yes","No",,"hBG3H9epZYnScCbtp"
"sPP4nRhtabaxeB6Ya","Lab 1","No","Yes","Students are not using it","sfN5HAvKti5hRvPxZ"
"sc5biL8pYDe7M8Dtb","Lab 1","Yes","Yes","The lab is used effectively everyday","A7HS55Lmpv7eWduhv"
"trsaHFJMe6Y7ohEDS",,"No","No",,"HE7QyZrdjZD4TwigW"
"uHQKMjC38Ggt3CDP4","LAB 1",,"No",,"bPfY5thaXn4EAdkXw"
"v37bPg86RSQgQec7c",,"No","No",,"ZQvS49GgfM6XNnqij"
"vSnhs4TjwfvwmbPoZ",,"No","No",,"ZQvS49GgfM6XNnqij"
"wXyYpmXw4K58EnudZ","0","No","No",,"jSDZSbr7cMPKgibe7"
"xNaTTXJ2gC6BRMg4M",,"Yes","Yes",,"yAYPTyMxnk5pj2zT9"
"xcSqZbwWWyPxHg2Nf","School lab","No","No","This applies in both labs at the school","bEf9GjYAyqAqY3bhw"
"xyBggYpAonmxvWj9Z",,,,,"YLYWLt3BFmbGuRHBQ"
"yCienCo7esFepDJH3","1","Yes","Yes","There are no material for experimenting","QBmBALzw89kwmHz2B"
"yQsdBRncttjrfqqzR","School lab",,"No",,"WszeF9gAuQuHMNHLC"
