_id,hasLab,numberOfLabs,version_id
"2Ay8F4NtoSsXJJsT4","No",,"ZQpQXXcpAjvZC2ony"
"2GozKzGFYLMEQj3Me",,,"xuTGawqPYaYusxnm8"
"2GrTgoBu2W5v6v2hs","No",,"giGaTXuXxZQxCGaMd"
"2S2wmhAbWFzEJBgqq","Yes",,"Ch6HJ6DZmFCYxKkww"
"2YqMRgMNtE7g7Kh4Y","No",,"x39JZC9Q749pXeEbY"
"3Btzf38Bsd2vvjyGn","No",,"7jdhLaYzWcCtFduQg"
"3LGATcnDD7ffLMcq8","Unsure",,"5iHufHeS6B2XBsHTB"
"4EnbhRyLcxAEHbRju","Yes","2","922NEXkq8CZy6PH7L"
"4GHvEohBq5r7gc6oH","Yes","1","sfN5HAvKti5hRvPxZ"
"4qPath7Co2bAAF9FW","Yes",,"dBu8rGN6ZLKj4rb4e"
"4zhThZYeHfyTj2QcC","No","0","HushLZncKDsTyJhfN"
"5SXzuiGPqmTLMo3zd","No",,"DwG2tAAFC8W79Ckxx"
"5aepNQJjL2FM9SJjf","Yes","1","5PhvChXDzSoaBymWp"
"5ghzNQM8qxXCSXt6x","No",,"esLPjFoMCrf7aGwqS"
"5sQvpKNDiaRYFrLPh","Yes","1","xp2bxhMm4Yoeu9jho"
"6FAr6rwo5rFBSXNpF","No",,"gpABZNKAeZxGARLNE"
"7jTwoqsWHSisSS2tn","No",,"JMwctXTYdunvweNYD"
"7rqWH5JBiCgcALHd4","No",,"Y2gH7TZojYSgJ6J3i"
"8RsDnEYBZA5WkxwZD","No",,"bAExKd8RN5BhHzb3z"
"8ubcW4jy3rAJb2RJx","No",,"S47bpHzXts94zC2ke"
"8v34prERpigfaDLTz","Yes","1","HMfiK9msnxvBpZRTv"
"9ZP5KGcfG4HjvTv7S","No",,"KhtEcF9mnhkNyqnW3"
"9re8EBARKhMNTMgLD","No",,"Rvf9JkpRBRozBsyiq"
"9zTg6sdmpmcLC37Mo","No",,"P4wqK6rnJQahfhFTr"
"9zfvaeh9PRphJGAcW","No",,"q7vvj7t7uptnim45G"
"APjzZg2Lmw9tvGCSq","No",,"EtsNuLzuvqcqdM943"
"AZfm4LgKJAjmuNBZC","Yes",,"bPfY5thaXn4EAdkXw"
"Adp8z7AkEyQBGYbue","No",,"fXPmfwBo9N6rx7mLh"
"AdpQzhFCSfCkqWLN5","No",,"FpTsqHm4D3ttwK8dY"
"AduFxRKqkdjkdAGhT","Yes","1","drsWF9n9G7CxbrANB"
"B2GhvBPB9fFdDR3Jm","No",,"EbrJ8dHAyrQTpSaNj"
"BGrWE92uctBWvw5yc","No",,"rgipwMLK9skQK2EuA"
"BYqZGh44LssRy3Y23","No",,"vQsgY2cMuHRHHxN5X"
"BtAxesbLm6nxAugBK","Unsure",,"Qmhp6bLYHrRTc42wc"
"CFLqfbGLi2eYk8GgD","Yes","2","dmcSwWf7Zcge6eHR8"
"Cda3YNGoKhu86j5TY","Yes","1","bHZpmA7SpQzx29CQk"
"Cm4aMRAW2jgbqx48z","No",,"Q2SemXMcpEX5NfYsD"
"DigGBpGaefbvTC2uL","No",,"tqMTBWRbAuYsAqATz"
"DqqSgtmNADQoLqpxA",,,"pRKnFJGLubdAiTZEy"
"EG9oHfZ9Dg7QCzdh5","No",,"sXauHMaoiXsoSamWK"
"EJbw4XHPjuFQKTg88","Yes",,"XTL9gvLr9S2MmMsjJ"
"EY8CHWRkq7RbysjBA","No",,"3acdePaA3PaTzXLaP"
"EYqkvNNt97QLN4pic","No",,"NY3CpQoLXKGkXkq8b"
"EoGvfyd9kbdmQwvaL","Yes","1","A7HS55Lmpv7eWduhv"
"F2ZJBuvYew5rzBoqm","No",,"zpLEh72kC58ryRpxt"
"FXvjxxFksPcvfvLQb","No",,"tMjiiRvEEAsNmSJGx"
"FbqmLaNnA89FaLRHM","No",,"EtHDHYs97BCxasggi"
"FktaZJQEa2yRirPdp","Yes","1","GdT4e3QnaH2fX4vAA"
"GZMSxf5xdCGKqsGZu","No",,"qs4DrHmATWN59Tptg"
"GZT4vCTGD7mS92aQx","No",,"aQ4BMeoFWmo4HrHqF"
"Goq3paFKenCPyfRtn","No","0","2smWdy5ZETPXoRrYG"
"GufmLsEooqNFf93yx","No",,"3CZM6LyxfbGxQ676w"
"HSn4QLtDmnrCWStdR","Yes",,"A82Sqxg6dWo9BjRw7"
"HbMLuapaMNodADNqD","Yes","3","WszeF9gAuQuHMNHLC"
"J2ZPERzkssNe4s4Ry","No",,"qYqekSfSRExjXJrGM"
"J79LJJCfJsZPpsmyv","No",,"6yXgt6quvcZfmQiWf"
"JAnoT6aspbf3axkWZ","Yes",,"KrNZ7H2XmHuPpHRrN"
"JuhdXLzRY3WsLWdBo","No",,"KDmkojmtPfcEEQ3vv"
"K3g45hgHEXysgaNqB","No",,"tC7ee9TXmJ8oDEcRe"
"K3nFrncu9c6fAv37x","No","0","7Lt26udxHfpKtyAwY"
"K9icYYFbFvGLdiv2C","No",,"hTroeBPPurCSNxDGe"
"KACd48YLDDj8Toieu","No",,"LBujyFwCgPkGzWSZy"
"KDjA2CseHDxXnwPGd","Yes","1","cDYo2z98FGZzNHPMM"
"KExiGRsQKKm9ys37f","No",,"RHG8484wnsaqifrig"
"KwTSXNbQCjko9ejPb","No",,"LJC3JBYxgkbi8GzAP"
"L7H5eorXjhkXgdLG9","Yes","1","bMEYkfLEMjEHiTFux"
"LRHuEa7PA5nBhk4rm","No",,"LD7hazozFmAuLNBgP"
"LWttEmWNNyDaNBBLh","No",,"fkuEy7WKs5HL2NM6z"
"LY6JAEYdTNoHn2Cck","No",,"q7rLbRb4nxtPxfoSc"
"LnNRWBgxzPvDhZL6n","Yes","1","Gfj3WRS3Y8w4dmyph"
"LnzyHktEe5W7frwsM","No",,"Hjqy94n4PwNqwN5uA"
"LuYas2Dqb2WgWRi8D","No",,"MtKWmrDmPtx6hTjXm"
"LwddLRdGKKn6kdQTj","Yes","1","uiiC6LpdXHBickDqX"
"MP5Kr3y2dF5LWKHtc",,,"ZMuo7tqss7QrYPuwZ"
"MR8ARDJ4rP2WaerQT","No",,"ghEZdTPoThhpWNWiw"
"Mk7EuHSkzSDEFdYce","Yes","2","yuLFP8PQcXB6aAAm6"
"MtQZjTeoN5egKWerx","Yes","1","eaN2HpTXfZTyuJHLY"
"MvipqKbDxd8KxxfH5","No",,"k652o58moXsybbDfm"
"N6AM4QSq7KpR3e33u","Yes","2","bEf9GjYAyqAqY3bhw"
"NEnv6rddDjheZpGd8","No",,"WdTssNZoaRHCT3LMG"
"NFqoT3gpGpxGAc3Rq","No",,"8EkWbb3qMosGvaWyT"
"Ndd7kqG7NnToKJxrw","Yes",,"Z9wz3QcLwmRfGuaeT"
"NjCBpEtAS8QydWcuX","No",,"rCApJ97XLJY5xuoJY"
"NxYkghZYPWMsYqTSw","No",,"GQPE7rurt9bb7DM5a"
"PETDcjYgdEmQaM8GM","Yes","5","ZQvS49GgfM6XNnqij"
"PjX2yjE6NaMs7BWR7","No",,"sfgS3CrJFoTBvFQ72"
"PnXN2AqdArCcBwGKQ","Yes","1","SNuf4DBJszmQrAzS4"
"QgfYRujfKyJpt6nFC","No",,"656hyBavtd4QHF6yx"
"QgrH6dStWKdBmSgbR","Yes",,"hBG3H9epZYnScCbtp"
"Qp4gq2TGJSktoQ7sT","No",,"ocFaNqXzeBvD5hiAZ"
"RZL6fQ9HEqr3x5A3t","No",,"Qzm8u4imxajBRWLE5"
"Rp2gfQNiPi456fb5u","No",,"qsXPNNQE3pWkdTbfb"
"SAq2zoweFf5yyW77P","Yes","1","8FucY8f4FTzL2XmhY"
"SJ7AN8R2WKMh9jrhR","No",,"A9g2JXbafa9hggA23"
"Sexbn7BXLM3DKnq8e","No","0","7sAKJvmox8vK6GJBv"
"Sz2M4KDpJbevxyMYr","No",,"8TjXzm5mqedTkvZ5n"
"T6ADg2FX5JCdw4Wgd","Yes","1","EyHGQ2ctZRGcPQ4Lc"
"TK6HXkiP8NH3EznSk","No",,"syBSsyuaG3J2rk8ky"
"TZvhHhdQZP8YjtNSB","No",,"RKz4SAhiQgbHCmTpZ"
"Tb95oJXGACRR8CxKT","No","0","jSDZSbr7cMPKgibe7"
"TbpxYJR6iZbbFKECM","No",,"METTMMRQRhoWxKdRt"
"Tc3kwkSzPd4SpnWrW","No",,"eqJ28tbWRDYX6YPkp"
"TfCM5snxJGK4sncZh","Yes","1","BpGigPup4eyijh28x"
"TgHLRu6LxXHbG7kuN","No","0","FEAD8jBu7LbHezy2j"
"WLt3Zs5QzXYfoc8uX","No",,"myEbntbNmwtRJAXXn"
"WvuHH9HrsZtHEAXrQ","No",,"LZ7sJWsXTML9asLdD"
"X4eevqxhWWm2tiMPb","No",,"WeXHdZMumEMFyckHq"
"X79Aw6mgT5JwcqBZk",,,"AQmqsTKLbbQgfAmzP"
"XKHuDDbtfw4qsmTYj","No",,"o6KRqZ8m5YyPCmxEu"
"XcXZ4xKD2okDYeX32",,,"3uXaw9N4tJkFZKXSt"
"XoWBaaEWmE2Pndafw","No",,"hrfAaJLuuBvdukdf9"
"Xz29Wug9way7ikaM2","No","0","7qkXEP7zRNRG2EXxW"
"YKc3GM8S2QK5ZvDj9","No",,"Acd6f7D8RbhpthZHN"
"YhNFuH8m5BQb6Dcy6","No",,"8pdqiKPuW9emmvdMA"
"YsfmLu8aXoAoay5R3","Yes","1","qqTGPEnmDQRrarBSw"
"YyfnQmGWFTbbFwfmd","No",,"g6orxjw6EmCqYup83"
"YzqMyFQyK2PQ7WHqs","No",,"BL89Y49hLjtAgtj9C"
"ZCxWFL6ubFDgJ7Cuu","No",,"ufaeHuMMa97ge5aCK"
"ZREHTZKXgFs9WEq4P","No",,"JeGKrkaqdgboxbxAd"
"ZcG9AepCaeoHWhuxm","Yes","1","H2wSN9EFbKzeSGjCh"
"ZzHrnoDQLXmfNMnHk","No",,"CoWKa7AHpYehwgjN4"
"aCmC5yP9xSXRCDzeC","No",,"rRCnvnKF3KB68xQfw"
"agi4ccojmTYjxbGzc","No","0","srdTLx3pxML3nwKPr"
"b7fMc6rQTCvGH6RmH","Yes",,"eg2P5ZFGTcwctmdcA"
"bWGfJhzywnJqZx9jy","No",,"MYybcL4ntNLDfPjZt"
"bmcc8CPu6bCA53H9S","No",,"6nyrh8pzbNxMHyu4J"
"bvD9q3Sj8Pi9CHqCY","No",,"GaE7jrBwPxNR4AK72"
"c3zppqSArNY2AhDnC","No",,"ra2zX3jjBPguj6bc3"
"c9KK3cLRgR6o97bLT","Yes","2","LTccQvtsRbQdnvd4x"
"cTr5JDQpCedkzfEFS","No",,"y8vNYzZpy3A9BHx6W"
"dD26F44JqbkpTAtFB","No",,"n9gEojJ6K5eKYJ4c2"
"dLZPavQyHH7Lg8YLz","Yes","1","r5bdwdb45e7jr6JZB"
"dW6tdNg3w7YC3qNhp","No",,"ojqksxwnmxWXpM8n6"
"daNDQbb4oszvN7rif","No",,"cQQF5juB8JG3jNbNs"
"dnHwtuPP5KkmYfEmF","Yes","2","Ayck7PmsY3mNr3gZQ"
"e3HNcyvzdD5MCFWTL","Yes","3","QBmBALzw89kwmHz2B"
"eEJdfgw5rGmHjwe2B",,,"uvAsG8PGNZNED5pxz"
"eYheRaWhT5XzYzDFb","Yes","1","u2mAvGSYipuFCETW2"
"eognzr8hzvQ3foin5","No",,"ZNXsgBEk2evJkTYso"
"fGrkjdmKGACisM2tF","No",,"PySjA6yQMoXAyS2z8"
"fJpMeWhdRY8onMRJd","No",,"SeRiR2xnt35DWtRzX"
"fKbp5C6qwTvc3hwth","No","0","MYuCFef7Fjt8yRX8d"
"fL6Ed2EdwFCkgQ6Jy","No",,"4zo5MNwbBvTPykbFg"
"fbt3ZzyKMbnRnzrTG","No",,"jR3LMPDnnHi7xvLcp"
"fzyS2ax3KyDmRAToK","Yes","1","qCqx8rN4JLCHpEwF4"
"g8ggTCkmnbyhZmFG9","No","0","3tbjfT8zZ2fPGfiwc"
"gZ3tqvoYydESrppZx","No",,"6cFA5fAxPtQzaP5bz"
"h6G3f3aCT6Mc7TMYp","No",,"Sue8DWeGKHPKAyQBi"
"h8yCNfRaCAS5Qj5mr","No",,"68f6ufafjEtTD87dK"
"hBhq8k8xnRkhYhsv5","Yes","1","e6s5EEf389EeLo6Tz"
"hGJ3yEHpJoSnbepm7","No","0","55foHoJLBDfwGwTWD"
"hRnXKqFLEWAGaaxx8","No",,"6XmRH2cDbjXJd8Zri"
"hvngFLEvygLhPkfng","No",,"NTo8EK8jnLkjB93Hd"
"iGTZbHQvsd2gkoGA6","No",,"MrCRY4JkG2RtXRzjf"
"iNfFtzXgoMfXPNZfW","No",,"mobhBo8uKGxkvNsjR"
"iQYteTYuh4mRTAByL","No",,"Zyuc4wPBmxQPcNyjF"
"iWAnsZEZPeE2t5hA2","No",,"g2zngXhSLP6Xe7qtg"
"iurwhdLzJteTrpbGb","No",,"95AYoAp6AiYz3KZ2t"
"jFZuWxuFm2fd9MK94","No","0","74LtY73iZk5nAgKN4"
"jLJacssf9CgLRWx9b","No",,"kY8pdvG9t8eN5CY4h"
"jnPBseT4kdQTArapC","No",,"E7KSgcfSqaoDb5BEE"
"k9fQKGbvwHk4TeYtr","No",,"ogTK6SAt8Ndg38xPc"
"kYqtpoXe5acCgDpjp","Yes","1","J8iGazpt3MwprEvbp"
"kcnxrSdStmkZxgwNS","No",,"4z6ESappfnPWNQ98D"
"mMDuNp3Yan7SoXTZ7","No",,"3XdLNoiuCRA5T5Dfc"
"mnDs6B36ntyceuRjk","Yes",,"tDKj5hfjzok3tbGs9"
"myso7SCBKz4W832WM","No",,"hJppCjP9YgzQPhsxp"
"n5RwJDadsnScB5XrA","No",,"pamnvbjX3nHtQtv4D"
"nExsGyKQyaGbSjqWj","No",,"r8FrZJWZGiB9zPmmc"
"nXBMusExn5omehD3E","No",,"FkDMg4ekjDHWExDuv"
"nfpY9djia9R8Eh5ST","Unsure",,"tdRzrm36MQJ2raFea"
"niQ3MLvAfLncYKGqs","No",,"gZKefKr3T7kQ7yZdd"
"nvqYYz7qsByp72BTp","No",,"y3Rzmw2pDYqioZ8WC"
"oTwfyXdk2BnLFW2M5","No",,"eiaeXipXaywPNGZ7X"
"oY3ujFgkN9M5A2cef","Yes","1","yAYPTyMxnk5pj2zT9"
"omrGuBfY4SXRQH2L9","No",,"bf5Ltec4dXsz7pEX9"
"p56ZrQEEy39CWsfPT","No",,"uyB7xpWYkTuuhsLzS"
"pe7wThcNogKTcqAWL","No",,"efr9txWNfPHw3AhD7"
"phA7f4R9mEsWDhZEC","Yes","2","pqm6NksjcwAhrDwyH"
"pzrbXcPDg5bQnGZ33","No",,"AHHiQixZscHdnSQpM"
"q6MFidSdoCekedewo","No","0","2rqTjwusZ8tc8nbYt"
"q6oJkPoaWequuH2e7","Yes","1","5QzLWMPF8grmhh3G5"
"qGsChQZBsyWCCgxrA","No",,"SDQzcRxtroyWa7uGB"
"r4LzFB6L5QrYWHwbi","Yes","2","Sa8QfeRArxjpbStqt"
"sN4Hgxu8tpfzCvqgX","No",,"8Q8hLajqT7vMWrbeA"
"sosZZQiS7gB2omu7Z","No",,"hk4XMrnHxTastfL7s"
"tGnAsJc98yDB2yJ96","Yes",,"mu6wNPMzZ754NLLnE"
"tpKaqCs5mSmYbR86M","No",,"2gqMBsR5BKHB3TEv6"
"ttNTac6gjc3stqdnP","No",,"BwK89vufnm6iCSJhQ"
"uCcF9HAsbwL7nz7yB","No",,"AGiLx4gigQqYMN4fT"
"uQXhSgZCvy3wKXRs2","Yes","2","2G6DH4Aiu8dpRQyrD"
"udM6k28NaNDcCqxbP","No",,"6iixm3MYropadAMjX"
"upet7qRrevmP5YswA","No",,"ZrghZT93L2bSWSofg"
"v9NYZ3L5R4i9KvEHd","No",,"JpDqQfLuuC9qJrici"
"vMJm8YPhZxnZz5pup","Yes",,"vPSPXjGpC6ABc9Szc"
"vknGLpn9QP4w3JSKv","Yes","1","4F5Qwq5cmL34WsvHP"
"vrrC7GRs7dDeZr2Wz","Yes","2","XYLgc3p2tmFJ6nGJb"
"vzs5qjTqfv2ZuMWSQ","No",,"dnFyeB4sC6kfmj2Q6"
"w5mNNeTmXKFp5vsH6","No",,"93KanXF8i8wGs4YKw"
"w7JBwQn8sLnRGGj6N","Yes","4","Tnm69CSqqbdHg9obr"
"wr3hsPSwH3drghCig","No",,"HZFjNDTejF5ga78Sx"
"x4w7XBNKXyn9i9Wdm","Yes",,"dLHdmSdFbLWF2kJqy"
"x8WhgNCu9qGKqiRBd","Yes","1","S3LbwsmZGkiiekXEX"
"xMXWnoo7yLE8nnrWh","No",,"wfdMKsnKg56v7y6uJ"
"xPsrtLbxDLREMx8NC","No",,"Dddj3YJBuiuGmAQFQ"
"xsJWR7HDtzcKaQTkP","No",,"ayNNoGKj3iCnECzSg"
"yFrq9TYeMfyaAja5W","No","0","LrmX8FAuJMKckWE6c"
"ySLh24LcPvavKTERL","No",,"HKHTs5NYM9YcNKmA3"
"yY4eS3trG7Wc6W3DK","Yes","1","xsLXqpcynPeYTwiXE"
"yYADev9PGHe7Qmgwk","Yes",,"Pye3fvQETS2TCPKyt"
"ynxgyZfifzvRFkwCH","Yes","1","opzRuPL9N8RSzCNsi"
"yosPEwbpHXKzDcu9H","Yes",,"2Qm9dY2unum62oDu7"
"yy97AivS3xQ8wjX8x","Yes",,"2zRbjDBfz4zB8Tv6q"
"z8boto8r3Bu6zA2sF","No","0","6ZNqRnThWfJTjmtzh"
"zPig4vudCktAXKqsv","No",,"KYeDjZFEFXobJB7hL"
"zQrPiFaBbM7WiLfgp","No",,"Kqq9XsRqsRQM6PjGn"
"zZ5QNhNNPq95i9sKT","No",,"X4uSNwu6z2y2MdNwA"
