_id,hasLibrary,hasMediaCentre,librarians,hasComputerTracking,hasComputerForGeneralUse,totalNumberOfComputers,totalNumberOfComputersThatConnectToTheInternet,hasBooks,hasFictionSection,comment,version_id
"2Q3gJ22ZdSwAeiC8s","School's own","School's own","[ ""Dedicated librarian"" ]","Yes","No","24","24","Yes","Yes",,"xuTGawqPYaYusxnm8"
"2QDxhnB8DYDyxsk72","None","None","[ ""Teacher assigned as a librarian"" ]","No","No",,,"Yes","Yes",,"zpLEh72kC58ryRpxt"
"2XQP7jxrKecasvHt8","None","Unsure",,,,,,,,,"RHG8484wnsaqifrig"
"3B7sbGu8aCa3sestL","None","None",,,,,,,,,"BwK89vufnm6iCSJhQ"
"3pm4Peve3jwvsagsN","Shared with other school","None","[ ""Teacher assigned as a librarian"" ]","No","No",,,"Yes","Yes",,"aMRD37JGNEmrz9FZ9"
"3qHfLdSykWcjzw5u2","School's own","School's own","[ ""No librarian"" ]","Yes","No","25",,"Yes","Yes",,"dLHdmSdFbLWF2kJqy"
"3wNqCWufWGR77qdJY","None","School's own",,,,"60","30","Yes",,"The library is a converted class","Hjqy94n4PwNqwN5uA"
"3weY5T8MDfp5LisgP","None","None",,,,,,,,,"ufaeHuMMa97ge5aCK"
"44nvaqmsy4vnSNjbB",,,,"No","Yes",,,"Yes","Yes",,"uyB7xpWYkTuuhsLzS"
"4HEFZaNYckY9MK5Hy","None","School's own",,,,,,,,,"hTroeBPPurCSNxDGe"
"4ZZFgPYNPatxcYjzv","School's own","None",,,,,,,,,"ZQpQXXcpAjvZC2ony"
"4duDfi58MQqMmz56a","None","None",,,,,,,,,"g6orxjw6EmCqYup83"
"4q43jPLsKXEXwTrrR","None",,,,,,,,,,"ra2zX3jjBPguj6bc3"
"4qGmGASjtzC73oxTN","None","None","[ ""Unsure"" ]","No","No","0","0","No","No",,"aQ4BMeoFWmo4HrHqF"
"5FugqpmPmuYrezTjr",,"School's own","[ ""Teacher assigned as a librarian"" ]","No","No","1","1","Yes","Yes",,"9NYELJLrE2z96eKGu"
"5TqkWyZtpZvWzFw6m",,"School's own","[ ""No librarian"" ]","No","No","27","27","Yes","Yes",,"Sa8QfeRArxjpbStqt"
"5WG3w56TD8oTdPL7o","School's own","School's own","[ ""Teacher assigned as a librarian"" ]","No","No","25","25","Yes","Yes",,"3uXaw9N4tJkFZKXSt"
"5ziRzheYMeuXyop8w",,,,,,,,,,,"qqTGPEnmDQRrarBSw"
"6MzPT9E6gyaR2FbCt","School's own","School's own","[ ""Teacher assigned as a librarian"" ]","No","No","25","25","Yes","Yes",,"r8FrZJWZGiB9zPmmc"
"6r6mP3os62tskRFaQ","School's own","School's own","[ ""Teacher assigned as a librarian"" ]","No","No","25","18","Yes","Yes",,"cDYo2z98FGZzNHPMM"
"6wEg9qAcNQLkwtnAA","School's own",,"[ ""Teacher assigned as a librarian"" ]","No","No","25","0","No","No",,"7sAKJvmox8vK6GJBv"
"75DPoihuipw4WME5E","School's own","School's own","[ ""No librarian"" ]","No","No","0","0","Yes","No",,"mobhBo8uKGxkvNsjR"
"7HQWWBGYYZxjipQSX","School's own",,,,,,,,,"school doesnt have media centre or library","FkDMg4ekjDHWExDuv"
"7KMzjkq4CDANXHxKj","School's own","School's own","[ ""No librarian"" ]","No","No",,,"Yes","Yes",,"AQmqsTKLbbQgfAmzP"
"7MsSrBcLvHsBaQMTs","None",,,,,"26","26",,,,"X4uSNwu6z2y2MdNwA"
"7NRdyCsgeJrJytbyv",,,"[ ""Dedicated librarian"" ]","Yes","No","1","1","Yes","Yes",,"eaN2HpTXfZTyuJHLY"
"7ZY2JdumGhBsYpxBX","School's own","School's own","[ ""Dedicated librarian"" ]","Yes","Yes","1","1","Yes","Yes","The number of computers allocated there they are only used at the library.","qCqx8rN4JLCHpEwF4"
"7eLeRJ3hFLxn6xNyh","School's own","School's own",,,"Yes",,"25","Yes","Yes",,"dBu8rGN6ZLKj4rb4e"
"7o82z6EwxsfgeCGKh","School's own","School's own","[ ""No librarian"" ]","No","No","25","9","Yes","No",,"PySjA6yQMoXAyS2z8"
"87piH5kiWwrFfj2z5","School's own","School's own","[ ""Teacher assigned as a librarian"" ]","No","No","0","0","Yes","Yes",,"GdT4e3QnaH2fX4vAA"
"8atDX5Lcfa8jyGzq9","None","None",,,,,,,,,"NTo8EK8jnLkjB93Hd"
"8brvZ5dubEx3oeAH7","None","None",,,,"25","25",,,,"hrfAaJLuuBvdukdf9"
"9JM3sZLJPwRGE6eBy","School's own","None","[ ""No librarian"" ]","No","No","0","0","No","No","The library is combined with a grade 5 class and the books there are not used.","SeRiR2xnt35DWtRzX"
"9JR5e5X6E4YXzCXYi","School's own","None","[ ""Teacher assigned as a librarian"" ]","No","No","0","0","No","No","The school doesn't have a good library that is well operating and no computers.","BpGigPup4eyijh28x"
"9T7fBAf4YR7ZXRHeJ","School's own","School's own","[ ""No librarian"" ]","No","No","25","25","No","Yes",,"ZrghZT93L2bSWSofg"
"9jSBPmZafhpqhfaeM","None","School's own",,,,,,,,"Is not working","S47bpHzXts94zC2ke"
"9kMD29ob7JzQu5KvK","School's own","School's own","[ ""No librarian"" ]","No","No",,,"Yes","Yes",,"5PhvChXDzSoaBymWp"
"A8hTwtFwF6heLaC5R","School's own","None","[ ""Teacher assigned as a librarian"" ]","No","No",,,"Yes","Yes",,"Zyuc4wPBmxQPcNyjF"
"AQRBypbsaqgq5x28g","School's own","Shared with other school",,"Yes","No","40","40","Yes","Yes",,"2G6DH4Aiu8dpRQyrD"
"AkQihpMJMzNHCs73a","None",,"[ ""No librarian"" ]","No","No",,,"No","No",,"HushLZncKDsTyJhfN"
"BSNvcXatDBL7mMsXv","None","School's own",,,,,,"No","No",,"AGiLx4gigQqYMN4fT"
"CB5LiWQ2By6Z52KqK","School's own","School's own",,,,"24",,,,,"rCApJ97XLJY5xuoJY"
"CK4Kfoxz3Xdb2vRNH","School's own","None","[ ""No librarian"" ]","No","No","0","0","Yes","No",,"3acdePaA3PaTzXLaP"
"CnbamZ3cND3F4y7K8","School's own","School's own","[ ""Teacher assigned as a librarian"" ]","Yes","No",,,"Yes","No",,"u2mAvGSYipuFCETW2"
"CpyEKJ3WwJgxNGD2L","School's own","School's own","[ ""Dedicated librarian"" ]","Yes","Yes","40","40","Yes","Yes",,"LTccQvtsRbQdnvd4x"
"D6CghzEBiAbyuhqxZ","School's own","School's own","[ ""No librarian"" ]","Yes","No","45","45","Yes","Yes",,"vZkChYaMACHarXWxC"
"DCa7xwThigZJkqDx9","School's own","Unsure","[ ""No librarian"" ]","No","Yes",,,"Yes","Yes",,"LJC3JBYxgkbi8GzAP"
"DKa3kRgDHArvE6vvZ",,,,,,"1","0",,,,"uvAsG8PGNZNED5pxz"
"DQQbCLcJagvotKrHe","School's own","School's own","{ ""0"" : ""Teacher assigned as a librarian"" }","No","No","25","0","Yes","Yes","The school doesn't have internet connection","fkuEy7WKs5HL2NM6z"
"DXc5ggxxDwNABchhL","None","School's own","[ ""Teacher assigned as a librarian"" ]","No","Yes","1",,"Yes","Yes",,"LrmX8FAuJMKckWE6c"
"DaNmCmv8epzTgYNKT","School's own","School's own","{ ""0"" : ""No librarian"" }","No","No","80","40","Yes","No","The school library is no longer working sometimes used as class","yuLFP8PQcXB6aAAm6"
"DgjdYqDgmZtJkpXqi","School's own",,"{ ""0"" : ""Dedicated librarian"" }","No","Yes","7","7","Yes","Yes","The library works well and is in good condition.","Gfj3WRS3Y8w4dmyph"
"EEoovc2KLMi5C4pdh","School's own","School's own","[ ""No librarian"" ]","No","No","25","25","No","No","Library does not function and needs renovation for it to function","Qmhp6bLYHrRTc42wc"
"EKmRjqKRZEFDu86Md","School's own","School's own","[ ""Teacher assigned as a librarian"" ]","Yes","Yes","26","25","Yes","Yes",,"x39JZC9Q749pXeEbY"
"ENJnzD5rBKvEM2mzm","None","None",,,,,,,,,"ayNNoGKj3iCnECzSg"
"ETXpeCBPaWCTv2ygW","School's own",,"{ ""0"" : ""Teacher assigned as a librarian"" }","No","No","27","0","Yes","Yes",,"8EkWbb3qMosGvaWyT"
"EmhW3yiig8snJccnq","School's own","School's own",,,,"20","20",,,,"DwG2tAAFC8W79Ckxx"
"EohxGrWEfLHXBQPDu","School's own","School's own","[ ""Teacher assigned as a librarian"" ]","No","No","24","20","Yes","Yes",,"7qkXEP7zRNRG2EXxW"
"Es6hBQqXjNvHbpstf","School's own","School's own",,"No","No","40","40","No","No",,"Tnm69CSqqbdHg9obr"
"F4Mdo8qW3ozvsfNw8","School's own","School's own","[ ""Teacher assigned as a librarian"" ]","No","No","25","25","Yes","Yes",,"4F5Qwq5cmL34WsvHP"
"F6ERPCMBgFsCMjfTX","School's own",,,"Unsure","Unsure",,,"Yes","Unsure",,"tkbM3Jp4KjPx4H5qC"
"FJ2X93knx9tsnYDer","School's own","School's own","{ ""0"" : ""Dedicated librarian"" }","Yes","Yes","24","0","Yes","Yes",,"tC7ee9TXmJ8oDEcRe"
"FcgMpSQBfR37xRiXT","Unsure","Unsure",,,"Yes","24",,,,,"gPuKrSrjRHYQAhofp"
"FsbzcDthjRBqN7Zsg","None","None",,,,"0","0",,,,"MtKWmrDmPtx6hTjXm"
"G4QqtDcxPGEDtWMgt","School's own","School's own","[ ""Teacher assigned as a librarian"" ]","Yes","No","25","0","Yes","Yes",,"mu6wNPMzZ754NLLnE"
"G4Y8WvJMxEopRbLbP","School's own","School's own","[ ""No librarian"" ]","No","No","25","10","Yes","Yes",,"3XdLNoiuCRA5T5Dfc"
"GTELmuPfdYkiDnqeG","None",,,,,,,,,,"KhtEcF9mnhkNyqnW3"
"GvJn6MEwRxqrQsQhy","None","School's own",,"Yes",,"25","0",,,,"LZ7sJWsXTML9asLdD"
"HSwmGQi2xXbvfatSH","None","None",,,,,,,,,"Dddj3YJBuiuGmAQFQ"
"J72XRzhPoxYxrzoq9","School's own","School's own","[ ""Dedicated librarian"" ]","Yes","Yes","1","0","Yes","Yes",,"ZNXsgBEk2evJkTYso"
"JHPtcEaDE6RxjydME","School's own","School's own","[ ""Teacher assigned as a librarian"" ]","No","No","25","25","Yes","Yes",,"q7vvj7t7uptnim45G"
"JwrhuSJkyxWm8CifD","None","Shared with other school",,,,"26","26",,,,"qs4DrHmATWN59Tptg"
"JxDdXogGCnvsuL4Aa","None","School's own",,,,"25","25",,,,"8Q8hLajqT7vMWrbeA"
"KCnBPmYF6NK6Fsdja","School's own","School's own",,,,,,,,,"ZgR4zqFothSycL9hz"
"KsYSdzAnC6RoAyHmX","School's own","School's own","[ ""Unsure"" ]","Unsure","Unsure",,,"Unsure","Unsure",,"6cFA5fAxPtQzaP5bz"
"Kz5zY6r2MKbYi3Mct","None","School's own","[ ""No librarian"" ]","No","No","23","1","No","No","the school has no library","MrCRY4JkG2RtXRzjf"
"LXaAcPHZ6q9FpPkkw",,"School's own","[ ""No librarian"" ]","No","No",,,"Yes","Yes",,"XTL9gvLr9S2MmMsjJ"
"M5pNe4FkhjhD3fZhd","School's own","None","[ ""Unsure"" ]","No","Yes",,,"Yes","Yes",,"ocFaNqXzeBvD5hiAZ"
"MkTootwL5qpaisQXC","School's own","School's own","[ ""Dedicated librarian"" ]","No","No","24","24","Yes","Yes",,"pqm6NksjcwAhrDwyH"
"MmwzGXo5W7XSRQkJZ","None","None",,,,,,,,,"rRCnvnKF3KB68xQfw"
"Mr6Mb3mxHQtW43dz8","Unsure",,"[ ""No librarian"" ]","No","No","1","1","Yes","No",,"Ch6HJ6DZmFCYxKkww"
"MvqxK989Q43h7cQw8","School's own","School's own","[ ""Dedicated librarian"" ]","Yes","Yes","24","16","Yes","Yes",,"yAYPTyMxnk5pj2zT9"
"MziTaiLiQywytyNBW","School's own","School's own","[ ""Teacher assigned as a librarian"" ]","Yes","Yes",,,"Yes","Yes",,"P4wqK6rnJQahfhFTr"
"P5AyWHnjhHFmD8aFE","School's own","None","[ ""Teacher assigned as a librarian"" ]","No","No","0","0","Yes","Yes",,"vQsgY2cMuHRHHxN5X"
"PBT4J66FGJrtwC2a5","School's own",,,"Yes","Yes","25",,,,,"pamnvbjX3nHtQtv4D"
"PDXRhFvsmCPqjJmcE","School's own",,"[ ""No librarian"" ]","Yes","Yes","25","25","Yes","Yes",,"KrNZ7H2XmHuPpHRrN"
"PKpqpsrfTb4wL5dRt","None","None",,"No","No",,,"No","No",,"gZKefKr3T7kQ7yZdd"
"PTxctXSAT8C5TXvxJ","School's own","None","[ ""Unsure"" ]","Unsure","Unsure",,,"Yes","Yes",,"tdRzrm36MQJ2raFea"
"PrNPK2EsdjvWmE4TA","School's own",,"{ ""0"" : ""Dedicated librarian"" }","No","No","26","26","Yes","Yes",,"srdTLx3pxML3nwKPr"
"QFHDRWkj5onwQmRAm","None","None","[ ""No librarian"" ]","No","No",,,"No","No",,"Sue8DWeGKHPKAyQBi"
"QMroZbmcvywsj6W8x","None","School's own",,"No",,"19","0",,,,"ghEZdTPoThhpWNWiw"
"QW2Xkda7vxKNGbXCr","School's own","School's own","[ ""Dedicated librarian"" ]","Yes","No","25","23","Yes","Yes",,"S3LbwsmZGkiiekXEX"
"QuButSFGHh9Drzen4","School's own","None",,"No","No","50","50","Yes","No","It is used as a class.","XYLgc3p2tmFJ6nGJb"
"RDrQLu8Pbzx2kf4Bq","None","School's own",,,,,,,,,"NY3CpQoLXKGkXkq8b"
"S7ftGCpCzK85Ba6dQ","None","None","[ ""No librarian"" ]","No","No",,,"No","No",,"METTMMRQRhoWxKdRt"
"SSjmPy5rEH5RSdZQ7","None","None",,,,,,,,"School doesn't have library or media centre","922NEXkq8CZy6PH7L"
"STEid29a4tYHAxsrk","School's own","School's own","[ ""Teacher assigned as a librarian"" ]","No","Yes","29","20","Yes","Yes",,"o6KRqZ8m5YyPCmxEu"
"SfiypKdeMdF79WkqM","None","None",,,,,,,,,"JeGKrkaqdgboxbxAd"
"T5z8EE4XM7tQtsA62",,"School's own","[ ""Teacher assigned as a librarian"" ]","No","No",,,"Yes","Yes",,"opzRuPL9N8RSzCNsi"
"TLJB3bujXHYd9DmJa","School's own","School's own","[ ""Dedicated librarian"" ]","No","No","23","23","Yes","Yes",,"GQPE7rurt9bb7DM5a"
"TzYrke99CbKK5iPxk","School's own","None","[ ""No librarian"" ]","No","Yes","2","2","Yes","Yes",,"7jdhLaYzWcCtFduQg"
"W7r8wrmkNE7Net74f","School's own","School's own","[ ""Teacher assigned as a librarian"" ]","No","Yes","17","0","Yes","Yes","MOST OF THE BOOKS IN THE LIBRARY ARE OLD AND SOME ARE WRITTEN IN AFRIKAANS","uiiC6LpdXHBickDqX"
"WB3Fhqh9aXbQxm6eW","School's own","School's own","[ ""Dedicated librarian"" ]","No","Yes","26","0","Yes","No",,"WeXHdZMumEMFyckHq"
"WXt7rnfgG6cpwv6hF","None","None",,,,"25","0",,,,"esLPjFoMCrf7aGwqS"
"WzCtRFADvpLpnJ8Sk","School's own","School's own","[ ""No librarian"" ]","No","No",,,"No","Yes",,"2Qm9dY2unum62oDu7"
"Y6kefCYXirGZ3dgRp","None","School's own",,,,"25","0",,,,"8TjXzm5mqedTkvZ5n"
"YNeYtgTBRN2hNbMBE","School's own","School's own","[ ""Teacher assigned as a librarian"" ]","No","No",,,"Yes","Yes",,"sfN5HAvKti5hRvPxZ"
"YRBMrFSZq8o95nzLb","School's own","School's own",,"No","No","25","25","No","No","The library is not yet functional.","tMjiiRvEEAsNmSJGx"
"YXzTzFtCaLu8joMhD","None",,,,,,,,,,"2gqMBsR5BKHB3TEv6"
"Yh4E6dMWcz8x9z4tX","School's own",,"[ ""Teacher assigned as a librarian"" ]","No","No","20","20","Yes","Yes",,"J8iGazpt3MwprEvbp"
"Z7HWQsDZJMvcGznxN","School's own",,"[ ""Teacher assigned as a librarian"" ]",,"No","25","0","Yes","Yes",,"eg2P5ZFGTcwctmdcA"
"Z8eXrixt2Q2mt5wFc","School's own","None",,,,"1",,,,,"Rvf9JkpRBRozBsyiq"
"ZsLDYiPF3LY5dCzcR","School's own","School's own",,"No","No","1","1","No","No",,"93KanXF8i8wGs4YKw"
"a64cx5pJWRyRrHFa3","None","School's own",,,,,,,,,"LBujyFwCgPkGzWSZy"
"aitqk75BanwDrvHpz",,"School's own",,"No","No","0","0","Yes","Yes",,"EtsNuLzuvqcqdM943"
"azsNFJ3vsqeDegXAP","School's own","School's own","[ ""No librarian"" ]","No","Yes","25","0","Yes","Yes",,"E7KSgcfSqaoDb5BEE"
"b7TxBoomxepRxahpR","None","School's own",,,,"25","0",,,,"6XmRH2cDbjXJd8Zri"
"bHo3zCjkPw5r2Hpao",,,"[ ""No librarian"" ]","No","No",,,"Yes","Yes",,"dnFyeB4sC6kfmj2Q6"
"bLfJRamaA9SLG5YPp",,,"[ ""No librarian"" ]","No","No",,,"No",,,"pRKnFJGLubdAiTZEy"
"bZRM4wv4mri39vEFJ","Unsure","Unsure","[ ""Dedicated librarian"" ]","No","Yes","25","19","Yes","Yes",,"MYuCFef7Fjt8yRX8d"
"buN4ZDsC57gu9tafk","None","None",,,,,,,,,"HE7QyZrdjZD4TwigW"
"bxjbMtkzYW2c3tEdM","School's own","None","[ ""No librarian"" ]","No","No",,,"No","No",,"SDQzcRxtroyWa7uGB"
"c9TT7mWcaML7nFihp",,,"[ ""Dedicated librarian"" ]","Yes","Yes",,,"Yes","Yes",,"g2zngXhSLP6Xe7qtg"
"cYC77Ety2yi4uaD6m",,,"[ ""No librarian"" ]","No","No",,,"No","No",,"bAExKd8RN5BhHzb3z"
"cjNtxHkjATfdW6W8X","School's own","School's own","[ ""No librarian"" ]","Yes","No","33","1","Yes","Yes",,"Q2SemXMcpEX5NfYsD"
"cusvDPdE4dcbLnb4o","None","School's own",,"No","Yes",,,"No","No",,"bEf9GjYAyqAqY3bhw"
"dBg2YZrCzhxLjvQ5w","School's own",,,"No","No","0","0","Yes","No",,"KYeDjZFEFXobJB7hL"
"dLJZy3LRadpgaP3Zd",,,"[ ""No librarian"" ]","No","Yes",,,"Yes","Yes",,"jR3LMPDnnHi7xvLcp"
"dMyxKqkLEkZcNWrwg","None","None","[ ""No librarian"" ]","No","No","0","0","No","No","School uses the community library and media centre","HMfiK9msnxvBpZRTv"
"daXNhdPsyD8w55ibn","None","None",,,,,,,,,"HZFjNDTejF5ga78Sx"
"eFAc5bqQQ5NHTnXQM","School's own","School's own",,,,,,,,,"8FucY8f4FTzL2XmhY"
"eZPFxSD3wKrTi9XKg","School's own","School's own","[ ""Teacher assigned as a librarian"" ]","Yes","Yes",,,"Yes","Yes",,"7Lt26udxHfpKtyAwY"
"eh9cTpDbejPNcR4Sd","School's own","School's own","[ ""No librarian"" ]","No",,,,,,,"YLYWLt3BFmbGuRHBQ"
"emppsXtZYQM76ciZA","School's own","School's own","[ ""Dedicated librarian"" ]","No","No","30","30","Yes","Yes",,"dmcSwWf7Zcge6eHR8"
"enxsCKqhu68TaGkBm",,"School's own","[ ""Dedicated librarian"" ]","No","No","24","24","Yes","Yes",,"A9g2JXbafa9hggA23"
"f2LkkQtJ3NR8LMMTy","None","School's own",,,,"25","0",,,,"74LtY73iZk5nAgKN4"
"f77RNvY5ujpjrc7Jm","School's own","School's own","[ ""Dedicated librarian"" ]","No","No","25","25","Yes","Yes",,"H2wSN9EFbKzeSGjCh"
"fCFhKx6B39cC56vQF","None","School's own",,"No","Yes","11","11","No","No",,"e6s5EEf389EeLo6Tz"
"fafSA3SMaQtEqhPhK","School's own","School's own","[ ""Dedicated librarian"" ]","No","No","25","25","Yes","Yes",,"q7rLbRb4nxtPxfoSc"
"fc29JbbmD66feJEAf","Shared with other school","None",,,,,,,,,"WdTssNZoaRHCT3LMG"
"fhNjHrSajquDGaLkf","Unsure","School's own",,"No","No",,,"No","No","The library has been converted into a classroom.the library was converted to a class.","wfdMKsnKg56v7y6uJ"
"fkNdLireGrr5frHrh","School's own","School's own","[ ""Dedicated librarian"" ]","Yes","Yes","40",,"Yes","Yes",,"k652o58moXsybbDfm"
"fzEEzxm9wqPYQv93B","None","None",,,,,,,,,"syBSsyuaG3J2rk8ky"
"fzgZ8v5HBuZmzEgY2","School's own","School's own","[ ""No librarian"" ]","No","Yes","24","1","No","No",,"6ZNqRnThWfJTjmtzh"
"g9a3bs3KDth36sKMZ","School's own","School's own","[ ""Dedicated librarian"" ]","Yes","Yes","20","20","Yes","Yes",,"2rqTjwusZ8tc8nbYt"
"ghstvXoejXptm3bwW","None",,,,,,,,,,"y3Rzmw2pDYqioZ8WC"
"gnz69GqjyfGs28psr","None","None",,,,,,,,,"bf5Ltec4dXsz7pEX9"
"h4guoxvjRzvhiP55h","School's own","School's own","[ ""Dedicated librarian"" ]","Yes","No","25","0","Yes","Yes","Computers lack connectivity","CoWKa7AHpYehwgjN4"
"hXyRy29jybZ7XHRxG","School's own","School's own","[ ""No librarian"" ]","No","No","47","1","Yes","No","The media centre has been assigned a dedicated coordinator","A7HS55Lmpv7eWduhv"
"hYB8uxSdsfe3hzsLP","School's own","School's own","[ ""Teacher assigned as a librarian"" ]","Yes",,,,"Yes","Yes",,"6iixm3MYropadAMjX"
"hfQL8cGy5SD8ofHse",,"School's own",,,,"25","0",,,,"Pye3fvQETS2TCPKyt"
"hum4hpCwCbQd8TYw2","Unsure","Unsure","[ ""Teacher assigned as a librarian"" ]","No","Yes","1","0","Yes","Yes","Ok, only computer is used for admin","eqJ28tbWRDYX6YPkp"
"hygyd4xxFC3Jkp2qw","School's own","None","[ ""Dedicated librarian"" ]","No","No",,,"Yes","No",,"hJppCjP9YgzQPhsxp"
"iYCMjbDfdzaXvvXHb","School's own",,,,,"25",,,"No","The library has old books","WszeF9gAuQuHMNHLC"
"ijrCarEgrPBQgezLA","None","None",,,,,,,,,"gpABZNKAeZxGARLNE"
"jNXHGbRuSeHLaWPwe","School's own","School's own","[ ""Teacher assigned as a librarian"" ]","No","No","25","25","Yes","Yes",,"FpTsqHm4D3ttwK8dY"
"jdqc53mpC8XKskvuq",,"School's own","[ ""Teacher assigned as a librarian"" ]","Yes","No",,,"Yes","Yes",,"kY8pdvG9t8eN5CY4h"
"k3cmfHyFjxNkp4P8p","None","School's own",,,,"25","25",,,,"hk4XMrnHxTastfL7s"
"kC9iquLSRCTKvaatg","School's own","School's own","[ ""No librarian"" ]","No","No","0","0","Yes","Yes",,"xsLXqpcynPeYTwiXE"
"kF3PJMyMCENpupgaQ","None","School's own",,"No","No","24","0","No","No",,"3tbjfT8zZ2fPGfiwc"
"kHYTomzRKMkazsry8","Unsure","School's own","[ ""Teacher assigned as a librarian"" ]","No","No","25","25","Yes","Yes",,"6nyrh8pzbNxMHyu4J"
"kgvj58Y2cJpMoyWQ9","Unsure","School's own","[ ""Teacher assigned as a librarian"" ]","No","Yes","29",,"Yes","Yes",,"5iHufHeS6B2XBsHTB"
"khykrrETWrjbJFgex","School's own","School's own","[ ""Teacher assigned as a librarian"" ]",,"No",,,"Yes","Yes",,"4z6ESappfnPWNQ98D"
"kxFsMTnrpRtLZebvN","School's own","School's own",,"Yes","Yes","2","24","Yes","Yes",,"vPSPXjGpC6ABc9Szc"
"m5MQQxDuHXYe9mN3v","None","None",,,,,,,,,"4avNjjRgrzrEpwKMN"
"mH8sk5AXmEmz9gGR3","School's own","School's own","[ ""Dedicated librarian"" ]","Yes","Yes",,,"Yes","Yes",,"2zRbjDBfz4zB8Tv6q"
"mWXRS8huMNjwstSKe","School's own","None","[ ""No librarian"" ]","No","No","0","0","No","No",,"ZQvS49GgfM6XNnqij"
"mheAvmab8LTrNa7Zw","School's own","None","[ ""No librarian"" ]","No","No","0","0","Yes","No",,"cQQF5juB8JG3jNbNs"
"mvpjQpzQBH3Gyu87Y","School's own","School's own","[ ""Dedicated librarian"" ]","No","No","24","0","Yes","No",,"Z9wz3QcLwmRfGuaeT"
"o7k9cyYm2n8ZbLu3b","School's own","School's own","[ ""Dedicated librarian"" ]",,,"25",,"Yes","Yes",,"myEbntbNmwtRJAXXn"
"oYFxcDYbCbT2v6aNN","None","School's own","[ ""Teacher assigned as a librarian"" ]","No","No","0","0","No","No","It does not have computers","EyHGQ2ctZRGcPQ4Lc"
"obrXAbrSoYwZn52nY","School's own","School's own","[ ""Teacher assigned as a librarian"" ]","No","No","24",,"Yes","Yes",,"XKxt23fR8Fujkyiim"
"pB8PsnEGYC3hsEu2p","School's own",,,"Yes","No","1","0","Yes","Yes",,"95AYoAp6AiYz3KZ2t"
"pFjFrA3RWGvxXf6tY","School's own","School's own","[ ""Dedicated librarian"" ]","No","No","25","25","Yes","Yes",,"ojqksxwnmxWXpM8n6"
"pNyRP7GWjefzBAssP","School's own","School's own",,,,"24",,,,,"giGaTXuXxZQxCGaMd"
"pPXFmncvGFJ7f2k6Y","None","None","[ ""No librarian"" ]","No","No","0","0","No","No",,"RKz4SAhiQgbHCmTpZ"
"pQ4BKsEDwYGDZadqm","School's own","School's own","[ ""No librarian"" ]","Yes","Yes",,"27","Yes","Yes",,"EtHDHYs97BCxasggi"
"pR4v4Dia6cLJ4sKAD","School's own","School's own","[ ""Dedicated librarian"" ]","No","Yes","52","24","Yes","Yes",,"qsXPNNQE3pWkdTbfb"
"pwqtiRHGbKMHzRCWf","School's own","School's own","[ ""Teacher assigned as a librarian"" ]","Yes","No",,,"Yes","Yes",,"fXPmfwBo9N6rx7mLh"
"q8mvBvEG9u9gyqd5w","School's own","School's own","[ ""Teacher assigned as a librarian"" ]","No","No",,,"No","No",,"hBG3H9epZYnScCbtp"
"qNDr439vJfkw7SPkx","None",,"[ ""No librarian"" ]","No","No","26","0","No","No","There is a library but its not functioning. It has been turned into a storage room","SNuf4DBJszmQrAzS4"
"qPueMBviXnDzNyTKJ","None","School's own",,,,"24","0","No","No","the computers are not working and the computer room is used as class","AHHiQixZscHdnSQpM"
"qcKmArcFR3kJuPiem","School's own","School's own","[ ""No librarian"" ]","No","No","20","20","Yes","Yes",,"FEAD8jBu7LbHezy2j"
"qgXe94mD5AkqHjXhw","School's own","School's own","[ ""No librarian"" ]","No","No",,,"Yes","Yes",,"Kqq9XsRqsRQM6PjGn"
"qk99aspZ7Kb33MAtd","School's own","School's own","[ ""Dedicated librarian"" ]",,"No","1",,"Yes","Yes",,"6yXgt6quvcZfmQiWf"
"raJvCXae3PuqRJdas","School's own","School's own",,"No","No","56",,"Yes","Yes",,"QBmBALzw89kwmHz2B"
"rpoGX6ufsvS9JKQAM","School's own","School's own",,,,,,,,"NOT SURE BUT THE LIBRARY AND FOR MEDIA CENTER IS BEING USED SOMETIMES","LD7hazozFmAuLNBgP"
"s2ypGpzXn8JmjskrL","None","None",,,,,,,,,"y8vNYzZpy3A9BHx6W"
"shPyH94gbjMJrpJeG","School's own","None",,"Yes","No",,"0","Yes","Yes",,"4zo5MNwbBvTPykbFg"
"sveKoJaxo3SYk7teb","Unsure","School's own","[ ""Teacher assigned as a librarian"" ]","No","No","23","23","Yes","Yes",,"Y2gH7TZojYSgJ6J3i"
"tDYt6jJ7CrCuh7Nii","None","School's own",,,,"25","25",,,,"JMwctXTYdunvweNYD"
"tPwyGDjZWKaBJDMLT","Unsure","Unsure","[ ""Teacher assigned as a librarian"" ]","Yes","Yes",,,"Yes","Yes",,"eiaeXipXaywPNGZ7X"
"tWwQXe8zfc6ucQyDu","School's own",,"[ ""Dedicated librarian"" ]","Yes","Yes","25","25","Yes","Yes",,"MYybcL4ntNLDfPjZt"
"tdoQR9xyw9D9cWJTD","School's own","Unsure","[ ""Dedicated librarian"" ]","Yes","No",,,"Yes","Yes",,"BL89Y49hLjtAgtj9C"
"tgae5prMPJiPe4YpA","None","School's own",,,,"25",,,,,"EbrJ8dHAyrQTpSaNj"
"uAmhDXJEwPrMLXPbd","School's own","School's own","[ ""No librarian"" ]","No","Unsure","23",,"Yes","Yes",,"sXauHMaoiXsoSamWK"
"uDMXmA6Mw6qCBeFYo",,,,,,,,,,,"ieCAKYPDiJ8dGueXc"
"uHsPYYBdxd8bHybu9","School's own","School's own",,"No","Yes",,,"Yes","Yes",,"qYqekSfSRExjXJrGM"
"uTHvZKzmRGeiaFAQr","School's own","School's own","[ ""Teacher assigned as a librarian"" ]","No","No","15","15","Yes","Yes",,"bPfY5thaXn4EAdkXw"
"ut4som53nNyagHjoM",,"School's own","[ ""No librarian"" ]","No","Yes","20","17","Yes","Yes",,"r5bdwdb45e7jr6JZB"
"vWQHZLyemumny5qDs","School's own","School's own","[ ""Teacher assigned as a librarian"" ]","Yes","No","25","25","Yes","Yes",,"n9gEojJ6K5eKYJ4c2"
"viG6tFdrWCYFPkkZj","School's own",,"[ ""Teacher assigned as a librarian"" ]","Yes","Yes",,,"Yes","Yes",,"tqMTBWRbAuYsAqATz"
"vkzaAcmcdfqsLAwjT","School's own","None","[ ""No librarian"" ]","Yes","Yes","1","0","Yes","Yes",,"KDmkojmtPfcEEQ3vv"
"vsQCjrd2R9f9RKt35","School's own",,"[ ""Teacher assigned as a librarian"" ]","No","No","0","0","Yes","No","Limited books","bHZpmA7SpQzx29CQk"
"w4bPFwoEdMKfrGpHg","School's own","School's own","[ ""Dedicated librarian"" ]","Yes","Yes","25","25","Yes","Yes",,"ogTK6SAt8Ndg38xPc"
"wNXuJnpm6w6RxnEEp","School's own",,"{ ""0"" : ""Teacher assigned as a librarian"" }","No","No","25","25","Yes","Yes",,"JpDqQfLuuC9qJrici"
"wc82saubLovvJXkDr","None","None",,,,"0","0",,,,"2smWdy5ZETPXoRrYG"
"wkHRq57JJvXa5K3cx","School's own","School's own","[ ""No librarian"" ]","Yes","Yes","5","30","Yes","Yes",,"3CZM6LyxfbGxQ676w"
"wkmP4ZkuD4mg2Ns67","School's own","None","[ ""Teacher assigned as a librarian"" ]","No","No",,,"Yes","Yes",,"bMEYkfLEMjEHiTFux"
"wrXSasfLQDSb39g6E","School's own","School's own","[ ""No librarian"" ]","No","No",,"40","Yes","Yes",,"tDKj5hfjzok3tbGs9"
"wvaMhYvzgzYc6Pjm7","None","None","[ ""No librarian"" ]","No","No",,,"No","No",,"GaE7jrBwPxNR4AK72"
"xLtPAJZbmKkwMnABY","None",,"[ ""No librarian"" ]","No","No","0","0","No","No",,"8pdqiKPuW9emmvdMA"
"xRT8YJd9oxs985zBJ","School's own","School's own","[ ""Dedicated librarian"" ]","Yes","Yes","7","7","Yes","Yes","The library is in a good condition and  working well.","xp2bxhMm4Yoeu9jho"
"xwWDv5mjZH4bcexTH",,"School's own",,,,"75",,,,,"656hyBavtd4QHF6yx"
"y8ji48g98D3g2STBo","None","School's own","{ ""0"" : ""Dedicated librarian"", ""1"" : ""Teacher assigned as a librarian"" }","Yes","Yes","1","0","Yes","Yes",,"jSDZSbr7cMPKgibe7"
"y9bmeXt5YtpBDnrxr",,,,,,,,,,,"sfgS3CrJFoTBvFQ72"
"yAdFDDPitJ9AjmnmC","School's own","School's own",,,,"23",,,,,"Ayck7PmsY3mNr3gZQ"
"yLsKYqhdjPNSfXphb","Unsure","None","[ ""Teacher assigned as a librarian"" ]","No","Yes","25","25","No","Yes",,"A82Sqxg6dWo9BjRw7"
"ycZoxrvgu2BcakL4u","School's own","School's own","[ ""Teacher assigned as a librarian"" ]","Yes","Yes","42","42","Yes","Yes",,"68f6ufafjEtTD87dK"
"zNKa8wPQiG9uHKEWp",,,"[ ""Dedicated librarian"" ]","No","No","9","9","No","No",,"5QzLWMPF8grmhh3G5"
"zRoQzJpRmyySAqMDo","School's own","School's own","[ ""Dedicated librarian"" ]","Yes","Yes","25","0","Yes","No",,"drsWF9n9G7CxbrANB"
"zZ5GWBoNLrLxW2he8","None","None",,,,,,,,,"efr9txWNfPHw3AhD7"
"zZwqj66W7bAMmA4EC","School's own",,"{ ""0"" : ""Teacher assigned as a librarian"" }","No","Yes","24","20","Yes","Yes",,"55foHoJLBDfwGwTWD"
"zay52JSEA8ZnRazf3","Unsure","Unsure",,,,"25",,,,"All computers don't have network","ZMuo7tqss7QrYPuwZ"
"zbodYLksRjRjkvMWP",,"School's own","[ ""Teacher assigned as a librarian"", ""No librarian"" ]","No","Yes","21","1","Yes","Yes",,"HKHTs5NYM9YcNKmA3"
