_id,hasNutritionCentre,nutritionProgram,comment,version_id
"22taof3nhiTcie74X","Yes","Works well",,"xsLXqpcynPeYTwiXE"
"2dZXKjLorCzp6wfwe","Yes","Works well",,"n9gEojJ6K5eKYJ4c2"
"2ggqPaZ8n4LLxMCPH","Yes","Works well","The nutrition centre is very clean","6cFA5fAxPtQzaP5bz"
"32CAeuCqxF5fPAqFk","Yes","Works well",,"JMwctXTYdunvweNYD"
"3BEtuZKZGoGndoxHt","Yes","Works well",,"r5bdwdb45e7jr6JZB"
"3NrbrFBNN89EsDg2a","Yes","Works well",,"wfdMKsnKg56v7y6uJ"
"3aaaA5oXBpPyyCiYg","Yes","Works well",,"drsWF9n9G7CxbrANB"
"3mpwNG7ZaJ7T8Crt3","Yes","Works well",,"55foHoJLBDfwGwTWD"
"4ZPdnFAXjhDrzrqaH","Yes","Works well",,"NY3CpQoLXKGkXkq8b"
"4ZQHsJ9s4oRSqSwYk","Yes","Works well",,"74LtY73iZk5nAgKN4"
"4duhFrfXFgjZowepD","Yes","Works well",,"922NEXkq8CZy6PH7L"
"4ytoP29s3eeBBjrH8","Yes","Works well",,"EtHDHYs97BCxasggi"
"5J7sLRk8aCwqzghyQ","Yes","Works well",,"8FucY8f4FTzL2XmhY"
"5XRMNdW4niiJkrxLF","Yes","Works well",,"bAExKd8RN5BhHzb3z"
"5rqnLj7yMXeFbWpes","Yes","Works well","CLEAN,HEALTHY","3uXaw9N4tJkFZKXSt"
"5utonA8qR2wZmfBer","Yes","Works well",,"LZ7sJWsXTML9asLdD"
"62rDBj5sy97DkRqY4","Yes","Works well",,"KrNZ7H2XmHuPpHRrN"
"67cuyY9xNJptQjtcw","Yes","Works well",,"tkbM3Jp4KjPx4H5qC"
"6KaH6yCKftzRD4Kpg","Yes","Works well",,"DwG2tAAFC8W79Ckxx"
"6s5yXTappsceWwEeQ","No","Unsure",,"AGiLx4gigQqYMN4fT"
"754Crizsz7svHKbi6","Yes","Works well",,"2rqTjwusZ8tc8nbYt"
"75M5ibvLhwwjJ5wLH","Yes","Works well",,"Zyuc4wPBmxQPcNyjF"
"7e84SdnjtDw64diBC","Yes","Works well",,"METTMMRQRhoWxKdRt"
"7sm4LtYxMGrDqHTke","Yes","Works well",,"AHHiQixZscHdnSQpM"
"7ws8L6G8gvhkZrbYe","Yes","Sometimes or rarely works well","It is a stark not big enough for six staff","sfgS3CrJFoTBvFQ72"
"7yJqunE8fL8vTCoDs","Yes","Works well",,"bHZpmA7SpQzx29CQk"
"863Kh6GJh8RegaJFk","Yes","Works well",,"7qkXEP7zRNRG2EXxW"
"8TCk2GFaAZZj3cB2S","Yes","Works well",,"NTo8EK8jnLkjB93Hd"
"8faZTz4wLJ9xXAkoA","Yes","Works well",,"uyB7xpWYkTuuhsLzS"
"8krcvjZ3TsnAonRRP","Yes","Works well",,"BwK89vufnm6iCSJhQ"
"8oKyWrXqsZXZYMbBb","Yes","Works well",,"tdRzrm36MQJ2raFea"
"8pRYKeGH7tFbZz4BQ","Yes","Works well",,"pqm6NksjcwAhrDwyH"
"8yhSDmbChF637upqP","Yes","Works well",,"qYqekSfSRExjXJrGM"
"97aMqK2qfMZrDSHB9","Yes","Works well",,"aMRD37JGNEmrz9FZ9"
"9AcDRoxMTvj2sobKS","Yes","Works well",,"r8FrZJWZGiB9zPmmc"
"9BhSKHyRgbeG2mz2p","Yes","Works well",,"SNuf4DBJszmQrAzS4"
"9DuNoke3Fz7jiXc5y","Yes","Works well",,"q7rLbRb4nxtPxfoSc"
"9z7zN2MrhHD9hHYsW","Yes","Works well",,"gZKefKr3T7kQ7yZdd"
"9zjKZ6sqe8turrSuY","Yes","Works well",,"y8vNYzZpy3A9BHx6W"
"A5ciAEJyBkovhSFnD","Yes","Works well",,"syBSsyuaG3J2rk8ky"
"AK39XqMhmj3hfznv8","Yes","Works well",,"S47bpHzXts94zC2ke"
"AKt4AvBhw7oQjjxMy","Yes","Works well",,"tC7ee9TXmJ8oDEcRe"
"AcPi9eGk49itrfdEv","Yes","Works well",,"FkDMg4ekjDHWExDuv"
"Avsu5GbDXMAmXx55c","Yes","Works well",,"yAYPTyMxnk5pj2zT9"
"BJurndDgT8iGChHjg","Unsure","Works well",,"pRKnFJGLubdAiTZEy"
"BnTu492buQrSb9H58","Yes","Works well","The environment used is not in a good condition","HMfiK9msnxvBpZRTv"
"Bp4wbftK2oCv5r3up","Yes","Sometimes or rarely works well",,"GdT4e3QnaH2fX4vAA"
"Bp7LCTsHJh2oHDCu9","Yes","Works well",,"A9g2JXbafa9hggA23"
"C2yQTNAt488b6MkE9","Yes","Works well",,"2zRbjDBfz4zB8Tv6q"
"C4guMF9JsbjjLKz2n","Yes","Works well",,"ZQvS49GgfM6XNnqij"
"C7cR58r2TqvnFXpcB","Yes","Works well",,"ZgR4zqFothSycL9hz"
"CF3okYBX7LBMT694w","Yes","Works well",,"Hjqy94n4PwNqwN5uA"
"CMDq7PsY7zv8B4Qsw","Yes","Works well",,"Rvf9JkpRBRozBsyiq"
"D89RFqJiEcKQavCSk","Yes","Works well","The condition of the nutrition centre is very good and clean but they use a class.","Gfj3WRS3Y8w4dmyph"
"DtNYvTdt5hP2AsXut","Yes","Works well","They have  nutrition programme for everyday of the week.","Q2SemXMcpEX5NfYsD"
"Dw4TZW5QQhXSXmQYg","Yes","Works well",,"qsXPNNQE3pWkdTbfb"
"EkCrHeJPuCA9G4tKR","Yes","Works well",,"eaN2HpTXfZTyuJHLY"
"EoA2ZsMcTvCKucnsr","Yes","Works well","The ceiling is falling","tMjiiRvEEAsNmSJGx"
"F2XBuhhkm8KGcLRBh","Yes","Works well",,"mu6wNPMzZ754NLLnE"
"FL9RoEn4ce6wMdmF7","Yes","Works well",,"eqJ28tbWRDYX6YPkp"
"FMgntr8msMzc6mKq7","Yes","Sometimes or rarely works well",,"cQQF5juB8JG3jNbNs"
"GCmtWekHjXpR9YeZb","Yes","Works well",,"2Qm9dY2unum62oDu7"
"GFxkuzKGKZf5YRHFh","Yes","Sometimes or rarely works well",,"dnFyeB4sC6kfmj2Q6"
"GGm5WZKwjJkfsy2WC","Yes","Works well",,"gPuKrSrjRHYQAhofp"
"H68ncArp8areAfsjf","Yes","Works well",,"S3LbwsmZGkiiekXEX"
"HAvz2XGDgAXNS6xzz","Yes","Sometimes or rarely works well",,"aQ4BMeoFWmo4HrHqF"
"HDrMviWssGq5jTWZ7","Yes","Works well",,"KYeDjZFEFXobJB7hL"
"Hk9rBr7rWywurckAc","Yes","Works well",,"sXauHMaoiXsoSamWK"
"HnuypgvTRBHNs8vLh","Yes","Works well",,"HKHTs5NYM9YcNKmA3"
"HoJyeDomjiQeQ3pfX","Yes",,,"Sue8DWeGKHPKAyQBi"
"HuXgNkxBjqNZnfXLM","Yes","Works well",,"ocFaNqXzeBvD5hiAZ"
"J7RdC9SPBeQPiepsT","Yes","Works well",,"BL89Y49hLjtAgtj9C"
"Jou6WdCmtqtaqNLpX","Yes","Works well",,"LBujyFwCgPkGzWSZy"
"KGuehx2pJbNy5HJXu","Yes","Works well",,"3XdLNoiuCRA5T5Dfc"
"KXv9QpE52myapphqT","No","Works well",,"bEf9GjYAyqAqY3bhw"
"KgF4pNuDNdQXgsa2X","Yes","Works well",,"WszeF9gAuQuHMNHLC"
"KqqJpXTDNYZAkKRRw","Yes","Works well",,"hTroeBPPurCSNxDGe"
"L7FBv7KwCH5nyCXHL","Yes","Works well",,"jR3LMPDnnHi7xvLcp"
"LwJhJRjMRHAZ34yxw","Yes","Works well",,"g2zngXhSLP6Xe7qtg"
"MEizEFQSH6nndgNgA","Yes","Works well","They cook everyday and they cook healthy food","qCqx8rN4JLCHpEwF4"
"MLuAgti6vArbn8ZN2","Yes","Works well",,"bPfY5thaXn4EAdkXw"
"MQm3JWMJDXarPypoF","Yes","Works well",,"4avNjjRgrzrEpwKMN"
"MjsQfJiKLkudQdmJH","Yes","Works well",,"XTL9gvLr9S2MmMsjJ"
"NCfLQc6RTWzWuDenW","Yes","Works well",,"AQmqsTKLbbQgfAmzP"
"NEisPH8WB8oaaE2De","Yes","Works well",,"8pdqiKPuW9emmvdMA"
"Ncc4c5C5dw4Gn4ERC","Yes","Works well",,"vPSPXjGpC6ABc9Szc"
"NwEarHur4W8s3qjYr","Yes","Works well",,"Pye3fvQETS2TCPKyt"
"NzX5menszhLKvzA9y","Yes","Works well",,"LTccQvtsRbQdnvd4x"
"P35X245PzM7kkHLB3","Yes","Works well",,"gpABZNKAeZxGARLNE"
"P9uwrcyie3FA7squR","Yes","Sometimes or rarely works well",,"5PhvChXDzSoaBymWp"
"PDfQjyBZcdoEcx4Py","No","No nutrition program but school needs one",,"rCApJ97XLJY5xuoJY"
"PQcesLSBri7tYLjQF","Yes","Works well",,"e6s5EEf389EeLo6Tz"
"QBn2eH2iCNXYkz2hn","Yes","Works well",,"JpDqQfLuuC9qJrici"
"QCRExvgrgrw5YdAsP","Yes","Works well",,"A82Sqxg6dWo9BjRw7"
"QMEqn2GsBJRTogNFN","Yes","Works well",,"6iixm3MYropadAMjX"
"QvWksFuRkEz9wWT63","Yes","Works well",,"XKxt23fR8Fujkyiim"
"QzTkXT4jgwnkqFDQh","Yes","Works well",,"X4uSNwu6z2y2MdNwA"
"REZG28JuYPa44ttn9","Yes","Works well",,"u2mAvGSYipuFCETW2"
"REw6QtppCbnNAb5Fc","Yes","Sometimes or rarely works well","there's no electricity in the nutrition room, and they fetch water outside.","rgipwMLK9skQK2EuA"
"RLRAtzY8dnQsZXcuD","Yes","Works well",,"ogTK6SAt8Ndg38xPc"
"RNbA6Geapx5Azk5Yc","Yes","Works well",,"RHG8484wnsaqifrig"
"RsARPazAftePEL78S","Yes","Works well","The nutrition centre is as an office one as a store.","BpGigPup4eyijh28x"
"S3piyMJrFPdputFTE","Yes","Sometimes or rarely works well",,"cDYo2z98FGZzNHPMM"
"S9zEM3CLF7Lk32twc","Yes","Works well",,"ra2zX3jjBPguj6bc3"
"SHyduTdskgCi5Rif2","Yes","Works well",,"MrCRY4JkG2RtXRzjf"
"SsELPHrGDLaMbE5PW","Yes","Works well",,"dmcSwWf7Zcge6eHR8"
"T2TGSnMgQGEQXTeAW","Yes","Works well",,"Qmhp6bLYHrRTc42wc"
"T8T7ww3jBGder2ZYd","Yes","Works well",,"93KanXF8i8wGs4YKw"
"W42pGoiQFj3N5z7Bc","Yes","Works well",,"sfN5HAvKti5hRvPxZ"
"WTdYwwWzin5cz55dJ","Yes","Works well",,"qqTGPEnmDQRrarBSw"
"WgdHWfTWPgeuE3wpD","Yes","Works well",,"hk4XMrnHxTastfL7s"
"WsXuFjaWS27aaS5s4","Yes","Works well",,"9NYELJLrE2z96eKGu"
"XJ2pmhRLGumD279S6","Yes","Works well","The nutrition is in a good condition at its own separate place and it works well.","SeRiR2xnt35DWtRzX"
"Xguxpgubt4Z376e8n","Yes","Works well",,"68f6ufafjEtTD87dK"
"XpHQ8fSKebR3rnJ4F","Yes","Works well",,"hBG3H9epZYnScCbtp"
"Xv6qcHPbqm6Dagv3k","Yes","Works well",,"yuLFP8PQcXB6aAAm6"
"XwtzRxQaZw3evQSwo","Yes","Works well",,"MYuCFef7Fjt8yRX8d"
"YPzYvH9ETNTgvKBEt","Yes","Works well",,"HushLZncKDsTyJhfN"
"ZD7qQSt7hBuDMmLyN","Yes","Works well",,"7jdhLaYzWcCtFduQg"
"Zopzke3rCYFWtyo3R","Yes","Works well",,"Ayck7PmsY3mNr3gZQ"
"ZqTmteYPxoDtGjTBY","Yes","Works well",,"6yXgt6quvcZfmQiWf"
"ZsQEfMkJAGNKAMhNw","Yes","Works well",,"hJppCjP9YgzQPhsxp"
"aJ98Wn8hfkfeRRfhY","Yes","Works well",,"q7vvj7t7uptnim45G"
"aJW6K9FcgzSX67qq3","Yes","Works well",,"dLHdmSdFbLWF2kJqy"
"aXRhf4coypehSEnQE","Yes","Works well",,"qs4DrHmATWN59Tptg"
"agQfihGnbqNNfcYfx","Yes","Works well",,"kY8pdvG9t8eN5CY4h"
"atXNyQgNds9TuzDQK","Yes","Sometimes or rarely works well",,"opzRuPL9N8RSzCNsi"
"bGbp5WxTQdQapyvZ8","Yes","Works well",,"6nyrh8pzbNxMHyu4J"
"bXEKBA8WswYbuMsuz","Yes","Works well",,"bMEYkfLEMjEHiTFux"
"bYaYH69Qrv9aduCCL","Yes","Works well",,"EtsNuLzuvqcqdM943"
"bYiAqRvmSXLPauW89","Yes","Works well",,"CoWKa7AHpYehwgjN4"
"bbi9kupvyHCmfRHuL","Yes","Works well",,"YLYWLt3BFmbGuRHBQ"
"c59KfgMhXYJL9BZxn","Unsure","Unsure",,"zpLEh72kC58ryRpxt"
"cptvmvTQxTeaMbxrC","Yes","Works well",,"fXPmfwBo9N6rx7mLh"
"d9sMwdob9wB23CoDn","Yes","Works well",,"y3Rzmw2pDYqioZ8WC"
"dQTkjkRx3N6GztKPa","Yes","Works well",,"8EkWbb3qMosGvaWyT"
"e3REbaYCiadSWNhcB","Yes","Works well",,"Sa8QfeRArxjpbStqt"
"e7c2DspWe8T5XadKc","Yes","Works well",,"7sAKJvmox8vK6GJBv"
"e8SPSJ6io6Q42WFtE","Yes","Works well",,"pamnvbjX3nHtQtv4D"
"eiREjxYGfsxw3MaL6","Yes","Sometimes or rarely works well",,"uvAsG8PGNZNED5pxz"
"exDjufifFrbW7tA7f","Yes","Works well",,"3CZM6LyxfbGxQ676w"
"fyLWGnDBp5MoNTQzk","Yes","Works well",,"PySjA6yQMoXAyS2z8"
"g5hz3ejR9ZAGd3WBd","No","Works well","need building for it","2smWdy5ZETPXoRrYG"
"gLxbutyX9wBm93kpM","Yes","Works well",,"vZkChYaMACHarXWxC"
"gPuZzWitGjTGaSDLz","Yes","Works well",,"Dddj3YJBuiuGmAQFQ"
"gTcwBSDH6opRkmhXK","Yes","Works well",,"myEbntbNmwtRJAXXn"
"guT6p5pPdwr3FDYYW","Yes","Works well",,"ayNNoGKj3iCnECzSg"
"guxR3dSGurLkC932q","Yes","Works well",,"6ZNqRnThWfJTjmtzh"
"gvLfft4qFzAwhN5gs","Yes","Works well",,"dBu8rGN6ZLKj4rb4e"
"gvyKEiPwSc5TF3noM","Yes","Works well",,"Acd6f7D8RbhpthZHN"
"h2uSRfZiwomYwi4LL","No","No nutrition program but school needs one",,"FpTsqHm4D3ttwK8dY"
"h5v9L7AnGv78Lmmke","Yes","Works well",,"eiaeXipXaywPNGZ7X"
"h7QkfZWi7CDrmWaiP","Yes","Sometimes or rarely works well",,"FEAD8jBu7LbHezy2j"
"hJ2x3rjTrb9Kght3n","Yes","Sometimes or rarely works well",,"XYLgc3p2tmFJ6nGJb"
"hfeeuYknLtMrRHNdS","Yes","Sometimes or rarely works well",,"2gqMBsR5BKHB3TEv6"
"hoPcXL3nbaXLPeRrf","Yes","Works well",,"o6KRqZ8m5YyPCmxEu"
"hqA9eDNdHvWbJwaqa","Yes","Works well","Load shedding is barrier","3tbjfT8zZ2fPGfiwc"
"hrcPBG6MR5AWkw73e","Yes","Works well",,"Y2gH7TZojYSgJ6J3i"
"i2ua7YrKi3NXymYZt","Yes","Works well",,"7Lt26udxHfpKtyAwY"
"ic79AKKoKs9HLzSNC","Yes","Works well",,"Tnm69CSqqbdHg9obr"
"iiz893W4RtHchRfYb","Yes","Works well",,"JeGKrkaqdgboxbxAd"
"ij3mGE73K97HvauSs","Yes","Works well",,"KhtEcF9mnhkNyqnW3"
"j6n2ic6t3oq3x2DiM","Yes","Works well","Classroom used as kitchen","esLPjFoMCrf7aGwqS"
"jDLH8qea84Nhws8zL","Yes","Works well",,"E7KSgcfSqaoDb5BEE"
"kXH2KpkWLrogfmkPh","Yes","Works well",,"8TjXzm5mqedTkvZ5n"
"kd8rH85f3yK4ntvBR","Yes","Works well","It's clean, but has no kitchen and sink","ZMuo7tqss7QrYPuwZ"
"kfe8aGDdESukwETiu","Yes","Works well",,"3acdePaA3PaTzXLaP"
"mEj87ShutkNv8P6Kn","No","No nutrition program but school needs one",,"Z9wz3QcLwmRfGuaeT"
"mxRLKQeStZshNESKr","Yes","Works well",,"fkuEy7WKs5HL2NM6z"
"n3SuseDDQWELorXCm","Yes","Sometimes or rarely works well",,"EyHGQ2ctZRGcPQ4Lc"
"nFcS2E5fadZYjgAH2","Yes","Works well",,"GQPE7rurt9bb7DM5a"
"nWtRAiQQ5Z6rwWFxg","Yes","Works well",,"WdTssNZoaRHCT3LMG"
"newXn9dvEX7LQkRNH","Yes","Works well","Works well but not enough equipment","4F5Qwq5cmL34WsvHP"
"ngATpqWPhzFAkvA7h","Yes","Works well",,"H2wSN9EFbKzeSGjCh"
"o2ye7dsFPfoSBSTq4","No","Works well",,"SDQzcRxtroyWa7uGB"
"oDHuKTqXyqBf3KgHb","Yes","Works well",,"LJC3JBYxgkbi8GzAP"
"oXWPa7PMu3YjhAwv8","Yes","Works well",,"Qzm8u4imxajBRWLE5"
"oa2MSweamqzPtgYFL","Yes","Works well",,"ZQpQXXcpAjvZC2ony"
"opioNMzmKic3tHpfE","Yes","Works well",,"LrmX8FAuJMKckWE6c"
"pCL9nw8Z5ZnkZYxEm","No","No nutrition program but school needs one",,"5QzLWMPF8grmhh3G5"
"pPrFXtJquxcf54LxS","No","No nutrition program necessary",,"ghEZdTPoThhpWNWiw"
"pSBt2qbMNho5sf4SN","Yes","Works well",,"WeXHdZMumEMFyckHq"
"pduKtfrve9cLWBL4z","Yes","Works well",,"Kqq9XsRqsRQM6PjGn"
"pv2tk6wFAfP3wMfxu","Yes","Works well",,"4zo5MNwbBvTPykbFg"
"qP8eFRLohEyGQgRCr","Yes","Works well",,"g6orxjw6EmCqYup83"
"qdNaZ2wwiFbp6vK4n","Yes","Works well",,"EbrJ8dHAyrQTpSaNj"
"qiTPepFLN9uGECfcy","Yes","Works well",,"ZrghZT93L2bSWSofg"
"qmdmsHsRmAD2FPsPs","Yes","Works well",,"mobhBo8uKGxkvNsjR"
"qpPqpyxyDNrwHdxCa",,,,"Ch6HJ6DZmFCYxKkww"
"rCMnEJynET5AHECMT","Yes","Works well",,"tqMTBWRbAuYsAqATz"
"rEGkioico7Bq4LYLp","Yes","Works well",,"efr9txWNfPHw3AhD7"
"rFJKputxZMmgLXEWr","Yes","Works well",,"rRCnvnKF3KB68xQfw"
"rmNGoWpbTRBX5thbG","Yes","Works well",,"6XmRH2cDbjXJd8Zri"
"sGxs4Z4Dq6cqdHccm","Yes","Works well",,"bf5Ltec4dXsz7pEX9"
"sQn7mtRveP37tMyGH","Yes","Works well",,"xuTGawqPYaYusxnm8"
"sY6t97k7s29DZeinL","Yes","Works well",,"ojqksxwnmxWXpM8n6"
"saEwayWtZhZbmaWi7","Yes","Works well",,"hrfAaJLuuBvdukdf9"
"saYquzK36AcT8Bjbv","Yes","Works well","the kitchen has no furniture","k652o58moXsybbDfm"
"tFWtS4L5MNWjCpFPz","Yes","Works well",,"KDmkojmtPfcEEQ3vv"
"tJqGmR5FJo7yrz67q","Yes","Works well",,"HE7QyZrdjZD4TwigW"
"tPeyxYyM3JnEazZeN","Yes","Works well",,"srdTLx3pxML3nwKPr"
"txcA6oQWFSaizQyC2","Yes","Works well","THEY ALWAYS COOK SOYA(FOOD IMPROVEMENTS","jSDZSbr7cMPKgibe7"
"u2LturDS4wE6bBogJ","Yes","Works well",,"QBmBALzw89kwmHz2B"
"ucbvgzG2MsiHnXQXJ","Yes","Works well",,"ZNXsgBEk2evJkTYso"
"uuyQBGDgPNKkrCBy7","Yes","Works well",,"MYybcL4ntNLDfPjZt"
"vKGmCo5zuB2uGXf8N","Yes","Works well",,"5iHufHeS6B2XBsHTB"
"vqDmxbqWL6mYiZKnS","Yes","Works well",,"x39JZC9Q749pXeEbY"
"vwF2GFZucuaMJ9SK4","Yes","No nutrition program but school needs one","there is no celling no carbords. floor is cracking no frigde to restore at all","eg2P5ZFGTcwctmdcA"
"w3LB5tJQCaXJzTLyM","No",,,"RKz4SAhiQgbHCmTpZ"
"wSd7WdBvsGMk7a3k4","Yes","Works well",,"MtKWmrDmPtx6hTjXm"
"wqEAjEpDQfdDyYXy2","Yes","Works well",,"2G6DH4Aiu8dpRQyrD"
"wts3tHCumkygcttYv","Yes","Works well",,"J8iGazpt3MwprEvbp"
"x39Yc9WeK4RFsFJws","Yes",,,"GaE7jrBwPxNR4AK72"
"xAE9GeTBeZk6u5XzL","No","No nutrition program but school needs one",,"vQsgY2cMuHRHHxN5X"
"xMSGQPJHmRm77Ff8x","Yes","Works well","Their nutrition programme includes a variety of vegetable and fruit.","A7HS55Lmpv7eWduhv"
"xreJ7eACZhSquxFS7","Yes","Works well","The condition is very good but they use a class as nutrition centre.","xp2bxhMm4Yoeu9jho"
"xt8ei9e5qnMYjLasc","No","Works well",,"HZFjNDTejF5ga78Sx"
"yZ8AvkZ3476fW7ABT","Yes","Works well","THE EQUALISERS ARE HAPPY WITH THE SCHOOL NUTRIITION CENTRE","uiiC6LpdXHBickDqX"
"yta2ckAHJBdse369u","Yes","Works well",,"tDKj5hfjzok3tbGs9"
"zZqLmqiSABs9CBroY","Yes","Works well",,"LD7hazozFmAuLNBgP"
"zcDn5sEChSDp2d8uk","Yes","Unsure",,"ufaeHuMMa97ge5aCK"
"zfFDxxE95QHcutWjQ","Yes","Works well",,"giGaTXuXxZQxCGaMd"
