_id,totalNumberOfCleaningStaff,accessToSoap,accessToToiletPaper,accessToSanitaryPads,totalNumberOfToiletBlocks,disabledToilets,waterSupply,waterSupplyCondition,comment,version_id
"2EiAGRNmdBzZ8MAzd",,"Unsure",,,,"zero",,"There is a regular water supply",,"KrNZ7H2XmHuPpHRrN"
"2YRJNp3xsEs9cKJtK","2","No access","Ask a teacher or administrator","No access","4","Unsure","[ ""Municipal water supply"" ]","There is a regular water supply",,"P4wqK6rnJQahfhFTr"
"3gXMg8bGNFkmbMmCP","6","No access","No access","Ask a teacher or administrator","5","zero","{ ""0"" : ""Municipal water supply"" }","There is a regular water supply","The number of maintenance staff includes 2 caretakers. There are 4 toilet blocks for students and one toilet block for teachers","bEf9GjYAyqAqY3bhw"
"3mpYccrhwsiepBR9L","2","No access","No access","No access","2","zero","[ ""Municipal water supply"", ""Rain water"", ""Mobile tankers (jojo tank)"" ]","Sometimes there is water",,"Tnm69CSqqbdHg9obr"
"3mqg7miQRPYMBWDXp","3",,,,,,"[ ""Municipal water supply"" ]","There is a regular water supply",,"mu6wNPMzZ754NLLnE"
"42AwuPC9WiCoRhMvA",,"Ask a teacher or administrator","No access","Ask a teacher or administrator","3","two","[ ""Municipal water supply"" ]","There is a regular water supply",,"EtHDHYs97BCxasggi"
"45RoEuERbqpWXsFkM",,,,,,"zero","[ ""Municipal water supply"" ]","There is a regular water supply",,"MtKWmrDmPtx6hTjXm"
"47Yb9tTQP7m5HzwSn",,"No access","No access","No access","5","zero","[ ""Municipal water supply"" ]","There is a regular water supply",,"A9g2JXbafa9hggA23"
"4JXcxr8hgRDimMsHJ",,,,,"3","zero","[ ""Municipal water supply"", ""Mobile tankers (jojo tank)"" ]","There is a regular water supply",,"aMRD37JGNEmrz9FZ9"
"4WeLGzQkWXqrjwfRi","2","No access","No access","Ask a teacher or administrator","5","zero","[ ""Municipal water supply"" ]","There is a regular water supply",,"EyHGQ2ctZRGcPQ4Lc"
"4ijXXdh69FEHLYjpY",,,"Ask a teacher or administrator",,,"zero","[ ""Municipal water supply"" ]","There is a regular water supply",,"Dddj3YJBuiuGmAQFQ"
"4rv274GDAXBJoqSbD",,"Ask a teacher or administrator","Toilet paper is in the stall",,,,"[ ""Municipal water supply"" ]","There is a regular water supply",,"wfdMKsnKg56v7y6uJ"
"4s5S5RS5s6KxyNRaj","6","No access","No access","No access","0","Unsure","[ ""Municipal water supply"" ]","Sometimes there is water",,"o6KRqZ8m5YyPCmxEu"
"52dq2aqG3PSy6yKXh",,"Unsure","Unsure","Unsure",,"zero","[ ""Municipal water supply"" ]","There is a regular water supply",,"AGiLx4gigQqYMN4fT"
"5FLLpTjc8BHhpbWrq",,"No access","Ask a teacher or administrator","Ask a teacher or administrator","5","zero","[ ""Municipal water supply"" ]","There is a regular water supply","One toilet block is opened occasionally","pqm6NksjcwAhrDwyH"
"5TNG9YBc5BTTN2AtE","2","No access","No access","No access","3","two","[ ""Municipal water supply"" ]","There is a regular water supply",,"rgipwMLK9skQK2EuA"
"5dmD8byM6T8FraKqW",,,,,,,"[ ""Municipal water supply"" ]","There is a regular water supply",,"tDKj5hfjzok3tbGs9"
"5fpT2mJPGpQQB3i7K","5",,,,"5","3 or more","[ ""Municipal water supply"" ]","There is a regular water supply",,"EbrJ8dHAyrQTpSaNj"
"5wYqL4X7fH3NXDEaW","5","Ask a teacher or administrator","Ask a teacher or administrator","Ask a teacher or administrator","3","zero","[ ""Municipal water supply"" ]","There is a regular water supply",,"qCqx8rN4JLCHpEwF4"
"6yEpbgcrurKqLuXpb",,,,,"5",,,,,"eaN2HpTXfZTyuJHLY"
"77W2rRRXoZxYbjoF3",,"Ask a teacher or administrator","Ask a teacher or administrator","Ask a teacher or administrator","3","zero","[ ""Municipal water supply"" ]","There is a regular water supply",,"BL89Y49hLjtAgtj9C"
"7Awj7w7rk3Djo8PkY","6","Ask a teacher or administrator","Ask a teacher or administrator","Ask a teacher or administrator","6","one","[ ""Municipal water supply"" ]","There is a regular water supply",,"SeRiR2xnt35DWtRzX"
"7H8NwytsgmWhyGt9e",,"No access","No access","Ask a teacher or administrator","1","one","[ ""Municipal water supply"" ]","There is a regular water supply",,"dLHdmSdFbLWF2kJqy"
"8o6cPsqJAaQTiDxe8",,"No access","Ask a teacher or administrator","Ask a teacher or administrator","5","one",,"There is a regular water supply","the toilets are very clean","EtsNuLzuvqcqdM943"
"98A6c9qEZK7Gcb5kQ","1","No access","Ask a teacher or administrator","No access","1","zero","[ ""Municipal water supply"" ]","Sometimes there is water",,"jR3LMPDnnHi7xvLcp"
"9BLpv5NzqweYRh37P","3","Ask a teacher or administrator","Ask a teacher or administrator","Ask a teacher or administrator","13","zero","[ ""Municipal water supply"" ]","There is a regular water supply",,"x39JZC9Q749pXeEbY"
"9QqeGEAYhPePDGmiM","2","Unsure","Ask a teacher or administrator","Unsure","4","one","[ ""Municipal water supply"" ]","There is a regular water supply",,"r8FrZJWZGiB9zPmmc"
"AATGCBCcwTxHM74sC",,"No access","No access","Ask a teacher or administrator","2","zero","[ ""Municipal water supply"", ""Mobile tankers (jojo tank)"", ""Borehole"" ]","Sometimes there is water",,"uiiC6LpdXHBickDqX"
"ALGsXCeZFyBPSF64m","4","No access","Ask a teacher or administrator","No access","4","zero","[ ""Municipal water supply"" ]","There is a regular water supply",,"7sAKJvmox8vK6GJBv"
"ANTN8JX3yusqDwHxE",,"No access","No access","No access","2",,,,,"656hyBavtd4QHF6yx"
"AbFX6dcjAvRXJbsGa","2","No access","No access","No access","2","zero","[ ""Municipal water supply"" ]","There is a regular water supply",,"gZKefKr3T7kQ7yZdd"
"AcgJiqFh7REuK7eE4",,"Ask a teacher or administrator","Ask a teacher or administrator","Ask a teacher or administrator","2","zero","[ ""Municipal water supply"" ]","There is a regular water supply","The toilets are big enough for the learners and are well maintained.","ocFaNqXzeBvD5hiAZ"
"AcrdCKotjmzfDtnPe","2","Ask a teacher or administrator","Ask a teacher or administrator","No access","2","one","[ ""Municipal water supply"" ]","There is a regular water supply",,"n9gEojJ6K5eKYJ4c2"
"AewRLsHDnY3B7TS3s","4","Ask a teacher or administrator","Ask a teacher or administrator","Unsure","8","Unsure","[ ""Municipal water supply"" ]","There is a regular water supply",,"y8vNYzZpy3A9BHx6W"
"AngMoxuKo2GYq3Xgk",,"Ask a teacher or administrator","Ask a teacher or administrator","Ask a teacher or administrator","4","zero","{ ""0"" : ""Municipal water supply"" }","Sometimes there is water",,"sfN5HAvKti5hRvPxZ"
"AssudeAMtrNkhaXMP",,"No access","Toilet paper is in the stall","No access","10","zero","[ ""Municipal water supply"" ]","There is a regular water supply",,"6nyrh8pzbNxMHyu4J"
"BCbT7xFv9YY2wEtCG","2",,,,,"one","[ ""Municipal water supply"" ]","There is a regular water supply",,"sXauHMaoiXsoSamWK"
"BP7uXAiPYrY9pYME6","1","No access","No access","Ask a teacher or administrator",,"zero","[ ""Municipal water supply"" ]","There is a regular water supply",,"3acdePaA3PaTzXLaP"
"C74byb49RE9twSqzW",,"No access","No access","Ask a teacher or administrator","2","zero","[ ""Municipal water supply"" ]","There is a regular water supply",,"6iixm3MYropadAMjX"
"CQP7C7bzejdHpsXse","6","Ask a teacher or administrator","Ask a teacher or administrator","No access","8","zero","[ ""Municipal water supply"" ]","There is a regular water supply",,"ZNXsgBEk2evJkTYso"
"CWuNEwa97NiubK2ET",,"No access","No access","No access","1","zero","[ ""Municipal water supply"" ]","There is a regular water supply",,"LBujyFwCgPkGzWSZy"
"CbLwMCW7LrBPsNqw4","2",,,,,,,,,"4z6ESappfnPWNQ98D"
"CrvyZD3Rjh6uhcW9e","1","Ask a teacher or administrator","Ask a teacher or administrator","Ask a teacher or administrator","2","zero","[ ""Unsure"" ]","There is a regular water supply",,"eqJ28tbWRDYX6YPkp"
"D7g8bnRHSg2gGzWEf","4","No access","No access","No access","4","3 or more",,,"Leaking toilet","Sa8QfeRArxjpbStqt"
"DFrokHeJmZYWyRNz3",,"No access","No access","No access",,"zero","[ ""Municipal water supply"" ]","There is a regular water supply",,"ufaeHuMMa97ge5aCK"
"DSmPfCEES5FoAaQLC",,,,,,"zero","[ ""Municipal water supply"" ]","There is a regular water supply",,"MYybcL4ntNLDfPjZt"
"E7P5dtcaSnn2X6dMR","2","Unsure","Unsure","Unsure","13","Unsure","[ ""Unsure"" ]","Unsure",,"LrmX8FAuJMKckWE6c"
"EF7AzbshR6WM69MjB","8","No access","No access","No access",,"zero","[ ""Municipal water supply"" ]","There is a regular water supply",,"S3LbwsmZGkiiekXEX"
"EbdGzgCg3ixxs9udt",,"Unsure","Unsure","Unsure",,"one","[ ""Municipal water supply"" ]","Sometimes there is water",,"mobhBo8uKGxkvNsjR"
"Eyk3wvF7DjssTBAgy","5","No access","No access","No access","4",,"[ ""Municipal water supply"" ]","There is a regular water supply",,"Pye3fvQETS2TCPKyt"
"F8Mo5JxvQFedtJBZa","3","No access","No access","Ask a teacher or administrator","7","zero","{ ""0"" : ""Municipal water supply"" }","Sometimes there is water",,"2G6DH4Aiu8dpRQyrD"
"FEGxo6AN8ohcDwsSF","1","No access","No access","No access","2","zero","[ ""Municipal water supply"" ]","There is a regular water supply",,"vQsgY2cMuHRHHxN5X"
"FPgJHkfWALyDy5Bau",,,,,"2","3 or more","[ ""Municipal water supply"" ]","There is a regular water supply",,"ZrghZT93L2bSWSofg"
"Fem2SsQfHmAYurMj3",,,,,"7","3 or more","[ ""Municipal water supply"" ]","There is a regular water supply",,"LTccQvtsRbQdnvd4x"
"GQib7FSYwwJpDgNWc",,"Ask a teacher or administrator","Ask a teacher or administrator","Ask a teacher or administrator",,,"[ ""Rain water"" ]","There is a regular water supply",,"2Qm9dY2unum62oDu7"
"GQwfzTpZFzjA3azpa","4","No access","Ask a teacher or administrator","Ask a teacher or administrator","4","one","[ ""Municipal water supply"" ]","There is a regular water supply",,"3uXaw9N4tJkFZKXSt"
"Gi8BPj4wduDvZtkmr","4","No access","Ask a teacher or administrator","Ask a teacher or administrator","1","zero","[ ""Municipal water supply"" ]","There is a regular water supply",,"aQ4BMeoFWmo4HrHqF"
"H2bczA8gXMeyXDoAu","19","No access","No access","No access","7","zero","[ ""Municipal water supply"" ]","Sometimes there is water",,"ra2zX3jjBPguj6bc3"
"Hg42CtSPNnBozyx8v",,"No access","No access","No access","6","3 or more","[ ""Municipal water supply"" ]","There is a regular water supply",,"Zyuc4wPBmxQPcNyjF"
"HiCkPfwiPnNGfCE4q",,,,,,"zero","[ ""Municipal water supply"" ]","There is a regular water supply","Learners get two toilet papers per class, once a week.","Rvf9JkpRBRozBsyiq"
"HyyjPizs3iJskfKMN","1","Ask a teacher or administrator","No access","No access","3","zero","{ ""0"" : ""Municipal water supply"" }","There is a regular water supply",,"922NEXkq8CZy6PH7L"
"J5CHJWSnd55Fv3QCH",,,,,,"zero","[ ""Municipal water supply"" ]","There is a regular water supply",,"uvAsG8PGNZNED5pxz"
"JY4oMq2pGHYCCTtpD",,"No access","No access","No access",,,"[ ""Municipal water supply"" ]","There is a regular water supply",,"HKHTs5NYM9YcNKmA3"
"JZftzuN47Gx9cycc7",,,,,"2",,,,,"E7KSgcfSqaoDb5BEE"
"JbRKxujGvPLwYgibn","4","No access","Ask a teacher or administrator","Ask a teacher or administrator","4","zero","[ ""Municipal water supply"" ]","There is a regular water supply",,"bHZpmA7SpQzx29CQk"
"JxYDfToHFWtvTfgmR",,"Unsure","Toilet paper is in the stall","Unsure",,"zero","[ ""Municipal water supply"" ]","There is a regular water supply",,"tkbM3Jp4KjPx4H5qC"
"KYK7Bxg9fbaGC2Lcs",,"Ask a teacher or administrator","Ask a teacher or administrator","No access",,"zero","[ ""Municipal water supply"" ]","There is a regular water supply",,"ogTK6SAt8Ndg38xPc"
"L2gzrW6RMyNBpNS6d",,,,,"4",,"[ ""Municipal water supply"" ]","There is a regular water supply",,"GaE7jrBwPxNR4AK72"
"L3mxzkihwSFqNtpft","1","Ask a teacher or administrator","Ask a teacher or administrator","Ask a teacher or administrator","4","zero","[ ""Municipal water supply"" ]","There is a regular water supply",,"3tbjfT8zZ2fPGfiwc"
"LJ3KmKSmjzGbmHHku","7","No access","No access","Ask a teacher or administrator","5","zero","[ ""Municipal water supply"", ""Mobile tankers (jojo tank)"" ]","There is a regular water supply",,"A7HS55Lmpv7eWduhv"
"LgiZMGmnJqS74hmZ4",,"Ask a teacher or administrator","Ask a teacher or administrator","Ask a teacher or administrator",,"zero","[ ""Municipal water supply"" ]","There is a regular water supply",,"Y2gH7TZojYSgJ6J3i"
"Lo7X4wGimDtA6iyPi",,"No access","No access","No access","6","zero","[ ""Municipal water supply"", ""Mobile tankers (jojo tank)"" ]","There is a regular water supply",,"LD7hazozFmAuLNBgP"
"M55jL9F2yQjCwfmwy","2","No access","Ask a teacher or administrator","No access",,"3 or more","[ ""Municipal water supply"" ]","There is a regular water supply",,"Qmhp6bLYHrRTc42wc"
"MMjvt4efRwXkpZnT9","1","No access","No access","No access","3","zero","[ ""Municipal water supply"" ]","There is a regular water supply",,"5QzLWMPF8grmhh3G5"
"MPbb5sPLSRFbvnbbh","2","No access","No access","No access","4","one","[ ""Municipal water supply"" ]","There is a regular water supply",,"8Q8hLajqT7vMWrbeA"
"MYCDW6KMyxLjmhiY3",,"Ask a teacher or administrator","Ask a teacher or administrator","No access","3","zero","[ ""Municipal water supply"" ]","There is a regular water supply",,"X4uSNwu6z2y2MdNwA"
"McTyhqJyEkr5msxQD","4","No access","Ask a teacher or administrator","No access","4","one","[ ""Municipal water supply"", ""Mobile tankers (jojo tank)"" ]","There is a regular water supply",,"J8iGazpt3MwprEvbp"
"MstrBAFEmieYpodJY",,"No access","Ask a teacher or administrator","Ask a teacher or administrator",,"zero","[ ""Municipal water supply"" ]","There is a regular water supply",,"BwK89vufnm6iCSJhQ"
"N6havR5ymB6etrd8f",,,,,,"zero","[ ""Municipal water supply"" ]","There is a regular water supply",,"3CZM6LyxfbGxQ676w"
"NHrgPTjDkhe2mzM9f",,"Unsure","Unsure","Unsure","2","zero","[ ""Municipal water supply"" ]","There is a regular water supply",,"efr9txWNfPHw3AhD7"
"NWyXq2GpCajrA2Ffz","4","Ask a teacher or administrator","Ask a teacher or administrator","Ask a teacher or administrator","2","zero","[ ""Municipal water supply"" ]","There is a regular water supply",,"q7rLbRb4nxtPxfoSc"
"NnTbdLxCPoxYh3CM7","4","No access","No access","Ask a teacher or administrator","3",,"[ ""Municipal water supply"" ]","There is a regular water supply",,"8pdqiKPuW9emmvdMA"
"Nx7kgzndddgn9o6KE","5",,,,"5","two","[ ""Municipal water supply"" ]","There is a regular water supply",,"BpGigPup4eyijh28x"
"P5idvTZnL9gQf8vxC","2","No access","No access","No access","2","zero","[ ""Municipal water supply"" ]","There is a regular water supply",,"HZFjNDTejF5ga78Sx"
"PTcWjKN63kq78xpY9","1","Ask a teacher or administrator","Ask a teacher or administrator",,,,,"There is a regular water supply",,"bAExKd8RN5BhHzb3z"
"PzfLR3pW79quv77em",,,,,,"zero","[ ""Municipal water supply"" ]","There is a regular water supply",,"hJppCjP9YgzQPhsxp"
"QQKs7itzi9Pa5cxiE",,"Soap is at the sink","Toilet paper is in the stall",,,"zero",,"Unsure",,"93KanXF8i8wGs4YKw"
"R4MhKH38DWXk875Sw",,"Soap is at the sink","Toilet paper is in the stall","Sanitary pads are in the stall",,"zero","{ ""0"" : ""Municipal water supply"" }","There is a regular water supply",,"XYLgc3p2tmFJ6nGJb"
"RAnNHquw4sqYn7szr","1","Ask a teacher or administrator","Ask a teacher or administrator","Ask a teacher or administrator","2","zero","[ ""Municipal water supply"" ]","There is a regular water supply",,"MYuCFef7Fjt8yRX8d"
"RFjJcCzoiv6KdPPMm","1","Ask a teacher or administrator","Ask a teacher or administrator","No access",,"zero","[ ""Municipal water supply"" ]","There is a regular water supply",,"2smWdy5ZETPXoRrYG"
"RRf3k9HFhwbPyAMLP","1","Ask a teacher or administrator","Ask a teacher or administrator","Ask a teacher or administrator","2","zero","[ ""Municipal water supply"" ]","There is a regular water supply",,"2rqTjwusZ8tc8nbYt"
"RRj7Baxqs8GKgYp2d",,"Ask a teacher or administrator","No access",,,"zero","[ ""Municipal water supply"" ]","There is a regular water supply",,"tMjiiRvEEAsNmSJGx"
"RXYfqC8ZMursrvwGf",,,,,"4","zero","[ ""Municipal water supply"" ]","There is a regular water supply",,"WdTssNZoaRHCT3LMG"
"RgLW7kjEu7EMvgWLw",,"No access","Ask a teacher or administrator","No access","3","two","[ ""Municipal water supply"", ""Rain water"", ""Mobile tankers (jojo tank)"" ]","There is a regular water supply",,"hTroeBPPurCSNxDGe"
"S53gHjGsAbKgijeqo",,,,,,,"[ ""Municipal water supply"" ]","There is a regular water supply",,"KhtEcF9mnhkNyqnW3"
"SECdSZBAs7pcn7hn6","9","No access","No access","Ask a teacher or administrator","10","3 or more","[ ""Municipal water supply"" ]","There is a regular water supply",,"qYqekSfSRExjXJrGM"
"STrEDriYdeL4FQAiR","2","No access","No access","No access","2","zero","[ ""Municipal water supply"" ]","There is a regular water supply",,"SNuf4DBJszmQrAzS4"
"SeEEBkD78GdmNGJoL","4","Ask a teacher or administrator","Ask a teacher or administrator","Ask a teacher or administrator","3","zero","[ ""Rain water"" ]","Sometimes there is water",,"7qkXEP7zRNRG2EXxW"
"TSXoPtcmbMx9xWkwt","2","No access","No access","No access","2",,,,"Learners bring their own soap, sanitary pads and toilets paper.","cDYo2z98FGZzNHPMM"
"Td5z8sPMGGqYPT2Xa",,"No access","Ask a teacher or administrator","No access","4","zero","[ ""Municipal water supply"" ]","There is a regular water supply",,"tdRzrm36MQJ2raFea"
"WYqAfguvNnyEYR4Da",,"No access","Ask a teacher or administrator","Ask a teacher or administrator","3","one","{ ""0"" : ""Municipal water supply"" }","There is a regular water supply",,"tC7ee9TXmJ8oDEcRe"
"Wp5wiKK6iEwoPSMSm","3",,"Ask a teacher or administrator",,"6","3 or more","[ ""Municipal water supply"", ""Rain water"", ""Mobile tankers (jojo tank)"" ]","There is a regular water supply",,"JMwctXTYdunvweNYD"
"WuBi7dStHShghbc8k","4","No access","No access","No access",,"3 or more","[ ""Municipal water supply"" ]","There is a regular water supply",,"6XmRH2cDbjXJd8Zri"
"X53ZzXW5bNX39CrBP",,"Unsure","Ask a teacher or administrator","Unsure",,"zero","[ ""Municipal water supply"", ""Rain water"", ""Mobile tankers (jojo tank)"" ]",,,"fXPmfwBo9N6rx7mLh"
"XpKiC9KAxBd2irvB6",,"No access","No access","Ask a teacher or administrator",,"zero",,"There is a regular water supply",,"dnFyeB4sC6kfmj2Q6"
"Y6cX39QnBFjhWKE23",,"Unsure","Unsure","Unsure",,,"[ ""Municipal water supply"" ]","There is a regular water supply",,"ZMuo7tqss7QrYPuwZ"
"YATg67bidxACedkfD","4","Ask a teacher or administrator","Ask a teacher or administrator","Ask a teacher or administrator","5","zero","[ ""Municipal water supply"" ]","There is a regular water supply",,"xp2bxhMm4Yoeu9jho"
"YhWio6LCC3S3WLXk4",,,,,,"zero","[ ""Municipal water supply"" ]","There is a regular water supply",,"giGaTXuXxZQxCGaMd"
"YoPj5T2fuktcGqrem",,"No access","No access","No access","4","3 or more","[ ""Municipal water supply"" ]","There is a regular water supply",,"XKxt23fR8Fujkyiim"
"Z5srnfN8K4TCueuRe",,,,,,"3 or more","[ ""Municipal water supply"" ]","There is a regular water supply",,"pRKnFJGLubdAiTZEy"
"ZR5wGTQzdfoqSYJim",,"No access","No access","Unsure","1","zero","[ ""Municipal water supply"" ]","There is a regular water supply",,"RKz4SAhiQgbHCmTpZ"
"ZTQNyftwcpwcYtoc6",,"No access","Ask a teacher or administrator","Sanitary pads are in the stall",,,"[ ""Mobile tankers (jojo tank)"", ""Local dam or reservoir"" ]",,,"siZhhkH29MMEnswvu"
"ZXYKQoi575JPdbW6p","3",,,,,,"[ ""Municipal water supply"" ]","There is a regular water supply",,"sfgS3CrJFoTBvFQ72"
"Zg2ErgzG7NqhNkWAy",,"Ask a teacher or administrator","Ask a teacher or administrator","Ask a teacher or administrator",,"zero","{ ""0"" : ""Municipal water supply"" }","There is a regular water supply","The toilets are in good condition and are clean","ayNNoGKj3iCnECzSg"
"ZufMd7gcZM9Tck7tg",,,,,,"zero","[ ""Municipal water supply"" ]","There is a regular water supply",,"r5bdwdb45e7jr6JZB"
"ZuuSpce7ExwLpxQR7",,"No access","No access","Ask a teacher or administrator",,"zero","[ ""Municipal water supply"" ]","There is a regular water supply",,"GdT4e3QnaH2fX4vAA"
"aGHv5ouA7smNR3ETq","3",,,,,,"[ ""Municipal water supply"" ]","There is a regular water supply",,"NTo8EK8jnLkjB93Hd"
"aManj47k8gzKTEEXp",,"No access","Ask a teacher or administrator","Ask a teacher or administrator","8",,"[ ""Municipal water supply"" ]","There is a regular water supply",,"5PhvChXDzSoaBymWp"
"b6WX6NpzCWZs9ppJH","3","Unsure","Unsure","Unsure",,,"[ ""Municipal water supply"" ]","There is a regular water supply",,"74LtY73iZk5nAgKN4"
"bMobxhAqBjpad7M7d","1","Unsure","Ask a teacher or administrator","Unsure","2","zero","[ ""Municipal water supply"" ]","There is a regular water supply",,"4F5Qwq5cmL34WsvHP"
"bW6Y5FLFawcDxrGe6",,,,,,"zero",,,,"yYkct2ymcY7BaACza"
"bgGZ7E5jST2c6BSCZ",,"No access","No access","No access",,"zero","{ ""0"" : ""Municipal water supply"" }","Sometimes there is water",,"55foHoJLBDfwGwTWD"
"bkRftmSERXmZniLMQ","2","No access","Ask a teacher or administrator","No access","4","Unsure","[ ""Municipal water supply"" ]","There is a regular water supply",,"4zo5MNwbBvTPykbFg"
"bsTo7zrAH2t4xSzY7",,"No access","Ask a teacher or administrator","No access","6","zero","{ ""0"" : ""Municipal water supply"" }","There is a regular water supply",,"NY3CpQoLXKGkXkq8b"
"cFrYcFN2xEd68CTT4",,"No access","No access","No access",,,"{ ""0"" : ""Municipal water supply"" }","There is a regular water supply","All the mobile toilets are closed","4avNjjRgrzrEpwKMN"
"cR9QFJX22Kz66Smys",,,"Ask a teacher or administrator",,,,"[ ""Municipal water supply"", ""Mobile tankers (jojo tank)"" ]","There is a regular water supply",,"g6orxjw6EmCqYup83"
"cpqQapCTM9a3ergFd",,,,,"8","zero","[ ""Municipal water supply"" ]",,,"8FucY8f4FTzL2XmhY"
"dXkMKYnTKxuuReDHz",,"Ask a teacher or administrator","Ask a teacher or administrator","Ask a teacher or administrator",,"zero","[ ""Municipal water supply"", ""Mobile tankers (jojo tank)"" ]","There is no water supply","The school has 30 mobile toilets and the school's own toilets are closed, all of the school owned toilets","Sue8DWeGKHPKAyQBi"
"dYvtJNADNxYJ8EEqs",,"Ask a teacher or administrator",,,,,"[ ""Municipal water supply"" ]","There is a regular water supply",,"Acd6f7D8RbhpthZHN"
"da95hBBzrGp4YBFP9","4",,,,"3","two","[ ""Municipal water supply"", ""Rain water"", ""Mobile tankers (jojo tank)"" ]","There is a regular water supply",,"8TjXzm5mqedTkvZ5n"
"e78P6TRfNKN3bAHua",,,,"Ask a teacher or administrator",,,"[ ""Municipal water supply"" ]","There is a regular water supply",,"ghEZdTPoThhpWNWiw"
"e98fiZJD9oBwSrWYL",,"No access","No access","No access","2","zero",,,,"xsLXqpcynPeYTwiXE"
"ffYrHwfJFHvHx4s43","6",,,,,,"[ ""Municipal water supply"" ]","There is a regular water supply",,"AQmqsTKLbbQgfAmzP"
"fm9H8ipfXoB22yds4","2","No access","No access","No access","2","zero","[ ""Municipal water supply"" ]","There is a regular water supply",,"KDmkojmtPfcEEQ3vv"
"fpebfiuGWWPQ4KKKJ","4","No access","No access","Ask a teacher or administrator","1","one","{ ""0"" : ""Municipal water supply"" }","There is a regular water supply","Only one toilet is available at the school but at the teachers toilets. All the toilets are working at the school.","yuLFP8PQcXB6aAAm6"
"frZKcGGYncW6Ekkge",,,,,"1","zero","[ ""Municipal water supply"" ]","There is a regular water supply",,"ZQpQXXcpAjvZC2ony"
"fwuDgqEj6Rq2nyyM9",,"No access","No access","No access","2","zero","[ ""Municipal water supply"" ]","There is a regular water supply",,"7Lt26udxHfpKtyAwY"
"g49J5rDPTCpWwH7K7","2",,,"Ask a teacher or administrator",,"two","[ ""Municipal water supply"" ]","There is a regular water supply",,"uyB7xpWYkTuuhsLzS"
"g9bRbtcLzETz2oRH3","2","No access","Toilet paper is in the stall",,"2",,,,,"6yXgt6quvcZfmQiWf"
"gHZ2dz2nsMA6BPFex","1","Ask a teacher or administrator","Ask a teacher or administrator","Ask a teacher or administrator","12","zero","[ ""Municipal water supply"" ]","There is a regular water supply",,"2gqMBsR5BKHB3TEv6"
"gXcT9zN3iqkEKeHsF",,"Soap is at the sink","Ask a teacher or administrator","No access","2","zero","{ ""0"" : ""Borehole"", ""1"" : ""Local dam or reservoir"" }","There is a regular water supply",,"JpDqQfLuuC9qJrici"
"ggrwYQqk9YSWDkg7L",,"Ask a teacher or administrator","Ask a teacher or administrator","Ask a teacher or administrator",,"zero","[ ""Municipal water supply"" ]","There is a regular water supply",,"E4srgmkj2uCu4Coxb"
"h3DqLhi2MKF4yu7Wt",,"Ask a teacher or administrator","Ask a teacher or administrator","Ask a teacher or administrator",,"one","[ ""Municipal water supply"" ]","There is a regular water supply",,"XTL9gvLr9S2MmMsjJ"
"hNdPeEHpw7NF4LGtP",,,,,"4","zero","[ ""Municipal water supply"" ]","There is a regular water supply",,"drsWF9n9G7CxbrANB"
"hdTapZ5en4xojeb9S","4","No access","Ask a teacher or administrator","No access",,"zero","[ ""Municipal water supply"", ""Mobile tankers (jojo tank)"" ]","There is a regular water supply",,"hrfAaJLuuBvdukdf9"
"hdb4iMBhCHQ5hDHR9","1","No access","No access","No access","5","Unsure","[ ""Municipal water supply"" ]","There is a regular water supply",,"68f6ufafjEtTD87dK"
"hiGktNcjseEZhzRKb",,"No access","Ask a teacher or administrator","Ask a teacher or administrator",,"zero",,"Unsure",,"SDQzcRxtroyWa7uGB"
"iH3wW5Kk8YmTb8tuH",,"Ask a teacher or administrator","Ask a teacher or administrator","Ask a teacher or administrator",,"zero","{ ""0"" : ""Municipal water supply"" }","There is a regular water supply","There are 5 maintenance staff","8EkWbb3qMosGvaWyT"
"iLFCudJ4qLc27Fnhi",,"Unsure","Unsure","Unsure",,"zero","[ ""Municipal water supply"" ]","Sometimes there is water",,"HMfiK9msnxvBpZRTv"
"iLcCBzHsPXQniKvKX","3",,"Ask a teacher or administrator",,"3","zero","[ ""Municipal water supply"" ]","There is a regular water supply",,"syBSsyuaG3J2rk8ky"
"iZGeC2wLHXjJELbR7","2","No access","No access","Ask a teacher or administrator","4",,"{ ""0"" : ""Municipal water supply"" }","There is a regular water supply",,"jSDZSbr7cMPKgibe7"
"jHyJFp6bpRXPhCdH2",,"Unsure","Unsure","Unsure","4","zero","[ ""Municipal water supply"", ""Mobile tankers (jojo tank)"" ]","There is a regular water supply",,"eiaeXipXaywPNGZ7X"
"jJAKDSgANnQtPTroe","1","No access","No access","No access","5","zero","[ ""Municipal water supply"" ]","There is a regular water supply",,"y3Rzmw2pDYqioZ8WC"
"jQ8Mpi9rz9ihCeH6Z",,"Unsure","Unsure","Unsure",,"zero","[ ""Municipal water supply"" ]","There is a regular water supply",,"5iHufHeS6B2XBsHTB"
"jfMgSFgEjNNxEqoYi",,,,,"13","3 or more","[ ""Municipal water supply"", ""Mobile tankers (jojo tank)"" ]","There is a regular water supply",,"qqTGPEnmDQRrarBSw"
"jgqBtCHDXJmCsPacx","0",,"Ask a teacher or administrator",,"2","Unsure","[ ""Municipal water supply"", ""Rain water"", ""Mobile tankers (jojo tank)"" ]","There is a regular water supply",,"S47bpHzXts94zC2ke"
"jkR9s5uSyfw9pdPLh","3","No access","No access","No access","1","zero","[ ""Municipal water supply"" ]","There is a regular water supply",,"hk4XMrnHxTastfL7s"
"jqieJJSC3CKgeYF9D",,"No access","Toilet paper is in the stall","Ask a teacher or administrator",,"zero","[ ""Municipal water supply"" ]","There is a regular water supply",,"FpTsqHm4D3ttwK8dY"
"jzQk2SRb5DorK6uRu","3",,,,,,"[ ""Municipal water supply"" ]","Sometimes there is water",,"QBmBALzw89kwmHz2B"
"kN9T9RSgCGv3vP2oJ","4","No access","No access","Ask a teacher or administrator",,"zero","[ ""Municipal water supply"" ]","There is a regular water supply",,"95AYoAp6AiYz3KZ2t"
"n4xebCJJ6iZWfDuoZ",,"No access","No access","No access","2","Unsure","[ ""Municipal water supply"" ]","There is a regular water supply",,"u2mAvGSYipuFCETW2"
"nM2vHvSRPCQyK9ivF",,,,,"2","zero","[ ""Municipal water supply"" ]","There is a regular water supply",,"bMEYkfLEMjEHiTFux"
"ni9Q8T57iYQ6tRTkX",,"No access","No access","Ask a teacher or administrator",,,,,,"opzRuPL9N8RSzCNsi"
"nxMAW4R3ED5b7odyY",,"Unsure","Unsure","Unsure",,"zero","[ ""Municipal water supply"" ]","There is a regular water supply",,"METTMMRQRhoWxKdRt"
"oLu3KcSrcw733acRA","3","Unsure","Unsure","Unsure",,"one","[ ""Municipal water supply"" ]","There is a regular water supply",,"Ayck7PmsY3mNr3gZQ"
"oYZqKFvTkEz5PEwjs","1","Ask a teacher or administrator","Ask a teacher or administrator","Ask a teacher or administrator","1","zero","{ ""0"" : ""Municipal water supply"", ""1"" : ""Rain water"" }","There is a regular water supply",,"fkuEy7WKs5HL2NM6z"
"ochgRBx8eGir5mPkK","1","No access","No access","No access","2","zero","[ ""Municipal water supply"" ]","There is a regular water supply",,"myEbntbNmwtRJAXXn"
"oqSNNJB4vddP54rha",,"No access","No access","No access","4","zero","[ ""Municipal water supply"" ]","There is a regular water supply",,"kY8pdvG9t8eN5CY4h"
"pDMpJorT2bALN46JX",,"No access","Ask a teacher or administrator","Ask a teacher or administrator","6","zero","[ ""Municipal water supply"" ]","There is a regular water supply",,"HushLZncKDsTyJhfN"
"pF5ebja93c6macfJ8","3","No access","No access","No access","2","Unsure","[ ""Municipal water supply"" ]","There is a regular water supply","Students bring their own sanitary pads and toilet paper","MrCRY4JkG2RtXRzjf"
"pXiGmxhXsWq5hKimo","2",,,,,"one","[ ""Municipal water supply"" ]","There is a regular water supply",,"PySjA6yQMoXAyS2z8"
"pbYme7aXAuQ5FowMZ","2","No access","Ask a teacher or administrator","Sanitary pads are in the stall","2","zero","[ ""Municipal water supply"" ]","There is a regular water supply",,"7jdhLaYzWcCtFduQg"
"php2pxHN9LZGaKXir",,,,,,,"[ ""Municipal water supply"" ]","There is a regular water supply",,"esLPjFoMCrf7aGwqS"
"pkPKnoqeqZr3CSvWp",,"No access","Ask a teacher or administrator","No access","4","3 or more","{ ""0"" : ""Municipal water supply"" }","There is a regular water supply",,"tqMTBWRbAuYsAqATz"
"q4kjXccpFtXrJxfwB","0","No access","No access","Sanitary pads are in the stall","6","zero","[ ""Municipal water supply"" ]","Sometimes there is water",,"FEAD8jBu7LbHezy2j"
"q6qYHCdp2wwcNMHK8",,"Ask a teacher or administrator","Ask a teacher or administrator","Ask a teacher or administrator",,"zero","[ ""Municipal water supply"" ]","There is no water supply",,"JeGKrkaqdgboxbxAd"
"qQHvc7JcufXeW5T8f","1","No access","Ask a teacher or administrator","No access","1","zero","[ ""Municipal water supply"" ]","Sometimes there is water",,"LJC3JBYxgkbi8GzAP"
"qSTRqFNtquHeaofc8",,"Ask a teacher or administrator","Ask a teacher or administrator","Ask a teacher or administrator",,,"[ ""Municipal water supply"", ""Mobile tankers (jojo tank)"" ]","There is a regular water supply",,"rRCnvnKF3KB68xQfw"
"qYBFG5PSamNfRQBFc",,"Unsure","Unsure","Unsure","4","zero","[ ""Unsure"" ]","Sometimes there is water",,"zpLEh72kC58ryRpxt"
"qYYK7ZaK88fwdrjKt",,,,,"8",,,,,"Qzm8u4imxajBRWLE5"
"qoEKpFogtfTQwWkWz","4","Ask a teacher or administrator","Ask a teacher or administrator","Ask a teacher or administrator","2","zero",,"There is a regular water supply",,"WeXHdZMumEMFyckHq"
"rHkwuz72uzzGXFtye","3","No access","No access","Unsure","6","one","[ ""Municipal water supply"" ]","Sometimes there is water",,"dmcSwWf7Zcge6eHR8"
"rRh6CpNkgfxNkhpWh","3","No access","No access","No access","2","zero","[ ""Municipal water supply"" ]","There is a regular water supply","water tanks needed","eg2P5ZFGTcwctmdcA"
"rnc7rcRA6aziLFKYL",,"No access","No access","Ask a teacher or administrator",,"3 or more","[ ""Municipal water supply"" ]","There is a regular water supply",,"xuTGawqPYaYusxnm8"
"s9kyrqzWnv5h5ucZm","6","Ask a teacher or administrator","Ask a teacher or administrator","Ask a teacher or administrator","8","Unsure","[ ""Municipal water supply"" ]","There is a regular water supply",,"2zRbjDBfz4zB8Tv6q"
"sMj34QPMvtfy7L3BA","3","Ask a teacher or administrator","Ask a teacher or administrator","Ask a teacher or administrator","2","zero","[ ""Municipal water supply"", ""Rain water"" ]","There is a regular water supply",,"DwG2tAAFC8W79Ckxx"
"sbXjfaHfnPfaGDbju","3","Ask a teacher or administrator","Ask a teacher or administrator","Ask a teacher or administrator","6","two","[ ""Municipal water supply"" ]","There is a regular water supply",,"bPfY5thaXn4EAdkXw"
"smfaNL7EkMg9pHBer","2",,,,"1","zero",,"There is a regular water supply",,"Hjqy94n4PwNqwN5uA"
"sqkSv43G5rDNzceSS",,"No access","No access",,"3","zero","{ ""0"" : ""Municipal water supply"", ""1"" : ""Mobile tankers (jojo tank)"" }","There is a regular water supply",,"Q2SemXMcpEX5NfYsD"
"t4do6HAJnXMomW7Ko","2","No access","Ask a teacher or administrator","Ask a teacher or administrator",,"zero","[ ""Municipal water supply"" ]","Sometimes there is water",,"3XdLNoiuCRA5T5Dfc"
"t9EXfHf7ySXYHRXcM","5","No access","Ask a teacher or administrator","Ask a teacher or administrator","5","zero","[ ""Municipal water supply"" ]","There is a regular water supply",,"ZQvS49GgfM6XNnqij"
"tThB7mXDRiv6Jyhdj","5",,,,,,"[ ""Municipal water supply"" ]","There is a regular water supply",,"Pye3fvQETS2TCPKyt"
"u85mRPcEufSTZMYXy","2","No access","Ask a teacher or administrator","No access","4","zero","{ ""0"" : ""Municipal water supply"" }","There is a regular water supply",,"9NYELJLrE2z96eKGu"
"uP8rRoXCo6d25caza","5","No access","No access","No access","7","zero","[ ""Municipal water supply"" ]","There is a regular water supply",,"Z9wz3QcLwmRfGuaeT"
"ufNsdLPc4md65tLAz",,"Ask a teacher or administrator","Ask a teacher or administrator","Ask a teacher or administrator","3","one","[ ""Municipal water supply"" ]","There is a regular water supply","Maintenance staff are volunteers","q7vvj7t7uptnim45G"
"v2Me9A4g87m3Z47SW",,"No access","Ask a teacher or administrator","Ask a teacher or administrator","2","zero","[ ""Municipal water supply"" ]","There is no water supply",,"Kqq9XsRqsRQM6PjGn"
"vHJrsFYcA9piXkBWM",,,,,,,"[ ""Municipal water supply"" ]","There is a regular water supply",,"gPuKrSrjRHYQAhofp"
"vKfzyMSad6Ep9Hm6n","2","Ask a teacher or administrator","Ask a teacher or administrator","No access","2",,"[ ""Municipal water supply"" ]","There is a regular water supply",,"CoWKa7AHpYehwgjN4"
"vbpwHrSY4zvSTB2fT",,"No access","No access","No access",,"zero","[ ""Municipal water supply"" ]","There is a regular water supply",,"gpABZNKAeZxGARLNE"
"voAZaZafLWW8iynu6",,"No access","Ask a teacher or administrator","Ask a teacher or administrator","1","one","[ ""Municipal water supply"" ]","There is a regular water supply","THE BLOCK A TOILETS ARE USED BY BOTH TEACHERS AND STUDENTS","AHHiQixZscHdnSQpM"
"wCn8f2g6s6ooTGMXZ",,"Ask a teacher or administrator","Ask a teacher or administrator","Ask a teacher or administrator","5","zero","{ ""0"" : ""Municipal water supply"" }","There is a regular water supply",,"Gfj3WRS3Y8w4dmyph"
"wCqPzj7RHnhxWgLfu",,,,,,,"[ ""Municipal water supply"" ]",,,"6cFA5fAxPtQzaP5bz"
"waQwWNzodePDkfqDR",,,,,,,"[ ""Municipal water supply"" ]","There is a regular water supply",,"rCApJ97XLJY5xuoJY"
"wckR63BFSmhetpDw3",,"No access","Ask a teacher or administrator","No access",,"zero","[ ""Municipal water supply"", ""Rain water"", ""Mobile tankers (jojo tank)"" ]","There is a regular water supply",,"FkDMg4ekjDHWExDuv"
"wg6B3mc2dF9nk4DEP",,"No access","No access","No access","6",,"[ ""Municipal water supply"" ]","There is a regular water supply",,"cQQF5juB8JG3jNbNs"
"wrc3RBsENLYjCcuBz",,"No access","No access","No access",,,"[ ""Municipal water supply"", ""Rain water"", ""Borehole"" ]",,,"RHG8484wnsaqifrig"
"wtDztf4DvEK48sZsB",,"No access","No access","No access",,"zero","[ ""Municipal water supply"" ]","There is a regular water supply",,"A82Sqxg6dWo9BjRw7"
"xcFR4EKoY9rsHPGG8","1",,,,"4",,"[ ""Municipal water supply"" ]","There is a regular water supply",,"LZ7sJWsXTML9asLdD"
"xuRAAwNnagBfG28n6",,"Unsure","Ask a teacher or administrator","Unsure","7","3 or more","[ ""Municipal water supply"", ""Mobile tankers (jojo tank)"" ]","Sometimes there is water",,"qsXPNNQE3pWkdTbfb"
"xyKpaXMTjJhfsC4BR",,,,"Ask a teacher or administrator",,,"[ ""Mobile tankers (jojo tank)"", ""Borehole"" ]",,,"tCtKh6DnzT7ZXMeHw"
"ydubTj5ScKPZc5KPX",,"Unsure","Unsure","Unsure",,,"[ ""Municipal water supply"" ]","There is a regular water supply",,"WszeF9gAuQuHMNHLC"
"yggccu8SzWqaXzf6d","3","No access","Ask a teacher or administrator",,,"zero","[ ""Municipal water supply"" ]","There is a regular water supply",,"qs4DrHmATWN59Tptg"
"yhpvJKiwza7JPbP2x",,"No access","No access","No access",,,"{ ""0"" : ""Municipal water supply"" }","There is a regular water supply",,"e6s5EEf389EeLo6Tz"
"yrQ8nms62s27Xj7AR",,,,,,"one","[ ""Municipal water supply"" ]","There is a regular water supply",,"Ch6HJ6DZmFCYxKkww"
"z3442RFG8MTTj4C8x",,"Ask a teacher or administrator","Ask a teacher or administrator","Ask a teacher or administrator","4","two","{ ""0"" : ""Municipal water supply"" }","There is a regular water supply",,"srdTLx3pxML3nwKPr"
"zZRb8kFezWjm5Fx3P",,,"Unsure",,,"3 or more","[ ""Municipal water supply"" ]","There is a regular water supply",,"vPSPXjGpC6ABc9Szc"
"zbmJ6m9cdGXi77RBu",,"No access","No access","Ask a teacher or administrator",,"3 or more","[ ""Municipal water supply"" ]","There is a regular water supply",,"H2wSN9EFbKzeSGjCh"
"zy4wLhAsTdEWR4vTA",,"Unsure","Unsure","Unsure","3","one","[ ""Municipal water supply"", ""Mobile tankers (jojo tank)"" ]","Unsure","Block B and C are leaking","vZkChYaMACHarXWxC"
"zyoGA3y2G5JoXMzhn","7","Ask a teacher or administrator","Ask a teacher or administrator","No access",,"zero","[ ""Municipal water supply"" ]",,,"dBu8rGN6ZLKj4rb4e"
