_id,safetyLevel,hasFence,fenceHasHoles,conditionOfFence,hasSecurityGaurd,comment,version_id
"2NY3NKappSuoHiTrE","Sometimes safe","Yes","No","Average (no major issues at present)","Yes",,"g6orxjw6EmCqYup83"
"2PwPRoXmX4LqEKJrP","Usually unsafe","Yes","Yes","Average (no major issues at present)",,,"JpDqQfLuuC9qJrici"
"2d5Yzydcdwuqv7cqY","Sometimes safe","Yes","Yes",,,,"cQQF5juB8JG3jNbNs"
"2d7k4ijXtd7kXHrPy","Safe","Yes","No","Excellent (no repairs needed)","Yes",,"ZrghZT93L2bSWSofg"
"2kc77Bc5bin485DX7","Safe","Yes","No","Excellent (no repairs needed)","Yes",,"cDYo2z98FGZzNHPMM"
"2mErPQWem74AJXxP3","Safe","Yes","No","Excellent (no repairs needed)","Yes",,"k652o58moXsybbDfm"
"2qvdGPfPZBht27pSm","Safe","No","No","Average (no major issues at present)",,,"u2mAvGSYipuFCETW2"
"32FMZehsH8ueRfEWG","Usually unsafe","Yes","No","Average (no major issues at present)",,,"srdTLx3pxML3nwKPr"
"3EAWp27eLguLzRimM","Usually unsafe","Yes","No","Average (no major issues at present)",,,"vPSPXjGpC6ABc9Szc"
"3gsgRtvmN5gkKuDeD","Usually unsafe","Yes","Yes","Needs urgent repair (e.g. holes, breaks)","Yes",,"3XdLNoiuCRA5T5Dfc"
"3mXM2ZRm3KbWx59Cy","Usually unsafe","No",,,,,"JeGKrkaqdgboxbxAd"
"4Lnf5H2DMPzKg8kf3","Usually unsafe","Yes",,,,,"bAExKd8RN5BhHzb3z"
"4gfb4jhYR6NtewhCX","Usually unsafe","Yes",,,,,"pamnvbjX3nHtQtv4D"
"58FN9xhtNG9ed8M6o","Sometimes safe","Yes","No","Average (no major issues at present)","Yes",,"XKxt23fR8Fujkyiim"
"5BmuBoXQB5TQnSvAC","Safe","Yes","No","Average (no major issues at present)","Yes",,"AGiLx4gigQqYMN4fT"
"5CzyCQdWDxp2EeDzm","Safe","Yes","No",,"Yes",,"sXauHMaoiXsoSamWK"
"5Wqtr2jR8k73ykGqG","Usually unsafe","Yes","Yes","Needs urgent repair (e.g. holes, breaks)",,,"bMEYkfLEMjEHiTFux"
"6MBMFcDwN6FgfXKx9","Safe","Yes","Yes","Needs urgent repair (e.g. holes, breaks)",,,"Hjqy94n4PwNqwN5uA"
"6hHxNqLarYXj7jBbD","Sometimes safe","Yes","No","Excellent (no repairs needed)",,,"tC7ee9TXmJ8oDEcRe"
"6hou3faM992cmERgm","Sometimes safe","No",,,,,"EtsNuLzuvqcqdM943"
"6iB5rZ5EBXBvWQvz4","Safe","Yes","Yes","Needs urgent repair (e.g. holes, breaks)","Yes",,"opzRuPL9N8RSzCNsi"
"6zBG86b87mv6L9GrL","Safe","Yes","No","Average (no major issues at present)","Yes",,"A7HS55Lmpv7eWduhv"
"74RKnv2mDg7JMxgGG","Usually unsafe","Yes","Yes","Needs urgent repair (e.g. holes, breaks)",,,"e6s5EEf389EeLo6Tz"
"76oaWug3den9zaRyG",,"Yes","Yes","Needs urgent repair (e.g. holes, breaks)","Yes",,"6yXgt6quvcZfmQiWf"
"8D35KXPzbRx4prXji","Usually unsafe","Yes","Yes","Average (no major issues at present)",,,"WeXHdZMumEMFyckHq"
"8bKryDpuzhGWRmpRX","Sometimes safe","Yes","No","Excellent (no repairs needed)",,,"J8iGazpt3MwprEvbp"
"8ofDFQDCcnX6oYL72","Safe","Yes","No","Excellent (no repairs needed)","Yes",,"efr9txWNfPHw3AhD7"
"9F7WFGFF44NveG2mD","Safe","Yes",,,,,"eiaeXipXaywPNGZ7X"
"9iDTYQCAiNMjx4hSM","Usually unsafe","No",,,,,"eg2P5ZFGTcwctmdcA"
"9on7Q6BEK9b2TgyCn","Usually unsafe","Yes","Yes",,,,"siZhhkH29MMEnswvu"
"9vNXM9LiD2333M48r","Usually unsafe","Yes",,,,,"2zRbjDBfz4zB8Tv6q"
"9xqQxxG5mGXeQJ7uy","Safe",,,,,,"dBu8rGN6ZLKj4rb4e"
"AMSMdrA7iTkPDSzvF","Safe","Yes","No","Excellent (no repairs needed)",,,"yuLFP8PQcXB6aAAm6"
"AMWTLtySizjDSW6YD","Usually unsafe","Yes","No","Excellent (no repairs needed)","Yes",,"P4wqK6rnJQahfhFTr"
"Ac2CqYJRgS9h5ZZE8","Safe","Yes","No","Excellent (no repairs needed)","Yes",,"LrmX8FAuJMKckWE6c"
"Ad2QQFmSjwLbs5dMa","Safe","Yes","No","Excellent (no repairs needed)",,,"BwK89vufnm6iCSJhQ"
"BjeTkbMssn4wFfQq8","Usually unsafe","Yes","No","Average (no major issues at present)","No",,"CoWKa7AHpYehwgjN4"
"C4bwFmRMz5DoAnWnh","Usually unsafe","Yes","No",,"No",,"8Q8hLajqT7vMWrbeA"
"C7iZkcY5288RTwh8w","Usually unsafe","Yes",,,,,"hBG3H9epZYnScCbtp"
"CP9GMdQ9LpFZbfyh8","Sometimes safe","Yes","No","Average (no major issues at present)",,"No sports fields","wfdMKsnKg56v7y6uJ"
"DBkYy4ahnrPqoMwnD","Safe","Yes",,,,,"fXPmfwBo9N6rx7mLh"
"DFvHJGqQyP43BKoE4","Sometimes safe",,,,,,"dnFyeB4sC6kfmj2Q6"
"DXHo9MBNGx9S8fFBd","Safe","Yes","No","Average (no major issues at present)","Yes",,"S3LbwsmZGkiiekXEX"
"Di8mXhoBxttvmR9GW","Safe","Yes","No","Excellent (no repairs needed)","No",,"6iixm3MYropadAMjX"
"DnvQQnaxJsqsgppzJ","Sometimes safe","Yes","No","Excellent (no repairs needed)","Yes","The does not have an alarm","BpGigPup4eyijh28x"
"Dq5sv84xiH9Hx5L7d","Safe","Yes",,,,,"mobhBo8uKGxkvNsjR"
"DvBrnfACHEeteDcMr","Usually unsafe","Unsure",,,,,"5iHufHeS6B2XBsHTB"
"E3Zd39K2EjQuWRYKM","Safe","Yes","No","Excellent (no repairs needed)",,,"ayNNoGKj3iCnECzSg"
"E8Pw5E3bTjiDwwAR9","Safe","Yes","No","Average (no major issues at present)","Yes",,"hJppCjP9YgzQPhsxp"
"EDpo6CWDvM5aycEkf","Usually unsafe",,,,,,"MYybcL4ntNLDfPjZt"
"Ed3RH4vJvB8FWfq4v","Usually unsafe","No","Yes","Needs urgent repair (e.g. holes, breaks)","Yes",,"aQ4BMeoFWmo4HrHqF"
"EfRideDYjBnfXpYZE","Usually unsafe",,,,,,"esLPjFoMCrf7aGwqS"
"Ej4E5PKYgw6uH5S7R","Sometimes safe","Unsure",,,,,"RKz4SAhiQgbHCmTpZ"
"FKqnMgC8KhA8R3j4W","Usually unsafe","Yes",,,,"No holes
Excellent fence condition","y8vNYzZpy3A9BHx6W"
"FRuFcq8kiDhat83sz","Safe","Unsure","Yes","Needs urgent repair (e.g. holes, breaks)","Yes",,"zpLEh72kC58ryRpxt"
"FgZSgCEj7qKzBRELP","Safe","Yes","No","Excellent (no repairs needed)",,,"g2zngXhSLP6Xe7qtg"
"GQPtZiiMXWtfuxtYr","Sometimes safe","Yes",,"Excellent (no repairs needed)","Yes",,"3CZM6LyxfbGxQ676w"
"GQhByTRRLg7Knuths","Usually unsafe","Yes",,,,,"9NYELJLrE2z96eKGu"
"GaLhnjXFvtXEdg76h","Usually unsafe","Yes","No","Average (no major issues at present)","Yes",,"qYqekSfSRExjXJrGM"
"HEsPsjaPtJPoyykjW","Safe","Yes","No","Excellent (no repairs needed)","Yes",,"EtHDHYs97BCxasggi"
"HWmLpsYaMwwppzsZ5","Sometimes safe","Yes","Yes","Needs urgent repair (e.g. holes, breaks)","Yes",,"5QzLWMPF8grmhh3G5"
"HuD7Fdh2qQZGFA69Z","Safe","Unsure","No","Excellent (no repairs needed)",,,"qsXPNNQE3pWkdTbfb"
"JCshDmo8kiLxNZZwB","Safe","Yes","No","Average (no major issues at present)","Yes",,"mu6wNPMzZ754NLLnE"
"Je8XDnmsC3FyTGtGb","Sometimes safe",,,,,"There are holes in the fence.
Needs urgent repair.","kY8pdvG9t8eN5CY4h"
"JjNTBDhDru5itPhSF","Safe","Yes","No","Excellent (no repairs needed)","Yes",,"BL89Y49hLjtAgtj9C"
"Jmda43xQounjH6BA8","Safe","Yes","Yes","Average (no major issues at present)","Yes",,"n9gEojJ6K5eKYJ4c2"
"JuqnGHiwoWPeFoxxp","Safe","Yes","No",,"Yes",,"E7KSgcfSqaoDb5BEE"
"K5uc4st5odBJ6jdt8","Usually unsafe","Yes","No","Average (no major issues at present)","Yes",,"ojqksxwnmxWXpM8n6"
"L6QFWQHsncLW63JkZ","Safe","Yes",,"Excellent (no repairs needed)",,,"3uXaw9N4tJkFZKXSt"
"LZwE2Xr3gQYixMfWQ",,,,,,,"mDwDpssp9xiy5oAgB"
"LdvTsT3RxfZju3TgN","Usually unsafe","Yes","No","Average (no major issues at present)",,,"QBmBALzw89kwmHz2B"
"LfAfRbDpbZGG6Y4X9","Sometimes safe","No",,,,,"GdT4e3QnaH2fX4vAA"
"Lk7isu2zyirL3nQfb","Usually unsafe","Yes",,,,,"syBSsyuaG3J2rk8ky"
"LvikybgaaP8bEcg5Y","Safe","Yes","No","Excellent (no repairs needed)",,,"55foHoJLBDfwGwTWD"
"MwqNaQ4XrC8tnGAqF","Sometimes safe","Yes","Yes","Needs urgent repair (e.g. holes, breaks)","Yes",,"LTccQvtsRbQdnvd4x"
"NFJC7PZFpyAcsMERD","Safe","Yes","Yes","Average (no major issues at present)","Yes",,"xsLXqpcynPeYTwiXE"
"NKutbGoGDe3DwHJyt","Sometimes safe",,,,,,"SDQzcRxtroyWa7uGB"
"NTTKxtAW2de92s8ju","Safe","Yes",,"Average (no major issues at present)",,,"tkbM3Jp4KjPx4H5qC"
"NYwEepywie4eWcYzB","Safe","Yes","No","Average (no major issues at present)","Yes",,"q7vvj7t7uptnim45G"
"Nf5RQ6mYmNa3NbDbu","Usually unsafe","Yes",,,,,"uyB7xpWYkTuuhsLzS"
"PC8cS28EcmkNrCcbW","Safe","Yes","Yes","Needs urgent repair (e.g. holes, breaks)","Yes",,"AQmqsTKLbbQgfAmzP"
"PMGQzQBFKf9Rstkxx","Usually unsafe","Unsure",,,,,"ufaeHuMMa97ge5aCK"
"PbCyXvgJRpc8Ma8oE","Usually unsafe","Yes","No","Excellent (no repairs needed)","Yes",,"Pye3fvQETS2TCPKyt"
"PeuiLuy4Qgvq3c372","Safe","Yes",,,,,"2gqMBsR5BKHB3TEv6"
"PfLTHbLggMGYzLpnc","Sometimes safe","Yes",,,,,"sfgS3CrJFoTBvFQ72"
"PnmHLqCvbWJBTt98k","Sometimes safe","Yes","Yes","Average (no major issues at present)","Yes",,"PySjA6yQMoXAyS2z8"
"PpdZ5KMod4HWxbnq6","Usually unsafe","No",,,,,"8FucY8f4FTzL2XmhY"
"PpwZ5wfrQX383FQ5F","Safe","Yes",,,,,"3acdePaA3PaTzXLaP"
"Q25rSaFEZRD5Jj43o","Safe","Yes","No",,,,"jSDZSbr7cMPKgibe7"
"Q3qvfcPm5zmPzrSTw","Sometimes safe","Yes","Yes","Needs urgent repair (e.g. holes, breaks)",,,"Tnm69CSqqbdHg9obr"
"Q9CvD8QpGGYfLEPXs","Usually unsafe","Yes","Yes","Needs urgent repair (e.g. holes, breaks)","No",,"2smWdy5ZETPXoRrYG"
"QZPH7Kf9MM2N2jHRE","Usually unsafe","Yes","No","Average (no major issues at present)","Yes",,"KhtEcF9mnhkNyqnW3"
"QsJBC2awqFEsnQhET","Usually unsafe","Yes","No",,,,"KYeDjZFEFXobJB7hL"
"Qspyr9zCRcJTyNeK8","Usually unsafe","Yes","No","Average (no major issues at present)",,,"ZgR4zqFothSycL9hz"
"RL2EpQkRa78Yne7RW","Usually unsafe","Yes",,,,,"ZQpQXXcpAjvZC2ony"
"RPedjd5y2fidwkX5T","Safe","Yes","No","Excellent (no repairs needed)",,,"4zo5MNwbBvTPykbFg"
"RnECSoag9a4fbQCXr","Sometimes safe","Yes","No","Excellent (no repairs needed)","Yes",,"pqm6NksjcwAhrDwyH"
"RxEEDQntqi7KdXBCu","Safe","Yes","No","Excellent (no repairs needed)","Yes",,"DwG2tAAFC8W79Ckxx"
"RxEjuhnogc3chjwib","Usually unsafe","Yes","Yes","Average (no major issues at present)","Yes",,"bf5Ltec4dXsz7pEX9"
"SaQvAzp6qMXAjFbdQ","Safe","Yes",,,,,"xp2bxhMm4Yoeu9jho"
"SebQNDpP3KBAafj5L","Sometimes safe","No",,,,,"bEf9GjYAyqAqY3bhw"
"Spfxahahan4YMDs6Z","Safe","Yes","Yes","Needs urgent repair (e.g. holes, breaks)","Yes",,"HKHTs5NYM9YcNKmA3"
"Sq4DmbXZ95tQoziMG","Usually unsafe","Yes",,,,,"gZKefKr3T7kQ7yZdd"
"SxWDbc6sAtgHucbMm","Safe","Yes","No","Excellent (no repairs needed)",,,"XYLgc3p2tmFJ6nGJb"
"T6MJYYXmfPvrFLfHk","Safe","Yes","Yes","Needs urgent repair (e.g. holes, breaks)",,,"tdRzrm36MQJ2raFea"
"T6YofYuaNwPd4Xdhn","Safe","Yes",,"Excellent (no repairs needed)","Yes",,"6XmRH2cDbjXJd8Zri"
"TDRtDbbML4iSYCzr6","Sometimes safe","No","Yes","Needs urgent repair (e.g. holes, breaks)","Yes",,"SNuf4DBJszmQrAzS4"
"TPoJ9X9facnKKeZNw","Sometimes safe","Yes","Yes","Average (no major issues at present)",,,"922NEXkq8CZy6PH7L"
"TQGYXXWoSzfvMTG6B","Usually unsafe","Yes","No","Average (no major issues at present)",,,"tMjiiRvEEAsNmSJGx"
"Txhvckj4iPv3i9YAW","Usually unsafe","Yes","No","Excellent (no repairs needed)","Yes",,"xuTGawqPYaYusxnm8"
"WHuyRZr4HkzLebLJJ","Usually unsafe","No",,,,,"GQPE7rurt9bb7DM5a"
"WW4C9g5vzDNqx3rZC","Usually unsafe","No",,,,,"jR3LMPDnnHi7xvLcp"
"WXhmaBfshK66ALCbs","Usually unsafe","Yes","No","Excellent (no repairs needed)",,,"sfN5HAvKti5hRvPxZ"
"WZobzJ57qFDwN9ito","Sometimes safe","Yes","Yes","Needs urgent repair (e.g. holes, breaks)","Yes",,"KDmkojmtPfcEEQ3vv"
"Wvkra7mxT34vZvzHC","Safe","Yes","No","Excellent (no repairs needed)","Yes",,"LBujyFwCgPkGzWSZy"
"XRig5P9g4dcdbpMEc","Sometimes safe","No",,,,,"dLHdmSdFbLWF2kJqy"
"XZLoSxuzviq7WJkeL","Usually unsafe","Yes","No","Excellent (no repairs needed)",,,"A9g2JXbafa9hggA23"
"XsfcE7RottkngBNRe","Safe","Unsure",,,,,"uvAsG8PGNZNED5pxz"
"XwYjXft62ugMgqPxe","Usually unsafe","Unsure",,,,,"FpTsqHm4D3ttwK8dY"
"Y5XdYGaEmNQQTgbxc","Usually unsafe","No",,,,,"yAYPTyMxnk5pj2zT9"
"YGpFCB6Drkx3J4FMF","Safe",,,,,,"KrNZ7H2XmHuPpHRrN"
"YT2uyMKCmDRJdExho","Usually unsafe","Yes","No","Excellent (no repairs needed)",,"The school needs security to ensure safety and security for learners","fkuEy7WKs5HL2NM6z"
"YgLwyuDsoDqfq6XLv","Sometimes safe","Yes",,"Average (no major issues at present)",,,"eqJ28tbWRDYX6YPkp"
"YiGDkNYkTCfwRxp2W","Usually unsafe","No","No","Excellent (no repairs needed)","Yes",,"AHHiQixZscHdnSQpM"
"Z2kMQuSk8Miz9de27","Sometimes safe","No",,,,,"aMRD37JGNEmrz9FZ9"
"ZePJkyJtraiaen3xm","Safe","Yes","No","Needs urgent repair (e.g. holes, breaks)","Yes",,"XTL9gvLr9S2MmMsjJ"
"ZomSyq49SRSxJyxzx","Usually unsafe","Yes",,"Excellent (no repairs needed)","No",,"FEAD8jBu7LbHezy2j"
"akCrTLGZ3yTzT7csr","Safe","Yes","Yes","Average (no major issues at present)","Yes",,"MtKWmrDmPtx6hTjXm"
"apWJkdaoDo9RSTZNh","Sometimes safe","No",,,,,"drsWF9n9G7CxbrANB"
"bfoLd45GPWqP2LmvN","Safe","Yes","No","Average (no major issues at present)",,,"3tbjfT8zZ2fPGfiwc"
"bg9Bt4mhMNSYLK4HJ","Safe","Yes","No","Excellent (no repairs needed)","Yes",,"93KanXF8i8wGs4YKw"
"bwjRHa9Y3k5JCwGRY","Usually unsafe","No",,,,,"HMfiK9msnxvBpZRTv"
"cPuKpymqJ52nEBmpw","Usually unsafe","Yes",,,,,"hrfAaJLuuBvdukdf9"
"cZknLKqNEF79Ap7m7","Safe","Yes",,,,,"r8FrZJWZGiB9zPmmc"
"ckhqbTv4dAJSGyXaR","Usually unsafe","Yes","No","Average (no major issues at present)",,,"YLYWLt3BFmbGuRHBQ"
"csEZaY5Qj4SoB62Lb","Usually unsafe","Unsure","No",,"No","No security at gate","ZMuo7tqss7QrYPuwZ"
"dJZMqrA9eFkyKKMbE","Safe","Yes","Yes",,"Yes",,"qqTGPEnmDQRrarBSw"
"dRmx7WLxKrgkh3oMh","Sometimes safe","Yes","Yes","Needs urgent repair (e.g. holes, breaks)","Yes",,"EyHGQ2ctZRGcPQ4Lc"
"dWeg3wJTX9fXtAxbw","Usually unsafe","Yes",,,,,"Ayck7PmsY3mNr3gZQ"
"deZiFAYkbBhqr9NNM","Safe","Yes","No","Excellent (no repairs needed)","Yes",,"FkDMg4ekjDHWExDuv"
"eC8Cja7rsZXmP4F7k","Safe","Yes",,,,,"gPuKrSrjRHYQAhofp"
"ePz7fiT9WbBjEpwo4","Usually unsafe","Yes",,,,,"Sa8QfeRArxjpbStqt"
"eYPX5GcZTvLbmFxFN","Sometimes safe","Unsure",,"Average (no major issues at present)",,"THE SCHOOL HAS SECURITIES UNDER THE DEPARTMENT OF THE POLICE AND SOMETIMES THEY ARE LAZY TO DO THEIR JOB","uiiC6LpdXHBickDqX"
"eiesakAjvSfavpKhB","Safe","Yes",,,,"There are holes in the fence.
Needs urgent repair.","GaE7jrBwPxNR4AK72"
"eixYWceqHoDasMjWK","Safe","Yes","No",,,,"6cFA5fAxPtQzaP5bz"
"f3RGm5bbyPAGprhaM","Safe","Yes","No","Excellent (no repairs needed)","Yes",,"x39JZC9Q749pXeEbY"
"f3tHJdEaGX3DTxszQ","Safe","Yes","No","Excellent (no repairs needed)","Yes",,"74LtY73iZk5nAgKN4"
"f42sxp4wDGQoQZsQB","Usually unsafe","Yes","No",,,,"HE7QyZrdjZD4TwigW"
"f5XY3uvwxzLYhq4kg","Safe","Unsure",,,,,"RHG8484wnsaqifrig"
"fF8aRnGhYksd33H5a","Usually unsafe","Yes","No","Excellent (no repairs needed)",,,"o6KRqZ8m5YyPCmxEu"
"fNQnShJ7hHqTHN77d","Safe","Yes","No","Excellent (no repairs needed)",,,"tqMTBWRbAuYsAqATz"
"fc7DyhASsFCdp45Lp",,,,,,,"ieCAKYPDiJ8dGueXc"
"fs8Da8rofxzxvagnv","Safe","Yes","No","Excellent (no repairs needed)",,,"95AYoAp6AiYz3KZ2t"
"fsntxRW4Gq8HJe93c","Safe","Yes",,"Excellent (no repairs needed)","Yes",,"8pdqiKPuW9emmvdMA"
"g46w4eYzKS9Qi8D2z","Usually unsafe","Yes",,,,,"ogTK6SAt8Ndg38xPc"
"gS6yeQ6vEqDeHmkKf","Usually unsafe","Yes","Yes","Average (no major issues at present)","Yes",,"Z9wz3QcLwmRfGuaeT"
"geNW7jZay7TAcSy3A","Safe","Yes","No",,"No",,"giGaTXuXxZQxCGaMd"
"gePRcWSWyjK2BZgR9","Safe","Yes",,"Excellent (no repairs needed)",,,"MYuCFef7Fjt8yRX8d"
"goE46KJgYnM6STNBS","Usually unsafe","No",,,,,"S47bpHzXts94zC2ke"
"gsJMqF7atQBF76mRz","Sometimes safe","Yes","Yes","Average (no major issues at present)",,,"6ZNqRnThWfJTjmtzh"
"gx5Sc2bQxGXWLxe6x","Safe","Yes","No","Excellent (no repairs needed)",,,"Ch6HJ6DZmFCYxKkww"
"h2CdqAHuAcmgtTaGc","Safe","Yes",,,,,"7Lt26udxHfpKtyAwY"
"hRQKTJW2Wt2pd9K5C","Usually unsafe","Unsure",,,,,"Zyuc4wPBmxQPcNyjF"
"hi4G6XmwLt5JuqAmk","Safe","Yes","Yes","Average (no major issues at present)","Yes",,"myEbntbNmwtRJAXXn"
"i43swsxmP9y9fajXP","Safe","Yes","Yes","Needs urgent repair (e.g. holes, breaks)",,,"vZkChYaMACHarXWxC"
"iPYKq4f5uDpzQtRuz","Usually unsafe","Yes","No","Excellent (no repairs needed)","Yes",,"8TjXzm5mqedTkvZ5n"
"iQawGcsBHLEkdAKem","Safe","Yes","No","Excellent (no repairs needed)","Yes",,"EbrJ8dHAyrQTpSaNj"
"iRHb97R3JttvSop3e","Safe",,,,,,"2Qm9dY2unum62oDu7"
"ijLHwTxD99tr4zNrm","Safe","Yes","No","Excellent (no repairs needed)",,,"4F5Qwq5cmL34WsvHP"
"itrckT9Fna3NoazTp","Usually unsafe","Yes","No","Average (no major issues at present)","Yes",,"LZ7sJWsXTML9asLdD"
"j7PyCR6mckukPxwdo","Usually unsafe","Yes",,,,"no holes
no repairs needed
security guard present","Y2gH7TZojYSgJ6J3i"
"j8gMeuaGg8xHTjDa8","Safe","Yes","No","Excellent (no repairs needed)",,,"Gfj3WRS3Y8w4dmyph"
"jGa8SxdtvHBEhp6Xq","Sometimes safe","Yes",,"Average (no major issues at present)","Yes",,"H2wSN9EFbKzeSGjCh"
"jHEiTXH7wHgYMpH23","Safe","Yes",,,,,"MrCRY4JkG2RtXRzjf"
"jijXtKdD7E6s6CWiq","Safe","Yes","Yes","Average (no major issues at present)",,,"WszeF9gAuQuHMNHLC"
"kA9vbwGYXgJHqHsxx","Safe","Yes","No","Average (no major issues at present)","Yes",,"gpABZNKAeZxGARLNE"
"kNcbycRy2DayrcJKn","Sometimes safe","Yes","Yes","Excellent (no repairs needed)","Yes",,"qCqx8rN4JLCHpEwF4"
"kQqnjDSveenxPmQQK","Sometimes safe","Yes","Yes","Excellent (no repairs needed)","Yes",,"tDKj5hfjzok3tbGs9"
"kcg49vA5hb6QCBMj7","Sometimes safe","Yes","Yes","Average (no major issues at present)",,,"4avNjjRgrzrEpwKMN"
"m77knk29FAw2mEWs7","Usually unsafe","Yes","Yes","Needs urgent repair (e.g. holes, breaks)","Yes",,"ra2zX3jjBPguj6bc3"
"mTfNgkWedtPsJbWv7","Sometimes safe","Yes",,,,,"y3Rzmw2pDYqioZ8WC"
"nAHNYXzsiinfPbjJ2","Sometimes safe","Yes","No","Excellent (no repairs needed)","Yes",,"7jdhLaYzWcCtFduQg"
"nTCCog9t6CATscaT7","Safe","Yes","No","Excellent (no repairs needed)",,,"ocFaNqXzeBvD5hiAZ"
"nWByhF82xLSM9Brbs","Sometimes safe","Yes","Yes","Needs urgent repair (e.g. holes, breaks)","Yes",,"eaN2HpTXfZTyuJHLY"
"nvLQEczSSFHqPN3v7","Usually unsafe","Yes","Yes",,"Yes",,"Rvf9JkpRBRozBsyiq"
"nyC7DrMGcKf5no3ve","Safe","Yes","No","Excellent (no repairs needed)","Yes",,"JMwctXTYdunvweNYD"
"oB2FNx9sSK4i6to2A","Safe","Yes","No","Excellent (no repairs needed)","Yes",,"LD7hazozFmAuLNBgP"
"oq7YW9zkxXXv35mux","Sometimes safe","Yes",,,,,"ghEZdTPoThhpWNWiw"
"ozcazr8zSR6qomFfA","Sometimes safe","Yes",,"Average (no major issues at present)",,,"Qzm8u4imxajBRWLE5"
"p3o4WfdNewmHAHxsb","Safe","Yes","No","Excellent (no repairs needed)",,,"8EkWbb3qMosGvaWyT"
"pDpSn2h3wzPNd5pDu","Usually unsafe","No",,,,,"ZNXsgBEk2evJkTYso"
"pwk6JypKqjgFwSLjx","Safe","Yes","Yes","Excellent (no repairs needed)",,,"7sAKJvmox8vK6GJBv"
"q5BAQ5G8w7Geo4Zio","Usually unsafe","Yes","Yes","Excellent (no repairs needed)","Yes",,"hk4XMrnHxTastfL7s"
"qivHtgxQKPK5bG9N3","Safe","No",,,,,"Qmhp6bLYHrRTc42wc"
"qj9Zng2D5BZuqwu6J","Safe",,,,,,"X4uSNwu6z2y2MdNwA"
"qnJvEA6DnPgaGuaHv","Usually unsafe","No",,,,,"WdTssNZoaRHCT3LMG"
"rGh3pAMqJayorpAmm","Safe","Yes","No","Average (no major issues at present)","Yes",,"bHZpmA7SpQzx29CQk"
"rNG9kwBPr8W8oW8ZN","Usually unsafe","Yes","No","Excellent (no repairs needed)","Yes",,"Acd6f7D8RbhpthZHN"
"raeKELHxTz64JRHSK","Safe","Yes",,,,,"2rqTjwusZ8tc8nbYt"
"rfDERF9pKtkMtzmwn","Safe","Yes","No","Excellent (no repairs needed)",,,"hTroeBPPurCSNxDGe"
"rqvrXgy45uzEYcpHN",,"Yes",,,,,"A82Sqxg6dWo9BjRw7"
"rsCWq3D6JPK3Gq6ys","Usually unsafe","Yes","Yes","Average (no major issues at present)","Yes",,"ZQvS49GgfM6XNnqij"
"sbhYzvSH9Bg8QQQ6h","Usually unsafe","Yes","No","Average (no major issues at present)","No",,"NTo8EK8jnLkjB93Hd"
"sdyKSGmqZyno8h6Wa","Safe","Yes",,,,,"METTMMRQRhoWxKdRt"
"sjjZXu92DyNTW28Q2","Sometimes safe","No",,,,"There's fencing but it has holes in between and urgent repairs are needed.","SeRiR2xnt35DWtRzX"
"sq5gxtrqCjHicujdc","Usually unsafe","Yes","No","Excellent (no repairs needed)",,,"rgipwMLK9skQK2EuA"
"t9vgkfMNTWCuBTNQv","Safe","Yes","Yes","Average (no major issues at present)",,,"NY3CpQoLXKGkXkq8b"
"tWAQJdfRd2H9nwPsH","Safe","Yes",,,,,"7qkXEP7zRNRG2EXxW"
"tcwwqFiek36ZPbRMv","Usually unsafe","Yes","No","Excellent (no repairs needed)",,,"Dddj3YJBuiuGmAQFQ"
"tvTdbrhisHTwDP3ck","Usually unsafe","Yes",,,,,"rCApJ97XLJY5xuoJY"
"u4g8DN5xsNPAkMWZ5","Safe","Yes","No","Excellent (no repairs needed)","Yes",,"Kqq9XsRqsRQM6PjGn"
"ufBzXnxxrjTKfMwQ5","Usually unsafe","Yes","Yes","Needs urgent repair (e.g. holes, breaks)",,"The security guard doesn't control access to the school/ to the gate","2G6DH4Aiu8dpRQyrD"
"uszgMWbtR3xNtTrBR","Sometimes safe","No",,,,,"5PhvChXDzSoaBymWp"
"v27cyAdd5oGECCySi","Usually unsafe","Yes","No","Average (no major issues at present)",,,"HushLZncKDsTyJhfN"
"v3dAXzCosuMsmofG4","Usually unsafe",,,,,,"Sue8DWeGKHPKAyQBi"
"vYA9X3Q5232JQJiW4","Usually unsafe",,,,,,"bPfY5thaXn4EAdkXw"
"vYbS6qj9skQ9qCxvo","Sometimes safe","Yes","Yes","Needs urgent repair (e.g. holes, breaks)",,,"6nyrh8pzbNxMHyu4J"
"vd9MYr2v3Hhvir4LF","Safe","Yes","No","Average (no major issues at present)","Yes",,"q7rLbRb4nxtPxfoSc"
"vran96GHns2ZXc93c","Usually unsafe","Yes",,,,,"68f6ufafjEtTD87dK"
"wcu5hQrgRYZSfSCrF","Sometimes safe","Yes","No","Excellent (no repairs needed)","Yes",,"HZFjNDTejF5ga78Sx"
"wnRJsC75FjMJMnthR","Sometimes safe","Yes","Yes","Needs urgent repair (e.g. holes, breaks)","Yes","Fence needs urgent repair
Guard at gate","vQsgY2cMuHRHHxN5X"
"xKkz2emiXX8iXBYfn","Usually unsafe","No",,,,,"LJC3JBYxgkbi8GzAP"
"xSmcnJ8xQCc7Sp7q9","Usually unsafe","Yes","No","Excellent (no repairs needed)","Yes",,"qs4DrHmATWN59Tptg"
"xYExi9oK5RgWhEww6","Usually unsafe","No",,,,"school should be a safe place and parents should be relieved when they send thier kids to school","Q2SemXMcpEX5NfYsD"
"ypBEnAkdL7BXBE6Ax","Sometimes safe","Yes",,,,"holes in fence
fence needs urgent repairs
security guard present","dmcSwWf7Zcge6eHR8"
"zfuDrKQXxzoppaHfa","Usually unsafe","Yes","Yes",,,,"pRKnFJGLubdAiTZEy"
"zndothvn3ZQixvHyv","Safe","Yes","No",,,,"rRCnvnKF3KB68xQfw"
