_id,specialNeeds,comment,version_id
"27wuELmK6cNaMrbaA",,"None","q7rLbRb4nxtPxfoSc"
"2AR9oGDCY7pcsFuY4","[ ""Visual aids for the deaf"" ]",,"Z9wz3QcLwmRfGuaeT"
"2tFMgzY2hBZywjnPx",,,"6nyrh8pzbNxMHyu4J"
"38QqfrFn6QW2fFSPA","[ ""Toilets for the disabled"", ""Visual aids for the deaf"" ]",,"EbrJ8dHAyrQTpSaNj"
"38XL5mettey4h4aT8",,"None","qYqekSfSRExjXJrGM"
"3D4CBAzmCLmebbDTR","[ ""Visual aids for the deaf"" ]",,"hrfAaJLuuBvdukdf9"
"3oj4Z7aYhQJ3ZwB95",,"None","q7rLbRb4nxtPxfoSc"
"47hqrkwY2Xj87SkCN",,,"GaE7jrBwPxNR4AK72"
"5xT3Z789h3yD5HHDz",,"None","E7KSgcfSqaoDb5BEE"
"63PvCJoneCi5EeP7d","[ ""Ramps"" ]",,"X4uSNwu6z2y2MdNwA"
"66d33LjyAzh4QvyZE",,,"2Qm9dY2unum62oDu7"
"67qYfGgvqgrKNeREx",,,"LD7hazozFmAuLNBgP"
"6fq4mTGf8yizdCSLy",,,"tdRzrm36MQJ2raFea"
"6gP2DZ2ezesjb4i2x","[ ""Visual aids for the deaf"" ]",,"hTroeBPPurCSNxDGe"
"77NuLkWnAePtMEfwW","[ ""Ramps"", ""Visual aids for the deaf"" ]",,"6XmRH2cDbjXJd8Zri"
"7RdSMwhK4QPsWhxMv","[ ""Ramps"" ]",,"74LtY73iZk5nAgKN4"
"7uqD8vaKHvMSXfCaX","[ ""Ramps"" ]",,"eg2P5ZFGTcwctmdcA"
"8JgjxgP5sJC7MEJb5",,,"cQQF5juB8JG3jNbNs"
"8pyjr6DPPcKyZpxXr",,,"SeRiR2xnt35DWtRzX"
"94HwBxxStjTQvzpPx",,,"HushLZncKDsTyJhfN"
"99vpurTKSQ8JkgLKu","[ ""Ramps"" ]",,"93KanXF8i8wGs4YKw"
"9ScSJwEJT4ATbyg3L",,,"SNuf4DBJszmQrAzS4"
"A3ynFGYJw3dERfBf7",,,"jSDZSbr7cMPKgibe7"
"B4fPCkTjLvmp9PTRa",,,"giGaTXuXxZQxCGaMd"
"BpmDC3dFwMF8bTDKb","[ ""Visual aids for the deaf"" ]",,"LBujyFwCgPkGzWSZy"
"BxGKnRcGi8RgcfMKZ",,,"8EkWbb3qMosGvaWyT"
"C8NktKx5dZFFNpdwY",,,"gPuKrSrjRHYQAhofp"
"CR5xJxH5ESjRbzT63","[ ""Ramps"", ""Parking for persons with disabilities"", ""Toilets for the disabled"" ]",,"FpTsqHm4D3ttwK8dY"
"CbJTwAZdv92XZQZCa","[ ""Visual aids for the deaf"" ]",,"AQmqsTKLbbQgfAmzP"
"DRydeR3mstkSKkhFc",,,"GQPE7rurt9bb7DM5a"
"DTQBLmXuMxquzPMTu",,,"sfN5HAvKti5hRvPxZ"
"DgXSXDL5JMMcb7LAb","[ ""Ramps"" ]",,"ZrghZT93L2bSWSofg"
"DsMK59oAuq4R58AQW",,,"bPfY5thaXn4EAdkXw"
"DsStBLKkx2TzAz2qs",,"None","3CZM6LyxfbGxQ676w"
"E7qgnG7ZisLdpKyi3",,,"6cFA5fAxPtQzaP5bz"
"EHWL6k4WdYthHPYP8",,"none","FkDMg4ekjDHWExDuv"
"EvkT6w8Qj3vWwL4hj","[ ""Toilets for the disabled"" ]",,"k652o58moXsybbDfm"
"F4LdPszHrBncq4rrG","[ ""Ramps"", ""Handrails"", ""Parking for persons with disabilities"", ""Toilets for the disabled"", ""Tactile/Braille signs for the blind"", ""Visual aids for the deaf"" ]",,"r5bdwdb45e7jr6JZB"
"FexT4ifcXQLxQRtyS","[ ""Visual aids for the deaf"" ]",,"5PhvChXDzSoaBymWp"
"GH4ybaiN5NKHZfeac",,"None","7jdhLaYzWcCtFduQg"
"GSQN88MvbtsWC9SCf",,,"656hyBavtd4QHF6yx"
"GzoRoARpZpPiTCjFE","[ ""Visual aids for the deaf"" ]",,"uyB7xpWYkTuuhsLzS"
"H2FPyiAXedWC6Yp6d",,,"jR3LMPDnnHi7xvLcp"
"JX8ktkLgJ6tC8zvDW","[ ""Toilets for the disabled"" ]",,"YLYWLt3BFmbGuRHBQ"
"KZbqtndBGknfA6JyG",,"none","Kqq9XsRqsRQM6PjGn"
"Kh2DzkYE8TB3jetga",,,"uiiC6LpdXHBickDqX"
"LFmCxQeT6r3CSbfEx","[ ""Visual aids for the deaf"" ]",,"7sAKJvmox8vK6GJBv"
"Lq5RsBDS4TSMaYhAi",,,"6yXgt6quvcZfmQiWf"
"LqhD5Nq4vSFSghjwx",,,"sXauHMaoiXsoSamWK"
"LqvHeHWY4h9NqFtG5","[ ""Visual aids for the deaf"" ]",,"4F5Qwq5cmL34WsvHP"
"MCP9kP4vi46uJ5MZ2","[ ""Visual aids for the deaf"" ]",,"mu6wNPMzZ754NLLnE"
"MT9xKYDkErdhkkL3k",,,"JpDqQfLuuC9qJrici"
"Mjz7nM43gkXo6hKSS",,,"bf5Ltec4dXsz7pEX9"
"MzoYsGnXiNufsimYb",,"Nonr","EtHDHYs97BCxasggi"
"N4uMJgDeufjuGzKPW","[ ""Ramps"", ""Toilets for the disabled"" ]",,"Qmhp6bLYHrRTc42wc"
"N9vWooinTMsMkiDqM","[ ""Visual aids for the deaf"" ]",,"ZQpQXXcpAjvZC2ony"
"NBxp9K9wKfaJRmS8d",,,"2smWdy5ZETPXoRrYG"
"NJuGpdqNDFmJshz9m",,"Nonr","EtHDHYs97BCxasggi"
"NKFSiYtwfNAcrviwj",,,"eiaeXipXaywPNGZ7X"
"NP8CJXqPRTEDf6q5E","[ ""Ramps"", ""Visual aids for the deaf"" ]",,"EyHGQ2ctZRGcPQ4Lc"
"QuJ9QYYwMN5YyoSQm","[ ""Visual aids for the deaf"" ]",,"GdT4e3QnaH2fX4vAA"
"R4yc4s9FxTgrWvRsL","[ ""Visual aids for the deaf"" ]",,"hk4XMrnHxTastfL7s"
"R8QyecqHvgQf9XPDq",,,"Ch6HJ6DZmFCYxKkww"
"RDwNY8Y4KBG5P7oon",,"none","xsLXqpcynPeYTwiXE"
"RNxSfoh88PmnNsLaC","[ ""Visual aids for the deaf"" ]",,"syBSsyuaG3J2rk8ky"
"RcmLCCm2b7N8DiKoz","[ ""Ramps"" ]",,"AGiLx4gigQqYMN4fT"
"RinyN6jr3QfmM4byh","[ ""Visual aids for the deaf"" ]",,"LZ7sJWsXTML9asLdD"
"RzxmrJmavsL4T7hbL","[ ""Ramps"" ]",,"Hjqy94n4PwNqwN5uA"
"SMXnvEEvth9LF5M7t","[ ""Parking for persons with disabilities"" ]",,"68f6ufafjEtTD87dK"
"SSZJggKEkWmh5iE5y","[ ""Visual aids for the deaf"" ]",,"BpGigPup4eyijh28x"
"SWwc67qL7bci2PQ7s","[ ""Ramps"", ""Toilets for the disabled"" ]",,"ufaeHuMMa97ge5aCK"
"TpNJvFBNzDcvLczGv",,"none","AHHiQixZscHdnSQpM"
"TspsJwAeqmm3trEJb","[ ""Visual aids for the deaf"" ]",,"qs4DrHmATWN59Tptg"
"WT5S2JhwDH763BiKm","[ ""Ramps"" ]",,"Sa8QfeRArxjpbStqt"
"WhxD5fLdeuZdizpjc","[ ""Visual aids for the deaf"" ]",,"u2mAvGSYipuFCETW2"
"XrauyQYTQP6XT6fCv",,"none","6iixm3MYropadAMjX"
"XvrMtKG4pwQGauCYv","[ ""Visual aids for the deaf"" ]",,"ZNXsgBEk2evJkTYso"
"YFbaEEdqGyYH5YrJY",,,"3tbjfT8zZ2fPGfiwc"
"YLi4Rd2wEe3bLTDtj",,,"3tbjfT8zZ2fPGfiwc"
"YM2gB9XB4yZCxh5j4","[ ""Ramps"" ]",,"rCApJ97XLJY5xuoJY"
"YWuNYczn84eBWM7Rs","[ ""Toilets for the disabled"", ""Visual aids for the deaf"" ]",,"r8FrZJWZGiB9zPmmc"
"ZJzsgD4EGpm3CrFP6","[ ""Visual aids for the deaf"" ]",,"Y2gH7TZojYSgJ6J3i"
"Za4dQPmoZGs5C7Zb3",,"School doesn't cater to the above","2G6DH4Aiu8dpRQyrD"
"Zkw9bif6sYkt427WP",,"every school should have a place for disable people and do not take things generally that every one in the community is able","Q2SemXMcpEX5NfYsD"
"ZzwQ7a6gR3aCbcoLM",,,"H2wSN9EFbKzeSGjCh"
"a3oLsZqAsfwQrj2b6","[ ""Ramps"" ]",,"KrNZ7H2XmHuPpHRrN"
"a6yNcGbBhAnMGtYzN",,,"y3Rzmw2pDYqioZ8WC"
"ahoXzgg34q3HmqD59","[ ""Visual aids for the deaf"" ]",,"hJppCjP9YgzQPhsxp"
"ay3NQCnhEysCpCkzi",,,"7qkXEP7zRNRG2EXxW"
"bGhLfS57sqJ4rmM54","[ ""Ramps"", ""Parking for persons with disabilities"" ]",,"MYybcL4ntNLDfPjZt"
"bXzsi3z63aEfm7ja7","[ ""Visual aids for the deaf"" ]",,"Rvf9JkpRBRozBsyiq"
"bd5vR94dcbcqLZXqD",,,"drsWF9n9G7CxbrANB"
"dGuT7Z8ccfHzpehnN","[ ""Toilets for the disabled"" ]",,"esLPjFoMCrf7aGwqS"
"dLJXTtMX9dsSkn4hR","[ ""Ramps"", ""Toilets for the disabled"" ]",,"yuLFP8PQcXB6aAAm6"
"dSwcJsNY9MJTZ6mev","[ ""Ramps"" ]",,"ZMuo7tqss7QrYPuwZ"
"duPFrTtch2BqTbq3r","[ ""Parking for persons with disabilities"" ]",,"uvAsG8PGNZNED5pxz"
"dvZzMcqWK2BXZw3if","[ ""Visual aids for the deaf"" ]",,"XKxt23fR8Fujkyiim"
"e5ESAanSphDBGkRSn",,,"siZhhkH29MMEnswvu"
"eHTRkPudxw6TrAEmZ","[ ""Ramps"" ]",,"FEAD8jBu7LbHezy2j"
"euDTJc9xysWuCwgpf",,,"gpABZNKAeZxGARLNE"
"f2CwNj7DHfNudg2oR","[ ""Visual aids for the deaf"" ]",,"tqMTBWRbAuYsAqATz"
"fWdi2gwNYzEESyP5j","[ ""Visual aids for the deaf"" ]",,"opzRuPL9N8RSzCNsi"
"g9EELz7FskPPoJRuH",,"None","MrCRY4JkG2RtXRzjf"
"gKtxbXPFBDpvGiXtN","[ ""Visual aids for the deaf"" ]",,"S47bpHzXts94zC2ke"
"gLeJkG3LcNRcLgLTW","[ ""Ramps"", ""Visual aids for the deaf"" ]",,"kY8pdvG9t8eN5CY4h"
"hJbyh2ov48mR3HDW9","[ ""Visual aids for the deaf"" ]",,"HZFjNDTejF5ga78Sx"
"hKQLYGGXiDtpNwuuB",,,"2gqMBsR5BKHB3TEv6"
"hPvmpPyfpiHBM7uEf","[ ""Toilets for the disabled"" ]",,"3uXaw9N4tJkFZKXSt"
"hPxDhFfQNEvikQHwF",,,"XYLgc3p2tmFJ6nGJb"
"i3NgspSefa6QD8dbP","[ ""Ramps"" ]",,"A82Sqxg6dWo9BjRw7"
"i6NyrHpp3gps9GMDE","[ ""Visual aids for the deaf"" ]",,"BL89Y49hLjtAgtj9C"
"i6Sy2EjnDN9ek8zvY","[ ""Ramps"" ]",,"HE7QyZrdjZD4TwigW"
"i9YY6BbopxWmfSgRK",,,"WszeF9gAuQuHMNHLC"
"iKY9hWjodNRRvTkcE",,,"HMfiK9msnxvBpZRTv"
"igZxWeyPJEz6w8P3a",,,"gZKefKr3T7kQ7yZdd"
"ip6p9Mtx78wR2QzxA","[ ""Ramps"" ]",,"SDQzcRxtroyWa7uGB"
"ittxMjNNJraAgZki5",,,"Tnm69CSqqbdHg9obr"
"j6quhCMYd6o7iQrvu","{ ""0"" : ""Ramps"" }","Didn't notice any of this","bEf9GjYAyqAqY3bhw"
"jY88E8vhn59NmuNcq","[ ""Visual aids for the deaf"" ]",,"NY3CpQoLXKGkXkq8b"
"jZqRBu4Me4vEWgKdD",,,"n9gEojJ6K5eKYJ4c2"
"jkofPor4GzXzr4rFj",,,"ojqksxwnmxWXpM8n6"
"jqL5EnDT9Js22mYBm",,,"zpLEh72kC58ryRpxt"
"kLytgr7pZZ8JxkCrK","[ ""Visual aids for the deaf"" ]",,"3XdLNoiuCRA5T5Dfc"
"kPzGauSnTW5xJXykK","[ ""Toilets for the disabled"" ]",,"hBG3H9epZYnScCbtp"
"kRZYt3q84kt59nCvG",,,"ocFaNqXzeBvD5hiAZ"
"kcjSSNqnbPxyM7bGa","[ ""Ramps"" ]",,"ZQvS49GgfM6XNnqij"
"kdLSPZ4tpdMqF3qvK",,"None","3CZM6LyxfbGxQ676w"
"kktCkz4uLSZFfDa5k",,,"5iHufHeS6B2XBsHTB"
"mDYyLhofCSai5oqRt",,,"rRCnvnKF3KB68xQfw"
"mFNvQmvv28GQLfmyy",,,"y8vNYzZpy3A9BHx6W"
"mg6j8zcJHAfRCynXN","[ ""Toilets for the disabled"", ""Visual aids for the deaf"" ]",,"JMwctXTYdunvweNYD"
"mnj6MZFPujzdPqLTi","[ ""Visual aids for the deaf"" ]",,"Dddj3YJBuiuGmAQFQ"
"nD88kREAgT6ksHsCW","[ ""Ramps"" ]",,"METTMMRQRhoWxKdRt"
"nGwP8rsX8tBSC9beK","[ ""Parking for persons with disabilities"" ]",,"5QzLWMPF8grmhh3G5"
"nH5hGpRnftaxcRvE3","[ ""Visual aids for the deaf"" ]",,"BwK89vufnm6iCSJhQ"
"nHPXD8YW3uuiMDZCp","[ ""Ramps"" ]",,"rgipwMLK9skQK2EuA"
"nQbKP7rGrRSqrSoLF",,,"eqJ28tbWRDYX6YPkp"
"nnnktauzA7FneAaAi","[ ""Ramps"", ""Toilets for the disabled"" ]",,"vPSPXjGpC6ABc9Szc"
"nooBzwHKdTax5eL5o",,,"wfdMKsnKg56v7y6uJ"
"oAaA92gsk9bsy8neh",,,"o6KRqZ8m5YyPCmxEu"
"oNbimvrWT5yW6MtNe",,"None","tC7ee9TXmJ8oDEcRe"
"oPH5wfHBkqsdFDLZC","[ ""Ramps"" ]",,"7Lt26udxHfpKtyAwY"
"oh3TDuScYLCAkxrJN","[ ""Toilets for the disabled"" ]",,"srdTLx3pxML3nwKPr"
"p2HeN8SbvDCgF7m7d","[ ""Ramps"" ]",,"q7vvj7t7uptnim45G"
"p8twvo56iTyY9X4Zr",,"None of the above","fkuEy7WKs5HL2NM6z"
"pNs5qCma9KqDQ4kiG","[ ""Ramps"" ]",,"efr9txWNfPHw3AhD7"
"pQRJvrZiNqvtEe6u6",,,"ra2zX3jjBPguj6bc3"
"qbN6YAvnKcc3oiZD5",,"None","KDmkojmtPfcEEQ3vv"
"qzxgvRd5BGptn24Az",,,"MYuCFef7Fjt8yRX8d"
"rCg7YKvenDqbFFkmw","[ ""Ramps"", ""Toilets for the disabled"" ]",,"LrmX8FAuJMKckWE6c"
"rg2zbNkbCFcrcJrXo","[ ""Parking for persons with disabilities"", ""Tactile/Braille signs for the blind"", ""Visual aids for the deaf"" ]",,"XTL9gvLr9S2MmMsjJ"
"rtmqEjT2uN5CBQBqN","[ ""Ramps"" ]",,"S3LbwsmZGkiiekXEX"
"s6rDAnAtTQeGEEK53","[ ""Ramps"", ""Visual aids for the deaf"" ]",,"CoWKa7AHpYehwgjN4"
"sHLSgfLCtP5ruzNqj",,,"HKHTs5NYM9YcNKmA3"
"sM5W2MewcN2sfznCp",,"None","922NEXkq8CZy6PH7L"
"saaj8u2y5aXvyqcRn","[ ""Toilets for the disabled"", ""Visual aids for the deaf"" ]",,"qsXPNNQE3pWkdTbfb"
"sgzxnB3FdhdmE8ky2",,"None","WeXHdZMumEMFyckHq"
"t7wgD269PKSxWRNiQ",,,"MtKWmrDmPtx6hTjXm"
"u7TrGbweTkzKZinZ9","[ ""Visual aids for the deaf"" ]",,"WdTssNZoaRHCT3LMG"
"u9nndnoi9kPv8EBbW","[ ""Visual aids for the deaf"" ]",,"myEbntbNmwtRJAXXn"
"uKgL2mYnt8qpvL62S","[ ""Ramps"", ""Toilets for the disabled"" ]",,"pRKnFJGLubdAiTZEy"
"uQ5ygaYMQSBot627N",,"None","qCqx8rN4JLCHpEwF4"
"v3pxwGpHpP7M9HBRA",,,"bMEYkfLEMjEHiTFux"
"v8RvFmwG2HfN3XxPP",,,"LTccQvtsRbQdnvd4x"
"vFxFTktvLRj3MQkWF",,,"55foHoJLBDfwGwTWD"
"vgWqzhDkNvg2Z9S8S","[ ""Visual aids for the deaf"" ]",,"4zo5MNwbBvTPykbFg"
"wZFJwwPzBZawaCDaW","[ ""Ramps"" ]",,"DwG2tAAFC8W79Ckxx"
"wm3MS22mqhirMDSKQ","[ ""Toilets for the disabled"" ]",,"4avNjjRgrzrEpwKMN"
"x9j2hdmhmX59rQYfM","[ ""Ramps"" ]",,"aQ4BMeoFWmo4HrHqF"
"xbgpi8NMd6zPrjDHp","[ ""Visual aids for the deaf"" ]",,"g6orxjw6EmCqYup83"
"yH3sxjxBtegajrwjv",,,"2rqTjwusZ8tc8nbYt"
"yNbfQpxeFxLYqTv8Z","[ ""Toilets for the disabled"" ]",,"dBu8rGN6ZLKj4rb4e"
"ybuWDCJfDdoeYerJK","[ ""Visual aids for the deaf"" ]",,"fXPmfwBo9N6rx7mLh"
"yqhpH39tN6Wn5ZQpC","[ ""Ramps"" ]",,"Zyuc4wPBmxQPcNyjF"
"yt7CWmDkRshSjv7Ft",,,"RHG8484wnsaqifrig"
"ytfkc7LTqujGHiP6b","[ ""Ramps"" ]",,"x39JZC9Q749pXeEbY"
"z2cqfDCL396R3LBGx",,"None","bHZpmA7SpQzx29CQk"
"zF5QgnAwe3ggwYoq6","[ ""Toilets for the disabled"" ]",,"vZkChYaMACHarXWxC"
"zK6tB36aE3A9Ndeuz","[ ""Visual aids for the deaf"" ]",,"cDYo2z98FGZzNHPMM"
