_id,numberOfSportsFields,availableSports,availableSportsOtherDescription,netballCourtCondition,netballCourtLocation,otherFieldCondition,otherFieldLocation,athleticsFieldCondition,athleticsFieldLocation,hockeyFieldCondition,hockeyFieldLocation,basketballCourtCondition,basketballCourtLocation,tennisCourtCondition,tennisCourtLocation,cricketFieldCondition,cricketFieldLocation,soccerFieldCondition,soccerFieldLocation,rugbyFieldCondition,rugbyFieldLocation,swimmingPoolCondition,swimmingPoolLocation,comment,version_id
"28rX828zY2DCHfHBi","0",,,,,,,,,,,,,,,,,,,,,,,,"eqJ28tbWRDYX6YPkp"
"2A2B4QAu8tLRTxYfD","3","[ ""Netball Court"", ""Tennis Court"", ""Soccer Field"", ""Other"" ]","Volley Ball, Jungle Gym","Average Condition","School’s Own","Poor Condition","Unsure",,,,,,,"Average Condition","School’s Own",,,"Poor Condition","School’s Own",,,,,,"6nyrh8pzbNxMHyu4J"
"2KhcZMEpybcdX8meM",,"[ ""Netball Court"", ""Basketball Court"", ""Tennis Court"", ""Soccer Field"" ]",,"Average Condition",,,,"Poor Condition",,,,"Average Condition",,"Average Condition",,,,"Poor Condition",,,,,,,"o6KRqZ8m5YyPCmxEu"
"2emTyucLKzyjC2B6J",,"[ ""Netball Court"", ""Soccer Field"" ]",,"Average Condition","School’s Own",,,,,,,,,,,,,"Poor Condition","School’s Own",,,,,,"dLHdmSdFbLWF2kJqy"
"2fRT3id8G6o8Mogsq",,"[ ""Athletics Field"", ""Netball Court"", ""Basketball Court"", ""Hockey Field"", ""Tennis Court"", ""Cricket Pitch"", ""Soccer Field"", ""Rugby Field"", ""Swimming Pool"" ]",,,"Other School’s",,,"Unsure","Community Owned",,"Other School’s",,,,"Other School’s",,"Community Owned","Unsure","Community Owned",,"Other School’s","Unsure","Other School’s",,"vPSPXjGpC6ABc9Szc"
"2nBYaiG7tMmH4GPca",,"[ ""Netball Court"" ]",,,"Community Owned",,,,,,,,,,,,,,,,,,,,"2zRbjDBfz4zB8Tv6q"
"37RNCPJGqxJrQxyTy","4","[ ""Athletics Field"", ""Netball Court"", ""Soccer Field"", ""Swimming Pool"" ]",,"Poor Condition",,,,"Poor Condition",,,,,,,,,,"Poor Condition",,,,,"Community Owned",,"6yXgt6quvcZfmQiWf"
"396nJHLybpNiJfEb8","3","[ ""Athletics Field"", ""Netball Court"", ""Soccer Field"" ]",,"Poor Condition","School’s Own",,,"Poor Condition","School’s Own",,,,,,,,,"Poor Condition","School’s Own",,,,,,"q7rLbRb4nxtPxfoSc"
"3JYnbLnupRn8yxadQ","0",,,,,,,,,,,,,,,,,,,,,,,,"JMwctXTYdunvweNYD"
"3dKw34HfRRcpDnKyk",,"[ ""Soccer Field"" ]",,,,,,,,,,,,,,,,"Poor Condition","School’s Own",,,,,,"X4uSNwu6z2y2MdNwA"
"3k4MpaNdL4JMKprXs","2","[ ""Athletics Field"", ""Netball Court"", ""Soccer Field"" ]",,"Good Condition","School’s Own",,,"Poor Condition","School’s Own",,,,,,,,,"Poor Condition","School’s Own",,,,,,"dnFyeB4sC6kfmj2Q6"
"3sf46fEtoAjp5eME4","3","[ ""Athletics Field"", ""Netball Court"", ""Tennis Court"", ""Soccer Field"" ]",,"Good Condition","School’s Own",,,"Average Condition","Community Owned",,,,,"Good Condition","School’s Own",,,"Average Condition","Community Owned",,,,,,"ayNNoGKj3iCnECzSg"
"46sqJ7NGbewStZQD7",,,,,,,,,,,,,,,,,,,,,,,,,"7jdhLaYzWcCtFduQg"
"4FWkFKfjyzewHc8rJ",,"[ ""Soccer Field"" ]",,,,,,,,,,,,,,,,,"Community Owned",,"Community Owned",,,,"QBmBALzw89kwmHz2B"
"4GYPhAW8GE4M7AfCv",,,,,,,,,,,,,,,,,,,,,,,,,"hTroeBPPurCSNxDGe"
"4T6Z6P5gmogh9kCAS","2","{ ""0"" : ""Netball Court"", ""1"" : ""Basketball Court"" }",,"Good Condition","School’s Own",,,,,,,"Good Condition",,,,,,,,,,,,,"XYLgc3p2tmFJ6nGJb"
"54fDie2Hh4wYDCNus","3","[ ""Athletics Field"", ""Netball Court"", ""Soccer Field"" ]",,"Poor Condition","School’s Own",,,"Poor Condition","School’s Own",,,,,,,,,"Poor Condition","School’s Own",,,,,,"e6s5EEf389EeLo6Tz"
"55P6SYzbQW23Srj2g","0",,,,,,,,,,,,,,,,,,,,,,,,"HZFjNDTejF5ga78Sx"
"5DYAhqL8DfPrZaJkn","0",,,,,,,,,,,,,,,,,,,,,,,,"opzRuPL9N8RSzCNsi"
"5GSK5GrB5NsBPTXaB",,,,,,,,,,,,,,,,,,,,,,,,,"ufaeHuMMa97ge5aCK"
"5u4D6ppQgvdhgbYP8",,,,,,,,,,,,,,,,,,,,,,,,,"KYeDjZFEFXobJB7hL"
"66mR5fnQgGGR5moBp","0",,,,,,,,,,,,,,,,,,,,,,,,"ZQvS49GgfM6XNnqij"
"67uoZM4KoiMCqvFpy","0",,,,,,,,,,,,,,,,,,,,,,,,"gZKefKr3T7kQ7yZdd"
"6F9BKPPZYk7ucELPv","1","[ ""Netball Court"" ]",,,,,,,,,,,,,,,,,,,,,,,"8pdqiKPuW9emmvdMA"
"6X7wwfnDnjGtQWQ98","1","[ ""Netball Court"" ]",,"Poor Condition","Unsure",,,,,,,"Poor Condition",,,,,,,,,,,,,"LrmX8FAuJMKckWE6c"
"6YMm5Rocjbp7ioiZ3",,"[ ""Netball Court"" ]",,"Poor Condition","School’s Own",,,,,,,,,,,,,,,,,,,,"95AYoAp6AiYz3KZ2t"
"6bzinkXLfRYKcLB7e","3","[ ""Athletics Field"", ""Netball Court"", ""Cricket Pitch"", ""Soccer Field"" ]",,"Average Condition","School’s Own",,,"Average Condition","School’s Own",,,,,,,"Average Condition","School’s Own","Average Condition","Community Owned",,,,,,"BpGigPup4eyijh28x"
"6dHwSsjyy5MagXJF8","2",,,"Good Condition","School’s Own",,,,,,,"Poor Condition",,"Poor Condition","School’s Own",,,,,,,,,,"zpLEh72kC58ryRpxt"
"6eMrhyzmRB8mX9xX6","2","[ ""Athletics Field"", ""Netball Court"", ""Cricket Pitch"", ""Soccer Field"" ]",,"Average Condition","School’s Own",,,"Unsure","Unsure",,,,,,,"Unsure","Unsure","Average Condition","School’s Own",,,,,,"MYuCFef7Fjt8yRX8d"
"6xAKEDJ95Lazi8gc9",,"[ ""Netball Court"", ""Basketball Court"", ""Tennis Court"", ""Soccer Field"" ]",,"Good Condition","School’s Own",,,,,,,"Good Condition",,"Good Condition","School’s Own",,,"Good Condition","School’s Own",,,,,,"A82Sqxg6dWo9BjRw7"
"7BQWhwmSAEFS6gSGk","1","[ ""Soccer Field"" ]",,,,,,,,,,,,,,,,"Poor Condition","School’s Own",,,,,,"EyHGQ2ctZRGcPQ4Lc"
"7vNcxpMgEo9Y28YD2","3","[ ""Athletics Field"", ""Netball Court"", ""Soccer Field"" ]",,"Poor Condition","Community Owned",,,"Poor Condition","Community Owned",,,,,,,,,,"Community Owned",,,,,,"AHHiQixZscHdnSQpM"
"8WpnMQXnQGJC2MAbs","1","[ ""Netball Court"" ]",,"Average Condition","School’s Own",,,,,,,,,,,,,,,,,,,,"hk4XMrnHxTastfL7s"
"8XP48edKPwThdBSXG",,,,,,,,,,,,,,,,,,,,,,,,,"GaE7jrBwPxNR4AK72"
"8YCF2kM6DQHrh655q","2","[ ""Netball Court"", ""Soccer Field"" ]",,"Good Condition","School’s Own",,,,,,,,,,,,,"Good Condition","School’s Own",,,,,,"qqTGPEnmDQRrarBSw"
"8axT9SmHv7CKbohQZ",,,,,,,,,,,,,,,,,,,,,,,,,"uvAsG8PGNZNED5pxz"
"8nGWiKw5v87rJhXfu",,"[ ""Athletics Field"", ""Netball Court"", ""Tennis Court"", ""Cricket Pitch"", ""Soccer Field"" ]",,"Good Condition","School’s Own",,,"Good Condition","Community Owned",,,,,"Good Condition","School’s Own","Good Condition","School’s Own","Good Condition","School’s Own",,,,,,"qYqekSfSRExjXJrGM"
"8oDmM4TPE9bSCgJsk","1","[ ""Athletics Field"", ""Other"" ]",,,,,,"Poor Condition","School’s Own",,,,,,,,,,,,,,,,"yuLFP8PQcXB6aAAm6"
"8szgtng2N663nG88w","2","[ ""Netball Court"", ""Tennis Court"", ""Soccer Field"" ]",,"Poor Condition","School’s Own",,,,,,,,,"Poor Condition","School’s Own",,,"Poor Condition","School’s Own",,,,,,"4F5Qwq5cmL34WsvHP"
"9icgpRoDrJ4LyC6ni","2","[ ""Netball Court"", ""Tennis Court"" ]",,"Unsure","Unsure",,,,,,,,,"Unsure","Unsure",,,,,,,,,,"MYybcL4ntNLDfPjZt"
"9kYpeoyiwNrd6kBTY","6","[ ""Athletics Field"", ""Netball Court"", ""Cricket Pitch"", ""Soccer Field"", ""Rugby Field"" ]",,"Good Condition","School’s Own",,,"Good Condition","School’s Own",,,,,,,"Poor Condition","School’s Own","Good Condition","School’s Own","Good Condition","School’s Own",,,,"J8iGazpt3MwprEvbp"
"9rvDZoTq2TBBqAcAh","0",,,,,,,,,,,,,,,,,,,,,,,,"y3Rzmw2pDYqioZ8WC"
"9zLYr2Y2kbhCTmZN9","0",,,,,,,,,,,,,,,,,,,,,,,,"dmcSwWf7Zcge6eHR8"
"A3LveaJPsEvReasZw","5","[ ""Athletics Field"", ""Netball Court"", ""Cricket Pitch"", ""Soccer Field"", ""Rugby Field"" ]",,"Poor Condition","School’s Own",,,"Poor Condition","School’s Own",,,,,,,"Poor Condition","School’s Own","Poor Condition","School’s Own","Poor Condition","School’s Own",,,,"u2mAvGSYipuFCETW2"
"A5RWqo2eiBcrL3i6A","2","[ ""Basketball Court"", ""Rugby Field"" ]",,,,,,,,,,"Poor Condition",,,,,,,,"Poor Condition","School’s Own",,,,"cDYo2z98FGZzNHPMM"
"A7zW9JbfYJXpdXmEA","2","[ ""Netball Court"", ""Soccer Field"" ]",,"Good Condition","School’s Own",,,,,,,,,,,,,"Good Condition","School’s Own",,,,,,"8Q8hLajqT7vMWrbeA"
"AEYA5n9Fv7LrijF42","1","[ ""Netball Court"" ]",,"Average Condition","School’s Own",,,,,,,,,,,,,,,,,,,,"LZ7sJWsXTML9asLdD"
"Acqm9HDaEPb5hXtZu",,"[ ""Netball Court"", ""Soccer Field"" ]",,"Poor Condition","School’s Own",,,,,,,,,,,,,"Poor Condition","School’s Own",,,,,,"LJC3JBYxgkbi8GzAP"
"An49osWg2gS3FZXvB","0",,,,,,,,,,,,,,,,,,,,,,,,"3XdLNoiuCRA5T5Dfc"
"At7rREq9MaP7C7PhY",,"[ ""Netball Court"", ""Cricket Pitch"", ""Soccer Field"", ""Other"" ]",,"Poor Condition","Unsure","Poor Condition","Unsure",,,,,,,,,"Poor Condition","Unsure","Poor Condition","Unsure",,,,,,"Qmhp6bLYHrRTc42wc"
"AwnMDhRd67g8dMTDF","0",,,,,,,,,,,,,,,,,,,,,,,,"gZKefKr3T7kQ7yZdd"
"Axzbb4f7er6Sgyxo8",,"[ ""Athletics Field"", ""Netball Court"", ""Soccer Field"", ""Other"" ]",,"Average Condition","School’s Own",,,"Average Condition","School’s Own",,,,,,,,,"Good Condition","School’s Own",,,,,,"vZkChYaMACHarXWxC"
"B3DJARy79KZmocj7t","6","{ ""0"" : ""Athletics Field"", ""1"" : ""Netball Court"", ""2"" : ""Cricket Pitch"", ""3"" : ""Soccer Field"", ""4"" : ""Rugby Field"", ""5"" : ""Other"" }","Volleyball","Good Condition","School’s Own",,,"Good Condition","School’s Own",,,,,,,"Poor Condition","School’s Own","Good Condition","School’s Own","Good Condition","School’s Own",,,,"J8iGazpt3MwprEvbp"
"BCfcwPnLBYhMhqWo7","4","[ ""Athletics Field"", ""Netball Court"", ""Basketball Court"", ""Tennis Court"" ]",,"Average Condition","School’s Own",,,,"Community Owned",,,"Average Condition",,"Average Condition","School’s Own",,,,,,,,,,"EtHDHYs97BCxasggi"
"BKx8TMnnHsKRbQFva",,"[ ""Netball Court"" ]",,"Good Condition","School’s Own",,,,,,,,,,,,,,,,,,,,"7Lt26udxHfpKtyAwY"
"BX3eAhDMNKP9kwAeQ","1","[ ""Soccer Field"" ]",,,,,,,,,,,,,,,,"Average Condition","Community Owned",,,,,,"sXauHMaoiXsoSamWK"
"Be9X7qb9k627mBTa3",,"[ ""Netball Court"", ""Soccer Field"" ]",,"Unsure","Unsure",,,,,,,,,,,,,"Unsure","Unsure",,,,,,"WdTssNZoaRHCT3LMG"
"ByMQHmy8dTsQ8x6he","2","[ ""Athletics Field"", ""Soccer Field"" ]",,,,,,"Good Condition","School’s Own",,,,,,,,,"Good Condition","School’s Own",,,,,,"ocFaNqXzeBvD5hiAZ"
"C4ZHssT8H4FakdCaQ",,,,,,,,,,,,,,,,,,,,,,,,,"LD7hazozFmAuLNBgP"
"CGTCNzZjLjdYeTj6u","1","[ ""Soccer Field"" ]",,,,,,,,,,,,,,,,"Poor Condition",,,,,,,"Sa8QfeRArxjpbStqt"
"CaYxuR6yD7D3mjEtT","2","[ ""Netball Court"", ""Cricket Pitch"", ""Soccer Field"" ]",,"Poor Condition","School’s Own",,,,,,,,,,,"Average Condition","School’s Own","Poor Condition","School’s Own",,,,,,"7sAKJvmox8vK6GJBv"
"D64XZpjuj4a6JeAva",,,,,,,,,,,,,,,,,,,,,,,,,"SDQzcRxtroyWa7uGB"
"DfZGmQ5en5qyH9Y2g","2","[ ""Athletics Field"", ""Netball Court"", ""Soccer Field"" ]",,"Average Condition","School’s Own",,,"Average Condition","School’s Own",,,,,,,,,"Average Condition","School’s Own",,,,,,"7qkXEP7zRNRG2EXxW"
"EJ6Ksza5JNuQMacQg",,"[ ""Netball Court"", ""Soccer Field"" ]",,"Average Condition","School’s Own",,,,,,,,,,,,,"Poor Condition","School’s Own",,,,,,"xuTGawqPYaYusxnm8"
"EbN8F8NtYx5MkkfsM","3","[ ""Netball Court"", ""Tennis Court"", ""Soccer Field"" ]",,"Good Condition","School’s Own",,,,,,,,,"Good Condition","School’s Own",,,"Average Condition","School’s Own",,,,,,"ZrghZT93L2bSWSofg"
"EgYjkNJf6beEdbPLh","3","[ ""Athletics Field"", ""Cricket Pitch"", ""Soccer Field"", ""Rugby Field"" ]",,,,,,"Poor Condition","Community Owned",,,,,,,"Poor Condition","Community Owned","Poor Condition","Community Owned","Poor Condition","Community Owned",,,,"WeXHdZMumEMFyckHq"
"Ek2pZdKcZr7AsruiK","4","[ ""Athletics Field"", ""Netball Court"", ""Cricket Pitch"", ""Soccer Field"" ]",,"Poor Condition","School’s Own",,,"Poor Condition","Community Owned",,,,,,,"Poor Condition","School’s Own","Poor Condition","Community Owned",,,,,,"Gfj3WRS3Y8w4dmyph"
"FD6t84jLE7MuSLhPb",,"[ ""Athletics Field"", ""Netball Court"", ""Soccer Field"" ]",,"Poor Condition",,,,"Poor Condition",,,,,,,,,,"Poor Condition",,,,,,,"eaN2HpTXfZTyuJHLY"
"FDkW5qXykuS29XFkr","1","[ ""Rugby Field"" ]",,,,,,,,,,,,,,,,,,"Poor Condition",,,,,"Qzm8u4imxajBRWLE5"
"FFBL3D5Y76jN6vYKj","1","[ ""Netball Court"", ""Basketball Court"", ""Rugby Field"" ]",,"Average Condition","School’s Own",,,,,,,"Average Condition",,,,,,,,,,,,,"qs4DrHmATWN59Tptg"
"FK2NXMxweG2HiqHD6",,"[ ""Netball Court"", ""Basketball Court"" ]",,"Average Condition","School’s Own",,,,,,,"Average Condition",,,,,,,,,,,,,"esLPjFoMCrf7aGwqS"
"FfShxoCYzHuEHdrFi","1","[ ""Athletics Field"", ""Soccer Field"" ]",,,,,,"Average Condition",,,,,,,,,,"Average Condition",,,,,,,"g6orxjw6EmCqYup83"
"FrGBukMEkQDKz3uis","2","[ ""Athletics Field"", ""Netball Court"", ""Soccer Field"", ""Rugby Field"" ]",,"Poor Condition","School’s Own",,,"Poor Condition","School’s Own",,,,,,,,,"Poor Condition","Community Owned","Poor Condition","Community Owned",,,,"922NEXkq8CZy6PH7L"
"GBjHiq9v283wAhS8N","4","[ ""Athletics Field"", ""Netball Court"", ""Tennis Court"", ""Soccer Field"" ]",,"Good Condition","School’s Own",,,"Good Condition","School’s Own",,,,,"Good Condition","School’s Own",,,"Good Condition","School’s Own",,,,,,"GdT4e3QnaH2fX4vAA"
"GXhhLC9g6TZjv2jRY","0",,,,,,,,,,,,,,,,,,,,,,,,"Dddj3YJBuiuGmAQFQ"
"GtKtMeMdRKtmmvbGR","2","[ ""Athletics Field"", ""Netball Court"", ""Tennis Court"", ""Soccer Field"", ""Other"" ]","Chess","Good Condition","School’s Own",,,"Good Condition","School’s Own",,,,,"Good Condition",,,,,,,,,,,"XTL9gvLr9S2MmMsjJ"
"H64pCiQpjyaM6PTet","1","[ ""Netball Court"" ]",,"Good Condition","School’s Own",,,,,,,,,,,,,,,,,,,,"hBG3H9epZYnScCbtp"
"HFrLTnr3bXAdNmruN","1","[ ""Athletics Field"" ]",,,,,,"Poor Condition","Community Owned",,,,,,,,,,,,,,,,"giGaTXuXxZQxCGaMd"
"HJnnbfsorX3Bi8XuD",,,,,,,,,,,,,,,,,,,,,,,,,"bAExKd8RN5BhHzb3z"
"HLQGqFLJ9PyDoMqoC","1","[ ""Athletics Field"", ""Netball Court"", ""Soccer Field"" ]",,"Average Condition","School’s Own",,,"Average Condition","School’s Own",,,,,,,,,"Average Condition","School’s Own",,,,,,"r5bdwdb45e7jr6JZB"
"JEnzt7PsBY88TYb9R","0",,,,,,,,,,,,,,,,,,,,,,,,"HZFjNDTejF5ga78Sx"
"JhvcJ9FK6RYH4Eb5j","2","[ ""Netball Court"", ""Basketball Court"" ]",,"Unsure","School’s Own",,,,,,,"Unsure",,,,,,,,,,,,,"qsXPNNQE3pWkdTbfb"
"JpfoL3yCZCnAykq7n","5","[ ""Athletics Field"", ""Netball Court"", ""Basketball Court"", ""Tennis Court"" ]",,,,,,"Average Condition",,,,,,,,,,,,,,,,,"LTccQvtsRbQdnvd4x"
"JwmLFk73XfjsyGn72","0",,,,,,,,,,,,,,,,,,,,,,,,"tdRzrm36MQJ2raFea"
"K6bsu2vg9NyXaTFxT","2","[ ""Athletics Field"", ""Cricket Pitch"", ""Rugby Field"", ""Swimming Pool"" ]",,,,,,,,,,,,,,,,,,,,,,,"93KanXF8i8wGs4YKw"
"KpJzgudEGcWwmyLKB",,,,,,,,,,,,,,,,,,,,,,,,,"Rvf9JkpRBRozBsyiq"
"KuLC6irRYnmF6yL6Z","2","[ ""Athletics Field"", ""Netball Court"", ""Cricket Pitch"", ""Soccer Field"" ]",,"Poor Condition","School’s Own",,,,,,,,,,,"Average Condition","Community Owned","Average Condition","Community Owned",,,,,,"SeRiR2xnt35DWtRzX"
"M4hMuZG9XbRBLXkZv","2","[ ""Netball Court"" ]",,,,,,,,,,,,,,,,,,,,,,,"qqTGPEnmDQRrarBSw"
"MMbPSjB9sA4AcZEAK","3","[ ""Athletics Field"", ""Netball Court"", ""Soccer Field"" ]",,"Poor Condition","School’s Own",,,"Poor Condition","Community Owned",,,,,,,,,"Average Condition","Community Owned",,,,,,"tC7ee9TXmJ8oDEcRe"
"MXEtgfjno9mQib66S","1","[ ""Netball Court"", ""Basketball Court"" ]",,"Poor Condition","Unsure",,,,,,,"Poor Condition",,,,,,,,,,,,,"gpABZNKAeZxGARLNE"
"MXrF6sZQWKDJnbKX6","4","[ ""Netball Court"", ""Basketball Court"", ""Soccer Field"", ""Rugby Field"" ]",,"Average Condition","School’s Own",,,,,,,"Average Condition",,,,,,"Average Condition","School’s Own","Average Condition","School’s Own",,,,"ojqksxwnmxWXpM8n6"
"MeQ8aC4xf6MTPAkWc","1","[ ""Athletics Field"", ""Netball Court"", ""Soccer Field"" ]",,"Average Condition","School’s Own",,,"Average Condition","School’s Own",,,,,,,,,"Average Condition","School’s Own",,,,,,"g6orxjw6EmCqYup83"
"NKjQpWCwyFRfJgfLG","2","[ ""Netball Court"" ]",,"Average Condition","School’s Own",,,,,,,,,,,,,,,,,,,,"sfN5HAvKti5hRvPxZ"
"NLufhqc5gmk8wcRDQ",,"[ ""Netball Court"", ""Soccer Field"" ]",,"Poor Condition","School’s Own",,,,,,,,,,,,,"Average Condition","Community Owned",,,,,,"aMRD37JGNEmrz9FZ9"
"NZh59xFthwPGwPbBK","1","[ ""Soccer Field"" ]",,,,,,,,,,,,,,,,"Poor Condition","School’s Own",,,,,,"qCqx8rN4JLCHpEwF4"
"Ncd6bzyxaxa4T4WYC",,,,,,,,,,,,,,,,,,,,,,,,,"Kqq9XsRqsRQM6PjGn"
"NoGXs9nDMGvu4FYgg","4","[ ""Athletics Field"", ""Netball Court"", ""Basketball Court"", ""Soccer Field"" ]",,"Poor Condition","Unsure",,,"Poor Condition","Unsure",,,"Poor Condition",,,,,,"Poor Condition","Unsure","Poor Condition",,,,,"5iHufHeS6B2XBsHTB"
"PWNSt97jyvXJBwGzj","2","[ ""Athletics Field"", ""Netball Court"", ""Basketball Court"", ""Tennis Court"", ""Cricket Pitch"", ""Soccer Field"" ]",,"Average Condition","School’s Own",,,"Poor Condition",,,,"Average Condition",,"Poor Condition","School’s Own",,,"Poor Condition","School’s Own",,,,,,"3tbjfT8zZ2fPGfiwc"
"PgTqJawQmM86GydeX","0",,,,,,,,,,,,,,,,,,,,,,,,"ZQpQXXcpAjvZC2ony"
"PkH7muyTFEKddndxL",,"[ ""Athletics Field"", ""Netball Court"" ]",,"Poor Condition","School’s Own",,,,"Community Owned",,,,,,,,,,,,,,,,"drsWF9n9G7CxbrANB"
"PuW5ECCoaDWgJsq8N","2","[ ""Netball Court"", ""Soccer Field"" ]",,"Average Condition",,,,,,,,,,,,,,"Average Condition",,,,,,,"MrCRY4JkG2RtXRzjf"
"PujR9kCTXJsgNxpC3","2","[ ""Netball Court"", ""Swimming Pool"" ]",,"Poor Condition","School’s Own",,,,,,,,,,,,,"Poor Condition","Community Owned",,,"Poor Condition","Community Owned",,"uiiC6LpdXHBickDqX"
"QCpBKmavTkM3CnoTF",,"[ ""Cricket Pitch"", ""Soccer Field"", ""Rugby Field"" ]",,,,,,,,,,,,,,"Poor Condition","School’s Own","Poor Condition","School’s Own","Poor Condition","School’s Own",,,,"CoWKa7AHpYehwgjN4"
"QK6TA2ytw29d8PY8H","3","{ ""0"" : ""Athletics Field"", ""1"" : ""Netball Court"", ""2"" : ""Soccer Field"" }",,"Good Condition",,,,"Average Condition",,,,,,,,,,"Good Condition",,,,,,,"g2zngXhSLP6Xe7qtg"
"QbkjKRxY4Y9ZjbffC","0",,,,,,,,,,,,,,,,,,,,,,,,"tkbM3Jp4KjPx4H5qC"
"QyNWee3L9iSeWwGJK","3","[ ""Athletics Field"", ""Netball Court"", ""Soccer Field"" ]",,"Good Condition","School’s Own",,,"Good Condition","School’s Own",,,,,,,,,"Good Condition","School’s Own",,,,,,"BL89Y49hLjtAgtj9C"
"RN3pkbYvHyhLJbKtK",,"[ ""Athletics Field"", ""Netball Court"", ""Soccer Field"" ]",,"Good Condition","Unsure",,,"Average Condition","Unsure",,,,,,,,,"Good Condition","Unsure",,,,,,"eiaeXipXaywPNGZ7X"
"Rve8kfdXTFdhst9fR","4","[ ""Netball Court"", ""Basketball Court"", ""Soccer Field"", ""Rugby Field"" ]",,"Average Condition","Community Owned",,,,,,,"Poor Condition",,,,,,"Poor Condition","School’s Own","Poor Condition","School’s Own",,,,"tDKj5hfjzok3tbGs9"
"SFdpCKe3tJoxTLbsH",,"[ ""Tennis Court"" ]",,,,,,,,,,,,"Good Condition",,,,,,,,,,,"FEAD8jBu7LbHezy2j"
"SGDBmienwtHoZZDsZ",,"[ ""Netball Court"", ""Basketball Court"" ]",,"Poor Condition",,,,,,,,"Poor Condition",,,,,,,,,,,,,"pamnvbjX3nHtQtv4D"
"SLNrG9i9ubHfAGfYq",,"[ ""Netball Court"", ""Basketball Court"" ]",,"Good Condition","School’s Own",,,,,,,"Good Condition",,,,,,,,,,,,,"JeGKrkaqdgboxbxAd"
"SMBg88AGakAd6aHuu",,"[ ""Netball Court"", ""Basketball Court"" ]",,"Poor Condition","School’s Own",,,,,,,"Poor Condition",,,,,,,,,,,,,"ZgR4zqFothSycL9hz"
"SP8KHZa8yFAxRmk5Q",,"[ ""Netball Court"", ""Soccer Field"" ]",,"Poor Condition",,,,,,,,,,,,,,,,,,,,,"pRKnFJGLubdAiTZEy"
"SgsijPvjbyLbeWmYf","0",,,,,,,,,,,,,,,,,,,,,,,,"A7HS55Lmpv7eWduhv"
"Te35DxpxnCGi4s575",,"[ ""Netball Court"", ""Cricket Pitch"", ""Soccer Field"" ]",,"Average Condition","School’s Own",,,,,,,,,,,"Unsure","Community Owned","Unsure","School’s Own",,,,,,"E7KSgcfSqaoDb5BEE"
"TuFNGScqXjeR97gPk","1","[ ""Soccer Field"" ]",,,,,,,,,,,,,,,,"Poor Condition",,,,,,,"6ZNqRnThWfJTjmtzh"
"TwTn72gG85cHJhuoW","2","[ ""Athletics Field"", ""Basketball Court"", ""Tennis Court"", ""Soccer Field"" ]",,,,,,"Good Condition","School’s Own",,,"Good Condition",,"Good Condition","School’s Own",,,"Good Condition","School’s Own",,,,,,"3uXaw9N4tJkFZKXSt"
"W2ymkjbBWXtmCHYg9","0",,,,,,,,,,,,,,,,,,,,,,,,"NY3CpQoLXKGkXkq8b"
"WmaPR78zcWaSXGyRk",,"[ ""Athletics Field"", ""Netball Court"", ""Basketball Court"", ""Tennis Court"", ""Soccer Field"" ]",,"Good Condition","School’s Own",,,"Good Condition","School’s Own",,,"Good Condition",,"Good Condition","School’s Own",,,"Good Condition","School’s Own",,,,,,"Acd6f7D8RbhpthZHN"
"WuJG9ZSXsRsTrk5EZ","0",,,,,,,,,,,,,,,,,,,,,,,,"8TjXzm5mqedTkvZ5n"
"Wv53StotsmP6KfSe6",,"[ ""Netball Court"", ""Cricket Pitch"", ""Soccer Field"" ]",,,,,,,,,,,,,,"Average Condition",,"Good Condition",,,,,,,"6cFA5fAxPtQzaP5bz"
"WwaJP3BErGyg3WhCZ",,"[ ""Netball Court"" ]",,"Poor Condition",,,,,,,,,,,,,,,,,,,,,"ra2zX3jjBPguj6bc3"
"WzubEo54cL79kgfyr","2","[ ""Basketball Court"", ""Tennis Court"" ]",,,,,,,,,,"Poor Condition",,"Poor Condition",,,,,,,,,,,"bPfY5thaXn4EAdkXw"
"X8MebAT4PYXaGr96m","1","[ ""Netball Court"", ""Soccer Field"" ]",,"Poor Condition","School’s Own",,,,,,,,,,,,,"Poor Condition","School’s Own",,,,,,"jR3LMPDnnHi7xvLcp"
"Xdot2SYkmmDDdHP3X",,,,,,,,,,,,,,,,,,,,,,,,,"6XmRH2cDbjXJd8Zri"
"XkLczzZJTHM7KkX2u","2","[ ""Netball Court"", ""Cricket Pitch"" ]",,"Poor Condition","School’s Own",,,,,,,,,,,"Poor Condition","School’s Own",,,,,,,,"YLYWLt3BFmbGuRHBQ"
"XkPWdT2h8DpkkKhvv",,"[ ""Athletics Field"", ""Netball Court"", ""Soccer Field"" ]",,"Poor Condition",,,,,"Community Owned",,,,,,,,,,"Community Owned",,,,,,"sfgS3CrJFoTBvFQ72"
"Xxin8GagT7TiER9GS","0",,,,,,,,,,,,,,,,,,,,,,,,"r8FrZJWZGiB9zPmmc"
"Y5u5CTjxtak6vBpZL",,"[ ""Netball Court"", ""Basketball Court"", ""Hockey Field"", ""Rugby Field"" ]",,"Poor Condition","Community Owned",,,,,"Good Condition",,"Average Condition",,,,,,,,,,,,,"siZhhkH29MMEnswvu"
"Yss7w96u2QPeerP77","3","[ ""Athletics Field"", ""Netball Court"", ""Soccer Field"" ]",,"Poor Condition","School’s Own",,,"Good Condition","Community Owned",,,,,,,,,"Poor Condition","School’s Own",,,,,,"HMfiK9msnxvBpZRTv"
"ZC55y6bt6SyrxT7v9","2","[ ""Netball Court"", ""Soccer Field"" ]",,"Average Condition","School’s Own",,,,,,,,,,,,,"Average Condition","School’s Own",,,,,,"n9gEojJ6K5eKYJ4c2"
"ZDiNkBAKXgGocao7P",,"[ ""Athletics Field"", ""Soccer Field"" ]",,,,,,,"School’s Own",,,,,,,,,"Poor Condition",,,,,,,"NTo8EK8jnLkjB93Hd"
"ZFFJ7Jqdp6dfeaTRW",,"[ ""Cricket Pitch"", ""Soccer Field"" ]",,,,,,,,,,,,,,"Poor Condition","Unsure","Poor Condition","Unsure",,,,,,"y8vNYzZpy3A9BHx6W"
"ZFvjjHbWe38sZF4DL","0",,"It an open field used for different sports",,,"Poor Condition","Other School’s",,,,,,,,,,,,,,,,,,"2G6DH4Aiu8dpRQyrD"
"ZbvZZBWbtzNFXa9JJ","3","[ ""Athletics Field"", ""Netball Court"", ""Cricket Pitch"", ""Soccer Field"" ]",,"Poor Condition","School’s Own",,,"Average Condition","Community Owned",,,,,,,"Poor Condition","School’s Own","Average Condition","Community Owned",,,,,,"68f6ufafjEtTD87dK"
"ZcLdtZ45aeXDJD36A","4","[ ""Athletics Field"", ""Netball Court"", ""Basketball Court"", ""Tennis Court"" ]",,"Average Condition",,,,"Average Condition","Community Owned",,,,,,,,,,,,,,,,"EtHDHYs97BCxasggi"
"ZdZibydvXA3f9FwvA","2","[ ""Netball Court"", ""Basketball Court"", ""Tennis Court"", ""Soccer Field"", ""Rugby Field"" ]",,"Average Condition","School’s Own",,,,,,,"Average Condition",,"Average Condition","School’s Own",,,"Poor Condition","School’s Own","Poor Condition","School’s Own",,,,"DwG2tAAFC8W79Ckxx"
"ZmeRaDQNxi4xHNbYZ","1","[ ""Netball Court"" ]",,"Poor Condition","School’s Own",,,,,,,,,,,,,,,,,,,,"KrNZ7H2XmHuPpHRrN"
"ZsDkAsMYB85X6Fdpp",,"[ ""Netball Court"", ""Basketball Court"", ""Other"" ]","v0lly ball","Average Condition","School’s Own","Poor Condition","Unsure",,,,,"Average Condition",,,,,,,,,,,,,"eg2P5ZFGTcwctmdcA"
"afNBHCz2s4wwA8waQ","1","[ ""Netball Court"" ]",,"Poor Condition","School’s Own",,,,,,,,,,,,,,,,,,,,"tMjiiRvEEAsNmSJGx"
"bLCGYYyGwChigtexs","0",,,,,,,,,,,,,,,,,,,,,,,,"Q2SemXMcpEX5NfYsD"
"bTGJhoLHGwuDDLoKo",,,,,,,,,,,,,,,,,,,,,,,,,"eJm4RDeLanTZcKgeN"
"bbCxF7oD8zGgzYFCH","1","[ ""Netball Court"", ""Other"" ]",,"Good Condition","School’s Own","Good Condition","School’s Own",,,,,,,,,,,,,,,,,,"6iixm3MYropadAMjX"
"bbTsqnYSYRPQQ4PmF",,"[ ""Tennis Court"", ""Other"" ]",,,,"Average Condition","School’s Own",,,,,,,"Poor Condition","School’s Own",,,,,,,,,,"k652o58moXsybbDfm"
"bmrn7mfottBERWik2","4","[ ""Athletics Field"", ""Netball Court"", ""Hockey Field"", ""Soccer Field"" ]",,"Poor Condition","School’s Own",,,"Poor Condition","School’s Own","Average Condition","Community Owned",,,,,,,"Poor Condition","School’s Own",,,,,,"bEf9GjYAyqAqY3bhw"
"bx55msdb8xMbkZ8uY","2","[ ""Netball Court"", ""Basketball Court"", ""Soccer Field"" ]",,,"School’s Own",,,,,,,,,,,,,,"Community Owned",,,,,,"4z6ESappfnPWNQ98D"
"cTnDD6CvLKSuPvtSS","2","[ ""Netball Court"", ""Basketball Court"" ]",,"Poor Condition",,,,,,,,"Poor Condition",,,,,,,,,,,,,"pqm6NksjcwAhrDwyH"
"dCnx3FMwfA6FPhdpz","0",,,,,,,,,,,,,,,,,,,,,,,,"mu6wNPMzZ754NLLnE"
"dEagogZeEqJdkMtrw","2","[ ""Netball Court"", ""Soccer Field"" ]",,"Poor Condition","School’s Own",,,,,,,,,,,,,"Poor Condition","School’s Own",,,,,,"yAYPTyMxnk5pj2zT9"
"dRRGgRheZiq78uTgd",,"[ ""Athletics Field"", ""Netball Court"" ]",,"Poor Condition","School’s Own",,,"Poor Condition","School’s Own",,,,,,,,,,,,,,,,"5QzLWMPF8grmhh3G5"
"dko2Rkj9FAkWdvZWW",,"[ ""Netball Court"", ""Soccer Field"", ""Other"" ]","Volley ball","Average Condition",,"Poor Condition",,,,,,,,,,,,"Average Condition",,,,,,,"Sue8DWeGKHPKAyQBi"
"e2vAGE5e39fJf98C8",,"[ ""Netball Court"" ]",,"Good Condition","School’s Own",,,,,,,,,,,,,,,,,,,,"kY8pdvG9t8eN5CY4h"
"e8fuLi3oT4PdyZrKY","3","[ ""Netball Court"", ""Basketball Court"", ""Soccer Field"" ]",,"Average Condition","School’s Own",,,,,,,"Average Condition",,,,,,"Average Condition","School’s Own",,,,,,"S3LbwsmZGkiiekXEX"
"ehG5NhSDyAeECs4ay","3","[ ""Netball Court"", ""Cricket Pitch"", ""Soccer Field"", ""Swimming Pool"", ""Other"" ]","Vollyball","Poor Condition","Community Owned","Poor Condition","Community Owned",,,,,,,,,"Poor Condition","Community Owned","Poor Condition","Community Owned",,,"Average Condition","Unsure",,"q7vvj7t7uptnim45G"
"enskf2BFPd3Rytobp","4","[ ""Netball Court"", ""Soccer Field"" ]","Volleyball and Handball courts","Average Condition","Community Owned","Average Condition","Community Owned",,,,,,,,,,,"Average Condition","Community Owned",,,,,,"srdTLx3pxML3nwKPr"
"ery2rs8Xr9CQMPB8T",,,,,,,,,,,,,,,,,,,,,,,,,"FkDMg4ekjDHWExDuv"
"f7RxHLR4j5xPBpNxA","0",,,,,,,,,,,,,,,,,,,,,,,,"FpTsqHm4D3ttwK8dY"
"fKMYJ5s6NfdhpfLkz",,"[ ""Netball Court"" ]",,"Poor Condition","School’s Own",,,,,,,,,,,,,,,,,,,,"HE7QyZrdjZD4TwigW"
"gLupaWNL3caC2nC4N","2","[ ""Netball Court"", ""Basketball Court"", ""Soccer Field"" ]",,"Poor Condition","School’s Own",,,,,,,"Poor Condition",,,,,,,"Community Owned",,,,,,"ZNXsgBEk2evJkTYso"
"gsWHCSJk7NcGZDmtE",,,,,,,,,,,,,,,,,,,,,,,,,"Zyuc4wPBmxQPcNyjF"
"hKaNrkYM9C56k4ZR2","1","[ ""Swimming Pool"" ]",,,,,,,,,,,,,,,,,,,,"Average Condition","Community Owned",,"mobhBo8uKGxkvNsjR"
"hMzqxADPbKNHXnp4R","3","[ ""Athletics Field"", ""Netball Court"", ""Soccer Field"" ]",,"Average Condition","School’s Own",,,"Average Condition","Community Owned",,,,,,,,,"Average Condition","Community Owned",,,,,,"H2wSN9EFbKzeSGjCh"
"hc26QAttSJcFBEf7q","2","[ ""Netball Court"", ""Soccer Field"" ]",,"Average Condition","School’s Own",,,,,,,,,,,,,"Average Condition","School’s Own",,,,,,"rRCnvnKF3KB68xQfw"
"hgv6H3gHsGPie4x6J","1","[ ""Other"" ]","Open field",,,"Poor Condition","Community Owned",,,,,,,,,,,,,,,,,,"fkuEy7WKs5HL2NM6z"
"hpCaNCaivFiaaybsa","0",,,,,,,,,,,,,,,,,,,,,,,,"wfdMKsnKg56v7y6uJ"
"i6t7ZKsftPzXYiZmx",,"[ ""Netball Court"", ""Basketball Court"", ""Tennis Court"" ]",,"Average Condition","School’s Own",,,,,,,"Average Condition",,"Average Condition","School’s Own",,,,,,,,,,"RHG8484wnsaqifrig"
"iCWkEjmhtaek7RPtf","0",,,,,,,,,,,,,,,,,,,,,,,,"SNuf4DBJszmQrAzS4"
"iZrPnHLLSWPZEm7rz","3","[ ""Athletics Field"", ""Netball Court"", ""Basketball Court"" ]",,"Poor Condition",,,,"Poor Condition",,,,"Poor Condition",,,,,,,,,,,,,"gPuKrSrjRHYQAhofp"
"j7RK6WmpHFKRsgbZM","0",,,,,,,,,,,,,,,,,,,,,,,,"XKxt23fR8Fujkyiim"
"jFYpoC39gyxovpFvi","0",,,,,,,,,,,,,,,,,,,,,,,,"LBujyFwCgPkGzWSZy"
"jPpAssqpzbWfndAk9","3","[ ""Athletics Field"" ]",,,,,,,,,,,,,,,,,,,,,,,"q7rLbRb4nxtPxfoSc"
"jXNpRQFwkz8Hj5tQq","0",,,,,,,,,,,,,,,,,,,,,,,,"EbrJ8dHAyrQTpSaNj"
"jcNZkLqTaXJKWb42Y","4","[ ""Netball Court"", ""Cricket Pitch"", ""Soccer Field"", ""Other"" ]","CHESS","Poor Condition","School’s Own","Good Condition","School’s Own",,,,,,,,,"Poor Condition","Community Owned","Poor Condition","Community Owned",,,,,,"bf5Ltec4dXsz7pEX9"
"kFTfNoGozNtcL5HZn","5","[ ""Athletics Field"", ""Netball Court"", ""Basketball Court"", ""Cricket Pitch"", ""Soccer Field"" ]",,"Poor Condition","School’s Own",,,"Average Condition","Community Owned",,,"Average Condition",,,,"Poor Condition","School’s Own","Poor Condition","School’s Own",,,,,,"LTccQvtsRbQdnvd4x"
"kQtxCoaXYsGYzqyff","0",,,,,,,,,,,,,,,,,,,,,,,,"jSDZSbr7cMPKgibe7"
"kZJYTriYBeh8BSytD","0",,,,,,,,,,,,,,,,,,,,,,,,"syBSsyuaG3J2rk8ky"
"kaHs2mZsNhjk7xqey",,"[ ""Tennis Court"" ]",,,,,,,,,,,,,,,,,,,,,,,"dBu8rGN6ZLKj4rb4e"
"ku5bXFKapfKYqT3sq","0",,,,,,,,,,,,,,,,,,,,,,,,"BwK89vufnm6iCSJhQ"
"m9oaAQ6HkwyHAkEdX","0",,,,,,,,,,,,,,,,,,,,,,,,"MtKWmrDmPtx6hTjXm"
"mBXv76cLxn7Jo9XAN",,"[ ""Netball Court"", ""Soccer Field"", ""Other"" ]","Volleyball","Poor Condition",,,,,,,,,,,,,,"Poor Condition",,,,,,,"uyB7xpWYkTuuhsLzS"
"mNR2ieJDfKx6r9453","1","[ ""Netball Court"", ""Soccer Field"" ]",,"Poor Condition","School’s Own",,,,,,,,,,,,,"Poor Condition","School’s Own",,,,,,"tqMTBWRbAuYsAqATz"
"mP5su3KvyF8Prcorr","4","[ ""Netball Court"", ""Basketball Court"", ""Soccer Field"", ""Rugby Field"" ]",,"Poor Condition","School’s Own",,,,,,,"Poor Condition",,,,,,"Poor Condition","School’s Own","Poor Condition","School’s Own",,,,"tDKj5hfjzok3tbGs9"
"mpqZaJE2X6NFoHvnv",,"[ ""Netball Court"" ]",,"Average Condition","School’s Own",,,,,,,,,,,,,,,,,,,,"Pye3fvQETS2TCPKyt"
"myjPR7F7RkrZygT9q",,"[ ""Netball Court"" ]",,"Average Condition","School’s Own",,,,,,,,,,,,,,,,,,,,"74LtY73iZk5nAgKN4"
"nMtWzoAQDyw2C8FPz",,"[ ""Netball Court"", ""Basketball Court"" ]",,"Poor Condition","Other School’s",,,,,,,"Average Condition",,,,,,,,,,,,,"PySjA6yQMoXAyS2z8"
"nmEwz58psZYFcmY9p",,"[ ""Netball Court"", ""Tennis Court"", ""Soccer Field"" ]",,"Average Condition","School’s Own",,,,,,,,,"Average Condition","School’s Own",,,"Good Condition","School’s Own",,,,,,"3CZM6LyxfbGxQ676w"
"o3Ly5avfrtGByR9me","0",,,,,,,,,,,,,,,,,,,,,,,,"WszeF9gAuQuHMNHLC"
"odzNLxqeEBvo964ez",,,,,,,,,,,,,,,,,,,,,,,,,"Ch6HJ6DZmFCYxKkww"
"ovBHsd6RywoyT2Qb6","2","[ ""Athletics Field"", ""Netball Court"", ""Soccer Field"" ]",,"Good Condition","School’s Own",,,"Good Condition","School’s Own",,,,,,,,,"Good Condition","School’s Own",,,,,,"Y2gH7TZojYSgJ6J3i"
"p24J4hQqGkAWXbo9v",,"{ ""0"" : ""Athletics Field"", ""1"" : ""Netball Court"", ""2"" : ""Soccer Field"" }",,,,,,,,,,,,,,,,,,,,,,,"55foHoJLBDfwGwTWD"
"p36xd8EfcKcPSWvBH","2","[ ""Athletics Field"", ""Netball Court"", ""Soccer Field"" ]",,"Average Condition","Community Owned",,,"Average Condition","Community Owned",,,,,,,,,"Average Condition","Community Owned",,,,,,"Z9wz3QcLwmRfGuaeT"
"pMohmDiGbFdYgGr3H","4","[ ""Athletics Field"", ""Netball Court"", ""Cricket Pitch"", ""Soccer Field"" ]",,"Poor Condition","School’s Own",,,,"Community Owned",,,,,,,"Poor Condition","School’s Own","Poor Condition","Community Owned",,,,,,"xp2bxhMm4Yoeu9jho"
"pXZ7n9FJHNL7HXsDh",,"[ ""Netball Court"", ""Soccer Field"" ]",,"Average Condition",,,,,,,,,,,,,,"Good Condition",,,,,,,"fXPmfwBo9N6rx7mLh"
"qH6y42EXjHqiracsY","0",,,,,,,,,,,,,,,,,,,,,,,,"A7HS55Lmpv7eWduhv"
"qRm2pb2cZXXfScFKC","2","[ ""Basketball Court"" ]",,,,,,,,,,,,,,,,,,,,,,,"8EkWbb3qMosGvaWyT"
"qcfwBy4mP2tphAmQm","0",,,,,,,,,,,,,,,,,,,,,,,,"2smWdy5ZETPXoRrYG"
"qkdBsne6oJaHjiG6i","0",,,,,,,,,,,,,,,,,,,,,,,,"RKz4SAhiQgbHCmTpZ"
"qv24YYvDPsyhKAkYN","1","[ ""Soccer Field"" ]",,,,,,,,,,,,,,,,"Average Condition","School’s Own",,,,,,"vQsgY2cMuHRHHxN5X"
"rFA9qYYpXe4GeDcNg",,,,,,,,,,,,,,,,,,,,,,,,,"2rqTjwusZ8tc8nbYt"
"rJqrbyLJagjJ9Mmop","1","[ ""Soccer Field"" ]",,,,,,,,,,,,,,,,"Poor Condition",,,,,,,"8FucY8f4FTzL2XmhY"
"rQeRCfusuAKcAsgRp","1","[ ""Cricket Pitch"" ]",,,,,,,,,,,,,,"Good Condition","School’s Own",,,,,,,,"efr9txWNfPHw3AhD7"
"rYwtoSGKy9RG5Kh6t","0",,,,,,,,,,,,,,,,,,,,,,,,"5PhvChXDzSoaBymWp"
"rgcW4Zc25eHnjEN9f",,"[ ""Athletics Field"", ""Netball Court"", ""Soccer Field"" ]",,"Average Condition","School’s Own",,,"Average Condition","School’s Own",,,,,,,,,"Average Condition","School’s Own",,,,,,"hrfAaJLuuBvdukdf9"
"rhMCCuoJhgcsgMGQH",,,,,,,,,,,,,,,,,,,,,,,,,"GQPE7rurt9bb7DM5a"
"s5GZCtadzF3z5eojB",,"[ ""Athletics Field"", ""Netball Court"", ""Soccer Field"" ]",,"Poor Condition","School’s Own",,,"Poor Condition","School’s Own",,,,,,,,,"Poor Condition","School’s Own",,,,,,"3acdePaA3PaTzXLaP"
"sQYbkQqQdoGP2dYCC","2","[ ""Athletics Field"", ""Soccer Field"" ]",,,,,,"Average Condition","Community Owned",,,,,,,,,"Poor Condition","School’s Own",,,,,,"4avNjjRgrzrEpwKMN"
"swLcNfdWHAwwTTvAB",,"[ ""Netball Court"", ""Soccer Field"" ]",,"Poor Condition","Community Owned",,,,,,,,,,,,,,"Community Owned",,,,,,"ogTK6SAt8Ndg38xPc"
"sxs7xa9CBS23NXMmd","0",,,,,,,,,,,,,,,,,,,,,,,,"WszeF9gAuQuHMNHLC"
"tLTpG8FktMgb34sD7","0",,,,,,,,,,,,,,,,,,,,,,,,"S47bpHzXts94zC2ke"
"tX3oxtdynmv78fw6u","2","[ ""Netball Court"" ]",,,,,,,,,,,,,,,,,,,,,,,"4zo5MNwbBvTPykbFg"
"tdc5XFL2J8dnvgohZ","1","{ ""0"" : ""Soccer Field"" }",,,,,,,,,,,,,,,,"Poor Condition","School’s Own",,,,,,"6ZNqRnThWfJTjmtzh"
"tnWghPjr7E6ahu2et","0",,,,,,,,,,,,,,,,,,,,,,,,"AGiLx4gigQqYMN4fT"
"u4cWhFChyzohMaYeM","2","[ ""Netball Court"", ""Basketball Court"", ""Tennis Court"", ""Soccer Field"" ]",,,"School’s Own",,,,,,,,,,"School’s Own",,,,"School’s Own",,,,,,"METTMMRQRhoWxKdRt"
"uCFwcb6eetoiFAbyP","0",,,,,,,,,,,,,,,,,,,,,,,,"HKHTs5NYM9YcNKmA3"
"uK9dWjPcsYKdCehZK","2","{ ""0"" : ""Basketball Court"", ""1"" : ""Soccer Field"" }",,,,,,,,,,"Good Condition",,,,,,"Average Condition","School’s Own",,,,,,"8EkWbb3qMosGvaWyT"
"ujiDxfLM6u4MNs9Xv",,"[ ""Athletics Field"", ""Netball Court"", ""Soccer Field"" ]",,"Good Condition",,,,"Average Condition",,,,,,,,,,"Good Condition",,,,,,,"2Qm9dY2unum62oDu7"
"vWpiDALMn98FGJqrb","0",,,,,,,,,,,,,,,,,,,,,,,,"cQQF5juB8JG3jNbNs"
"vpXkRuL64QH7Fqcff","0",,,,,,,,,,,,,,,,,,,,,,,,"KhtEcF9mnhkNyqnW3"
"vyLPyDvou39xaGsp4","1","[ ""Netball Court"" ]",,"Poor Condition","Community Owned",,,,,,,,,"Good Condition",,,,,,,,,,,"aQ4BMeoFWmo4HrHqF"
"wR8cSzHxduAWdexJo",,,,,,,,,,,,,,,,,,,,,,,,,"bHZpmA7SpQzx29CQk"
"xWdjxT9TRes4hmXe7","3","[ ""Netball Court"", ""Basketball Court"", ""Soccer Field"" ]",,"Average Condition","School’s Own",,,,,,,"Average Condition",,,,,,,"Community Owned",,,,,,"myEbntbNmwtRJAXXn"
"xYLZwD4943X3ty3TW","3","[ ""Athletics Field"", ""Netball Court"", ""Soccer Field"" ]",,"Poor Condition",,,,"Poor Condition",,,,,,,,,,"Poor Condition",,,,,,,"HushLZncKDsTyJhfN"
"xbSLAC5LHMbHYWeuC","1","[ ""Other"" ]",,,,"Poor Condition","School’s Own",,,,,,,,,,,,,,,,,,"ZMuo7tqss7QrYPuwZ"
"xt7YmevZWHZWxBHi4",,"[ ""Athletics Field"", ""Cricket Pitch"", ""Soccer Field"", ""Rugby Field"" ]",,,,,,"Good Condition","School’s Own",,,,,,,"Good Condition","School’s Own","Good Condition","School’s Own","Good Condition","School’s Own",,,,"x39JZC9Q749pXeEbY"
"yB5rLPpNgX4fAiu6Q","2","[ ""Netball Court"", ""Soccer Field"", ""Other"" ]",,"Average Condition","School’s Own","Poor Condition","School’s Own",,,,,,,,,,,"Poor Condition","School’s Own",,,,,,"hJppCjP9YgzQPhsxp"
"yKJBG7MzZS4yfDNv7",,"[ ""Tennis Court"" ]",,,,,,,,,,,,"Good Condition",,,,,,,,,,,"rgipwMLK9skQK2EuA"
"yZo7Y9TEj5R83Wihu","2","[ ""Athletics Field"", ""Netball Court"", ""Soccer Field"" ]",,"Average Condition","Community Owned",,,"Average Condition","Community Owned",,,,,,,,,"Average Condition","Community Owned",,,,,,"P4wqK6rnJQahfhFTr"
"yfiPX3DJYijaAnShg","0",,,,,,,,,,,,,,,,,,,,,,,,"AGiLx4gigQqYMN4fT"
"z7arNgTF5J48ykQtK","2","[ ""Netball Court"", ""Soccer Field"" ]",,"Average Condition","School’s Own",,,,,,,,,,,,,"Poor Condition","Other School’s",,,,,,"KDmkojmtPfcEEQ3vv"
"z8Pzd2cBp6KPssns7","1","[ ""Netball Court"" ]",,"Poor Condition","School’s Own",,,,,,,,,,,,,,,,,,,,"Hjqy94n4PwNqwN5uA"
"zRENZEobfwFKYKRJZ",,"[ ""Athletics Field"", ""Netball Court"", ""Cricket Pitch"", ""Soccer Field"" ]",,"Average Condition","School’s Own",,,"Average Condition","School’s Own",,,,,,,"Average Condition","School’s Own","Average Condition","School’s Own",,,,,,"ghEZdTPoThhpWNWiw"
"zyLzWfw4ZyWsWq64p","2","[ ""Netball Court"", ""Tennis Court"" ]",,"Poor Condition",,,,,,,,,,"Poor Condition",,,,,,,,,,,"xsLXqpcynPeYTwiXE"
