_id,name,startDate,endDate,isVerified,school_id
"2G6DH4Aiu8dpRQyrD","Pontsho4",2015-04-08T00:00:00.000Z,2015-04-08T00:00:00.000Z,true,"bumrcJyBzLgQNsEkc"
"2Qm9dY2unum62oDu7","KHOLWANI11",2015-10-04T00:00:00.000Z,2015-11-04T00:00:00.000Z,true,"ZNpokSid5rjPdk9TN"
"2gqMBsR5BKHB3TEv6","kholwani23",2015-04-28T00:00:00.000Z,2015-04-29T00:00:00.000Z,true,"wa9suRWqaroAXzGWK"
"2rqTjwusZ8tc8nbYt","kholwani21",2015-04-28T00:00:00.000Z,2015-04-29T00:00:00.000Z,true,"3yxp9hsueB7EJ5RXe"
"2smWdy5ZETPXoRrYG","Sabelo1",2015-04-19T00:00:00.000Z,2015-04-20T00:00:00.000Z,true,"HCCGxappCyNaGFgCX"
"2zRbjDBfz4zB8Tv6q","sabelo1",2015-04-25T00:00:00.000Z,2015-04-26T00:00:00.000Z,true,"pc95GYaJKjTcuz6NG"
"3CZM6LyxfbGxQ676w","Freddy11",2015-04-10T00:00:00.000Z,2015-04-11T00:00:00.000Z,true,"tjZuM97hcQSzs99qH"
"3XdLNoiuCRA5T5Dfc","Joseph",2015-04-25T00:00:00.000Z,2015-04-28T00:00:00.000Z,true,"7NJX7fCmnPexvMctm"
"3acdePaA3PaTzXLaP","Tlhakanang Primary School",2015-04-27T00:00:00.000Z,2015-04-27T00:00:00.000Z,true,"AMkXecC8FdPoS8Wo7"
"3ppcMdRen9wtkQvnH","Sabelo",2015-04-25T00:00:00.000Z,2015-04-26T00:00:00.000Z,false,"J3pxHaGGhxNMzyqbj"
"3tbjfT8zZ2fPGfiwc","Sympathy varified",2015-04-07T00:00:00.000Z,2015-04-08T00:00:00.000Z,true,"WFiPd6sE8tpNj2fFi"
"3uXaw9N4tJkFZKXSt","Sympathy varified",2015-04-26T00:00:00.000Z,2015-04-27T00:00:00.000Z,true,"sFD8SKsp8Pi36RoZc"
"4F5Qwq5cmL34WsvHP","V2 Yossi Bank",2015-04-27T00:00:00.000Z,2015-04-28T00:00:00.000Z,true,"6Dq4eCtytGXrkKZnv"
"4avNjjRgrzrEpwKMN","Freddy10",2015-04-10T00:00:00.000Z,2015-04-11T00:00:00.000Z,true,"9gqBpCL4tP3yzPLRL"
"4z6ESappfnPWNQ98D","Sabelo verified",2015-04-25T00:00:00.000Z,2015-04-26T00:00:00.000Z,true,"naCm7anFfDFG8a8xr"
"4zo5MNwbBvTPykbFg","Sfiso v1",2015-04-08T00:00:00.000Z,2015-04-09T00:00:00.000Z,true,"JvctsCdy3WnCyyjKa"
"55foHoJLBDfwGwTWD","KHOLWANI3",2015-04-07T00:00:00.000Z,2015-04-08T00:00:00.000Z,true,"6AYTGkkMTPEJvuWr5"
"5PhvChXDzSoaBymWp","Sabelo verified",2015-04-25T00:00:00.000Z,2015-04-26T00:00:00.000Z,true,"rgQXvwmDLMXMiuWDK"
"5QzLWMPF8grmhh3G5","KHOLWANE13",,,true,"4LJWLPBWTtZZG8du3"
"5iHufHeS6B2XBsHTB","KHOLWANI9",2015-03-08T00:00:00.000Z,2015-03-09T00:00:00.000Z,true,"ejjaqTbn849G5Gcoh"
"656hyBavtd4QHF6yx","Joseph1",2015-04-25T00:00:00.000Z,2015-04-26T00:00:00.000Z,true,"pSsTbhxrkyzApe6Lo"
"68f6ufafjEtTD87dK","Tshepo3",2015-04-10T00:00:00.000Z,2015-04-11T00:00:00.000Z,true,"s2XqBHiCHwz2JtJv6"
"6XmRH2cDbjXJd8Zri","Joseph verified",2015-04-25T00:00:00.000Z,2015-04-27T00:00:00.000Z,true,"44DgBedXuojbRPZ28"
"6ZNqRnThWfJTjmtzh","Sympathy Varified",2015-04-26T00:00:00.000Z,2015-04-27T00:00:00.000Z,true,"WBifQrurWcvmNESkH"
"6cFA5fAxPtQzaP5bz","Freddy9",2015-04-10T00:00:00.000Z,2015-04-11T00:00:00.000Z,true,"GFrWnYNdtjEEb5spW"
"6iixm3MYropadAMjX","SABELO VERIFIED",2015-04-25T00:00:00.000Z,2015-04-26T00:00:00.000Z,true,"Bi8x9CwissYRtPN4E"
"6nyrh8pzbNxMHyu4J","V2 - Daniel Kartun",2015-04-27T00:00:00.000Z,2015-04-28T00:00:00.000Z,true,"35BCz7JqqhekBAr57"
"6yXgt6quvcZfmQiWf","Tshepo3",2015-04-10T00:00:00.000Z,2015-04-11T00:00:00.000Z,true,"wdRmNmSF7PZRcYwLT"
"74LtY73iZk5nAgKN4","Joseph verified",2015-04-26T00:00:00.000Z,2015-04-27T00:00:00.000Z,true,"rPNAmWbKhr7KMJ9KP"
"7Lt26udxHfpKtyAwY","KHOLWANI12",2015-04-10T00:00:00.000Z,2015-04-11T00:00:00.000Z,true,"aMBB6CFrfqAgPbMrp"
"7jdhLaYzWcCtFduQg","Pontsho 10",2015-04-10T00:00:00.000Z,2015-04-10T00:00:00.000Z,true,"XsZR8DaRJjxqk2mqd"
"7qkXEP7zRNRG2EXxW","kholkwani22",,2015-04-29T00:00:00.000Z,false,"AerFemHSg7ZxDTGjv"
"7sAKJvmox8vK6GJBv","Sympathy Varified",2015-04-26T00:00:00.000Z,2015-04-27T00:00:00.000Z,true,"zNCZvqexkbEPXcoLq"
"8EkWbb3qMosGvaWyT","Zanele V1",2015-04-07T00:00:00.000Z,2015-04-08T00:00:00.000Z,true,"Lqv7fiyJJcCPNtP36"
"8FucY8f4FTzL2XmhY","Joseph",2015-04-25T00:00:00.000Z,2015-04-26T00:00:00.000Z,true,"P5eR9ewzqWvuTkbWN"
"8Q8hLajqT7vMWrbeA","sfisov1",2015-04-20T00:00:00.000Z,2015-04-21T00:00:00.000Z,true,"TSdyiMoNYjMMPuy4u"
"8TjXzm5mqedTkvZ5n","SABELO VERIFIED",2015-04-26T00:00:00.000Z,2015-04-27T00:00:00.000Z,true,"L8puFwYJeSW79HGyo"
"8pdqiKPuW9emmvdMA","Zanele V1",2015-04-10T00:00:00.000Z,2015-04-11T00:00:00.000Z,true,"BxcrpWYpXGdfdAeH2"
"8qA6KspD8dEA9LYGN","Sabelo 1",2015-04-25T00:00:00.000Z,2015-04-26T00:00:00.000Z,false,"J3pxHaGGhxNMzyqbj"
"922NEXkq8CZy6PH7L","Pontsho6",2015-04-08T00:00:00.000Z,2015-04-08T00:00:00.000Z,true,"WmYzsTmyw84ogzq2N"
"93KanXF8i8wGs4YKw","Joseph verified",2015-04-26T00:00:00.000Z,2015-04-27T00:00:00.000Z,true,"pHLiPLSxDnkkEHThb"
"95AYoAp6AiYz3KZ2t","Sympathy Varified",2015-04-26T00:00:00.000Z,2015-04-27T00:00:00.000Z,true,"M4kBc3CXrLLZrCTvh"
"9NYELJLrE2z96eKGu","SABELO VERIFEID",2015-04-26T00:00:00.000Z,2015-04-27T00:00:00.000Z,true,"5E7E8LdwQk5mN8SzJ"
"A7HS55Lmpv7eWduhv","SABELO VERIFIED",2015-04-26T00:00:00.000Z,2015-04-27T00:00:00.000Z,true,"7iLx2BKSXXzQAzgZu"
"A82Sqxg6dWo9BjRw7","Tamir Shklaz",2015-04-27T00:00:00.000Z,2015-04-28T00:00:00.000Z,true,"TNtgkwAcFivceX3cQ"
"A9g2JXbafa9hggA23","Joseph verified",2015-04-25T00:00:00.000Z,2015-04-26T00:00:00.000Z,true,"t6sdeSdyqSbTNYs3T"
"AGiLx4gigQqYMN4fT","Joseph verified",2015-04-26T00:00:00.000Z,2015-04-27T00:00:00.000Z,true,"wTqoT6Fahb3qjxkq4"
"AHHiQixZscHdnSQpM","SABELO1",2015-04-26T00:00:00.000Z,2015-04-27T00:00:00.000Z,true,"NjL2nHXXzyGBzYMby"
"AQmqsTKLbbQgfAmzP","Joseph verified",2015-04-26T00:00:00.000Z,2015-04-27T00:00:00.000Z,true,"oxkcsJw7ibHe3RXhu"
"Acd6f7D8RbhpthZHN","sabelo",2015-04-25T00:00:00.000Z,2015-04-26T00:00:00.000Z,true,"8oabbzc7iuhD5qd4o"
"Ayck7PmsY3mNr3gZQ","SABELO 1",2015-04-26T00:00:00.000Z,2015-04-27T00:00:00.000Z,true,"KLTSee3FuvFwZfFmT"
"BL89Y49hLjtAgtj9C","V2-Jaydin Krok",,,true,"uJLfbPeZPNeTPmQr2"
"BQfg3z63ZB9CEwvQ8","test",,,false,"idJ7MH9BBvWJfHR2d"
"BRsfRCgjvJjMdHvuH","Sabelo",2015-04-25T00:00:00.000Z,2015-04-26T00:00:00.000Z,false,"J3pxHaGGhxNMzyqbj"
"BpGigPup4eyijh28x","Joseph verified",2015-04-26T00:00:00.000Z,2015-04-27T00:00:00.000Z,true,"gHYNiZyHqhSx6Svoa"
"BwK89vufnm6iCSJhQ","Joseph verified",2015-04-25T00:00:00.000Z,2015-04-26T00:00:00.000Z,true,"Xx3PY7JWQk2SPaCKr"
"Ch6HJ6DZmFCYxKkww","Joseph verified",2015-04-26T00:00:00.000Z,2015-04-27T00:00:00.000Z,true,"bNHtDf4FTJzuZSK2a"
"CoWKa7AHpYehwgjN4","Joseph verified",2015-04-26T00:00:00.000Z,2015-04-27T00:00:00.000Z,true,"g2kpw4kMBJTN5E5JG"
"Dddj3YJBuiuGmAQFQ","Joseph verified",2015-04-25T00:00:00.000Z,2015-04-26T00:00:00.000Z,true,"xPBJwuF45am3zetom"
"DwG2tAAFC8W79Ckxx","Joseph verified",2015-04-26T00:00:00.000Z,2015-04-27T00:00:00.000Z,true,"qvpqRtiaKyB5mzEFo"
"E4srgmkj2uCu4Coxb","SFISOV1",2015-04-28T00:00:00.000Z,2015-04-29T00:00:00.000Z,false,"g5qxXC3EzownrJoa4"
"E7KSgcfSqaoDb5BEE","V2 Adam Dison",2015-04-27T00:00:00.000Z,2015-04-28T00:00:00.000Z,true,"Gp3CL67vEGgrnuXmA"
"EbrJ8dHAyrQTpSaNj","SABELO VERIFIED",2015-04-26T00:00:00.000Z,2015-04-27T00:00:00.000Z,true,"A69daYFMcq5dvJRuB"
"EtHDHYs97BCxasggi","Pontsho12",2015-04-10T00:00:00.000Z,2015-04-10T00:00:00.000Z,true,"Q8kiWauRtS5oKpcii"
"EtsNuLzuvqcqdM943","Freddy4",2015-04-08T00:00:00.000Z,2015-04-09T00:00:00.000Z,true,"9cJb3PzMJw36hKbkS"
"EyHGQ2ctZRGcPQ4Lc","V2-Jaydin krok",,,true,"Q6ou5sB273gFQ7JPr"
"FEAD8jBu7LbHezy2j","Symps",2015-04-25T00:00:00.000Z,2015-04-26T00:00:00.000Z,true,"qNjtc48fcLm7nwuM7"
"FkDMg4ekjDHWExDuv","SABELO VERIFIED
pontsho 20",2015-04-25T00:00:00.000Z,2015-04-26T00:00:00.000Z,true,"pPoEM8Ngvupfmt6MD"
"FpTsqHm4D3ttwK8dY","Sabelo1",2015-04-19T00:00:00.000Z,2015-04-20T00:00:00.000Z,true,"yeHXSQ7vQwnnsDxtM"
"GJjARmM57MEtGaW29","Survey 1",2015-04-02T00:00:00.000Z,2015-04-04T00:00:00.000Z,false,"DBGW6FbD4wPM7FYz9"
"GQPE7rurt9bb7DM5a","Sympathy verified",2015-04-26T00:00:00.000Z,2015-04-27T00:00:00.000Z,true,"HJw3AnsPG8vLrDhM8"
"GaE7jrBwPxNR4AK72","V1",,,true,"2hjdgSkdwexMqzQzN"
"GdT4e3QnaH2fX4vAA","SABELO VERIFIED",2015-04-26T00:00:00.000Z,2015-04-27T00:00:00.000Z,true,"xapETP39ebDL77Jvo"
"Gfj3WRS3Y8w4dmyph","Zanele V1",2015-04-07T00:00:00.000Z,2015-04-08T00:00:00.000Z,true,"9z4RYqzf8npfTKKCf"
"H2wSN9EFbKzeSGjCh","Zanele V1",2015-04-10T00:00:00.000Z,2015-04-11T00:00:00.000Z,true,"JCCKjH2kYnzqyXkvJ"
"HE7QyZrdjZD4TwigW","SABELO VERIFIED",2015-04-25T00:00:00.000Z,2015-04-26T00:00:00.000Z,true,"R9K6phMQ6JYALhhYj"
"HKHTs5NYM9YcNKmA3","Sympathy varified",2015-04-25T00:00:00.000Z,2015-04-26T00:00:00.000Z,true,"EWL7HMPvnGNmjoPZr"
"HMfiK9msnxvBpZRTv","V2 Yossi Bank",2015-04-27T00:00:00.000Z,2015-04-28T00:00:00.000Z,true,"nsZY5MpZj6Qv4hkQm"
"HZFjNDTejF5ga78Sx","SABELO VERIFIED",2015-04-26T00:00:00.000Z,2015-04-27T00:00:00.000Z,true,"7hYDkCSvtTtfgZT4t"
"Hjqy94n4PwNqwN5uA","Joseph verified",2015-04-26T00:00:00.000Z,2015-04-27T00:00:00.000Z,true,"9yXCaJvFh7awMrTid"
"HushLZncKDsTyJhfN","Tshepo",2015-04-07T00:00:00.000Z,2015-04-08T00:00:00.000Z,true,"Tb26t2ZJSaWdYhnHc"
"J8iGazpt3MwprEvbp","Sympathy varified",2015-04-26T00:00:00.000Z,2015-04-27T00:00:00.000Z,true,"xwsCtAq2khrBdBGhZ"
"JMwctXTYdunvweNYD","Joseph verified",2015-04-26T00:00:00.000Z,2015-04-27T00:00:00.000Z,true,"vghaztSbAbPBBYWRQ"
"JeGKrkaqdgboxbxAd","SABELO1",2015-04-26T00:00:00.000Z,2015-04-27T00:00:00.000Z,true,"DNzFdwPm4uFHLRr2t"
"JpDqQfLuuC9qJrici","Tshepo2",2015-04-07T00:00:00.000Z,2015-04-08T00:00:00.000Z,true,"XAWapZvR3fXdrwTh8"
"KDmkojmtPfcEEQ3vv","Pontsho9",2015-04-10T00:00:00.000Z,2015-04-10T00:00:00.000Z,true,"kdeFTgvbrBdvAZ3jo"
"KYeDjZFEFXobJB7hL","Freddy1",2015-04-07T00:00:00.000Z,2015-04-08T00:00:00.000Z,false,"nnDa2osRME75DstxJ"
"KhtEcF9mnhkNyqnW3","Joseph",2015-04-25T00:00:00.000Z,2015-04-26T00:00:00.000Z,true,"hC2rNb27tDwFm6ptZ"
"Kqq9XsRqsRQM6PjGn","SABELO VERIFIED",2015-04-25T00:00:00.000Z,2015-04-26T00:00:00.000Z,true,"hMBoFadXyimpmAA9B"
"KrNZ7H2XmHuPpHRrN","Sabelo1",2015-04-19T00:00:00.000Z,2015-04-20T00:00:00.000Z,true,"Sy6AABPcNMuLJpk3p"
"LBujyFwCgPkGzWSZy","pontsho 21",2015-04-20T00:00:00.000Z,2015-04-20T00:00:00.000Z,true,"9LhJ56jMTXeQXaLk3"
"LD7hazozFmAuLNBgP","Sympathy varified",2015-04-25T00:00:00.000Z,2015-04-26T00:00:00.000Z,true,"TM3Yr4nxiBrZC7vgx"
"LJC3JBYxgkbi8GzAP","Tsimona Primary School",2015-03-17T00:00:00.000Z,,true,"JdGBhk6oj6eDyhDgR"
"LTccQvtsRbQdnvd4x","V1",2015-03-17T00:00:00.000Z,,true,"PcEFo3B4d7FgaiYvM"
"LZ7sJWsXTML9asLdD","Joseph verified",2015-04-25T00:00:00.000Z,2015-04-26T00:00:00.000Z,true,"2CdfbFJXguorK94qK"
"LrmX8FAuJMKckWE6c","V2 Yossi Bank",2015-04-27T00:00:00.000Z,2015-04-28T00:00:00.000Z,true,"aFfw6EDMv6qz8ERao"
"METTMMRQRhoWxKdRt","Joseph verified",2015-04-26T00:00:00.000Z,2015-04-27T00:00:00.000Z,true,"ZeacF7828Qm5FX528"
"MYuCFef7Fjt8yRX8d","Sympathy Varified",2015-04-26T00:00:00.000Z,2015-04-27T00:00:00.000Z,true,"7rBkk8yCFPSfvmtuE"
"MYybcL4ntNLDfPjZt","V2-Jaydin krok",,,true,"YhEmH96RcvGizJDhw"
"MrCRY4JkG2RtXRzjf","Freddy12",2015-04-10T00:00:00.000Z,2015-04-11T00:00:00.000Z,true,"vTEbgcvPSvM6MGQ9H"
"MtKWmrDmPtx6hTjXm","Sabelo1",2015-04-19T00:00:00.000Z,2015-04-20T00:00:00.000Z,true,"DYXn6ecBERtTFN7Wm"
"NTo8EK8jnLkjB93Hd","KHOLWANI18",2015-04-13T00:00:00.000Z,2015-04-14T00:00:00.000Z,true,"iz79XoptMLverznfx"
"NY3CpQoLXKGkXkq8b","Sympathy varified",2015-04-26T00:00:00.000Z,2015-04-27T00:00:00.000Z,true,"pBBsxzJo5M4DoP4km"
"P4wqK6rnJQahfhFTr","SABELO VERIFIED",2015-04-25T00:00:00.000Z,2015-04-26T00:00:00.000Z,true,"zXpAz8Zm9eS5mYnYq"
"PySjA6yQMoXAyS2z8","SABELO VERIFIED",2015-04-26T00:00:00.000Z,2015-04-27T00:00:00.000Z,true,"FzapHesR2dB8mohzY"
"Pye3fvQETS2TCPKyt","symps",2015-04-25T00:00:00.000Z,2015-04-26T00:00:00.000Z,true,"uSLXTxcinmzfpJeZL"
"Q2SemXMcpEX5NfYsD","Zanele V1",2015-04-08T00:00:00.000Z,2015-04-09T00:00:00.000Z,true,"fdwJZwXdpW8XykLgp"
"QBmBALzw89kwmHz2B","Joseph verified",2015-04-25T00:00:00.000Z,2015-04-26T00:00:00.000Z,true,"fyJ9yZamxLLkFQM6q"
"Qmhp6bLYHrRTc42wc","Zanele V1",2015-04-10T00:00:00.000Z,2015-04-11T00:00:00.000Z,true,"BKGhGLeSJaeo9cavr"
"Qzm8u4imxajBRWLE5","Tshepo2",2015-04-08T00:00:00.000Z,2015-04-09T00:00:00.000Z,true,"kYmSsD6sLNa48yq3B"
"RHG8484wnsaqifrig","Joseph verified",2015-04-26T00:00:00.000Z,2015-04-27T00:00:00.000Z,true,"YFkP4HAR2yhDzgYNn"
"RKz4SAhiQgbHCmTpZ","Sabelo1",2015-04-19T00:00:00.000Z,2015-04-20T00:00:00.000Z,true,"FvMma23JtBNvvDmWP"
"RfniT8dpTobMmBWDg","Freddy1",,,false,"gAMFiRZvaYx7vM2bX"
"Rvf9JkpRBRozBsyiq","Joseph verified",2015-04-26T00:00:00.000Z,2015-04-27T00:00:00.000Z,true,"queoWSP7FQYoTfCw6"
"S3LbwsmZGkiiekXEX","Joseph verified",2015-04-25T00:00:00.000Z,2015-04-26T00:00:00.000Z,true,"sHepoMyGxu7vajjn9"
"S47bpHzXts94zC2ke","V2-Jaydin krok",,,true,"DQsKN7aEup4gKoRoq"
"SDQzcRxtroyWa7uGB","Sympathy varified",2015-04-25T00:00:00.000Z,2015-04-26T00:00:00.000Z,true,"TfBu6LKq6gvHvgqQ3"
"SNuf4DBJszmQrAzS4","Tshepo3",2015-04-10T00:00:00.000Z,2015-04-11T00:00:00.000Z,true,"3qbofgHJxGRZS83Qg"
"Sa8QfeRArxjpbStqt","Symps",2015-04-25T00:00:00.000Z,2015-04-26T00:00:00.000Z,true,"tuAiDmTHjzXDEcQpm"
"SeRiR2xnt35DWtRzX","Zanele v1",2015-04-08T00:00:00.000Z,2015-04-09T00:00:00.000Z,true,"BKf7wb4PzjWwNoj6v"
"Sue8DWeGKHPKAyQBi","Sabelo verified",2015-04-25T00:00:00.000Z,2015-04-26T00:00:00.000Z,true,"suNMuozCzh9vzWxKv"
"Tnm69CSqqbdHg9obr","Tshepo1",2015-04-07T00:00:00.000Z,2015-04-08T00:00:00.000Z,true,"mqyhsJ2kLyY796ti3"
"WdTssNZoaRHCT3LMG","Tamir Shklaz\",2015-04-27T00:00:00.000Z,2015-04-28T00:00:00.000Z,true,"a2rNv5xxsDsoWXzqi"
"WeXHdZMumEMFyckHq","Zanele V1",2015-04-08T00:00:00.000Z,2015-04-09T00:00:00.000Z,true,"hd5oYbd6gkWoKkWzC"
"WszeF9gAuQuHMNHLC","Joseph verified",2015-04-26T00:00:00.000Z,2015-04-27T00:00:00.000Z,true,"GJv3W9ZAYjt9fmw2n"
"X4uSNwu6z2y2MdNwA","Joseph verified",2015-04-26T00:00:00.000Z,2015-04-27T00:00:00.000Z,true,"mvS7kQosyiAuq7y8o"
"X8iDZBx3CbJnWCRTb",,,,false,"J3pxHaGGhxNMzyqbj"
"XKxt23fR8Fujkyiim","SABELO VERIFIED",2015-04-26T00:00:00.000Z,2015-04-27T00:00:00.000Z,true,"9GXAdy5eGoaooitqc"
"XTL9gvLr9S2MmMsjJ","Sabelo verified",2015-04-25T00:00:00.000Z,2015-04-26T00:00:00.000Z,false,"WzudoSDAr9ApDajXY"
"XYLgc3p2tmFJ6nGJb","Zanele V1",2015-04-08T00:00:00.000Z,2015-04-28T00:00:00.000Z,true,"waYnGd3whuoW7bgRs"
"Y2gH7TZojYSgJ6J3i","tshepo20",2015-04-21T00:00:00.000Z,2015-04-22T00:00:00.000Z,true,"mKSgTkpsYgDJ8KMoc"
"YLYWLt3BFmbGuRHBQ","SABELO VERIFIED",2015-04-25T00:00:00.000Z,2015-04-26T00:00:00.000Z,true,"Kkd4pwSZjJYvH7u3c"
"Z9wz3QcLwmRfGuaeT","Joseph verified",2015-04-26T00:00:00.000Z,2015-04-27T00:00:00.000Z,true,"EdAGhDjGAwR5QHqAf"
"ZBqGu3MqDqmm58rMH","Sabelo",2015-04-25T00:00:00.000Z,2015-04-26T00:00:00.000Z,false,"J3pxHaGGhxNMzyqbj"
"ZJ7mun8DbJLNFPuSX","v1",2015-04-08T00:00:00.000Z,2015-04-09T00:00:00.000Z,false,"X49XNg2j7kEsWpzfT"
"ZMuo7tqss7QrYPuwZ","Joseph verified",2015-04-26T00:00:00.000Z,2015-04-27T00:00:00.000Z,true,"3YpZ8R44xWbRZBcnE"
"ZNXsgBEk2evJkTYso","Symps",2015-04-25T00:00:00.000Z,2015-04-26T00:00:00.000Z,true,"J3pxHaGGhxNMzyqbj"
"ZQpQXXcpAjvZC2ony","Joseph verified",2015-04-26T00:00:00.000Z,2015-04-27T00:00:00.000Z,true,"F97jeqwGDCLirEcc6"
"ZQvS49GgfM6XNnqij","Sabelo1",2015-04-19T00:00:00.000Z,2015-04-20T00:00:00.000Z,true,"jdruTPMAFLZpR5Yor"
"ZgR4zqFothSycL9hz","Sabelo verified",2015-04-26T00:00:00.000Z,2015-04-25T00:00:00.000Z,true,"BNLjgKdhFJo4G8BEy"
"ZrghZT93L2bSWSofg","Joseph verified",2015-04-26T00:00:00.000Z,2015-04-27T00:00:00.000Z,true,"FgGng3wJFQ7DunpM2"
"Zyuc4wPBmxQPcNyjF","V2 Yossi Bank",2015-04-27T00:00:00.000Z,2015-04-28T00:00:00.000Z,true,"46n4oyMnczZw2tJzv"
"aMRD37JGNEmrz9FZ9","Freddy9",2015-04-10T00:00:00.000Z,2015-04-11T00:00:00.000Z,true,"j4CyqoGhmbxFvTahz"
"aQ4BMeoFWmo4HrHqF","Sabelo1",2015-04-19T00:00:00.000Z,2015-04-20T00:00:00.000Z,true,"XRxiHzGGxzrbQiA5a"
"aiBSX6cmH9icpEn7C","Test",2015-04-11T00:00:00.000Z,2015-04-11T00:00:00.000Z,false,"eiPLFFjFBE5yqxYjj"
"ayNNoGKj3iCnECzSg","Freddy7",2015-04-10T00:00:00.000Z,2015-04-11T00:00:00.000Z,true,"MFJ4XwDAmN6Rs3SWC"
"bAExKd8RN5BhHzb3z","SABELO1",2015-04-25T00:00:00.000Z,2015-04-26T00:00:00.000Z,true,"Wi3o4uhSxQ8QXTp9J"
"bEf9GjYAyqAqY3bhw","Pontsho3",2015-04-08T00:00:00.000Z,2015-04-08T00:00:00.000Z,true,"KeXNxzHvXARk3Qzy4"
"bHZpmA7SpQzx29CQk","Zanele V1",2015-04-10T00:00:00.000Z,2015-04-11T00:00:00.000Z,true,"u7DDHnAiuQME8Ea45"
"bMEYkfLEMjEHiTFux","Joseph",2015-04-25T00:00:00.000Z,2015-04-26T00:00:00.000Z,true,"7Z9iXgHc86ag9ZN9o"
"bPfY5thaXn4EAdkXw","Joseph1",2015-04-25T00:00:00.000Z,2015-04-26T00:00:00.000Z,true,"cnvRjXuczr5WXr6cv"
"bf5Ltec4dXsz7pEX9","SABELO VERIFIED",2015-04-25T00:00:00.000Z,2015-04-26T00:00:00.000Z,true,"eTTG2NKtGiBjR2u97"
"c8PScP7JjuF3RvjuN","Sfiso V1",2015-04-07T00:00:00.000Z,2015-04-08T00:00:00.000Z,false,"xX6znodofgALpAaJg"
"cDYo2z98FGZzNHPMM","Joseph verified",2015-04-26T00:00:00.000Z,2015-04-27T00:00:00.000Z,true,"iQdoyzzN7cXbiJDaH"
"cQQF5juB8JG3jNbNs","Tshepo2",2015-04-08T00:00:00.000Z,2015-04-09T00:00:00.000Z,true,"Km2TibRg8zHBr7Tku"
"dBu8rGN6ZLKj4rb4e","Sabelo verified",2015-04-25T00:00:00.000Z,2015-04-26T00:00:00.000Z,true,"WphoZsNMeQiHdoo2a"
"dLHdmSdFbLWF2kJqy","Tshepo4",2015-04-10T00:00:00.000Z,2015-04-11T00:00:00.000Z,true,"wqkQz5WCK925Bo5eq"
"dmcSwWf7Zcge6eHR8","Jake Pencharz",2015-04-27T00:00:00.000Z,2015-04-28T00:00:00.000Z,true,"xh94G3hSG7NoS7bcY"
"dnFyeB4sC6kfmj2Q6","SABELO VERFIED",2015-04-26T00:00:00.000Z,2015-04-25T00:00:00.000Z,true,"q87zen5HgKKxJ99Lc"
"drsWF9n9G7CxbrANB","KHOLWANI7",2015-04-07T00:00:00.000Z,2015-04-07T00:00:00.000Z,true,"8kaaLjfjqaem9NM3H"
"e6s5EEf389EeLo6Tz","V1",2015-03-16T00:00:00.000Z,,true,"GdFRz8SxGfrcssASy"
"eaN2HpTXfZTyuJHLY","SABELO VERIFIED",2015-04-26T00:00:00.000Z,2015-04-27T00:00:00.000Z,true,"tXNX7HXf8MFPj694L"
"efr9txWNfPHw3AhD7","Sabelo1",2015-04-19T00:00:00.000Z,2015-04-20T00:00:00.000Z,true,"GN7JXs9sADiNKDxm4"
"eg2P5ZFGTcwctmdcA","Symps",2015-04-25T00:00:00.000Z,2015-04-26T00:00:00.000Z,true,"9CYsZozoyHucNv5Pt"
"eiaeXipXaywPNGZ7X","Nxineni Primary",,,true,"nNfgmGgefJT292PrQ"
"eqJ28tbWRDYX6YPkp","Sympathy varified",2015-04-26T00:00:00.000Z,2015-04-27T00:00:00.000Z,true,"Rero3Wud7LEDr2pHL"
"esLPjFoMCrf7aGwqS","Joseph",2015-04-25T00:00:00.000Z,2015-04-26T00:00:00.000Z,false,"REHfqEX7MAj9DjLY2"
"fXPmfwBo9N6rx7mLh","SABELO 1",2015-04-26T00:00:00.000Z,2015-04-27T00:00:00.000Z,true,"N672sLBwGEggxopdN"
"fkuEy7WKs5HL2NM6z","Pontsho5",2015-04-08T00:00:00.000Z,2015-04-08T00:00:00.000Z,true,"ge7wR8Paoq8B8ytis"
"g2zngXhSLP6Xe7qtg","Freddy8",2015-04-08T00:00:00.000Z,2015-04-09T00:00:00.000Z,true,"W22behkCwKSmtyJhy"
"g6orxjw6EmCqYup83","SABELO VERIFIED",2015-04-26T00:00:00.000Z,2015-04-27T00:00:00.000Z,true,"JoB4YjDLLtcLF9uno"
"gHKvcd2hMaXTtiNbj",,,,false,"J3pxHaGGhxNMzyqbj"
"gPuKrSrjRHYQAhofp","KHOLWANI8",2015-04-08T00:00:00.000Z,2015-04-09T00:00:00.000Z,true,"tPF56zuAa7Yv4h5pR"
"gZKefKr3T7kQ7yZdd","SABELO VERIFIED",2015-04-26T00:00:00.000Z,2015-04-27T00:00:00.000Z,true,"ruLNBjshmg9GFZfoi"
"ghEZdTPoThhpWNWiw","SABELO 1",2015-04-26T00:00:00.000Z,2015-04-27T00:00:00.000Z,true,"FA898nv2euY5CHoZo"
"giGaTXuXxZQxCGaMd","Joseph verified",2015-04-26T00:00:00.000Z,2015-04-27T00:00:00.000Z,true,"FeywHD5TCRfMtzcwp"
"gpABZNKAeZxGARLNE","Joseph verified",2015-04-26T00:00:00.000Z,2015-04-27T00:00:00.000Z,true,"S42Aq6eoMDgrb9SuJ"
"h35vTG52Xd5j7Kz6R","Sabelo",2015-04-25T00:00:00.000Z,2015-04-26T00:00:00.000Z,false,"J3pxHaGGhxNMzyqbj"
"hBG3H9epZYnScCbtp","SABELO 1",2015-04-15T00:00:00.000Z,2015-04-15T00:00:00.000Z,true,"cCRbYn4tyhNhPfpko"
"hJppCjP9YgzQPhsxp","Joseph verified",2015-04-26T00:00:00.000Z,2015-04-27T00:00:00.000Z,true,"2kCbh8W54SDKDo7Gi"
"hTroeBPPurCSNxDGe","Sympathy Varification",2015-04-26T00:00:00.000Z,2015-04-27T00:00:00.000Z,false,"A4DgHftdfZSCoGKGP"
"hk4XMrnHxTastfL7s","Joseph",2015-04-25T00:00:00.000Z,2015-04-26T00:00:00.000Z,true,"vwgqKGm5RQon5hXHo"
"hrfAaJLuuBvdukdf9","SABELO1",2015-04-25T00:00:00.000Z,2015-04-26T00:00:00.000Z,true,"x7MgCDNYKaFzg98QY"
"ieCAKYPDiJ8dGueXc","Test Adam",,,false,"zyTBtzAnGfhuZprGa"
"jR3LMPDnnHi7xvLcp","KHOLWANI19",2015-04-13T00:00:00.000Z,2015-04-14T00:00:00.000Z,true,"BdjGYXX4M4zzPWhqi"
"jSDZSbr7cMPKgibe7","KHOLWANI10",2015-04-08T00:00:00.000Z,2015-04-09T00:00:00.000Z,true,"xuGqaBapphciMGBKD"
"k652o58moXsybbDfm","sabelo1",2015-04-25T00:00:00.000Z,2015-04-28T00:00:00.000Z,true,"wxGvzQKnBHb83AErS"
"kY8pdvG9t8eN5CY4h","V1",,,true,"dTfGpbfWJJ2yeYDoy"
"mDwDpssp9xiy5oAgB","Joseph1",2015-04-25T00:00:00.000Z,2015-04-26T00:00:00.000Z,false,"P5eR9ewzqWvuTkbWN"
"mobhBo8uKGxkvNsjR","Sympathy Varified",2015-04-26T00:00:00.000Z,2015-04-27T00:00:00.000Z,true,"jxdvnitGhmmJmf3RZ"
"mu6wNPMzZ754NLLnE","Joseph verified",2015-04-26T00:00:00.000Z,2015-04-27T00:00:00.000Z,true,"S3yfktPSheRWDHbkd"
"myEbntbNmwtRJAXXn","SABELO VERIFIED",2015-04-26T00:00:00.000Z,2015-04-27T00:00:00.000Z,true,"oZeuq2GwT7HarAkif"
"n9gEojJ6K5eKYJ4c2","Sympathy varified",2015-04-25T00:00:00.000Z,2015-04-26T00:00:00.000Z,true,"R7ZEvEyPtbpXisuq8"
"o6KRqZ8m5YyPCmxEu","Joseph verified",2015-04-26T00:00:00.000Z,2015-04-27T00:00:00.000Z,true,"JYs5rzkSpqxpx7Apu"
"ocFaNqXzeBvD5hiAZ","Joseph verified",2015-04-26T00:00:00.000Z,2015-04-27T00:00:00.000Z,true,"cqdqqFn7tTnwNbmqR"
"ogTK6SAt8Ndg38xPc","Tamir Shklaz",2015-04-27T00:00:00.000Z,2015-04-28T00:00:00.000Z,true,"JyzopMX2fBSfZnAxG"
"ojqksxwnmxWXpM8n6","SABELO VERIFIED",2015-04-25T00:00:00.000Z,2015-04-26T00:00:00.000Z,true,"jyJWjSxpyzaFi5xzy"
"opzRuPL9N8RSzCNsi","Sabelo verified",2015-04-25T00:00:00.000Z,2015-04-26T00:00:00.000Z,true,"kXSCDEKFavFjWwRh6"
"pRKnFJGLubdAiTZEy","Joseph verified",2015-04-26T00:00:00.000Z,2015-04-27T00:00:00.000Z,true,"AtpXn8bGpdjDXkX2X"
"pamnvbjX3nHtQtv4D","Tshepo25",2015-04-28T00:00:00.000Z,2015-04-29T00:00:00.000Z,true,"p7KxBwZy7u74Aokfv"
"pqm6NksjcwAhrDwyH","Tshepo3",2015-04-10T00:00:00.000Z,2015-04-11T00:00:00.000Z,true,"jFLvrx8qbcRhdcMWk"
"q7rLbRb4nxtPxfoSc","SABELO VERIFIED",2015-04-26T00:00:00.000Z,2015-04-27T00:00:00.000Z,true,"psEg38R6mppLMtMyG"
"q7vvj7t7uptnim45G","Joseph verified",2015-04-26T00:00:00.000Z,2015-04-27T00:00:00.000Z,true,"LbosSJ2EtBgbSeWHe"
"qCqx8rN4JLCHpEwF4","Pontsho11",2015-04-10T00:00:00.000Z,2015-04-10T00:00:00.000Z,true,"xjBMtwSX3K5LMHFte"
"qNgGZm2CTNoa336qY","V1",,,true,"25aYgPkZaSp4W98Sc"
"qYqekSfSRExjXJrGM","SABELO VERIFIED",2015-04-26T00:00:00.000Z,2015-04-27T00:00:00.000Z,true,"qjiPzjesbNgJySiAF"
"qqTGPEnmDQRrarBSw","SABELO VERIFIED",2015-04-26T00:00:00.000Z,2015-04-27T00:00:00.000Z,true,"KDJeNL8gnrwaBb4Fb"
"qs4DrHmATWN59Tptg","Joseph",2015-04-25T00:00:00.000Z,2015-04-28T00:00:00.000Z,true,"NFuNLMWvy5qoXxFHG"
"qsXPNNQE3pWkdTbfb","SFISO V1",2015-04-07T00:00:00.000Z,2015-04-08T00:00:00.000Z,true,"GXKZ8zc5YLJjTqKmX"
"r5bdwdb45e7jr6JZB","SABELO VERIFIED",2015-04-13T00:00:00.000Z,2015-04-14T00:00:00.000Z,true,"r6uCPiS8JbRQREE7K"
"r8FrZJWZGiB9zPmmc","V2-jaydin krok",,,true,"QiCCzcdEYnZPtdHf5"
"rCApJ97XLJY5xuoJY","SABELO1",2015-04-25T00:00:00.000Z,2015-04-28T00:00:00.000Z,true,"p3gqoLjBQyybjyJEx"
"rRCnvnKF3KB68xQfw","Joseph verified",2015-04-26T00:00:00.000Z,2015-04-27T00:00:00.000Z,true,"eDwuJ6JBxC5YEBRAi"
"ra2zX3jjBPguj6bc3","V2 Yossi Bank",2015-04-27T00:00:00.000Z,2015-04-28T00:00:00.000Z,true,"PE8JfrpWJJssfiaXM"
"rgipwMLK9skQK2EuA","Joseph1",2015-04-25T00:00:00.000Z,2015-04-26T00:00:00.000Z,true,"W2dNTH3v95vkD26c3"
"sXauHMaoiXsoSamWK","Joseph verified",2015-04-26T00:00:00.000Z,2015-04-27T00:00:00.000Z,true,"5Cg9DLfWgmYJt9c9C"
"sfN5HAvKti5hRvPxZ","Sympathy Varified",2015-04-26T00:00:00.000Z,2015-04-27T00:00:00.000Z,true,"fFQ2beYFprTjRdcKG"
"sfgS3CrJFoTBvFQ72","Symps",2015-04-25T00:00:00.000Z,2015-04-26T00:00:00.000Z,true,"ZxPRDSKN5webdJeMr"
"siZhhkH29MMEnswvu","Version 2",2015-04-07T00:00:00.000Z,2015-04-12T00:00:00.000Z,false,"4RdAodhbn5cykY9bf"
"srdTLx3pxML3nwKPr","Tshepo1",2015-04-07T00:00:00.000Z,2015-04-08T00:00:00.000Z,true,"Cfwoys8TWgMPWSjTW"
"syBSsyuaG3J2rk8ky","Joseph1",2015-04-25T00:00:00.000Z,2015-04-28T00:00:00.000Z,true,"nxtbufhDB5w8FKhfn"
"tC7ee9TXmJ8oDEcRe","Pontsho8",2015-04-08T00:00:00.000Z,2015-04-08T00:00:00.000Z,true,"5prheirjAwbuLafca"
"tCtKh6DnzT7ZXMeHw","Version 1",2015-03-31T00:00:00.000Z,2015-04-02T00:00:00.000Z,false,"4RdAodhbn5cykY9bf"
"tDKj5hfjzok3tbGs9","SABELO VERIFIED",2015-04-26T00:00:00.000Z,2015-04-27T00:00:00.000Z,true,"QeinGxEF8GwFQvDvR"
"tMjiiRvEEAsNmSJGx","Joseph verified",2015-04-25T00:00:00.000Z,2015-04-26T00:00:00.000Z,true,"MJ7eLcP3Knb7rM5ay"
"tdRzrm36MQJ2raFea","Joseph verified",2015-04-26T00:00:00.000Z,2015-04-27T00:00:00.000Z,true,"KjBZWW5QuieebNEWn"
"tkbM3Jp4KjPx4H5qC","Sympathy Varified",2015-04-26T00:00:00.000Z,2015-04-27T00:00:00.000Z,true,"WgbderTpsZqAGyWQG"
"tqMTBWRbAuYsAqATz","Sympathy varified",2015-04-26T00:00:00.000Z,2015-04-27T00:00:00.000Z,true,"HMDP7QPixBHanbGzA"
"u2mAvGSYipuFCETW2","Sympathy Varified",2015-04-26T00:00:00.000Z,2015-04-27T00:00:00.000Z,true,"oWbeFZNmb5sYLH9ua"
"ufaeHuMMa97ge5aCK","KHOLWANI14",2015-04-10T00:00:00.000Z,2015-04-11T00:00:00.000Z,true,"9QdZCixvMkkYuEni3"
"uiiC6LpdXHBickDqX","Sympathy Varified",2015-04-26T00:00:00.000Z,2015-04-27T00:00:00.000Z,true,"A9hamtpiXA3HvTcRd"
"uvAsG8PGNZNED5pxz","Joseph verified",2015-04-26T00:00:00.000Z,2015-04-27T00:00:00.000Z,true,"mzvEj75w7giNPw42h"
"uyB7xpWYkTuuhsLzS","Symps",2015-04-25T00:00:00.000Z,2015-04-26T00:00:00.000Z,true,"kYCce5RHTuifpGEjD"
"vPSPXjGpC6ABc9Szc","Joseph verified",2015-04-26T00:00:00.000Z,2015-04-27T00:00:00.000Z,true,"vaowCxxLXhwWz2Pho"
"vQsgY2cMuHRHHxN5X","Zanele V1",2015-04-10T00:00:00.000Z,2015-04-11T00:00:00.000Z,true,"tzX8JpuRB7btgHLFJ"
"vZkChYaMACHarXWxC","V1",2015-04-10T00:00:00.000Z,2015-04-11T00:00:00.000Z,true,"bELHecSip3AKdyrkn"
"wDCWL3rxm6NDcHY37","SABELO VERIFIED",2015-04-26T00:00:00.000Z,2015-04-27T00:00:00.000Z,true,"SfguRdqMXPhGK5HsN"
"wfdMKsnKg56v7y6uJ","Joseph verified",2015-04-26T00:00:00.000Z,2015-04-27T00:00:00.000Z,true,"4iDQuLTfWizgi77wM"
"x39JZC9Q749pXeEbY","V2 Adam Dison",2015-04-27T00:00:00.000Z,2015-04-28T00:00:00.000Z,true,"wXEutByfDcCbHu5Qd"
"xp2bxhMm4Yoeu9jho","Sympathy verified",2015-04-26T00:00:00.000Z,2015-04-27T00:00:00.000Z,false,"ARd8kqPAKk8cggX8q"
"xsLXqpcynPeYTwiXE","SABELO VERIFIED",2015-04-25T00:00:00.000Z,2015-04-26T00:00:00.000Z,true,"fytoqzYYGd99GNWKT"
"xuTGawqPYaYusxnm8","V2 - Adam Dison",2015-04-27T00:00:00.000Z,,true,"9R2gy3wRvgn2YPY8n"
"y3Rzmw2pDYqioZ8WC","Joseph1",2015-04-25T00:00:00.000Z,2015-04-26T00:00:00.000Z,true,"miijuHXTgknAEpauD"
"y8vNYzZpy3A9BHx6W","Jake Pencharz",2015-04-27T00:00:00.000Z,2015-04-28T00:00:00.000Z,true,"jwu8BDHqbWbZCiB7N"
"yAYPTyMxnk5pj2zT9","Sabelo verified",2015-04-25T00:00:00.000Z,2015-04-26T00:00:00.000Z,true,"FDBLyYsKbbGzy2m99"
"yuLFP8PQcXB6aAAm6","Pontsho7",2015-04-08T00:00:00.000Z,2015-04-08T00:00:00.000Z,true,"wZZXQGomrEjj5a2uY"
"zpLEh72kC58ryRpxt","V2-Jaydin Krok",,,true,"pm6BHERh3juv98LzD"
