school_name,survey_name,isverified,_id,totalnumberofcleaningstaff,accesstosoap,accesstotoiletpaper,accesstosanitarypads,totalnumberoftoiletblocks,disabledtoilets,watersupply,watersupplycondition,comment,version_id
SEEISO PRIMARY SCHOOL,Joseph verified,true,xcFR4EKoY9rsHPGG8,1,,,,4,,"[ ""Municipal water supply"" ]",There is a regular water supply,,LZ7sJWsXTML9asLdD
LEFIKA PRIMARY SCHOOL,V1,true,L2gzrW6RMyNBpNS6d,,,,,4,,"[ ""Municipal water supply"" ]",There is a regular water supply,,GaE7jrBwPxNR4AK72
LOTUS GARDENS PRIMARY SCHOOL,Joseph verified,true,PzfLR3pW79quv77em,,,,,,zero,"[ ""Municipal water supply"" ]",There is a regular water supply,,hJppCjP9YgzQPhsxp
MELODI PRIMARY SCHOOL,V2 - Daniel Kartun,true,AssudeAMtrNkhaXMP,,No access,Toilet paper is in the stall,No access,10,zero,"[ ""Municipal water supply"" ]",There is a regular water supply,,6nyrh8pzbNxMHyu4J
FADIMEHA PRIMARY SCHOOL,Joseph verified,true,Y6cX39QnBFjhWKE23,,Unsure,Unsure,Unsure,,,"[ ""Municipal water supply"" ]",There is a regular water supply,,ZMuo7tqss7QrYPuwZ
DR HARRY GWALA SECONDARY SCHOOL,Tshepo3,false,STrEDriYdeL4FQAiR,2,No access,No access,No access,2,zero,"[ ""Municipal water supply"" ]",There is a regular water supply,,SNuf4DBJszmQrAzS4
ZITHEMBENI PRIMARY SCHOOL,kholwani21,true,RRf3k9HFhwbPyAMLP,1,Ask a teacher or administrator,Ask a teacher or administrator,Ask a teacher or administrator,2,zero,"[ ""Municipal water supply"" ]",There is a regular water supply,,2rqTjwusZ8tc8nbYt
MQINISWA PRIMARY SCHOOL,Joseph verified,true,WuBi7dStHShghbc8k,4,No access,No access,No access,,3 or more,"[ ""Municipal water supply"" ]",There is a regular water supply,,6XmRH2cDbjXJd8Zri
INKONJANE JUNIOR SECONDARY SCHOOL,V2 Yossi Bank,true,Hg42CtSPNnBozyx8v,,No access,No access,No access,6,3 or more,"[ ""Municipal water supply"" ]",There is a regular water supply,,Zyuc4wPBmxQPcNyjF
LEFA-IFA SECONDARY SCHOOL,KHOLWANE13,true,MMjvt4efRwXkpZnT9,1,No access,No access,No access,3,zero,"[ ""Municipal water supply"" ]",There is a regular water supply,,5QzLWMPF8grmhh3G5
KING DAVID HIGH SCHOOL (VICTORY PARK),Version 1,false,xyKpaXMTjJhfsC4BR,,,,Ask a teacher or administrator,,,"[ ""Mobile tankers (jojo tank)"", ""Borehole"" ]",,,tCtKh6DnzT7ZXMeHw
KING DAVID HIGH SCHOOL (VICTORY PARK),Version 2,false,ZTQNyftwcpwcYtoc6,,No access,Ask a teacher or administrator,Sanitary pads are in the stall,,,"[ ""Mobile tankers (jojo tank)"", ""Local dam or reservoir"" ]",,,siZhhkH29MMEnswvu
MASHEMONG PRIMARY SCHOOL,Joseph verified,true,4rv274GDAXBJoqSbD,,Ask a teacher or administrator,Toilet paper is in the stall,,,,"[ ""Municipal water supply"" ]",There is a regular water supply,,wfdMKsnKg56v7y6uJ
ZITHATHELE PRIMARY SCHOOL,Joseph verified,true,BCbT7xFv9YY2wEtCG,2,,,,,one,"[ ""Municipal water supply"" ]",There is a regular water supply,,sXauHMaoiXsoSamWK
REKGUTLILE PRIMARY SCHOOL,SABELO VERIFEID,true,u85mRPcEufSTZMYXy,2,No access,Ask a teacher or administrator,No access,4,zero,"{ ""0"" : ""Municipal water supply"" }",There is a regular water supply,,9NYELJLrE2z96eKGu
QEDUSIZI PRIMARY SCHOOL,Pontsho8,true,WYqAfguvNnyEYR4Da,,No access,Ask a teacher or administrator,Ask a teacher or administrator,3,one,"{ ""0"" : ""Municipal water supply"" }",There is a regular water supply,,tC7ee9TXmJ8oDEcRe
FUNUKUKHANYA PRIMARY SCHOOL,KHOLWANI3,true,bgGZ7E5jST2c6BSCZ,,No access,No access,No access,,zero,"[ ""Municipal water supply"" ]",There is a regular water supply,,55foHoJLBDfwGwTWD
VULAMAZIBUKO PRIMARY SCHOOL,V2 Yossi Bank,true,bMobxhAqBjpad7M7d,1,Unsure,Ask a teacher or administrator,Unsure,2,zero,"[ ""Municipal water supply"" ]",There is a regular water supply,,4F5Qwq5cmL34WsvHP
MABOELLENG PRIMARY SCHOOL,Joseph,true,t4do6HAJnXMomW7Ko,2,No access,Ask a teacher or administrator,Ask a teacher or administrator,,zero,"[ ""Municipal water supply"" ]",There is a regular water supply,,3XdLNoiuCRA5T5Dfc
GEORGE MBILASE PRIMARY SCHOOL,Joseph,true,nM2vHvSRPCQyK9ivF,,,,,2,zero,"[ ""Municipal water supply"" ]",There is a regular water supply,,bMEYkfLEMjEHiTFux
MANGWELE PRIMARY SCHOOL,SABELO VERIFIED,true,P5idvTZnL9gQf8vxC,2,No access,No access,No access,2,zero,"[ ""Municipal water supply"" ]",There is a regular water supply,,HZFjNDTejF5ga78Sx
ZITIKENI SECONDARY SCHOOL,SABELO VERIFIED,false,LJ3KmKSmjzGbmHHku,7,No access,No access,Ask a teacher or administrator,5,zero,"[ ""Municipal water supply"", ""Mobile tankers (jojo tank)"" ]",There is a regular water supply,,A7HS55Lmpv7eWduhv
TSAKANE PRIMARY SCHOOL,Sympathy Varified,true,RAnNHquw4sqYn7szr,1,Ask a teacher or administrator,Ask a teacher or administrator,Ask a teacher or administrator,2,zero,"[ ""Municipal water supply"" ]",There is a regular water supply,,MYuCFef7Fjt8yRX8d
LEBONE PRIMARY SCHOOL,KHOLWANI7,true,hNdPeEHpw7NF4LGtP,,,,,4,zero,"[ ""Municipal water supply"" ]",There is a regular water supply,,drsWF9n9G7CxbrANB
Radibapi Primary,sabelo,true,dYvtJNADNxYJ8EEqs,,Ask a teacher or administrator,,,,,"[ ""Municipal water supply"" ]",There is a regular water supply,,Acd6f7D8RbhpthZHN
PHAMEHLO PRIMARY SCHOOL,Symps,true,rRh6CpNkgfxNkhpWh,3,No access,No access,No access,2,zero,"[ ""Municipal water supply"" ]",There is a regular water supply,water tanks needed,eg2P5ZFGTcwctmdcA
ORLANDO SECONDARY SCHOOL,SABELO VERIFIED,true,YoPj5T2fuktcGqrem,,No access,No access,No access,4,3 or more,"[ ""Municipal water supply"" ]",There is a regular water supply,,XKxt23fR8Fujkyiim
DITAWANA PRIMARY SCHOOL,pontsho 21,true,CWuNEwa97NiubK2ET,,No access,No access,No access,1,zero,"[ ""Municipal water supply"" ]",There is a regular water supply,,LBujyFwCgPkGzWSZy
SECHABA PRIMARY SCHOOL,KHOLWANI14,true,DFrokHeJmZYWyRNz3,,No access,No access,No access,,zero,"[ ""Municipal water supply"" ]",There is a regular water supply,,ufaeHuMMa97ge5aCK
PHOMOLONG SECONDARY SCHOOL,V2 - Adam Dison,true,rnc7rcRA6aziLFKYL,,No access,No access,Ask a teacher or administrator,,3 or more,"[ ""Municipal water supply"" ]",There is a regular water supply,,xuTGawqPYaYusxnm8
LEJOELEPUTSOA PRIMARY SCHOOL,Freddy4,false,8o6cPsqJAaQTiDxe8,,No access,Ask a teacher or administrator,Ask a teacher or administrator,5,one,,There is a regular water supply,the toilets are very clean,EtsNuLzuvqcqdM943
TEMBISA WEST SECONDARY SCHOOL,Freddy10,true,cFrYcFN2xEd68CTT4,,No access,No access,No access,,,"{ ""0"" : ""Municipal water supply"" }",There is a regular water supply,All the mobile toilets are closed,4avNjjRgrzrEpwKMN
DR NHLAPO INTERMEDIATE SCHOOL,Joseph verified,true,smfaNL7EkMg9pHBer,2,,,,1,zero,,There is a regular water supply,,Hjqy94n4PwNqwN5uA
O.R TAMBO PRIMARY SCHOOL,Zanele V1,true,wCn8f2g6s6ooTGMXZ,,Ask a teacher or administrator,Ask a teacher or administrator,Ask a teacher or administrator,5,zero,"{ ""0"" : ""Municipal water supply"" }",There is a regular water supply,,Gfj3WRS3Y8w4dmyph
ZENZELENI PRIMARY SCHOOL,Sympathy Varification,false,RgLW7kjEu7EMvgWLw,,No access,Ask a teacher or administrator,No access,3,two,"[ ""Municipal water supply"", ""Rain water"", ""Mobile tankers (jojo tank)"" ]",There is a regular water supply,,hTroeBPPurCSNxDGe
EKUKHANYISWENI PRIMARY SCHOOL,SABELO VERIFIED,true,5fpT2mJPGpQQB3i7K,5,No access,No access,No access,5,two,"[ ""Municipal water supply"" ]",There is a regular water supply,,EbrJ8dHAyrQTpSaNj
TLAKULA SECONDARY SCHOOL,Sympathy Varified,true,AATGCBCcwTxHM74sC,,No access,No access,Ask a teacher or administrator,2,zero,"[ ""Municipal water supply"", ""Mobile tankers (jojo tank)"", ""Borehole"" ]",There is a regular water supply,,uiiC6LpdXHBickDqX
TLHAKANANG PRIMARY SCHOOL,Tlhakanang Primary School,false,BP7uXAiPYrY9pYME6,1,No access,No access,Ask a teacher or administrator,,zero,"[ ""Municipal water supply"" ]",There is a regular water supply,,3acdePaA3PaTzXLaP
OR TAMBO PRIMARY SCHOOL,Sympathy verified,false,YATg67bidxACedkfD,4,Ask a teacher or administrator,Ask a teacher or administrator,Ask a teacher or administrator,5,zero,"[ ""Municipal water supply"" ]",There is a regular water supply,,xp2bxhMm4Yoeu9jho
PHUTHULLA PRIMARY SCHOOL,Joseph verified,true,Z5srnfN8K4TCueuRe,,No access,Toilet paper is in the stall,No access,1,3 or more,"[ ""Municipal water supply"" ]",There is a regular water supply,,pRKnFJGLubdAiTZEy
SEOTLOANA PRIMARY SCHOOL,Zanele V1,true,M55jL9F2yQjCwfmwy,2,No access,Ask a teacher or administrator,No access,,3 or more,"[ ""Municipal water supply"" ]",There is a regular water supply,,Qmhp6bLYHrRTc42wc
EMMANGWENI PRIMARY SCHOOL,Zanele v1,true,7Awj7w7rk3Djo8PkY,6,Ask a teacher or administrator,Ask a teacher or administrator,Ask a teacher or administrator,6,one,"[ ""Municipal water supply"" ]",There is a regular water supply,,SeRiR2xnt35DWtRzX
TSIMONG PRIMARY SCHOOL,Kholwani19,true,98A6c9qEZK7Gcb5kQ,1,No access,Ask a teacher or administrator,No access,1,zero,"[ ""Municipal water supply"" ]",There is a regular water supply,,jR3LMPDnnHi7xvLcp
REALO  SECONDARY SCHOOL,SABELO VERIFIED,true,C74byb49RE9twSqzW,,No access,No access,Ask a teacher or administrator,2,zero,"[ ""Municipal water supply"" ]",There is a regular water supply,,6iixm3MYropadAMjX
SEDIBENG PRIMARY SCHOOL,Zanele V1,true,NnTbdLxCPoxYh3CM7,4,No access,No access,Ask a teacher or administrator,3,,"[ ""Municipal water supply"" ]",There is a regular water supply,,8pdqiKPuW9emmvdMA
INKATHA KA ZULU PRIMARY SCHOOL,Tshepo1,true,z3442RFG8MTTj4C8x,,Ask a teacher or administrator,Ask a teacher or administrator,Ask a teacher or administrator,4,two,"{ ""0"" : ""Municipal water supply"" }",There is a regular water supply,,srdTLx3pxML3nwKPr
SIVUSE PRIMARY SCHOOL,SABELO1,false,q6qYHCdp2wwcNMHK8,,Ask a teacher or administrator,Ask a teacher or administrator,Ask a teacher or administrator,,zero,"[ ""Municipal water supply"" ]",There is a regular water supply,,JeGKrkaqdgboxbxAd
N'WA MHINGA PRIMARY SCHOOL,V2-Jaydin krok,false,jgqBtCHDXJmCsPacx,0,,Ask a teacher or administrator,,2,Unsure,"[ ""Municipal water supply"", ""Rain water"", ""Mobile tankers (jojo tank)"" ]",There is a regular water supply,,S47bpHzXts94zC2ke
JABULANI THABANG PRIMARY SCHOOL,Sabelo1,true,45RoEuERbqpWXsFkM,,,,,,zero,"[ ""Municipal water supply"" ]",There is a regular water supply,,MtKWmrDmPtx6hTjXm
ZAKHENI PRIMARY SCHOOL,Sympathy varified,true,JY4oMq2pGHYCCTtpD,,No access,No access,No access,,,"[ ""Municipal water supply"" ]",There is a regular water supply,,HKHTs5NYM9YcNKmA3
HOFMEYR SECONDARY SCHOOL,Joseph verified,true,uP8rRoXCo6d25caza,5,No access,No access,No access,7,zero,"[ ""Municipal water supply"" ]",There is a regular water supply,,Z9wz3QcLwmRfGuaeT
DITAWANE,Joseph verified,true,frZKcGGYncW6Ekkge,,,,,1,zero,"[ ""Municipal water supply"" ]",There is a regular water supply,,ZQpQXXcpAjvZC2ony
WESTFIELDS PRIMARY SCHOOL,SABELO 1,true,e78P6TRfNKN3bAHua,,,,Ask a teacher or administrator,,,"[ ""Municipal water supply"" ]",There is a regular water supply,,ghEZdTPoThhpWNWiw
PHELINDABA SECONDARY SCHOOL,Sabelo verified,true,cndSu5rGxpHDmbFNS,,,,,2,two,"[ ""Municipal water supply"" ]",There is a regular water supply,,yAYPTyMxnk5pj2zT9
LERESCHE PRIMARY SCHOOL,Joseph verified,true,YhWio6LCC3S3WLXk4,,,,,,zero,"[ ""Municipal water supply"" ]",There is a regular water supply,,giGaTXuXxZQxCGaMd
TSOELOPELE PRIMARY SCHOOL,Joseph verified,false,FPgJHkfWALyDy5Bau,,,,,2,3 or more,"[ ""Municipal water supply"" ]",There is a regular water supply,,ZrghZT93L2bSWSofg
JET NTEO SECONDARY SCHOOL,Sabelo1,true,ZR5wGTQzdfoqSYJim,,No access,No access,Unsure,1,zero,"[ ""Municipal water supply"" ]",There is a regular water supply,,RKz4SAhiQgbHCmTpZ
LIVHUWANI PRIMARY SCHOOL,SABELO VERIFIED,true,pXiGmxhXsWq5hKimo,2,,,,,one,"[ ""Municipal water supply"" ]",There is a regular water supply,,PySjA6yQMoXAyS2z8
NYIKO PRIMARY SCHOOL,Freddy9,true,wCqPzj7RHnhxWgLfu,,,,,,,"[ ""Municipal water supply"" ]",,,6cFA5fAxPtQzaP5bz
TOKELO SECONDARY SCHOOL,Joseph verified,true,ydubTj5ScKPZc5KPX,,Unsure,Unsure,Unsure,,,"[ ""Municipal water supply"" ]",There is a regular water supply,,WszeF9gAuQuHMNHLC
LEHLASEDI PRIMARY SCHOOL,Sabelo1,true,NHrgPTjDkhe2mzM9f,,Unsure,Unsure,Unsure,2,zero,"[ ""Municipal water supply"" ]",There is a regular water supply,,efr9txWNfPHw3AhD7
GORDON PRIMARY SCHOOL,SFISO V1,true,xuRAAwNnagBfG28n6,,Unsure,Ask a teacher or administrator,Unsure,7,3 or more,"[ ""Municipal water supply"", ""Mobile tankers (jojo tank)"" ]",There is a regular water supply,,qsXPNNQE3pWkdTbfb
MASIQHAKAZE SECONDARY SCHOOL,V1,true,yhpvJKiwza7JPbP2x,,No access,No access,No access,,,"{ ""0"" : ""Municipal water supply"" }",There is a regular water supply,,e6s5EEf389EeLo6Tz
MASIMINI PRIMARY SCHOOL,V2 Adam Dison,true,JZftzuN47Gx9cycc7,,,,,2,,,,,E7KSgcfSqaoDb5BEE
LEEMA-MOKOTULI PRIMARY SCHOOL,Sabelo1,true,RFjJcCzoiv6KdPPMm,1,Ask a teacher or administrator,Ask a teacher or administrator,No access,,zero,"[ ""Municipal water supply"" ]",There is a regular water supply,,2smWdy5ZETPXoRrYG
IPHUTHENG PRIMARY SCHOOL,Sympathy varified,true,pkPKnoqeqZr3CSvWp,,No access,Ask a teacher or administrator,No access,4,3 or more,"{ ""0"" : ""Municipal water supply"" }",There is a regular water supply,,tqMTBWRbAuYsAqATz
LETSEMA-ILIMA PRIMARY SCHOOL,Symps,true,CQP7C7bzejdHpsXse,6,Ask a teacher or administrator,Ask a teacher or administrator,No access,8,zero,"[ ""Municipal water supply"" ]",There is a regular water supply,,ZNXsgBEk2evJkTYso
BOKAMOSO SECONDARY SCHOOL,Zanele V1,true,zbmJ6m9cdGXi77RBu,,No access,No access,Ask a teacher or administrator,,3 or more,"[ ""Municipal water supply"" ]",There is a regular water supply,,H2wSN9EFbKzeSGjCh
KGOLAGANO PRIMARY SCHOOL,Joseph verified,true,4s5S5RS5s6KxyNRaj,6,No access,No access,No access,0,Unsure,"[ ""Municipal water supply"" ]",There is a regular water supply,,o6KRqZ8m5YyPCmxEu
Tsimona Primary School,Tsimona Primary School,false,qQHvc7JcufXeW5T8f,1,No access,Ask a teacher or administrator,No access,1,zero,"[ ""Municipal water supply"" ]",Sometimes there is water,,LJC3JBYxgkbi8GzAP
STEVE BIKO PRIMARY SCHOOL,SABELO VERIFIED,false,cR9QFJX22Kz66Smys,,,Ask a teacher or administrator,,,,"[ ""Municipal water supply"", ""Mobile tankers (jojo tank)"" ]",There is a regular water supply,,g6orxjw6EmCqYup83
STRETFORD EXT 8 PRIMARY SCHOOL,Sfiso v1,true,bkRftmSERXmZniLMQ,2,No access,Ask a teacher or administrator,No access,4,Unsure,"[ ""Municipal water supply"" ]",There is a regular water supply,,4zo5MNwbBvTPykbFg
MEADOWLANDS PRIMARY SCHOOL,Tamir Shklaz,true,KYK7Bxg9fbaGC2Lcs,,Ask a teacher or administrator,Ask a teacher or administrator,No access,,zero,"[ ""Municipal water supply"" ]",There is a regular water supply,,ogTK6SAt8Ndg38xPc
WINNIE MANDELA PRIMARY SCHOOL,SABELO VERIFIED,true,jfMgSFgEjNNxEqoYi,,No access,No access,No access,13,3 or more,"[ ""Municipal water supply"", ""Mobile tankers (jojo tank)"" ]",There is a regular water supply,,qqTGPEnmDQRrarBSw
SELELEKELA SECONDARY SCHOOL,SABELO 1,true,oLu3KcSrcw733acRA,3,Unsure,Unsure,Unsure,,one,"[ ""Municipal water supply"" ]",There is a regular water supply,,Ayck7PmsY3mNr3gZQ
ZIMISELE SECONDARY SCHOOL,Pontsho3,true,3gXMg8bGNFkmbMmCP,6,No access,No access,Ask a teacher or administrator,5,zero,"{ ""0"" : ""Municipal water supply"" }",There is a regular water supply,The number of maintenance staff includes 2 caretakers. There are 4 toilet blocks for students and one toilet block for teachers,bEf9GjYAyqAqY3bhw
CARTER PRIMARY SCHOOL,Joseph verified,true,Td5z8sPMGGqYPT2Xa,,No access,Ask a teacher or administrator,No access,4,zero,"[ ""Municipal water supply"" ]",There is a regular water supply,,tdRzrm36MQJ2raFea
QUANTUM SECONDARY SCHOOL,Tshepo2,true,wg6B3mc2dF9nk4DEP,,No access,No access,No access,6,,"[ ""Municipal water supply"" ]",There is a regular water supply,,cQQF5juB8JG3jNbNs
EMFUNDISWENI PRIMARY SCHOOL,SABELO VERIFIED,false,da95hBBzrGp4YBFP9,4,,,,3,two,"[ ""Municipal water supply"", ""Rain water"", ""Mobile tankers (jojo tank)"" ]",There is a regular water supply,,8TjXzm5mqedTkvZ5n
THOHO-YA-NDOU PRIMARY SCHOOL,Joseph verified,true,ufNsdLPc4md65tLAz,,Ask a teacher or administrator,Ask a teacher or administrator,Ask a teacher or administrator,3,one,"[ ""Municipal water supply"" ]",There is a regular water supply,Maintenance staff are volunteers,q7vvj7t7uptnim45G
SIPHIWE PRIMARY SCHOOL,Zanele V1,true,iH3wW5Kk8YmTb8tuH,,Ask a teacher or administrator,Ask a teacher or administrator,Ask a teacher or administrator,,zero,"{ ""0"" : ""Municipal water supply"" }",There is a regular water supply,There are 5 maintenance staff,8EkWbb3qMosGvaWyT
NTSIKANA PRIMARY SCHOOL,Sympathy Varified,true,kN9T9RSgCGv3vP2oJ,4,No access,No access,Ask a teacher or administrator,,zero,"[ ""Municipal water supply"" ]",There is a regular water supply,,95AYoAp6AiYz3KZ2t
KHULA SIZWE PRIMARY SCHOOL,Freddy7,true,Zg2ErgzG7NqhNkWAy,,Ask a teacher or administrator,Ask a teacher or administrator,Ask a teacher or administrator,,zero,"{ ""0"" : ""Municipal water supply"" }",There is a regular water supply,The toilets are in good condition and are clean,ayNNoGKj3iCnECzSg
TOTOMENG PRIMARY SCHOOL,Joseph verified,true,RRj7Baxqs8GKgYp2d,,Ask a teacher or administrator,No access,,,zero,"[ ""Municipal water supply"" ]",There is a regular water supply,,tMjiiRvEEAsNmSJGx
PUDUMO PRIMARY SCHOOL,SABELO 1,true,X53ZzXW5bNX39CrBP,,Unsure,Ask a teacher or administrator,Unsure,,zero,"[ ""Municipal water supply"", ""Rain water"", ""Mobile tankers (jojo tank)"" ]",,,fXPmfwBo9N6rx7mLh
PHORORONG PRIMARY SCHOOL,Joseph,true,yggccu8SzWqaXzf6d,3,No access,Ask a teacher or administrator,,,zero,"[ ""Municipal water supply"" ]",There is a regular water supply,,qs4DrHmATWN59Tptg
THEMBALIHLE PRIMARY SCHOOL,SABELO1,true,voAZaZafLWW8iynu6,,No access,Ask a teacher or administrator,Ask a teacher or administrator,1,one,"[ ""Municipal water supply"" ]",There is a regular water supply,THE BLOCK A TOILETS ARE USED BY BOTH TEACHERS AND STUDENTS,AHHiQixZscHdnSQpM
VEZUKHONO SECONDARY SCHOOL,Joseph,true,cpqQapCTM9a3ergFd,,,,,8,zero,"[ ""Municipal water supply"" ]",,,8FucY8f4FTzL2XmhY
AMOS MAPHANGA SECONDARY,V2 Yossi Bank,true,H2bczA8gXMeyXDoAu,19,No access,No access,No access,7,zero,"[ ""Municipal water supply"" ]",There is a regular water supply,,ra2zX3jjBPguj6bc3
TEMBISA SECONDARY SCHOOL,V1,true,Fem2SsQfHmAYurMj3,,,,,7,3 or more,"[ ""Municipal water supply"" ]",There is a regular water supply,,LTccQvtsRbQdnvd4x
DIEPDALE SECONDARY SCHOOL,V2-Jaydin krok,true,4WeLGzQkWXqrjwfRi,2,No access,No access,Ask a teacher or administrator,5,zero,"[ ""Municipal water supply"" ]",There is a regular water supply,,EyHGQ2ctZRGcPQ4Lc
NTOKOZWENI PRIMARY SCHOOL,Pontsho12,true,42AwuPC9WiCoRhMvA,,Ask a teacher or administrator,No access,Ask a teacher or administrator,3,two,"[ ""Municipal water supply"" ]",There is a regular water supply,,EtHDHYs97BCxasggi
PHANDIMFUNDO SECONDARY SCHOOL,SABELO VERIFIED,true,5dmD8byM6T8FraKqW,,Unsure,Unsure,Unsure,5,zero,"[ ""Municipal water supply"" ]",There is a regular water supply,,tDKj5hfjzok3tbGs9
AB XUMA PRIMARY SCHOOL,V2-jaydin krok,false,9QqeGEAYhPePDGmiM,2,Unsure,Ask a teacher or administrator,Unsure,4,one,"[ ""Municipal water supply"" ]",There is a regular water supply,,r8FrZJWZGiB9zPmmc
TSIETSI MASHININI PRIMARY SCHOOL,Sympathy varified,true,AcrdCKotjmzfDtnPe,2,Ask a teacher or administrator,Ask a teacher or administrator,No access,2,one,"[ ""Municipal water supply"" ]",There is a regular water supply,,n9gEojJ6K5eKYJ4c2
VUYO PRIMARY SCHOOL,Joseph,false,php2pxHN9LZGaKXir,,,,,,,"[ ""Municipal water supply"" ]",There is a regular water supply,,esLPjFoMCrf7aGwqS
MENZI PRIMARY SCHOOL,Sympathy varified,false,CrvyZD3Rjh6uhcW9e,1,Ask a teacher or administrator,Ask a teacher or administrator,Ask a teacher or administrator,2,zero,"[ ""Unsure"" ]",There is a regular water supply,,eqJ28tbWRDYX6YPkp
SAPPHIRE SECONDARY SCHOOL,Joseph verified,true,3mqg7miQRPYMBWDXp,3,,,,,,"[ ""Municipal water supply"" ]",There is a regular water supply,,mu6wNPMzZ754NLLnE
LUKHOLWENI PRIMARY SCHOOL,Joseph verified,true,vbpwHrSY4zvSTB2fT,,No access,No access,No access,,zero,"[ ""Municipal water supply"" ]",There is a regular water supply,,gpABZNKAeZxGARLNE
LEBOHANG SECONDARY SCHOOL,Sabelo1,true,2EiAGRNmdBzZ8MAzd,,Unsure,,,,zero,,There is a regular water supply,,KrNZ7H2XmHuPpHRrN
EAST BANK HIGH SCHOOL,Sympathy varified,true,Lo7X4wGimDtA6iyPi,,No access,No access,No access,6,zero,"[ ""Municipal water supply"", ""Mobile tankers (jojo tank)"" ]",There is a regular water supply,,LD7hazozFmAuLNBgP
THUTO LORE SECONDARY SCHOOL,Tamir Shklaz,true,wtDztf4DvEK48sZsB,,No access,No access,No access,,zero,"[ ""Municipal water supply"" ]",There is a regular water supply,,A82Sqxg6dWo9BjRw7
LERATONG PRIMARY SCHOOL,sfisov1,false,MPbb5sPLSRFbvnbbh,2,No access,No access,No access,4,one,"[ ""Municipal water supply"" ]",There is a regular water supply,,8Q8hLajqT7vMWrbeA
KUZIMISELA PRIMARY SCHOOL,Tshepo,true,pDMpJorT2bALN46JX,,No access,Ask a teacher or administrator,Ask a teacher or administrator,6,zero,"[ ""Municipal water supply"" ]",There is a regular water supply,,HushLZncKDsTyJhfN
DITAU PRIMARY SCHOOL,Sympathy varified,true,hiGktNcjseEZhzRKb,,No access,Ask a teacher or administrator,Ask a teacher or administrator,,zero,,Unsure,,SDQzcRxtroyWa7uGB
MOGOGODI PRIMARY SCHOOL,Joseph1,true,5TNG9YBc5BTTN2AtE,2,No access,No access,No access,3,two,"[ ""Municipal water supply"" ]",There is a regular water supply,,rgipwMLK9skQK2EuA
MICHAEL ZULU PRIMARY SCHOOL,Sympathy varified,true,L3mxzkihwSFqNtpft,1,Ask a teacher or administrator,Ask a teacher or administrator,Ask a teacher or administrator,4,zero,"[ ""Municipal water supply"" ]",There is a regular water supply,,3tbjfT8zZ2fPGfiwc
ITHUTE PRIMARY SCHOOL,Sympathy Varified,true,JxYDfToHFWtvTfgmR,,Unsure,Toilet paper is in the stall,Unsure,,zero,"[ ""Municipal water supply"" ]",There is a regular water supply,,tkbM3Jp4KjPx4H5qC
ITSEBENG PRIMARY SCHOOL,SABELO1,true,PTcWjKN63kq78xpY9,1,Ask a teacher or administrator,Ask a teacher or administrator,,,,,There is a regular water supply,,bAExKd8RN5BhHzb3z
LABAN MOTLHABI COMPREHENSIVE SCHOOL,Pontsho6,true,HyyjPizs3iJskfKMN,1,Ask a teacher or administrator,No access,No access,3,zero,"{ ""0"" : ""Municipal water supply"" }",There is a regular water supply,,922NEXkq8CZy6PH7L
GOVAN MBEKI PRIMARY SCHOOL,Sabelo verified,true,zyoGA3y2G5JoXMzhn,7,Ask a teacher or administrator,Ask a teacher or administrator,No access,,zero,"[ ""Municipal water supply"" ]",,,dBu8rGN6ZLKj4rb4e
MOYISELA PRIMARY SCHOOL,Sabelo verified,false,h3DqLhi2MKF4yu7Wt,,Ask a teacher or administrator,Ask a teacher or administrator,Ask a teacher or administrator,,one,"[ ""Municipal water supply"" ]",There is a regular water supply,,XTL9gvLr9S2MmMsjJ
BHEKIMFUNDO PRIMARY SCHOOL,Joseph verified,false,gXcT9zN3iqkEKeHsF,,Soap is at the sink,Ask a teacher or administrator,No access,2,zero,"{ ""0"" : ""Borehole"", ""1"" : ""Local dam or reservoir"" }",There is a regular water supply,,JpDqQfLuuC9qJrici
NTSELE PRIMARY SCHOOL,Sabelo1,true,Gi8BPj4wduDvZtkmr,4,No access,Ask a teacher or administrator,Ask a teacher or administrator,1,zero,"[ ""Municipal water supply"" ]",There is a regular water supply,,aQ4BMeoFWmo4HrHqF
SAKHELWE PRIMARY SCHOOL,Pontsho 10,true,pbYme7aXAuQ5FowMZ,2,No access,Ask a teacher or administrator,Sanitary pads are in the stall,2,zero,"[ ""Municipal water supply"" ]",There is a regular water supply,,7jdhLaYzWcCtFduQg
THUTOLORE SECONDARY SCHOOL,Joseph verified,false,MstrBAFEmieYpodJY,,No access,Ask a teacher or administrator,Ask a teacher or administrator,,zero,"[ ""Municipal water supply"" ]",There is a regular water supply,,BwK89vufnm6iCSJhQ
SELIBA PRIMARY SCHOOL,Joseph verified,true,wrc3RBsENLYjCcuBz,,No access,No access,No access,,,"[ ""Municipal water supply"", ""Rain water"", ""Borehole"" ]",,,RHG8484wnsaqifrig
KGALEMA PRIMARY SCHOOL,V2-Jaydin krok,true,DSmPfCEES5FoAaQLC,,,,,,zero,"[ ""Municipal water supply"" ]",There is a regular water supply,,MYybcL4ntNLDfPjZt
UMSOBOMVU PRIMARY SCHOOL,KHOLWANI11,false,GQib7FSYwwJpDgNWc,,Ask a teacher or administrator,Ask a teacher or administrator,Ask a teacher or administrator,,,"[ ""Rain water"" ]",There is a regular water supply,,2Qm9dY2unum62oDu7
KGOMOCO PRIMARY SCHOOL,Joseph verified,true,nxMAW4R3ED5b7odyY,,Unsure,Unsure,Unsure,,zero,"[ ""Municipal water supply"" ]",There is a regular water supply,,METTMMRQRhoWxKdRt
KOKOSI PRIMARY SCHOOL,Mabuza verified,true,ZXYKQoi575JPdbW6p,3,,,,,,"[ ""Municipal water supply"" ]",There is a regular water supply,,sfgS3CrJFoTBvFQ72
REAKGONA PRIMARY SCHOOL,Tamir Shklaz\,true,RXYfqC8ZMursrvwGf,,,,,4,zero,"[ ""Municipal water supply"" ]",There is a regular water supply,,WdTssNZoaRHCT3LMG
NKABINDE PRIMARY SCHOOL,V2 Yossi Bank,true,E7P5dtcaSnn2X6dMR,2,Unsure,Unsure,Unsure,13,Unsure,"[ ""Unsure"" ]",Unsure,,LrmX8FAuJMKckWE6c
JOB MASEKO PRIMARY SCHOOL,KHOLWANI12,true,fwuDgqEj6Rq2nyyM9,,No access,No access,No access,2,zero,"[ ""Municipal water supply"" ]",There is a regular water supply,,7Lt26udxHfpKtyAwY
ISIZIBA PRIMARY SCHOOL,V1,true,zy4wLhAsTdEWR4vTA,5,Ask a teacher or administrator,Ask a teacher or administrator,Ask a teacher or administrator,5,one,"[ ""Municipal water supply"", ""Mobile tankers (jojo tank)"" ]",There is a regular water supply,Block B and C are leaking,vZkChYaMACHarXWxC
BUHLEBEMFUNDO SECONDARY SCHOOL,Joseph verified,false,yrQ8nms62s27Xj7AR,,,,,,one,"[ ""Municipal water supply"" ]",There is a regular water supply,,Ch6HJ6DZmFCYxKkww
NKUMBULO SECONDARY SCHOOL,Pontsho4,true,F8Mo5JxvQFedtJBZa,3,No access,No access,Ask a teacher or administrator,7,zero,,There is a regular water supply,,2G6DH4Aiu8dpRQyrD
TLHOLO INTERMEDIATE SCHOOL,Joseph1,true,sbXjfaHfnPfaGDbju,3,Ask a teacher or administrator,Ask a teacher or administrator,Ask a teacher or administrator,6,two,"[ ""Municipal water supply"" ]",There is a regular water supply,,bPfY5thaXn4EAdkXw
ENDULWENI PRIMARY SCHOOL,Joseph verified,true,AcgJiqFh7REuK7eE4,,Ask a teacher or administrator,Ask a teacher or administrator,Ask a teacher or administrator,2,zero,"[ ""Municipal water supply"" ]",There is a regular water supply,The toilets are big enough for the learners and are well maintained.,ocFaNqXzeBvD5hiAZ
ORANGE FARM PRIMARY SCHOOL,V1,true,oqSNNJB4vddP54rha,,No access,No access,No access,4,zero,"[ ""Municipal water supply"" ]",There is a regular water supply,,kY8pdvG9t8eN5CY4h
ISEKELO PRIMARY SCHOOL,Joseph verified,true,qSTRqFNtquHeaofc8,,Ask a teacher or administrator,Ask a teacher or administrator,Ask a teacher or administrator,,,"[ ""Municipal water supply"", ""Mobile tankers (jojo tank)"" ]",There is a regular water supply,,rRCnvnKF3KB68xQfw
NCHABELENG PRIMARY SCHOOL,KHOLWANI9,true,jQ8Mpi9rz9ihCeH6Z,,Unsure,Unsure,Unsure,,zero,"[ ""Municipal water supply"" ]",There is a regular water supply,,5iHufHeS6B2XBsHTB
ZAMANI PRIMARY SCHOOL,Sympathy Varified,true,AngMoxuKo2GYq3Xgk,,Ask a teacher or administrator,Ask a teacher or administrator,Ask a teacher or administrator,4,zero,,There is a regular water supply,,sfN5HAvKti5hRvPxZ
MODUOPO PRIMARY SCHOOL,Zanele V1,true,sqkSv43G5rDNzceSS,,No access,No access,,3,zero,"{ ""0"" : ""Municipal water supply"", ""1"" : ""Mobile tankers (jojo tank)"" }",There is a regular water supply,,Q2SemXMcpEX5NfYsD
MOKGOME SECONDARY SCHOOL,Joseph verified,true,jzQk2SRb5DorK6uRu,3,,,,,,"[ ""Municipal water supply"" ]",There is a regular water supply,,QBmBALzw89kwmHz2B
BONA COMPREHENSIVE SCHOOL,SABELO VERIFIED,true,e98fiZJD9oBwSrWYL,,No access,No access,No access,2,zero,,,,xsLXqpcynPeYTwiXE
ESIKHISINI PRIMARY SCHOOL,Joseph verified,true,vKfzyMSad6Ep9Hm6n,2,Ask a teacher or administrator,Ask a teacher or administrator,No access,2,,"[ ""Municipal water supply"" ]",There is a regular water supply,,CoWKa7AHpYehwgjN4
SPHIWE PRIMARY SCHOOL,SFISOV1,false,ggrwYQqk9YSWDkg7L,,Ask a teacher or administrator,Ask a teacher or administrator,Ask a teacher or administrator,,zero,"[ ""Municipal water supply"" ]",There is a regular water supply,,E4srgmkj2uCu4Coxb
DAVID HELLEN PETA SECONDARY SCHOOL,Joseph verified,false,Nx7kgzndddgn9o6KE,5,,,,5,two,"[ ""Municipal water supply"" ]",There is a regular water supply,,BpGigPup4eyijh28x
GOROGANG PRIMARY SCHOOL,Pontsho5,true,oYZqKFvTkEz5PEwjs,1,Ask a teacher or administrator,Ask a teacher or administrator,Ask a teacher or administrator,1,zero,"{ ""0"" : ""Municipal water supply"", ""1"" : ""Rain water"" }",There is a regular water supply,,fkuEy7WKs5HL2NM6z
LEBOWA PRIMARY SCHOOL,Joseph,true,S53gHjGsAbKgijeqo,,,,,,,"[ ""Municipal water supply"" ]",There is a regular water supply,,KhtEcF9mnhkNyqnW3
SELOPE-THEMA PRIMARY SCHOOL,SABELO VERIFIED,true,v2Me9A4g87m3Z47SW,,No access,Ask a teacher or administrator,Ask a teacher or administrator,2,zero,"[ ""Municipal water supply"" ]",There is a regular water supply,,Kqq9XsRqsRQM6PjGn
GAHLANSO PRIMARY SCHOOL,Zanele V1,true,qoEKpFogtfTQwWkWz,4,Ask a teacher or administrator,Ask a teacher or administrator,Ask a teacher or administrator,2,zero,,There is a regular water supply,,WeXHdZMumEMFyckHq
BOPASENATLA SECONDARY SCHOOL,Joseph verified,true,TSXoPtcmbMx9xWkwt,2,No access,No access,No access,2,,,,"Learners bring their own soap, sanitary pads and toilets paper.",cDYo2z98FGZzNHPMM
MUZOMSHA PRIMARY SCHOOL,KHOLWANI18,true,aGHv5ouA7smNR3ETq,3,,,,,,"[ ""Municipal water supply"" ]",There is a regular water supply,,NTo8EK8jnLkjB93Hd
MVELAPHANDA PRIMARY SCHOOL,Freddy9,true,4JXcxr8hgRDimMsHJ,,,,,3,zero,"[ ""Municipal water supply"", ""Mobile tankers (jojo tank)"" ]",There is a regular water supply,,aMRD37JGNEmrz9FZ9
DINOTO TECHNICAL SECONDARY SCHOOL,Tshepo3,true,5FLLpTjc8BHhpbWrq,,No access,Ask a teacher or administrator,Ask a teacher or administrator,5,zero,"[ ""Municipal water supply"" ]",There is a regular water supply,One toilet block is opened occasionally,pqm6NksjcwAhrDwyH
JORDAN SECONDARY SCHOOL,Sabelo1,true,t9EXfHf7ySXYHRXcM,5,No access,Ask a teacher or administrator,Ask a teacher or administrator,5,zero,"[ ""Municipal water supply"" ]",There is a regular water supply,,ZQvS49GgfM6XNnqij
RETLILE PRIMARY SCHOOL,Jake Pencharz,true,AewRLsHDnY3B7TS3s,4,Ask a teacher or administrator,Ask a teacher or administrator,Unsure,8,Unsure,"[ ""Municipal water supply"" ]",There is a regular water supply,,y8vNYzZpy3A9BHx6W
NQUBELA PRIMARY SCHOOL,Sympathy Varified,true,EbdGzgCg3ixxs9udt,,Unsure,Unsure,Unsure,,one,"[ ""Municipal water supply"" ]",There is a regular water supply,,mobhBo8uKGxkvNsjR
PHUTHADITSHABA PRIMARY SCHOOL,SABELO VERIFIED,true,SDZaxkqdmEsDTA2rA,8,,,,,zero,"[ ""Municipal water supply"" ]",There is a regular water supply,,ojqksxwnmxWXpM8n6
LESHATA SECONDARY SCHOOL,Sabelo verified,true,ni9Q8T57iYQ6tRTkX,,No access,No access,Ask a teacher or administrator,3,zero,"[ ""Municipal water supply"" ]",There is a regular water supply,TWO BLOCKS ARE LOCKED,opzRuPL9N8RSzCNsi
HLANGABEZA PRIMARY SCHOOL,Symps,true,g49J5rDPTCpWwH7K7,2,,,Ask a teacher or administrator,,two,"[ ""Municipal water supply"" ]",There is a regular water supply,,uyB7xpWYkTuuhsLzS
ROLIHLAHLA PRIMARY SCHOOL,Tshepo2,true,qYYK7ZaK88fwdrjKt,,,,,8,,,,,Qzm8u4imxajBRWLE5
KHANGEZILE PRIMARY SCHOOL,Pontsho9,true,fm9H8ipfXoB22yds4,2,No access,No access,No access,2,zero,"[ ""Municipal water supply"" ]",There is a regular water supply,,KDmkojmtPfcEEQ3vv
QHAKAZANI PRIMARY SCHOOL,tshepo20,true,LgiZMGmnJqS74hmZ4,,Ask a teacher or administrator,Ask a teacher or administrator,Ask a teacher or administrator,,zero,"[ ""Municipal water supply"" ]",There is a regular water supply,,Y2gH7TZojYSgJ6J3i
TLHOKOMELO PRIMARY SCHOOL,Joseph1,true,jJAKDSgANnQtPTroe,1,No access,No access,No access,5,zero,"[ ""Municipal water supply"" ]",There is a regular water supply,,y3Rzmw2pDYqioZ8WC
HULWAZI SECONDARY SCHOOL,Tshepo1,true,3mpYccrhwsiepBR9L,2,No access,No access,No access,2,zero,"[ ""Municipal water supply"", ""Rain water"", ""Mobile tankers (jojo tank)"" ]",There is a regular water supply,,Tnm69CSqqbdHg9obr
MAKAPANE PRIMARY SCHOOL,Joseph verified,true,MYCDW6KMyxLjmhiY3,,Ask a teacher or administrator,Ask a teacher or administrator,No access,3,zero,"[ ""Municipal water supply"" ]",There is a regular water supply,,X4uSNwu6z2y2MdNwA
DUMEHLEZI INTERMEDIATE SCHOOL,Joseph verified,true,J5CHJWSnd55Fv3QCH,,,,,,zero,"[ ""Municipal water supply"" ]",There is a regular water supply,,uvAsG8PGNZNED5pxz
Nxineni Primary,Nxineni Primary,false,jHyJFp6bpRXPhCdH2,,Unsure,Unsure,Unsure,4,zero,"[ ""Municipal water supply"", ""Mobile tankers (jojo tank)"" ]",There is a regular water supply,,eiaeXipXaywPNGZ7X
JOB RATHEBE PRIMARY SCHOOL,Sabelo verified,true,CbLwMCW7LrBPsNqw4,2,,,,,,,,,4z6ESappfnPWNQ98D
CHARLOTTE MAXEKE SECONDARY SCHOOL,V2 Yossi Bank,true,iLFCudJ4qLc27Fnhi,,Unsure,Unsure,Unsure,,zero,"[ ""Municipal water supply"" ]",There is a regular water supply,,HMfiK9msnxvBpZRTv
TSHIRELETSO PRIMARY SCHOOL,Joseph1,false,iLcCBzHsPXQniKvKX,3,,Ask a teacher or administrator,,3,zero,"[ ""Municipal water supply"" ]",There is a regular water supply,,syBSsyuaG3J2rk8ky
DR WF NKOMO SECONDARY SCHOOL,Sympathy Varified,true,n4xebCJJ6iZWfDuoZ,,No access,No access,No access,2,Unsure,"[ ""Municipal water supply"" ]",There is a regular water supply,,u2mAvGSYipuFCETW2
KHOMANANI PRIMARY SCHOOL,SABELO VERIFIED,true,ochgRBx8eGir5mPkK,1,No access,No access,No access,2,zero,"[ ""Municipal water supply"" ]",There is a regular water supply,,myEbntbNmwtRJAXXn
BOPHELONG SECONDARY SCHOOL,Joseph verified,true,ffYrHwfJFHvHx4s43,6,,,,,,"[ ""Municipal water supply"" ]",There is a regular water supply,,AQmqsTKLbbQgfAmzP
MONTSOSI PRIMARY SCHOOL,SABELO1,true,waQwWNzodePDkfqDR,,,,,,,"[ ""Municipal water supply"" ]",There is a regular water supply,,rCApJ97XLJY5xuoJY
IKAGE PRIMARY SCHOOL,Sympathy varified,true,bsTo7zrAH2t4xSzY7,5,No access,Ask a teacher or administrator,No access,6,zero,,There is a regular water supply,,NY3CpQoLXKGkXkq8b
TSHIRELA PRIMARY SCHOOL,Joseph verified,true,QQKs7itzi9Pa5cxiE,,Soap is at the sink,Toilet paper is in the stall,,,zero,,Unsure,,93KanXF8i8wGs4YKw
DR KNAK PRIMARY SCHOOL,"SABELO VERIFIED
pontsho 20",true,wckR63BFSmhetpDw3,,No access,Ask a teacher or administrator,No access,,zero,"[ ""Municipal water supply"", ""Rain water"", ""Mobile tankers (jojo tank)"" ]",There is a regular water supply,,FkDMg4ekjDHWExDuv
MABUYA SECONDARY SCHOOL,Joseph1,true,ANTN8JX3yusqDwHxE,,No access,No access,No access,2,,,,,656hyBavtd4QHF6yx
THUTO KITSO SECONDARY SCHOOL,sabelo1,true,s9kyrqzWnv5h5ucZm,6,Ask a teacher or administrator,Ask a teacher or administrator,Ask a teacher or administrator,8,Unsure,"[ ""Municipal water supply"" ]",There is a regular water supply,,2zRbjDBfz4zB8Tv6q
REAMOHETSOE PRIMARY SCHOOL,V2-Jaydin Krok,false,qYBFG5PSamNfRQBFc,,Unsure,Unsure,Unsure,4,zero,"[ ""Unsure"" ]",There is a regular water supply,,zpLEh72kC58ryRpxt
THUTHUKA PRIMARY SCHOOL,SABELO VERIFIED,false,NWyXq2GpCajrA2Ffz,4,Ask a teacher or administrator,Ask a teacher or administrator,Ask a teacher or administrator,2,zero,"[ ""Municipal water supply"" ]",There is a regular water supply,,q7rLbRb4nxtPxfoSc
THETHA SECONDARY SCHOOL,SABELO VERFIED,true,XpKiC9KAxBd2irvB6,,No access,No access,Ask a teacher or administrator,,zero,,There is a regular water supply,,dnFyeB4sC6kfmj2Q6
BATLOUNG INTERMEDIATE SCHOOL,Symps,true,q4kjXccpFtXrJxfwB,0,No access,No access,Sanitary pads are in the stall,6,zero,"[ ""Municipal water supply"" ]",There is a regular water supply,,FEAD8jBu7LbHezy2j
ENTSHONALANGA PRIMARY SCHOOL,SABELO VERIFIED,true,SECdSZBAs7pcn7hn6,9,No access,No access,Ask a teacher or administrator,10,3 or more,"[ ""Municipal water supply"" ]",There is a regular water supply,,qYqekSfSRExjXJrGM
PATOGENG PRIMARY SCHOOL,Joseph verified,true,HiCkPfwiPnNGfCE4q,,,,,,zero,"[ ""Municipal water supply"" ]",There is a regular water supply,"Learners get two toilet papers per class, once a week.",Rvf9JkpRBRozBsyiq
EMMANUEL PRIMARY SCHOOL,Joseph verified,true,sMj34QPMvtfy7L3BA,3,Ask a teacher or administrator,Ask a teacher or administrator,Ask a teacher or administrator,2,zero,"[ ""Municipal water supply"", ""Rain water"" ]",There is a regular water supply,,DwG2tAAFC8W79Ckxx
MADUME PRIMARY SCHOOL,SABELO VERIFIED,true,ZufMd7gcZM9Tck7tg,,,,,,zero,"[ ""Municipal water supply"" ]",There is a regular water supply,,r5bdwdb45e7jr6JZB
MATSIE STEYN PRIMARY SCHOOL,Joseph verified,true,b6WX6NpzCWZs9ppJH,3,Unsure,Unsure,Unsure,,,"[ ""Municipal water supply"" ]",There is a regular water supply,,74LtY73iZk5nAgKN4
AHA-THUTO SECONDARY SCHOOL,Sabelo verified,true,aManj47k8gzKTEEXp,,No access,Ask a teacher or administrator,Ask a teacher or administrator,8,,"[ ""Municipal water supply"" ]",There is a regular water supply,,5PhvChXDzSoaBymWp
TIYANI Junior secondary SCHOOL,SABELO VERIFIED,true,AbFX6dcjAvRXJbsGa,2,No access,No access,No access,2,zero,"[ ""Municipal water supply"" ]",There is a regular water supply,,gZKefKr3T7kQ7yZdd
UNITY SECONDARY SCHOOL,Tshepo3,true,hdb4iMBhCHQ5hDHR9,1,No access,No access,No access,5,Unsure,"[ ""Municipal water supply"" ]",There is a regular water supply,,68f6ufafjEtTD87dK
LANGAVILLE PRIMARY SCHOOL,Sympathy varified,true,GQwfzTpZFzjA3azpa,4,No access,Ask a teacher or administrator,Ask a teacher or administrator,4,one,"[ ""Municipal water supply"" ]",There is a regular water supply,,3uXaw9N4tJkFZKXSt
POELANO SECONDARY SCHOOL,Joseph verified,true,EF7AzbshR6WM69MjB,8,No access,No access,No access,,zero,"[ ""Municipal water supply"" ]",There is a regular water supply,,S3LbwsmZGkiiekXEX
NOMINI PRIMARY SCHOOL,Sabelo verified,true,dXkMKYnTKxuuReDHz,,Ask a teacher or administrator,Ask a teacher or administrator,Ask a teacher or administrator,,zero,"[ ""Municipal water supply"", ""Mobile tankers (jojo tank)"" ]",There is a regular water supply,"The school has 30 mobile toilets and the school's own toilets are closed, all of the school owned toilets",Sue8DWeGKHPKAyQBi
HLABANGANE PRIMARY SCHOOL,Joseph verified,false,47Yb9tTQP7m5HzwSn,,No access,No access,No access,5,zero,"[ ""Municipal water supply"" ]",There is a regular water supply,,A9g2JXbafa9hggA23
LETSIE PRIMARY SCHOOL,KHOLWANI8,true,vHJrsFYcA9piXkBWM,,,,,,,"[ ""Municipal water supply"" ]",There is a regular water supply,,gPuKrSrjRHYQAhofp
THOPODI PRIMARY SCHOOL,SABELO VERIFIED,true,6yEpbgcrurKqLuXpb,,,,,5,,,,,eaN2HpTXfZTyuJHLY
REAGILE PRIMARY SCHOOL,Freddy11,true,N6havR5ymB6etrd8f,8,No access,No access,No access,,zero,"[ ""Municipal water supply"" ]",There is a regular water supply,,3CZM6LyxfbGxQ676w
RESIDENSIA SECONDARY SCHOOL,Symps,true,D7g8bnRHSg2gGzWEf,4,No access,No access,No access,4,3 or more,,,Leaking toilet,Sa8QfeRArxjpbStqt
MASISEBENZE COMPREHENSIVE SCHOOL,Zanele V1,true,FEGxo6AN8ohcDwsSF,1,No access,No access,No access,2,zero,"[ ""Municipal water supply"" ]",There is a regular water supply,,vQsgY2cMuHRHHxN5X
TSWELOPELE SECONDARY SCHOOL,Zanele V1,true,JbRKxujGvPLwYgibn,4,No access,Ask a teacher or administrator,Ask a teacher or administrator,4,zero,"[ ""Municipal water supply"" ]",There is a regular water supply,,bHZpmA7SpQzx29CQk
LESEDI LA KRESTE ANGLICAN PRIMARY SCHOOL,V2-Jaydin Krok,true,77W2rRRXoZxYbjoF3,,Ask a teacher or administrator,Ask a teacher or administrator,Ask a teacher or administrator,3,zero,"[ ""Municipal water supply"" ]",There is a regular water supply,,BL89Y49hLjtAgtj9C
MOHLOLI SECONDARY SCHOOL,symps,true,Eyk3wvF7DjssTBAgy,5,No access,No access,No access,4,,"[ ""Municipal water supply"" ]",There is a regular water supply,,Pye3fvQETS2TCPKyt
UMTHAMBEKA PRIMARY SCHOOL,Freddy12,true,pF5ebja93c6macfJ8,3,No access,No access,No access,2,Unsure,"[ ""Municipal water supply"" ]",There is a regular water supply,Students bring their own sanitary pads and toilet paper,MrCRY4JkG2RtXRzjf
MOSHOESHOE PRIMARY SCHOOL,Joseph verified,true,zZRb8kFezWjm5Fx3P,,,Unsure,,,3 or more,"[ ""Municipal water supply"" ]",There is a regular water supply,,vPSPXjGpC6ABc9Szc
BOVET PRIMARY SCHOOL,Joseph verified,false,Wp5wiKK6iEwoPSMSm,3,,Ask a teacher or administrator,,6,3 or more,"[ ""Municipal water supply"", ""Rain water"", ""Mobile tankers (jojo tank)"" ]",There is a regular water supply,,JMwctXTYdunvweNYD
KAMOHELO PUBLIC SCHOOL,Joseph,true,jkR9s5uSyfw9pdPLh,3,No access,No access,No access,1,zero,"[ ""Municipal water supply"" ]",There is a regular water supply,,hk4XMrnHxTastfL7s
MOSIOA PRIMARY SCHOOL,Joseph verified,true,52dq2aqG3PSy6yKXh,,Unsure,Unsure,Unsure,,zero,"[ ""Municipal water supply"" ]",There is a regular water supply,,AGiLx4gigQqYMN4fT
IPONTSHE PRIMARY SCHOOL,V2 Adam Dison,true,9BLpv5NzqweYRh37P,3,Ask a teacher or administrator,Ask a teacher or administrator,Ask a teacher or administrator,4,zero,"[ ""Municipal water supply"" ]",There is a regular water supply,,x39JZC9Q749pXeEbY
KENNETH MASEKELA SECONDARY SCHOOL,Pontsho7,true,fpebfiuGWWPQ4KKKJ,4,No access,No access,Ask a teacher or administrator,1,one,"{ ""0"" : ""Municipal water supply"" }",There is a regular water supply,Only one toilet is available at the school but at the teachers toilets. All the toilets are working at the school.,yuLFP8PQcXB6aAAm6
EVATON PRIMARY SCHOOL,kholwani23,true,gHZ2dz2nsMA6BPFex,1,Ask a teacher or administrator,Ask a teacher or administrator,Ask a teacher or administrator,12,zero,"[ ""Municipal water supply"" ]",There is a regular water supply,,2gqMBsR5BKHB3TEv6
BOITUMELONG SECONDARY SCHOOL,Zanele V1,true,R4MhKH38DWXk875Sw,,Soap is at the sink,Toilet paper is in the stall,Sanitary pads are in the stall,,zero,"{ ""0"" : ""Municipal water supply"" }",There is a regular water supply,,XYLgc3p2tmFJ6nGJb
SOZIZWE PRIMARY SCHOOL,Tshepo3,true,g9bRbtcLzETz2oRH3,2,No access,Toilet paper is in the stall,,2,,,,,6yXgt6quvcZfmQiWf
CAIPHUS NYOKA SECONDARY SCHOOL,Joseph veried,true,7H8NwytsgmWhyGt9e,,No access,No access,Ask a teacher or administrator,1,one,"[ ""Municipal water supply"" ]",There is a regular water supply,,dLHdmSdFbLWF2kJqy
TSITSIBOGA PRIMARY SCHOOL,SABELO1,true,hdTapZ5en4xojeb9S,4,No access,Ask a teacher or administrator,No access,,zero,"[ ""Municipal water supply"", ""Mobile tankers (jojo tank)"" ]",There is a regular water supply,,hrfAaJLuuBvdukdf9
TSWELELANG PRIMARY SCHOOL,Joseph verified,true,4ijXXdh69FEHLYjpY,,,Ask a teacher or administrator,,,zero,"[ ""Municipal water supply"" ]",There is a regular water supply,,Dddj3YJBuiuGmAQFQ
JABULILE SECONDARY SCHOOL,SABELO VERIFIED,true,ZuuSpce7ExwLpxQR7,,No access,No access,Ask a teacher or administrator,,zero,"[ ""Municipal water supply"" ]",There is a regular water supply,,GdT4e3QnaH2fX4vAA
ALEXANDRA SECONDARY SCHOOL,Jake Pencharz,true,rHkwuz72uzzGXFtye,3,No access,No access,Unsure,6,one,"[ ""Municipal water supply"" ]",There is a regular water supply,,dmcSwWf7Zcge6eHR8
FRED HABEDI PRIMARY SCHOOL,Pontsho11,true,5wYqL4X7fH3NXDEaW,5,Ask a teacher or administrator,Ask a teacher or administrator,Ask a teacher or administrator,3,zero,"[ ""Municipal water supply"" ]",There is a regular water supply,,qCqx8rN4JLCHpEwF4
THEMBALIKAZULU PRIMARY SCHOOL,KHOLWANI10,true,iZGeC2wLHXjJELbR7,2,No access,No access,Ask a teacher or administrator,4,,"{ ""0"" : ""Municipal water supply"" }",There is a regular water supply,,jSDZSbr7cMPKgibe7
PHOMOLONG PRIMARY SCHOOL,Sympathy varified,true,McTyhqJyEkr5msxQD,4,No access,Ask a teacher or administrator,No access,4,one,"[ ""Municipal water supply"", ""Mobile tankers (jojo tank)"" ]",There is a regular water supply,,J8iGazpt3MwprEvbp
BOTLEHADI PRIMARY SCHOOL,Sabelo1,true,jqieJJSC3CKgeYF9D,,No access,Toilet paper is in the stall,Ask a teacher or administrator,,zero,"[ ""Municipal water supply"" ]",There is a regular water supply,,FpTsqHm4D3ttwK8dY
SHADRACK MBAMBO PRIMARY SCHOOL,Sympathy Varified,true,ALGsXCeZFyBPSF64m,4,No access,Ask a teacher or administrator,No access,4,zero,"[ ""Municipal water supply"" ]",There is a regular water supply,,7sAKJvmox8vK6GJBv
BATHOKWA PRIMARY SCHOOL,SABELO VERIFIED,true,2YRJNp3xsEs9cKJtK,2,No access,Ask a teacher or administrator,No access,4,Unsure,"[ ""Municipal water supply"" ]",There is a regular water supply,,P4wqK6rnJQahfhFTr
