version_id,total_male_students,total_female_students,total_by_gender,total_by_grade,total_straight,totalstudentsinschool,totalteachersinschool
Zyuc4wPBmxQPcNyjF,96,124,220,220,220,220,
4z6ESappfnPWNQ98D,454,339,793,793,793,793,24
hk4XMrnHxTastfL7s,221,217,438,438,1067,1067,25
Sue8DWeGKHPKAyQBi,243,256,499,499,1406,1406,31
qs4DrHmATWN59Tptg,194,232,426,426,988,988,22
RHG8484wnsaqifrig,86,89,175,173,475,475,12
gZKefKr3T7kQ7yZdd,140,134,274,274,274,274,19
LJC3JBYxgkbi8GzAP,,,0,,340,340,10
hrfAaJLuuBvdukdf9,250,234,484,484,1101,1101,27
4F5Qwq5cmL34WsvHP,222,197,419,418,418,419,14
HKHTs5NYM9YcNKmA3,,,0,,564,564,15
HE7QyZrdjZD4TwigW,609,548,1157,1157,1157,1157,33
aiBSX6cmH9icpEn7C,,,0,,124,124,123
r8FrZJWZGiB9zPmmc,436,430,866,866,866,866,20
P4wqK6rnJQahfhFTr,408,424,832,832,808,832,17
FEAD8jBu7LbHezy2j,,,0,262,262,262,8
JpDqQfLuuC9qJrici,428,421,849,849,,849,21
FpTsqHm4D3ttwK8dY,269,296,565,563,563,565,14
JMwctXTYdunvweNYD,859,802,1661,1661,1544,1661,43
bf5Ltec4dXsz7pEX9,436,435,871,871,,871,
tdRzrm36MQJ2raFea,623,640,1263,1264,1264,1263,30
SDQzcRxtroyWa7uGB,235,229,464,464,464,464,10
LBujyFwCgPkGzWSZy,,,0,,,,
FkDMg4ekjDHWExDuv,,,0,,,,
Hjqy94n4PwNqwN5uA,438,436,874,874,874,874,41
uvAsG8PGNZNED5pxz,407,367,774,774,17,774,30
EbrJ8dHAyrQTpSaNj,601,539,1140,1140,1140,1140,32
8TjXzm5mqedTkvZ5n,613,567,1180,1180,1180,1180,31
SeRiR2xnt35DWtRzX,897,876,1773,1773,1773,1773,36
DwG2tAAFC8W79Ckxx,443,403,846,846,846,846,20
ocFaNqXzeBvD5hiAZ,547,506,1053,1053,1053,1053,29
qYqekSfSRExjXJrGM,787,724,1511,1509,1509,1511,
CoWKa7AHpYehwgjN4,310,251,561,561,14,561,1050
2gqMBsR5BKHB3TEv6,315,270,585,583,,585,
ZMuo7tqss7QrYPuwZ,241,203,444,444,,444,
qCqx8rN4JLCHpEwF4,,,0,,817,817,22
55foHoJLBDfwGwTWD,,,0,,,,21
WeXHdZMumEMFyckHq,505,598,1103,1059,1059,1103,28
bMEYkfLEMjEHiTFux,419,392,811,831,831,811,17
qsXPNNQE3pWkdTbfb,,,0,1353,1353,1353,34
fkuEy7WKs5HL2NM6z,180,174,354,354,354,354,9
dBu8rGN6ZLKj4rb4e,663,615,1278,1278,663,1278,29
A9g2JXbafa9hggA23,138,118,256,256,256,256,6
uyB7xpWYkTuuhsLzS,545,582,1127,1143,965,1143,28
NY3CpQoLXKGkXkq8b,,,0,,,,
pamnvbjX3nHtQtv4D,505,407,912,839,912,912,22
srdTLx3pxML3nwKPr,554,477,1031,1031,,1031,23
g2zngXhSLP6Xe7qtg,697,656,1353,1353,1353,1353,27
tqMTBWRbAuYsAqATz,,,0,,,,
x39JZC9Q749pXeEbY,498,536,1034,1030,1030,1034,26
rRCnvnKF3KB68xQfw,654,594,1248,1255,1255,1248,30
vZkChYaMACHarXWxC,623,631,1254,1251,1251,1254,28
tkbM3Jp4KjPx4H5qC,696,681,1377,1379,1379,1377,
bAExKd8RN5BhHzb3z,425,406,831,831,,831,
MtKWmrDmPtx6hTjXm,412,395,807,807,807,807,19
7Lt26udxHfpKtyAwY,546,459,1005,4,,1005,25
MYybcL4ntNLDfPjZt,661,586,1247,1247,1247,1247,30
o6KRqZ8m5YyPCmxEu,730,725,1455,1455,1455,1455,33
METTMMRQRhoWxKdRt,463,499,962,971,971,962,20
KDmkojmtPfcEEQ3vv,202,219,421,421,421,421,9
myEbntbNmwtRJAXXn,0,0,0,1019,1019,0,25
ayNNoGKj3iCnECzSg,494,427,921,919,426,921,22
sfgS3CrJFoTBvFQ72,659,583,1242,1280,1242,1280,30
HushLZncKDsTyJhfN,384,340,724,724,724,724,19
3uXaw9N4tJkFZKXSt,,,0,,1667,1667,40
drsWF9n9G7CxbrANB,619,553,1172,1168,,1172,
KhtEcF9mnhkNyqnW3,78,65,143,84,320,320,12
2smWdy5ZETPXoRrYG,155,168,323,323,323,323,
GaE7jrBwPxNR4AK72,452,412,864,864,412,864,21
efr9txWNfPHw3AhD7,320,314,634,634,634,634,15
EtsNuLzuvqcqdM943,160,138,298,298,298,298,8
8Q8hLajqT7vMWrbeA,365,347,712,712,712,712,19
giGaTXuXxZQxCGaMd,274,274,548,548,548,548,16
BL89Y49hLjtAgtj9C,,,0,,1253,1253,
ZNXsgBEk2evJkTYso,668,679,1347,1347,1347,1347,39
gPuKrSrjRHYQAhofp,458,439,897,,,897,
PySjA6yQMoXAyS2z8,327,387,714,714,714,714,19
hJppCjP9YgzQPhsxp,617,602,1219,1219,1219,1219,29
gpABZNKAeZxGARLNE,350,324,674,674,,674,
3XdLNoiuCRA5T5Dfc,,,0,526,526,526,13
r5bdwdb45e7jr6JZB,477,483,960,961,961,960,26
YLYWLt3BFmbGuRHBQ,564,542,1106,1106,1016,1106,24
X4uSNwu6z2y2MdNwA,561,531,1092,1092,1092,1092,27
HZFjNDTejF5ga78Sx,233,183,416,414,414,416,28
wfdMKsnKg56v7y6uJ,536,597,1133,1222,1222,1133,35
E7KSgcfSqaoDb5BEE,,,0,,849,849,19
74LtY73iZk5nAgKN4,,,0,,622,622,16
ogTK6SAt8Ndg38xPc,220,195,415,415,415,415,13
6nyrh8pzbNxMHyu4J,773,710,1483,1478,1478,1483,45
eqJ28tbWRDYX6YPkp,,,0,,1555,1555,35
3tbjfT8zZ2fPGfiwc,,,0,,1283,1283,38
Q2SemXMcpEX5NfYsD,536,527,1063,1063,1063,1063,28
rgipwMLK9skQK2EuA,201,99,300,300,300,300,9
rCApJ97XLJY5xuoJY,194,182,376,376,376,376,
vPSPXjGpC6ABc9Szc,461,581,1042,1042,1042,1042,35
AGiLx4gigQqYMN4fT,247,250,497,497,,497,
XTL9gvLr9S2MmMsjJ,522,481,1003,1002,1002,1003,28
6XmRH2cDbjXJd8Zri,529,553,1082,1079,,1082,
NTo8EK8jnLkjB93Hd,,,0,539,539,539,15
aMRD37JGNEmrz9FZ9,443,391,834,834,834,834,19
S47bpHzXts94zC2ke,332,279,611,611,611,611,16
5iHufHeS6B2XBsHTB,426,437,863,853,853,863,36
LrmX8FAuJMKckWE6c,394,371,765,817,817,765,24
mobhBo8uKGxkvNsjR,199,159,358,353,353,358,24
EtHDHYs97BCxasggi,517,440,957,957,957,957,
aQ4BMeoFWmo4HrHqF,542,554,1096,1096,1096,1096,26
95AYoAp6AiYz3KZ2t,346,333,679,669,669,679,8
6cFA5fAxPtQzaP5bz,564,544,1108,1107,1107,1108,29
eiaeXipXaywPNGZ7X,693,653,1346,1346,1346,1346,27
Gfj3WRS3Y8w4dmyph,635,563,1198,1198,,1198,23
xp2bxhMm4Yoeu9jho,635,569,1204,1207,1198,1207,23
kY8pdvG9t8eN5CY4h,,,0,1447,1447,1447,42
Rvf9JkpRBRozBsyiq,358,319,677,677,,677,17
eg2P5ZFGTcwctmdcA,279,269,548,548,548,548,
J8iGazpt3MwprEvbp,754,751,1505,1505,1505,1505,32
ojqksxwnmxWXpM8n6,808,758,1566,1566,1566,1566,45
pRKnFJGLubdAiTZEy,406,385,791,791,791,791,18
6ZNqRnThWfJTjmtzh,589,572,1161,1159,1159,1161,28
fXPmfwBo9N6rx7mLh,,,0,794,794,794,
tC7ee9TXmJ8oDEcRe,400,426,826,1033,1033,826,40
Y2gH7TZojYSgJ6J3i,580,492,1072,1075,1075,1072,26
3CZM6LyxfbGxQ676w,851,877,1728,1728,1728,1728,
WdTssNZoaRHCT3LMG,514,509,1023,1023,1023,1023,25
zpLEh72kC58ryRpxt,,,0,734,720,734,
9NYELJLrE2z96eKGu,573,500,1073,1073,1073,1073,24
Qzm8u4imxajBRWLE5,639,514,1153,1153,1153,1153,31
Acd6f7D8RbhpthZHN,475,463,938,941,941,938,28
7jdhLaYzWcCtFduQg,,,0,,485,485,13
ufaeHuMMa97ge5aCK,223,200,423,423,423,423,12
8pdqiKPuW9emmvdMA,423,402,825,825,825,825,18
LZ7sJWsXTML9asLdD,,,0,1039,1039,1039,27
Kqq9XsRqsRQM6PjGn,,,0,395,395,395,11
Qmhp6bLYHrRTc42wc,70,68,138,138,1074,1074,30
7sAKJvmox8vK6GJBv,,,0,,1146,1146,26
GQPE7rurt9bb7DM5a,391,390,781,781,781,781,20
8EkWbb3qMosGvaWyT,689,666,1355,1355,,1355,31
JeGKrkaqdgboxbxAd,489,441,930,930,930,930,23
6yXgt6quvcZfmQiWf,241,238,479,499,499,479,11
E4srgmkj2uCu4Coxb,689,666,1355,1355,1355,1355,31
g6orxjw6EmCqYup83,,,0,,512,512,
4zo5MNwbBvTPykbFg,498,499,997,998,998,997,24
AHHiQixZscHdnSQpM,596,550,1146,1192,1192,1146,24
jSDZSbr7cMPKgibe7,228,201,429,429,429,429,12
q7vvj7t7uptnim45G,321,310,631,,,631,15
eaN2HpTXfZTyuJHLY,505,527,1032,1100,1100,1032,80
q7rLbRb4nxtPxfoSc,525,512,1037,1037,1037,1037,40
3acdePaA3PaTzXLaP,487,455,942,942,942,942,21
y3Rzmw2pDYqioZ8WC,100,94,194,194,,194,
bPfY5thaXn4EAdkXw,402,370,772,774,774,772,18
tMjiiRvEEAsNmSJGx,131,139,270,270,,270,
MYuCFef7Fjt8yRX8d,,,0,,759,759,19
93KanXF8i8wGs4YKw,450,440,890,890,890,890,23
syBSsyuaG3J2rk8ky,222,252,474,474,,474,
qNgGZm2CTNoa336qY,181,205,386,386,386,386,10
n9gEojJ6K5eKYJ4c2,210,198,408,408,408,408,10
jR3LMPDnnHi7xvLcp,,,0,,340,340,15
ZrghZT93L2bSWSofg,,,0,806,,806,
Dddj3YJBuiuGmAQFQ,,,0,,387,387,
2Qm9dY2unum62oDu7,,,0,491,491,491,13
MrCRY4JkG2RtXRzjf,464,491,955,962,962,955,25
esLPjFoMCrf7aGwqS,159,175,334,334,,334,
ghEZdTPoThhpWNWiw,560,619,1179,1049,1049,1179,
qqTGPEnmDQRrarBSw,35,28,63,1392,1392,63,32
sfN5HAvKti5hRvPxZ,401,423,824,824,823,824,21
hTroeBPPurCSNxDGe,,,0,,,,
k652o58moXsybbDfm,239,250,489,489,11,489,489
sXauHMaoiXsoSamWK,747,660,1407,1413,1413,1407,39
2rqTjwusZ8tc8nbYt,424,365,789,789,789,789,18
5PhvChXDzSoaBymWp,596,613,1209,1209,1209,1209,43
dmcSwWf7Zcge6eHR8,840,949,1789,1789,1789,1789,67
ra2zX3jjBPguj6bc3,548,502,1050,1051,1051,1050,31
XYLgc3p2tmFJ6nGJb,596,681,1277,1269,1277,1277,28
H2wSN9EFbKzeSGjCh,616,695,1311,1311,1311,1311,104
xsLXqpcynPeYTwiXE,407,397,804,804,804,804,
cDYo2z98FGZzNHPMM,210,243,453,453,453,453,13
AQmqsTKLbbQgfAmzP,530,552,1082,1082,1082,1082,38
Ch6HJ6DZmFCYxKkww,846,890,1736,1829,1829,1736,40
dLHdmSdFbLWF2kJqy,602,616,1218,1218,1218,1218,41
HMfiK9msnxvBpZRTv,393,500,893,893,893,893,20
BpGigPup4eyijh28x,516,428,944,944,944,944,30
EyHGQ2ctZRGcPQ4Lc,380,391,771,771,771,771,39
pqm6NksjcwAhrDwyH,551,600,1151,1151,1143,1151,79
SNuf4DBJszmQrAzS4,615,633,1248,1248,1248,1248,43
u2mAvGSYipuFCETW2,436,589,1025,1025,1025,1025,33
LD7hazozFmAuLNBgP,659,726,1385,1385,1385,1385,
Z9wz3QcLwmRfGuaeT,525,495,1020,1020,810,1020,32
Tnm69CSqqbdHg9obr,704,979,1683,1758,1758,1683,30
GdT4e3QnaH2fX4vAA,677,873,1550,1550,1550,1550,54
RKz4SAhiQgbHCmTpZ,483,411,894,,894,894,28
ZQvS49GgfM6XNnqij,483,461,944,944,944,944,33
yuLFP8PQcXB6aAAm6,669,714,1383,1383,1383,1383,43
siZhhkH29MMEnswvu,123,12,135,123,,135,
922NEXkq8CZy6PH7L,431,399,830,827,827,830,
KrNZ7H2XmHuPpHRrN,503,428,931,949,949,931,28
5QzLWMPF8grmhh3G5,,,0,,1287,1287,37
opzRuPL9N8RSzCNsi,899,965,1864,1862,1862,1864,63
hBG3H9epZYnScCbtp,521,531,1052,950,950,1052,24
656hyBavtd4QHF6yx,797,776,1573,1573,1573,1573,53
e6s5EEf389EeLo6Tz,827,839,1666,1662,1662,1666,48
vQsgY2cMuHRHHxN5X,,,0,,,,80
Pye3fvQETS2TCPKyt,639,650,1289,1289,1289,1289,45
QBmBALzw89kwmHz2B,471,375,846,846,846,846,30
2G6DH4Aiu8dpRQyrD,629,633,1262,1262,1262,1262,45
XKxt23fR8Fujkyiim,437,323,760,760,760,760,31
tDKj5hfjzok3tbGs9,700,860,1560,1570,1570,1560,51
yAYPTyMxnk5pj2zT9,495,564,1059,1059,1059,1059,23
xuTGawqPYaYusxnm8,714,913,1627,1627,1627,1627,156
S3LbwsmZGkiiekXEX,583,654,1237,1237,1237,1237,38
cQQF5juB8JG3jNbNs,417,567,984,984,984,984,31
6iixm3MYropadAMjX,881,912,1793,1757,1757,1793,63
Sa8QfeRArxjpbStqt,,,0,1297,1297,1297,43
mu6wNPMzZ754NLLnE,648,825,1473,1473,,1473,
ZgR4zqFothSycL9hz,472,559,1031,1031,1031,1031,39
Ayck7PmsY3mNr3gZQ,678,476,1154,1154,,1154,36
LTccQvtsRbQdnvd4x,989,1137,2126,2116,2126,2126,52
4avNjjRgrzrEpwKMN,659,644,1303,1303,1303,1303,39
2zRbjDBfz4zB8Tv6q,580,597,1177,1178,1178,1177,42
A82Sqxg6dWo9BjRw7,418,386,804,804,804,804,34
BwK89vufnm6iCSJhQ,,,0,,978,978,
uiiC6LpdXHBickDqX,,,0,,1168,1168,41
WszeF9gAuQuHMNHLC,456,415,871,871,871,871,30
bHZpmA7SpQzx29CQk,618,659,1277,1277,1277,1277,
68f6ufafjEtTD87dK,886,1024,1910,1910,1910,1910,58
8FucY8f4FTzL2XmhY,646,629,1275,1275,1275,1275,49
mDwDpssp9xiy5oAgB,,,0,,,,
bEf9GjYAyqAqY3bhw,475,518,993,993,993,993,37
A7HS55Lmpv7eWduhv,795,819,1614,1613,1613,1614,90
