school_name,school_classification,school_province,survey_name,isverified,_id,date,auditorname,auditorphonenumber,auditoremail,name,phonenumber,email,comment,version_id
LEFIKA PRIMARY SCHOOL,Primary,GAUTENG,V1,true,kuae8SWwdAeDn7ivb,,Lydia Montoeli,765216460,,Mr KP Mantsoe,733589397,,,GaE7jrBwPxNR4AK72
MELODI PRIMARY SCHOOL,Primary,GAUTENG,V2 - Daniel Kartun,true,N2n6hgRMBQh2qJn5Q,2015-03-18,Gugulethu Mdawe,731329023,N/A,Zodwa Molepe,827317656,N/A,,6nyrh8pzbNxMHyu4J
DR HARRY GWALA SECONDARY SCHOOL,Secondary,GAUTENG,Tshepo3,true,SLLrY7gn7bL2Z3P8W,2015-03-18,Xolisile Dlamini,717215244,N/A,N/A,119621833,N/A,,SNuf4DBJszmQrAzS4
ZITHEMBENI PRIMARY SCHOOL,Primary,GAUTENG,kholwani21,true,TrvKsSeYb9bG3eRvo,2015-03-18,kgotso,762744252,,thuli,,,,2rqTjwusZ8tc8nbYt
INKONJANE JUNIOR SECONDARY SCHOOL,Other,GAUTENG,V2 Yossi Bank,true,tiQDGaPPrKuE6vtmX,2015-03-08,TABBISILE,731095733,MOGALE,0825575114,,,,Zyuc4wPBmxQPcNyjF
LEFA-IFA SECONDARY SCHOOL,Secondary,GAUTENG,KHOLWANE13,true,irQX5zySzQKbwuxaX,2015-03-18,KHOLWANI,607314339,,,,,,5QzLWMPF8grmhh3G5
KING DAVID HIGH SCHOOL (VICTORY PARK),Secondary,GAUTENG,Version 2,false,7G47RoHdCrm8FpqoK,,CARLA THE AMAZING PERSON EVER,,,,,,,siZhhkH29MMEnswvu
MASHEMONG PRIMARY SCHOOL,Primary,GAUTENG,Joseph verified,true,C7irpLAMSZDXv7Epf,2015-03-18,Phumzile Selpyane,790797156,,,,,,wfdMKsnKg56v7y6uJ
QEDUSIZI PRIMARY SCHOOL,Primary,GAUTENG,Pontsho8,true,SxXSWgw4FZGmKswWY,2015-03-17,Nonhlanhla Hlatshwayo,611661846,,Mr Andries Motswagae,,,,tC7ee9TXmJ8oDEcRe
FUNUKUKHANYA PRIMARY SCHOOL,Primary,GAUTENG,KHOLWANI3,true,cCnRo6Px4wkxzummu,2015-03-08,KHOLWANI,607314339,,MRS SANTI,734031634,,,55foHoJLBDfwGwTWD
VULAMAZIBUKO PRIMARY SCHOOL,Other,GAUTENG,V2 Yossi Bank,true,2huA6PpESvYHdRdsa,2015-03-19,TABISILE,731095733,,KD KUBHEKA,119851199,,,4F5Qwq5cmL34WsvHP
MABOELLENG PRIMARY SCHOOL,Primary,GAUTENG,Joseph,true,d5Gw8z5jtuhxxSKvk,,Sithembile Simelane,737724259,,,,,,3XdLNoiuCRA5T5Dfc
GEORGE MBILASE PRIMARY SCHOOL,Primary,GAUTENG,Joseph,true,tjGfyksNNYeKKmowA,2015-03-24,Tshepo Bila,606862899,Tshepombila@gmail.com,,,,,bMEYkfLEMjEHiTFux
MANGWELE PRIMARY SCHOOL,Primary,GAUTENG,SABELO VERIFIED,true,qtCP5SytQc2fHkDSN,2015-03-19,SImelane Sithembile,733681210,,,,,,HZFjNDTejF5ga78Sx
ZITIKENI SECONDARY SCHOOL,Secondary,GAUTENG,SABELO VERIFIED,true,xbH9fcJA3bEKpQc8u,2015-03-18,Lindiwe Adams,768395968,,Maboya T,,,,A7HS55Lmpv7eWduhv
TSAKANE PRIMARY SCHOOL,Primary,GAUTENG,Sympathy Varified,true,4pv3oYsjn6pQnuz7d,2015-03-20,KHOLWANI,607314339,,MR MATSHOMO,737930707,,,MYuCFef7Fjt8yRX8d
LEBONE PRIMARY SCHOOL,Primary,GAUTENG,KHOLWANI7,true,DYNQkHq8H7E8XnSKZ,2015-03-23,NHLANHLA,611661842,,MR MM Sebiloane (GENERAL WORKER/SGB),,,,drsWF9n9G7CxbrANB
ORLANDO SECONDARY SCHOOL,Secondary,GAUTENG,SABELO VERIFIED,true,zpWDuckgjRo85rQHJ,2015-03-19,Teboho Mabusela,787461362,,,,,,XKxt23fR8Fujkyiim
DITAWANA PRIMARY SCHOOL,Primary,GAUTENG,pontsho 21,false,8FpCs45QqcpapHm9L,2015-03-17,ziphozihle jafta,731445030,,,,,,LBujyFwCgPkGzWSZy
SECHABA PRIMARY SCHOOL,Primary,GAUTENG,KHOLWANI14,true,8Tn83v8eQowLoejuS,2015-03-16,NOMSA ZWANE,781126743,,,,,,ufaeHuMMa97ge5aCK
PHOMOLONG SECONDARY SCHOOL,Secondary,GAUTENG,V2 - Adam Dison,true,San58ioSDSR8DhQzu,2015-03-17,JENNIFER SONO,,,,,,,xuTGawqPYaYusxnm8
TEMBISA WEST SECONDARY SCHOOL,Secondary,GAUTENG,Freddy10,true,BRi36EPr3yXzawxPJ,,NHLANHLA MAHLANGU,619716046,,T.K. MABOTJA,110568241,,,4avNjjRgrzrEpwKMN
O.R TAMBO PRIMARY SCHOOL,Primary,GAUTENG,Zanele V1,true,3KfNuDuZDAksWErHf,2015-03-17,Dineo Phukubje,713441547,,,,,,Gfj3WRS3Y8w4dmyph
ZENZELENI PRIMARY SCHOOL,Primary,GAUTENG,Sympathy Varification,true,GmBAsiWbCmEAD9BAR,2015-04-07,Sfiso,739154225,,,,,,hTroeBPPurCSNxDGe
EKUKHANYISWENI PRIMARY SCHOOL,Primary,GAUTENG,SABELO VERIFIED,true,fGhsFBTfRoW3k9Tak,2015-03-24,Xolani Nhlapho,840800951,,,,,,EbrJ8dHAyrQTpSaNj
TLAKULA SECONDARY SCHOOL,Secondary,GAUTENG,Sympathy Varified,true,gm9arqSX2yCTZFpaD,2015-03-12,Boitumelo Mhlongo,762021316,,Sipho Mdletshe,732763621,,,uiiC6LpdXHBickDqX
SEOTLOANA PRIMARY SCHOOL,Primary,GAUTENG,Zanele V1,true,Mig47Swfq5bq5T6au,2015-03-10,Jonas Rakosa,839907098,,,,,,Qmhp6bLYHrRTc42wc
EMMANGWENI PRIMARY SCHOOL,Primary,GAUTENG,Zanele v1,true,WY6YDALtPatQDgzpk,2015-03-19,Zanele Modise,619257216,Modise.zee@gmail.com,,,,,SeRiR2xnt35DWtRzX
SAULRIDGE SECONDARY SCHOOL,Secondary,GAUTENG,Sabelo verified,true,W29ppXoSRqv4YLfZF,2015-03-23,MMABATHO MADUA,735804554,,,,,,ZgR4zqFothSycL9hz
TSIMONG PRIMARY SCHOOL,Primary,GAUTENG,Kholwani19,true,QDgZxYky3wQwxGDgn,2015-03-19,BOITUMELO,762021316,,MRS MPHAKANE,,,,jR3LMPDnnHi7xvLcp
REALO  SECONDARY SCHOOL,Secondary,GAUTENG,SABELO VERIFIED,true,nma4B5j8becPWSjqK,2015-03-09,sithembile simelane,733681210,,,,,,6iixm3MYropadAMjX
SEDIBENG PRIMARY SCHOOL,Primary,GAUTENG,Zanele V1,true,RX7eLrWtTQCncubGs,2015-04-18,Felicia,784013514,,,,,,8pdqiKPuW9emmvdMA
INKATHA KA ZULU PRIMARY SCHOOL,Primary,GAUTENG,Tshepo1,true,PWNhNbshZ9T5nN24F,2015-03-19,Thabile Ndlovu,719160328,N/A,Lindy Maepa,825616818,N/A,,srdTLx3pxML3nwKPr
N'WA MHINGA PRIMARY SCHOOL,Primary,GAUTENG,V2-Jaydin krok,true,czut8CuPSHynML9gY,,Dikeldi,717292121,,,,,,S47bpHzXts94zC2ke
ZAKHENI PRIMARY SCHOOL,Other,GAUTENG,Sympathy varified,true,cTunfFBj2wjDWDJfK,2015-03-17,noxolo mbashe,728963957,,,119357465,,,HKHTs5NYM9YcNKmA3
PHELINDABA SECONDARY SCHOOL,Secondary,GAUTENG,Sabelo verified,true,MvXYpWWjWFn7ACQDp,2015-03-23,DINEO AND MOGAU MANAKA,,,,,,,yAYPTyMxnk5pj2zT9
GORDON PRIMARY SCHOOL,Primary,GAUTENG,SFISO V1,true,D5aFhhuDY3M6qyxSj,2015-03-05,ANDILE KAHLA,603007736,,PRINCIPAL,112642417,,,qsXPNNQE3pWkdTbfb
MASIQHAKAZE SECONDARY SCHOOL,Secondary,GAUTENG,V1,false,ApYr7LNLa8euFfSLP,2015-03-16,precious Dumane,735596000,,,,,,e6s5EEf389EeLo6Tz
MASIMINI PRIMARY SCHOOL,Primary,GAUTENG,V2 Adam Dison,true,uf4GnEkEcRuxsz43L,2015-03-18,THABANG MODIKOE,796852126,MS NKOSI,,,,,E7KSgcfSqaoDb5BEE
IPHUTHENG PRIMARY SCHOOL,Primary,GAUTENG,Sympathy varified,true,aEwDNRGywoCNFQST7,2015-04-07,SINDATHWA LUTI,736113946,,,,,,tqMTBWRbAuYsAqATz
LETSEMA-ILIMA PRIMARY SCHOOL,Primary,GAUTENG,Symps,true,BAGWB8wefpd937eMq,,,,,,,,,ZNXsgBEk2evJkTYso
BOKAMOSO SECONDARY SCHOOL,Secondary,GAUTENG,Zanele V1,true,NLs4ynJmZgbZ2nZ4d,2015-03-18,Riaan Macheke,620043865,,Admin,119242373,,,H2wSN9EFbKzeSGjCh
KGOLAGANO PRIMARY SCHOOL,Primary,GAUTENG,Joseph verified,true,Hv9j5NGn3eMn7rTPt,2015-03-19,Nina Zitha,788251282,N/A,Admin,119626565,,,o6KRqZ8m5YyPCmxEu
TSIMONA PRIMARY SCHOOL,Other,GAUTENG,Tsimona Primary School,false,MR6nbwmn4s66KHYzS,,,,,,,,,LJC3JBYxgkbi8GzAP
STEVE BIKO PRIMARY SCHOOL,Primary,GAUTENG,SABELO VERIFIED,true,LiRAbEo2smY3CfyS3,2015-03-12,Sfiso Mollo,739154225,Mr Makhuthi,0118501088/0825533260,,,,g6orxjw6EmCqYup83
STRETFORD EXT 8 PRIMARY SCHOOL,Primary,GAUTENG,Sfiso v1,true,hdv9KhoWfq5zqXWJQ,2015-03-11,,,,Mrs F.C Thwala,727451057,,,4zo5MNwbBvTPykbFg
MEADOWLANDS PRIMARY SCHOOL,Primary,GAUTENG,Tamir Shklaz,true,szCfiRQFK6fiHeKag,,,,,F.M.Tshikane,726900069,,,ogTK6SAt8Ndg38xPc
WINNIE MANDELA PRIMARY SCHOOL,Primary,GAUTENG,SABELO VERIFIED,true,RaJPGPtpMmb9fESCC,2015-03-18,Niek Marutha,,,,,,,qqTGPEnmDQRrarBSw
ZIMISELE SECONDARY SCHOOL,Secondary,GAUTENG,Pontsho3,true,rqrdbSSowbRvxiyax,2015-03-24,Nonhlanhla Hlatswayo,611661846,,Mrs Kubeka,,,,bEf9GjYAyqAqY3bhw
CARTER PRIMARY SCHOOL,Primary,GAUTENG,Joseph verified,true,tQhh9Q8aey3hynP9v,2015-03-05,SIPHOSETHU,720204540,,MR MAKGATO,825522293,,,tdRzrm36MQJ2raFea
MAHLAHLE PRIMARY SCHOOL,Primary,GAUTENG,SABELO VERIFIED,true,gnTGqExHWDsgZmokh,,,,K.L SERWADI,,,,,YLYWLt3BFmbGuRHBQ
QUANTUM SECONDARY SCHOOL,Secondary,GAUTENG,Tshepo2,true,cMcfrBqinqWCawok7,2015-03-24,Joseph Mhlanga,717503836,,,839608857,,,cQQF5juB8JG3jNbNs
EMFUNDISWENI PRIMARY SCHOOL,Primary,GAUTENG,SABELO VERIFIED,true,vWTmxcTop7j7woDj9,2015-03-24,Xolani Nhlapho,840800951,,Ms T.I Giyama,825522420,,,8TjXzm5mqedTkvZ5n
SIPHIWE PRIMARY SCHOOL,Primary,GAUTENG,Zanele V1,true,ZvxbpTo9gfELErhiP,2015-03-19,Richard Ubisi,845216426,,,,,,8EkWbb3qMosGvaWyT
NTSIKANA PRIMARY SCHOOL,Primary,GAUTENG,Sympathy Varified,true,NHmyPg6sd5RogYjYC,,,,,,,,,95AYoAp6AiYz3KZ2t
KHULA SIZWE PRIMARY SCHOOL,Primary,GAUTENG,Freddy7,true,6KNCJorpnBrPtXvfi,2015-03-23,NHLANHLA MAHLANGU,619716046,,,825528680,,,ayNNoGKj3iCnECzSg
PHORORONG PRIMARY SCHOOL,Other,GAUTENG,Joseph,true,6tM95Fwr56jcHCeXc,,Sfiso mollo,726009706,,Mr R.M Maleke,187831267,,,qs4DrHmATWN59Tptg
THEMBALIHLE PRIMARY SCHOOL,Primary,GAUTENG,SABELO1,true,r8EYiDk2ugxk7YaDR,2015-03-17,ziphozihle jafta,731445030,,KM SAN1065GWENI,,,,AHHiQixZscHdnSQpM
VEZUKHONO SECONDARY SCHOOL,Secondary,GAUTENG,Joseph,true,t5TQfgMQmqjzZnsuF,2015-03-23,Joseph Mhlanga,717503836,,N.M. Gobela,,,,8FucY8f4FTzL2XmhY
AMOS MAPHANGA SECONDARY,Secondary,GAUTENG,V2 Yossi Bank,true,CwyLwZodfS6nzF5dR,2015-03-19,Xolisile Dlamini,717215244,N/A,S. Nongwe,828044151,N/A,,ra2zX3jjBPguj6bc3
TEMBISA SECONDARY SCHOOL,Secondary,GAUTENG,V1,true,ofZQNiyh7nbsAbJzh,,,,,,,,,LTccQvtsRbQdnvd4x
DIEPDALE SECONDARY SCHOOL,Secondary,GAUTENG,V2-Jaydin krok,true,izvRc9pj6bBbAmDSZ,,Sithembile,733681210,,Ayanda,740726310,,,EyHGQ2ctZRGcPQ4Lc
NTOKOZWENI PRIMARY SCHOOL,Primary,GAUTENG,Pontsho12,true,prA2XapXZtyqTudbp,2015-03-17,Nonhlanhla Hlatshwayo,611661846,,Mrs Mponza,,,,EtHDHYs97BCxasggi
AB XUMA PRIMARY SCHOOL,Primary,GAUTENG,V2-jaydin krok,true,jYtCci9NfABgoeLZb,,Sbiso Mollo,739154225,,,,,,r8FrZJWZGiB9zPmmc
TSIETSI MASHININI PRIMARY SCHOOL,Primary,GAUTENG,Sympathy varified,true,DeuowyonoqMRHtaEQ,2015-03-18,,,,mrs seipati dlamini,825573491,,,n9gEojJ6K5eKYJ4c2
ZIFUNELENI JUNIOR SECONDARY  (COMB. PRIMARY) SCHOOL,Other,GAUTENG,SABELO VERIFIED,true,FYYsj46eLJJoyLmvS,2015-03-15,NTSAKO SHIBAMBO,838811487,,,,,,HE7QyZrdjZD4TwigW
MENZI PRIMARY SCHOOL,Primary,GAUTENG,Sympathy varified,true,8GACMFNgerRB5ntN8,2015-03-18,KHOLWANI,607314339,,L.NOMDA,713598638,,,eqJ28tbWRDYX6YPkp
EAST BANK HIGH SCHOOL,Secondary,GAUTENG,Sympathy varified,true,sNwHJvRjfiX2LAqDv,2015-03-09,,,,,,,,LD7hazozFmAuLNBgP
KUZIMISELA PRIMARY SCHOOL,Primary,GAUTENG,Tshepo,true,pjoGdug8DqGKgadCw,2015-03-18,Thabile Ndlovu,719160328,,Mr Mapoti,114245626,,,HushLZncKDsTyJhfN
DITAU PRIMARY SCHOOL,Primary,GAUTENG,Sympathy varified,true,jXqsoLySQvMWezfM9,2015-03-17,SIMELANE SITHEMBILE,733681216,,,,,,SDQzcRxtroyWa7uGB
INXIWENI PRIMARY SCHOOL,Primary,GAUTENG,Freddy8,false,s784PJYacdqRaT3s3,,,,,,,,,g2zngXhSLP6Xe7qtg
MICHAEL ZULU PRIMARY SCHOOL,Primary,GAUTENG,Sympathy varified,true,YS7nLQYweSuZCqfpG,2015-03-20,KHOLWANI,607314339,,MR TWALA,833947959,,,3tbjfT8zZ2fPGfiwc
LABAN MOTLHABI COMPREHENSIVE SCHOOL,Secondary,GAUTENG,Pontsho6,true,pw8kWEmkib6h4MrFT,2015-03-12,Xolani Nhlapo,840800951,,,,,,922NEXkq8CZy6PH7L
BHEKIMFUNDO PRIMARY SCHOOL,Primary,GAUTENG,Joseph verified,true,fsB2crxZEfj9EhFrh,2015-03-20,Thabile Ndlovu,719160328,N/A,M.D. Sibeko,825546105,N/A,,JpDqQfLuuC9qJrici
SAKHELWE PRIMARY SCHOOL,Primary,GAUTENG,Pontsho 10,true,TJoqEh36c6wM47bFm,2015-03-19,Boitumelo Mhlongo,762021316,,Thabang Kunene,839233455,,,7jdhLaYzWcCtFduQg
KGALEMA PRIMARY SCHOOL,Primary,GAUTENG,V2-Jaydin krok,true,keMvSNYxsEsbRRCFn,,Freddy Mathekga,742247196,,,,,,MYybcL4ntNLDfPjZt
UMSOBOMVU PRIMARY SCHOOL,Primary,GAUTENG,KHOLWANI11,false,sbmTK6kTa58FErmCX,,XOLANI,840800951,,BULENI,117369924,,,2Qm9dY2unum62oDu7
NKABINDE PRIMARY SCHOOL,Primary,GAUTENG,V2 Yossi Bank,true,6HMAMSTxJk7CcgcLc,2015-03-15,nomsa zwane,781126743,,H.MC HLOANE,,,,LrmX8FAuJMKckWE6c
JOB MASEKO PRIMARY SCHOOL,Primary,GAUTENG,KHOLWANI12,true,wm7mQoXpfK9vgmmBQ,2015-03-15,NOMSA ZWANE,781126743,,PRINCIPAL,117364908,,,7Lt26udxHfpKtyAwY
NKUMBULO SECONDARY SCHOOL,Secondary,GAUTENG,Pontsho4,true,bur6pAj2ieZKNKda9,2015-03-17,Nthabiseng Phuka,848450853,,,,,,2G6DH4Aiu8dpRQyrD
LETSATSING COMBINED SCHOOL,Primary,GAUTENG,SABELO 1,true,so4WERacm5KQXf7oc,2015-04-23,lindiwe,712338413,,MI Malindi,,,,hBG3H9epZYnScCbtp
TLHOLO INTERMEDIATE SCHOOL,Primary,GAUTENG,Joseph1,true,YFZJLFoKCcmiRLfPw,2015-04-14,cerato motsoeng,720870736,,MR.MABIZELA,115931515,,,bPfY5thaXn4EAdkXw
ENDULWENI PRIMARY SCHOOL,Primary,GAUTENG,Joseph verified,true,LS6KC3c22ZQegPpfK,2015-03-18,Nhlanhla Mahlangu,619716046,,,,,,ocFaNqXzeBvD5hiAZ
ORANGE FARM PRIMARY SCHOOL,Primary,GAUTENG,V1,true,8TTBL933FCW5D4sMX,,Lebohong,,,Baase SA,826524215,,,kY8pdvG9t8eN5CY4h
BUD MBELLE PRIMARY SCHOOL,Primary,GAUTENG,SABELO VERIFIED,true,GKPXHKKabzaQextGg,2015-03-23,DINEO PHUKUBJE AND MOGAU MANAKA,713441547,,MRS.RUTH,,,,bf5Ltec4dXsz7pEX9
NCHABELENG PRIMARY SCHOOL,Primary,GAUTENG,KHOLWANI9,true,kydeQC8c4AaxPgZKy,2015-03-20,NONHLANHLA,611661846,,NOMSA MALOMA,,,,5iHufHeS6B2XBsHTB
ZAMANI PRIMARY SCHOOL,Primary,GAUTENG,Sympathy Varified,true,zwqF7vj6X3wfFT6c6,2015-03-18,Nthabiseng Phuka,848450853,,Mrs Zulu,837599802,,,sfN5HAvKti5hRvPxZ
MODUOPO PRIMARY SCHOOL,Primary,GAUTENG,Zanele V1,true,qfgrKmJKcPWowovc6,2015-04-18,Lindiwe Adams,768395968,,m.serumula,119252437,,,Q2SemXMcpEX5NfYsD
BONA COMPREHENSIVE SCHOOL,Secondary,GAUTENG,SABELO VERIFIED,true,FE2iQkohSKq6f8Ror,2015-03-17,zanele mazibuko,726290907,,,,,,xsLXqpcynPeYTwiXE
SPHIWE PRIMARY SCHOOL,Primary,GAUTENG,SFISOV1,true,YdcHZpLeAe9Q4xnvL,,RICHARD UBISI,,,,,,,E4srgmkj2uCu4Coxb
GOROGANG PRIMARY SCHOOL,Primary,GAUTENG,Pontsho5,true,T5igDDyanhZzLe7YQ,2015-03-17,Nthabiseng Phuka,848450853,,,,,,fkuEy7WKs5HL2NM6z
SELOPE-THEMA PRIMARY SCHOOL,Primary,GAUTENG,SABELO VERIFIED,true,DFQwDgujASpfF8Hmp,2015-03-17,itumelen mokoena,737732438,,,,,,Kqq9XsRqsRQM6PjGn
GAHLANSO PRIMARY SCHOOL,Primary,GAUTENG,Zanele V1,true,YK8AtWWFmkYjYpbzg,2015-03-18,Fihliwe Masombuka,789598047,,,,,,WeXHdZMumEMFyckHq
MUZOMSHA PRIMARY SCHOOL,Primary,GAUTENG,KHOLWANI18,true,pJg2Pm6PPjwnzkc3j,2015-03-13,XOLANI,840800951,VICTORIA,0825551952,,,,NTo8EK8jnLkjB93Hd
DINOTO TECHNICAL SECONDARY SCHOOL,Secondary,GAUTENG,Tshepo3,true,5RKAMxzsTndsrXtFN,,GUGULETHU MDAWE,731329023,,,,,,pqm6NksjcwAhrDwyH
RETLILE PRIMARY SCHOOL,Primary,GAUTENG,Jake Pencharz,true,NXA2ErzMgv2zfaue3,2015-04-23,Onica Phalatse,,,M.J Mhlontlo,,,,y8vNYzZpy3A9BHx6W
NQUBELA PRIMARY SCHOOL,Primary,GAUTENG,Sympathy Varified,true,qE7Aq52FQGt4LvQX6,,,,,,,,,mobhBo8uKGxkvNsjR
PHUTHADITSHABA PRIMARY SCHOOL,Primary,GAUTENG,SABELO VERIFIED,true,M9KTKRh5bZ32xeSrt,,,,,,,,,ojqksxwnmxWXpM8n6
ROLIHLAHLA PRIMARY SCHOOL,Primary,GAUTENG,Tshepo2,true,DbK4LfKekT2qcgehA,2015-03-20,Lawrence Zitha,826832306,,Mr. C Mashele,119646907,,,Qzm8u4imxajBRWLE5
KHANGEZILE PRIMARY SCHOOL,Primary,GAUTENG,Pontsho9,true,hsc9tE799cbWRAmtL,2015-03-19,Boitumelo Mhlongo,762021316,,Thoko Mabena,736719097,,,KDmkojmtPfcEEQ3vv
QHAKAZANI PRIMARY SCHOOL,Primary,GAUTENG,tshepo20,true,jqPzTXZAHHWh97ciJ,2015-03-12,Sithembile,733681210,,Mbkahne B,,,,Y2gH7TZojYSgJ6J3i
TLHOKOMELO PRIMARY SCHOOL,Primary,GAUTENG,Joseph1,true,2yzpbZQCcgZkDgByE,2015-03-18,STHEMBILE SIMELANE,733681210,MR.C.M.MANAKA,(011) 939 3712,,,,y3Rzmw2pDYqioZ8WC
DUMEHLEZI INTERMEDIATE SCHOOL,Primary,GAUTENG,Joseph verified,true,bxcppn8rmuamyRwab,2015-03-19,Joseph Mhlanga,717503836,,Mr. S.B. Gamede,781523965,,,uvAsG8PGNZNED5pxz
JOB RATHEBE PRIMARY SCHOOL,Other,GAUTENG,Sabelo verified,true,2taRicebpqM492Lqz,2015-03-17,Lebohang Mlambo,730733647,,,,,,4z6ESappfnPWNQ98D
CHARLOTTE MAXEKE SECONDARY SCHOOL,Secondary,GAUTENG,V2 Yossi Bank,true,oQ5kxmrAmyy4ggZ82,2015-03-15,Nomthandazo,607343421,,,,,,HMfiK9msnxvBpZRTv
TSHIRELETSO PRIMARY SCHOOL,Primary,GAUTENG,Joseph1,true,AieEZW7GWhXqWygcQ,2015-03-18,0728963957,,,,,,,syBSsyuaG3J2rk8ky
DR WF NKOMO SECONDARY SCHOOL,Secondary,GAUTENG,Sympathy Varified,true,KJwmckBiqxTeZoCDd,2015-03-23,NOMTHANDAZO AND HAPPY,607343421,,,,,,u2mAvGSYipuFCETW2
KHOMANANI PRIMARY SCHOOL,Primary,GAUTENG,SABELO VERIFIED,true,ei2by7kYuzKnwEjWq,2015-03-19,Mbedzi Bulelani,603992648,,Mr M.J. Hlungwani,825522790,,,myEbntbNmwtRJAXXn
IMFUNDO MIDDLE SCHOOL,Primary,GAUTENG,Tshepo25,true,9v5SsjKRSBwnicPJv,2015-04-14,lizzie Mofokeng,736340583,,MARS. T. More,825544076,,,pamnvbjX3nHtQtv4D
IKAGE PRIMARY SCHOOL,Primary,GAUTENG,Sympathy varified,true,aCAHMgtWT4fcnM4Sc,2015-04-07,SFISO,739154225,SFISOVAVO@GMAIL.COM,TUMELO,631023826,,THEY ARE HAPPY WITH THE WORK THAT HAS BEEN DONE BY GDE IN THEIR SCHOOL,NY3CpQoLXKGkXkq8b
DR KNAK PRIMARY SCHOOL,Primary,GAUTENG,"SABELO VERIFIED
pontsho 20",true,FtqZi3vHJGGJDPzJW,2015-03-09,sfiso mollo,759154225,,,,,,FkDMg4ekjDHWExDuv
MABUYA SECONDARY SCHOOL,Secondary,GAUTENG,Joseph1,true,H3yCBLGhk2rDsXAW2,2015-03-19,Lawrence Zitha,826832306,,,,,,656hyBavtd4QHF6yx
THUTO KITSO SECONDARY SCHOOL,Secondary,GAUTENG,sabelo1,true,XEZ5hA5hfKyW5MTRu,2015-04-23,ONICA,734475064,,MR.O.L PULE,187716248,,,2zRbjDBfz4zB8Tv6q
REAMOHETSOE PRIMARY SCHOOL,Primary,GAUTENG,V2-Jaydin Krok,true,C7aSsP4Xgka5htzd2,,Elizabeth Khalari,715476824,,,,,,zpLEh72kC58ryRpxt
THUTHUKA PRIMARY SCHOOL,Primary,GAUTENG,SABELO VERIFIED,true,o9kGp6jT2JS5MCxz7,2015-03-18,Thabang Mabuza,786006062,,Mzukisi Mthotywa,781010289,,,q7rLbRb4nxtPxfoSc
BATLOUNG INTERMEDIATE SCHOOL,Primary,GAUTENG,Symps,true,vLgy8atMeyCvBwrAg,2015-04-14,,,,mohaso DA,,,,FEAD8jBu7LbHezy2j
ENTSHONALANGA PRIMARY SCHOOL,Primary,GAUTENG,SABELO VERIFIED,true,JrGNLGzAQZX4MG9hD,2015-03-17,Nkululeko Màgagula,621350654,,Ramogale M.J,,,,qYqekSfSRExjXJrGM
EMMANUEL PRIMARY SCHOOL,Primary,GAUTENG,Joseph verified,true,GFAZ3AwePJg4GQoxF,2015-04-15,anna scutloali,737764839,,m.g lebeoana,614514908,,,DwG2tAAFC8W79Ckxx
MADUME PRIMARY SCHOOL,Primary,GAUTENG,SABELO VERIFIED,true,GWLND9dM3oKoAjitG,2015-03-11,Grace Tente,787714318,,,,,,r5bdwdb45e7jr6JZB
TIYANI Junior secondary SCHOOL,Other,GAUTENG,SABELO VERIFIED,true,TcEKfcxZmDLn7td8a,2015-03-19,Itumeleng Mokwena,737732438,,Boikanyo,829305245,,,gZKefKr3T7kQ7yZdd
UNITY SECONDARY SCHOOL,Secondary,GAUTENG,Tshepo3,true,BuhL3bH7Y99N3rsvs,2015-04-17,Lerato Amanda Sindane,846949860,N/A,N/A,111471424,N/A,,68f6ufafjEtTD87dK
LANGAVILLE PRIMARY SCHOOL,Primary,GAUTENG,Sympathy varified,true,M8uJxq8GH6FyqHxwm,2014-04-07,KHOLWANI,607314339,KABDULWAHID1@GMAIL.COM,MRS M. MOLEKANE,718833085,,,3uXaw9N4tJkFZKXSt
LETSIE PRIMARY SCHOOL,Primary,GAUTENG,KHOLWANI8,true,gGJfZSWYrtkMBcg2k,2015-03-20,GUGU,735754775,,RAMOTHIBE H.D.,,,,gPuKrSrjRHYQAhofp
MASISEBENZE COMPREHENSIVE SCHOOL,Secondary,GAUTENG,Zanele V1,true,uHLfkx3J3x33tyhit,2015-03-18,Fihliwe Masombuka,789598047,,,,,,vQsgY2cMuHRHHxN5X
TSWELOPELE SECONDARY SCHOOL,Secondary,GAUTENG,Zanele V1,true,8NNx8KRtB5iiGE2qc,2015-03-19,Thabang Mabuza,786006062,,,,,,bHZpmA7SpQzx29CQk
LESEDI LA KRESTE ANGLICAN PRIMARY SCHOOL,Primary,GAUTENG,V2-Jaydin Krok,true,aYae4JtyDkdv6pJGG,,,,,,,,,BL89Y49hLjtAgtj9C
MOSHOESHOE PRIMARY SCHOOL,Primary,GAUTENG,Joseph verified,true,XGEQifQwrgKwJ2zoi,2015-03-23,Freddy Mathekga,742247196,FreddyMathekga71@gmail.com,M.J. Ntamane,,,,vPSPXjGpC6ABc9Szc
KAMOHELO PUBLIC SCHOOL,Other,GAUTENG,Joseph,true,Av9rxDEfp63zR3jMK,,Sfiso mollo,726009706,,dimakatso sophy mnqayi,,,,hk4XMrnHxTastfL7s
IPONTSHE PRIMARY SCHOOL,Primary,GAUTENG,V2 Adam Dison,true,8uwSKRQp68pxC4EeT,2015-03-17,NKULULEKO,621350654,,,,,,x39JZC9Q749pXeEbY
KENNETH MASEKELA SECONDARY SCHOOL,Secondary,GAUTENG,Pontsho7,true,fuKC4MmWnF6Y9CP5a,2015-03-15,Pontsho Shakhane,788115926,Pshakhane@gmail.com,,,,,yuLFP8PQcXB6aAAm6
EVATON PRIMARY SCHOOL,Primary,GAUTENG,kholwani23,true,kPiiLkAzJ98je5i76,2015-04-14,themba,737614880,,mrs n dlamini,792034434,,,2gqMBsR5BKHB3TEv6
BOITUMELONG SECONDARY SCHOOL,Secondary,GAUTENG,Zanele V1,true,p4haX4aNwMJGJN8kb,2015-03-19,Yonela Mbane,820585054,,,,,,XYLgc3p2tmFJ6nGJb
SOZIZWE PRIMARY SCHOOL,Primary,GAUTENG,Tshepo3,true,5PffJktkpzTpyYFYP,2015-03-23,Tshepo Bila,606862899,Tshepombila@Gmail.com,Mrs. B.G.N. Letsoele,,N/A,,6yXgt6quvcZfmQiWf
CAIPHUS NYOKA SECONDARY SCHOOL,Secondary,GAUTENG,Joseph veried,true,ydSYWyN6DG45R27fL,,Freddy,742247196,,Motlathe D,738195269,,,dLHdmSdFbLWF2kJqy
zitha primary,Primary,GAUTENG,sabelo1,true,7royWQ2AtNDkKv2Zj,2015-04-15,london litsie,604044737,MRS M.M.NDUMO,0736411077,,,,k652o58moXsybbDfm
TSITSIBOGA PRIMARY SCHOOL,Other,GAUTENG,SABELO1,true,ngsmJvD4rNnKbFSsG,2015-04-23,sfiso,726009706,,R.S PEEGA,817831676,,,hrfAaJLuuBvdukdf9
JABULILE SECONDARY SCHOOL,Secondary,GAUTENG,SABELO VERIFIED,true,ccYKoJmgfEEqb59N6,2015-03-11,Sithembile,733681210,Mafrika A.M,0720613845,,,,GdT4e3QnaH2fX4vAA
ALEXANDRA SECONDARY SCHOOL,Secondary,GAUTENG,Jake Pencharz,true,6xpmMeW8Gdcf5gwZo,2015-03-24,Kgotso,762744252,,Z. M. Lebelo,,,,dmcSwWf7Zcge6eHR8
FRED HABEDI PRIMARY SCHOOL,Primary,GAUTENG,Pontsho11,true,Ynj32rWvsEA3pGzXQ,2015-03-16,Gugu Dhlamini,735754775,,Mpho,,,,qCqx8rN4JLCHpEwF4
THEMBALIKAZULU PRIMARY SCHOOL,Primary,GAUTENG,KHOLWANI10,true,uSJ4PiRs6Kzyvuk37,2015-03-18,GUGU DLAMINI,733734775,,THOKOZILE ZIMBA,117364307,,,jSDZSbr7cMPKgibe7
PHOMOLONG PRIMARY SCHOOL,Primary,GAUTENG,Sympathy varified,true,246z9XisA25yRwbB3,2015-03-19,Nomthandazo,607343421,,,,,,J8iGazpt3MwprEvbp
SHADRACK MBAMBO PRIMARY SCHOOL,Primary,GAUTENG,Sympathy Varified,true,fFqpk8hdAr3mWv3LD,2015-03-18,KHOLWANI,607314339,,LUCKY RAMATSITSI,,,,7sAKJvmox8vK6GJBv
BATHOKWA PRIMARY SCHOOL,Primary,GAUTENG,SABELO VERIFIED,true,QQ3wev9xB9k5eAm79,2015-03-23,sfiso mollo,726009706,,mulaudzi,799689446,,,P4wqK6rnJQahfhFTr
