school_name,school_classification,school_province,survey_name,isverified,_id,electronicconnectivity,comment,version_id
TSHITSO PRIMARY SCHOOL,Primary,GAUTENG,V1,true,mppME3u7H6cXmBHa2,"[ ""Telephone facilities"" ]",,qNgGZm2CTNoa336qY
SEEISO PRIMARY SCHOOL,Primary,GAUTENG,Joseph verified,true,YjjTfFn93aGnCnAFQ,"[ ""Telephone facilities"", ""Fax facilities"", ""RInternet facilities"" ]",,LZ7sJWsXTML9asLdD
LEFIKA PRIMARY SCHOOL,Primary,GAUTENG,V1,true,ihixHYjK7WzHnnh86,"[ ""Telephone facilities"", ""Fax facilities"" ]",,GaE7jrBwPxNR4AK72
LOTUS GARDENS PRIMARY SCHOOL,Primary,GAUTENG,Joseph verified,true,AyaoAttcTKqfmtdY7,"[ ""Telephone facilities"" ]",,hJppCjP9YgzQPhsxp
MELODI PRIMARY SCHOOL,Primary,GAUTENG,V2 - Daniel Kartun,true,qvxRE8AaCkDwHzS4F,"[ ""Telephone facilities"", ""Fax facilities"", ""RInternet facilities"", ""An intercom or public address system"" ]",All working and in good condition,6nyrh8pzbNxMHyu4J
FADIMEHA PRIMARY SCHOOL,Primary,GAUTENG,Joseph verified,true,ZyAgBr59B9Yrjtuv9,"[ ""Telephone facilities"", ""Fax facilities"", ""RInternet facilities"" ]",,ZMuo7tqss7QrYPuwZ
DR HARRY GWALA SECONDARY SCHOOL,Secondary,GAUTENG,Tshepo3,true,nfNGL2PZC6bDbwSaN,"[ ""Telephone facilities"" ]",Vandalism and theft,SNuf4DBJszmQrAzS4
ZITHEMBENI PRIMARY SCHOOL,Primary,GAUTENG,kholwani21,true,oqSp8RFgXdHe8xA2s,"[ ""Telephone facilities"", ""Fax facilities"", ""RInternet facilities"", ""An intercom or public address system"" ]",,2rqTjwusZ8tc8nbYt
MQINISWA PRIMARY SCHOOL,Primary,GAUTENG,Joseph verified,true,P9qu4exm7z2JhGs36,"[ ""Telephone facilities"", ""Fax facilities"", ""RInternet facilities"" ]",,6XmRH2cDbjXJd8Zri
INKONJANE JUNIOR SECONDARY SCHOOL,Other,GAUTENG,V2 Yossi Bank,true,hi3vcqKDEQatKtTge,"[ ""Telephone facilities"", ""Fax facilities"", ""RInternet facilities"" ]",,Zyuc4wPBmxQPcNyjF
LEFA-IFA SECONDARY SCHOOL,Secondary,GAUTENG,KHOLWANE13,true,s3eYdbbkfgkbrzrbo,"[ ""Telephone facilities"", ""Fax facilities"", ""RInternet facilities"" ]",,5QzLWMPF8grmhh3G5
KING DAVID HIGH SCHOOL (VICTORY PARK),Secondary,GAUTENG,Version 1,false,Y5T9byWymi55YjP7r,,,tCtKh6DnzT7ZXMeHw
KING DAVID HIGH SCHOOL (VICTORY PARK),Secondary,GAUTENG,Version 2,false,9picPmwd2jvzZY2oT,"[ ""Telephone facilities"", ""Fax facilities"", ""RInternet facilities"", ""An intercom or public address system"" ]",,siZhhkH29MMEnswvu
MASHEMONG PRIMARY SCHOOL,Primary,GAUTENG,Joseph verified,true,pLkQ54Ep63JT54CnJ,"[ ""Telephone facilities"", ""Fax facilities"", ""RInternet facilities"", ""An intercom or public address system"" ]",,wfdMKsnKg56v7y6uJ
ZITHATHELE PRIMARY SCHOOL,Primary,GAUTENG,Joseph verified,true,PmAD7XuqjxXB9gCBQ,"[ ""Telephone facilities"" ]",,sXauHMaoiXsoSamWK
REKGUTLILE PRIMARY SCHOOL,Primary,GAUTENG,SABELO VERIFEID,true,txn6WWd5TQrFY94Yj,,They don't have,9NYELJLrE2z96eKGu
QEDUSIZI PRIMARY SCHOOL,Primary,GAUTENG,Pontsho8,true,hCH9WpTcSYqmTmDG5,"[ ""Telephone facilities"", ""Fax facilities"", ""RInternet facilities"", ""An intercom or public address system"" ]",,tC7ee9TXmJ8oDEcRe
FUNUKUKHANYA PRIMARY SCHOOL,Primary,GAUTENG,KHOLWANI3,true,rXudBaTvL34GufK3W,"[ ""Telephone facilities"", ""Fax facilities"", ""RInternet facilities"", ""An intercom or public address system"" ]",GOOD OPERATIONAL SYSTEM,55foHoJLBDfwGwTWD
VULAMAZIBUKO PRIMARY SCHOOL,Other,GAUTENG,V2 Yossi Bank,true,64SuFuogEbZxTuQJX,"[ ""Telephone facilities"" ]",need internet and intercom system,4F5Qwq5cmL34WsvHP
MABOELLENG PRIMARY SCHOOL,Primary,GAUTENG,Joseph,true,qfMBRGA7RnDJqiriY,"[ ""Telephone facilities"", ""Fax facilities"", ""RInternet facilities"" ]",,3XdLNoiuCRA5T5Dfc
GEORGE MBILASE PRIMARY SCHOOL,Primary,GAUTENG,Joseph,true,6rfXFChrScydq7EhM,"[ ""Telephone facilities"", ""Fax facilities"", ""RInternet facilities"" ]","There is a telefax but it is not working.
The school is still waiting for technicians",bMEYkfLEMjEHiTFux
MANGWELE PRIMARY SCHOOL,Primary,GAUTENG,SABELO VERIFIED,true,4qofuuGEdxcDK9ak8,"[ ""Telephone facilities"", ""Fax facilities"", ""RInternet facilities"" ]",,HZFjNDTejF5ga78Sx
ZITIKENI SECONDARY SCHOOL,Secondary,GAUTENG,SABELO VERIFIED,true,5asGkimyneF6B7TwT,"[ ""Telephone facilities"", ""Fax facilities"", ""RInternet facilities"" ]",,A7HS55Lmpv7eWduhv
TSAKANE PRIMARY SCHOOL,Primary,GAUTENG,Sympathy Varified,true,6MfYXqdubDTAqqTir,"[ ""Telephone facilities"" ]",,MYuCFef7Fjt8yRX8d
LEBONE PRIMARY SCHOOL,Primary,GAUTENG,KHOLWANI7,true,kEssaSmreQGLzZywi,"[ ""Telephone facilities"", ""Fax facilities"", ""RInternet facilities"" ]",,drsWF9n9G7CxbrANB
Radibapi Primary,Primary,GAUTENG,sabelo,true,dAeYjYmfNvAcf76h7,"[ ""Telephone facilities"", ""Fax facilities"", ""RInternet facilities"" ]",,Acd6f7D8RbhpthZHN
PHAMEHLO PRIMARY SCHOOL,Primary,GAUTENG,Symps,true,69zM5EmXF5hahP4cR,"[ ""Telephone facilities"", ""Fax facilities"", ""RInternet facilities"" ]",,eg2P5ZFGTcwctmdcA
ORLANDO SECONDARY SCHOOL,Secondary,GAUTENG,SABELO VERIFIED,true,RzJ6CNwrxWMfC5s5A,"[ ""Telephone facilities"", ""Fax facilities"" ]",,XKxt23fR8Fujkyiim
DITAWANA PRIMARY SCHOOL,Primary,GAUTENG,pontsho 21,false,aKmrCEPDGGyJ4Z4HP,"[ ""Telephone facilities"", ""Fax facilities"", ""RInternet facilities"" ]",,LBujyFwCgPkGzWSZy
SECHABA PRIMARY SCHOOL,Primary,GAUTENG,KHOLWANI14,true,9EJ2vkXXa2JD9YeCt,"[ ""Telephone facilities"", ""Fax facilities"" ]",,ufaeHuMMa97ge5aCK
PHOMOLONG SECONDARY SCHOOL,Secondary,GAUTENG,V2 - Adam Dison,true,ea5tvkt7867j7XRcm,"[ ""Telephone facilities"", ""Fax facilities"" ]",Internet and intercom facilities are not working but do exist so therefore have not been ticked.,xuTGawqPYaYusxnm8
LEJOELEPUTSOA PRIMARY SCHOOL,Primary,GAUTENG,Freddy4,true,oPrWBBGjMoL4ZxjPt,"[ ""Telephone facilities"", ""Fax facilities"", ""RInternet facilities"" ]",,EtsNuLzuvqcqdM943
TEMBISA WEST SECONDARY SCHOOL,Secondary,GAUTENG,Freddy10,true,zE4xWh3mQzDtf4zmw,"[ ""Fax facilities"", ""RInternet facilities"", ""An intercom or public address system"" ]",,4avNjjRgrzrEpwKMN
DR NHLAPO INTERMEDIATE SCHOOL,Primary,GAUTENG,Joseph verified,true,BfJa9XbMCDZ4vbgnb,"[ ""Telephone facilities"", ""Fax facilities"", ""RInternet facilities"" ]",,Hjqy94n4PwNqwN5uA
O.R TAMBO PRIMARY SCHOOL,Primary,GAUTENG,Zanele V1,true,QdLNHffAF7cqjagyC,"[ ""Telephone facilities"", ""Fax facilities"", ""RInternet facilities"" ]",,Gfj3WRS3Y8w4dmyph
ZENZELENI PRIMARY SCHOOL,Primary,GAUTENG,Sympathy Varification,true,J5apL2h3oyJuYGNy5,"[ ""Telephone facilities"", ""Fax facilities"", ""RInternet facilities"" ]",,hTroeBPPurCSNxDGe
EKUKHANYISWENI PRIMARY SCHOOL,Primary,GAUTENG,SABELO VERIFIED,true,6dRgPYkRvviJfh4hz,"[ ""Telephone facilities"", ""Fax facilities"", ""RInternet facilities"" ]",,EbrJ8dHAyrQTpSaNj
TLAKULA SECONDARY SCHOOL,Secondary,GAUTENG,Sympathy Varified,true,5xgpGtfdJgDbjCqhf,"[ ""Fax facilities"" ]",,uiiC6LpdXHBickDqX
TLHAKANANG PRIMARY SCHOOL,Primary,GAUTENG,Tlhakanang Primary School,true,jEXTkk7L2eXkubHZL,"[ ""Telephone facilities"", ""Fax facilities"", ""RInternet facilities"" ]",,3acdePaA3PaTzXLaP
OR TAMBO PRIMARY SCHOOL,Primary,GAUTENG,Sympathy verified,false,gbgBKCJGziM9BrASt,"[ ""Telephone facilities"", ""Fax facilities"", ""RInternet facilities"" ]",,xp2bxhMm4Yoeu9jho
PHUTHULLA PRIMARY SCHOOL,Primary,GAUTENG,Joseph verified,true,GSGz8C4a6axuLzQyx,"[ ""Telephone facilities"", ""Fax facilities"", ""RInternet facilities"" ]",,pRKnFJGLubdAiTZEy
SEOTLOANA PRIMARY SCHOOL,Primary,GAUTENG,Zanele V1,true,LYu3tA9oZg78egb7A,"[ ""Telephone facilities"", ""Fax facilities"", ""RInternet facilities"" ]",,Qmhp6bLYHrRTc42wc
EMMANGWENI PRIMARY SCHOOL,Primary,GAUTENG,Zanele v1,true,SeC4sEXpQNEBtFeDX,"[ ""Telephone facilities"", ""Fax facilities"", ""RInternet facilities"" ]",They only don't have intercom but also to note that the computer lab is not easily accessible to learners.,SeRiR2xnt35DWtRzX
SAULRIDGE SECONDARY SCHOOL,Secondary,GAUTENG,Sabelo verified,true,29xs2A2ZaNQcahpuW,"[ ""Telephone facilities"", ""Fax facilities"", ""RInternet facilities"" ]",,ZgR4zqFothSycL9hz
TSIMONG PRIMARY SCHOOL,Primary,GAUTENG,Kholwani19,true,3Dp2eWRMvAdQHHk54,"[ ""Telephone facilities"", ""Fax facilities"", ""RInternet facilities"" ]",,jR3LMPDnnHi7xvLcp
REALO  SECONDARY SCHOOL,Secondary,GAUTENG,SABELO VERIFIED,true,uGnnxgGatYAw4hKJh,"[ ""Telephone facilities"", ""Fax facilities"", ""RInternet facilities"" ]",,6iixm3MYropadAMjX
SEDIBENG PRIMARY SCHOOL,Primary,GAUTENG,Zanele V1,true,ispMKbvDe3EJvxM8h,"[ ""Telephone facilities"", ""Fax facilities"" ]",There is a problem of internet connection which they are busy fixing.,8pdqiKPuW9emmvdMA
INKATHA KA ZULU PRIMARY SCHOOL,Primary,GAUTENG,Tshepo1,true,n4JSs2JzGxv486xT2,"[ ""Telephone facilities"", ""Fax facilities"", ""RInternet facilities"" ]",,srdTLx3pxML3nwKPr
SIVUSE PRIMARY SCHOOL,Primary,GAUTENG,SABELO1,true,zom23SjRNcti68yKK,"[ ""Telephone facilities"", ""Fax facilities"" ]",,JeGKrkaqdgboxbxAd
N'WA MHINGA PRIMARY SCHOOL,Primary,GAUTENG,V2-Jaydin krok,true,wwe6Kj24GjuBAkvom,"[ ""Telephone facilities"", ""Fax facilities"", ""RInternet facilities"" ]",,S47bpHzXts94zC2ke
JABULANI THABANG PRIMARY SCHOOL,Primary,GAUTENG,Sabelo1,true,a7MrKhxyXpKSwnNyn,"[ ""Telephone facilities"", ""Fax facilities"", ""RInternet facilities"" ]",,MtKWmrDmPtx6hTjXm
ZAKHENI PRIMARY SCHOOL,Other,GAUTENG,Sympathy varified,true,Gy6pYAxBdE5GctCr3,"[ ""Telephone facilities"", ""Fax facilities"", ""RInternet facilities"" ]",,HKHTs5NYM9YcNKmA3
HOFMEYR SECONDARY SCHOOL,Secondary,GAUTENG,Joseph verified,true,Sem2XBzxkfHNshTv3,"[ ""Telephone facilities"" ]",,Z9wz3QcLwmRfGuaeT
DITAWANE PRIMARY SCHOOL,Primary,GAUTENG,Joseph verified,true,SyYmpx7vpydu9NRZq,"[ ""Telephone facilities"", ""Fax facilities"", ""RInternet facilities"" ]",,ZQpQXXcpAjvZC2ony
WESTFIELDS PRIMARY SCHOOL,Primary,GAUTENG,SABELO 1,true,4tCJfpxMdvvJuFszf,"[ ""Telephone facilities"", ""Fax facilities"", ""RInternet facilities"", ""An intercom or public address system"" ]",the school keeps record for everything and there is a person i charge,ghEZdTPoThhpWNWiw
PHELINDABA SECONDARY SCHOOL,Secondary,GAUTENG,Sabelo verified,true,dWkcJHwgniBA7cSoM,"[ ""Telephone facilities"", ""Fax facilities"", ""RInternet facilities"", ""An intercom or public address system"" ]",,yAYPTyMxnk5pj2zT9
LERESCHE PRIMARY SCHOOL,Primary,GAUTENG,Mabuza verified,true,hjgECNAAD3ac6rtB7,"[ ""Telephone facilities"", ""RInternet facilities"" ]",,giGaTXuXxZQxCGaMd
TSOELOPELE PRIMARY SCHOOL,Primary,GAUTENG,Joseph verified,true,tK2EQ2AXj7T5nZ2y3,"[ ""Telephone facilities"", ""Fax facilities"", ""RInternet facilities"" ]",,ZrghZT93L2bSWSofg
JET NTEO SECONDARY SCHOOL,Secondary,GAUTENG,Sabelo1,true,9sox23puXcqWTBM7r,"[ ""Telephone facilities"", ""Fax facilities"", ""RInternet facilities"", ""An intercom or public address system"" ]",,RKz4SAhiQgbHCmTpZ
LIVHUWANI PRIMARY SCHOOL,Primary,GAUTENG,SABELO VERIFIED,true,GYivhZJAeLN2xocPw,"[ ""Telephone facilities"" ]","It terms of faxing and internet, they usually outside the. School",PySjA6yQMoXAyS2z8
NYIKO PRIMARY SCHOOL,Primary,GAUTENG,Freddy9,true,kDbqrDMwdmyuysQFT,"[ ""Telephone facilities"", ""Fax facilities"", ""RInternet facilities"" ]",,6cFA5fAxPtQzaP5bz
TOKELO SECONDARY SCHOOL,Secondary,GAUTENG,Joseph verified,true,iL2uzcj6WPDjvCHBa,"[ ""Telephone facilities"", ""Fax facilities"", ""RInternet facilities"", ""An intercom or public address system"" ]",,WszeF9gAuQuHMNHLC
LEHLASEDI PRIMARY SCHOOL,Primary,GAUTENG,Sabelo1,true,9AeC29djrfmSCcAgF,"[ ""Telephone facilities"", ""Fax facilities"", ""RInternet facilities"" ]",,efr9txWNfPHw3AhD7
GORDON PRIMARY SCHOOL,Primary,GAUTENG,SFISO V1,true,mTo3MuGfJ2HGw2Wkd,"[ ""Telephone facilities"", ""Fax facilities"", ""RInternet facilities"", ""An intercom or public address system"" ]",,qsXPNNQE3pWkdTbfb
MASIQHAKAZE SECONDARY SCHOOL,Secondary,GAUTENG,V1,false,fvZ8cYEWroTSkk8zF,"[ ""An intercom or public address system"" ]",,e6s5EEf389EeLo6Tz
MASIMINI PRIMARY SCHOOL,Primary,GAUTENG,V2 Adam Dison,true,PR6ff6XqcLLAmnraq,"[ ""Telephone facilities"", ""Fax facilities"", ""RInternet facilities"" ]",,E7KSgcfSqaoDb5BEE
LEEMA-MOKOTULI PRIMARY SCHOOL,Primary,GAUTENG,Sabelo1,true,gkAroD2GaSkeQXRGn,"[ ""Telephone facilities"" ]",cable theft,2smWdy5ZETPXoRrYG
SIBONELO PRIMARY SCHOOL,Primary,GAUTENG,Sympathy verified,true,rFHJaBuohqwX9E5Di,"[ ""Telephone facilities"", ""RInternet facilities"" ]",,GQPE7rurt9bb7DM5a
IPHUTHENG PRIMARY SCHOOL,Primary,GAUTENG,Sympathy varified,true,x2CJJXpSGXxzbmmAY,"[ ""Telephone facilities"", ""Fax facilities"", ""RInternet facilities"" ]",,tqMTBWRbAuYsAqATz
LETSEMA-ILIMA PRIMARY SCHOOL,Primary,GAUTENG,Symps,true,uNabzr8KSR4MYz68r,"[ ""Telephone facilities"", ""Fax facilities"", ""RInternet facilities"", ""An intercom or public address system"" ]",,ZNXsgBEk2evJkTYso
BOKAMOSO SECONDARY SCHOOL,Secondary,GAUTENG,Zanele V1,true,Ph6pqKkWqL4pSLg39,"[ ""Telephone facilities"", ""Fax facilities"", ""RInternet facilities"", ""An intercom or public address system"" ]",,H2wSN9EFbKzeSGjCh
KGOLAGANO PRIMARY SCHOOL,Primary,GAUTENG,Joseph verified,true,qYQFaG3Ksuwm3bNBk,"[ ""Telephone facilities"", ""Fax facilities"", ""RInternet facilities"", ""An intercom or public address system"" ]",,o6KRqZ8m5YyPCmxEu
TSIMONA PRIMARY SCHOOL,Other,GAUTENG,Tsimona Primary School,false,tzEn68AWK8LzSRQZT,"[ ""Telephone facilities"", ""Fax facilities"", ""RInternet facilities"" ]",,LJC3JBYxgkbi8GzAP
STEVE BIKO PRIMARY SCHOOL,Primary,GAUTENG,SABELO VERIFIED,true,t73roXFb3L9ezT3z7,"[ ""Telephone facilities"", ""Fax facilities"", ""RInternet facilities"" ]",,g6orxjw6EmCqYup83
STRETFORD EXT 8 PRIMARY SCHOOL,Primary,GAUTENG,Sfiso v1,true,e57zeupq6y8pryJKH,,,4zo5MNwbBvTPykbFg
MEADOWLANDS PRIMARY SCHOOL,Primary,GAUTENG,Tamir Shklaz,true,nLGjTLRnAcfahaayh,"[ ""Telephone facilities"", ""RInternet facilities"" ]",,ogTK6SAt8Ndg38xPc
WINNIE MANDELA PRIMARY SCHOOL,Primary,GAUTENG,SABELO VERIFIED,true,9zJR5eZiiGwmgrT5X,"[ ""Telephone facilities"", ""RInternet facilities"" ]",There are no fax facilities.,qqTGPEnmDQRrarBSw
SELELEKELA SECONDARY SCHOOL,Secondary,GAUTENG,SABELO 1,true,aA73QGTYS8ztWnW7P,"[ ""Telephone facilities"", ""Fax facilities"" ]",,Ayck7PmsY3mNr3gZQ
ZIMISELE SECONDARY SCHOOL,Secondary,GAUTENG,Pontsho3,true,Hyndh9w25vmkRR7zT,"[ ""Telephone facilities"", ""Fax facilities"", ""RInternet facilities"" ]",,bEf9GjYAyqAqY3bhw
CARTER PRIMARY SCHOOL,Primary,GAUTENG,Joseph verified,true,zoMKbYeK2pJgYQwHm,"[ ""Telephone facilities"", ""Fax facilities"", ""RInternet facilities"" ]",,tdRzrm36MQJ2raFea
MAHLAHLE PRIMARY SCHOOL,Primary,GAUTENG,SABELO VERIFIED,true,XZzzXM9tx9XR8ByPQ,"[ ""Telephone facilities"", ""Fax facilities"", ""RInternet facilities"" ]",,YLYWLt3BFmbGuRHBQ
QUANTUM SECONDARY SCHOOL,Secondary,GAUTENG,Tshepo2,true,yfqsNvxQWrZ7BsSt2,"[ ""Telephone facilities"", ""Fax facilities"" ]",,cQQF5juB8JG3jNbNs
EMFUNDISWENI PRIMARY SCHOOL,Primary,GAUTENG,SABELO VERIFIED,true,FYnf9GyCeWzc7DXYE,"[ ""Telephone facilities"", ""Fax facilities"", ""RInternet facilities"", ""An intercom or public address system"" ]",,8TjXzm5mqedTkvZ5n
THOHO-YA-NDOU PRIMARY SCHOOL,Primary,GAUTENG,Joseph verified,true,LGLj7rg5JHw5BY2cE,"[ ""Telephone facilities"", ""Fax facilities"", ""RInternet facilities"" ]",,q7vvj7t7uptnim45G
SIPHIWE PRIMARY SCHOOL,Primary,GAUTENG,Zanele V1,true,9w6b2hoRNKdWo2fZY,"[ ""Telephone facilities"", ""Fax facilities"", ""RInternet facilities"", ""An intercom or public address system"" ]",,8EkWbb3qMosGvaWyT
NTSIKANA PRIMARY SCHOOL,Primary,GAUTENG,Sympathy Varified,true,wH5iBMph2QiTjhPfB,"[ ""Telephone facilities"", ""Fax facilities"", ""RInternet facilities"", ""An intercom or public address system"" ]",,95AYoAp6AiYz3KZ2t
KHULA SIZWE PRIMARY SCHOOL,Primary,GAUTENG,Freddy7,true,6NZrgJqtd5N69gxd2,"[ ""Telephone facilities"", ""Fax facilities"", ""RInternet facilities"" ]",,ayNNoGKj3iCnECzSg
TOTOMENG PRIMARY SCHOOL,Primary,GAUTENG,Joseph verified,true,fWK5sxhK3zBRdfR3P,"[ ""Telephone facilities"", ""Fax facilities"" ]",,tMjiiRvEEAsNmSJGx
PUDUMO PRIMARY SCHOOL,Primary,GAUTENG,SABELO 1,true,QxtmLs5hFkcYR8xLR,"[ ""Telephone facilities"", ""Fax facilities"", ""RInternet facilities"" ]",,fXPmfwBo9N6rx7mLh
PHORORONG PRIMARY SCHOOL,Other,GAUTENG,Joseph,true,rovPYWp9g24esD8e7,"[ ""Telephone facilities"", ""Fax facilities"", ""RInternet facilities"" ]",,qs4DrHmATWN59Tptg
THEMBALIHLE PRIMARY SCHOOL,Primary,GAUTENG,SABELO1,true,eHHep4MPv37quSNaT,"[ ""Telephone facilities"", ""Fax facilities"", ""RInternet facilities"" ]",,AHHiQixZscHdnSQpM
VEZUKHONO SECONDARY SCHOOL,Secondary,GAUTENG,Joseph,true,eQ42GkPFWPkxcpovm,"[ ""Telephone facilities"", ""Fax facilities"", ""An intercom or public address system"" ]",There is a computer centre but not everyone is allowed to use it,8FucY8f4FTzL2XmhY
AMOS MAPHANGA SECONDARY,Secondary,GAUTENG,V2 Yossi Bank,true,ksRtiisRnnj9C3J6W,"[ ""RInternet facilities"" ]",,ra2zX3jjBPguj6bc3
TEMBISA SECONDARY SCHOOL,Secondary,GAUTENG,V1,true,tT3fXiokofmhJvEpv,"[ ""Telephone facilities"", ""Fax facilities"", ""RInternet facilities"", ""An intercom or public address system"" ]",,LTccQvtsRbQdnvd4x
DIEPDALE SECONDARY SCHOOL,Secondary,GAUTENG,V2-Jaydin krok,true,aKPRyexdxLmDhz6oq,"[ ""Telephone facilities"" ]",,EyHGQ2ctZRGcPQ4Lc
NTOKOZWENI PRIMARY SCHOOL,Primary,GAUTENG,Pontsho12,true,Mpa4daqDkyd9bc6sj,"[ ""Telephone facilities"", ""Fax facilities"" ]",,EtHDHYs97BCxasggi
PHANDIMFUNDO SECONDARY SCHOOL,Secondary,GAUTENG,SABELO VERIFIED,true,oqfmtGG6NxcPCXBB8,"[ ""Telephone facilities"", ""Fax facilities"", ""RInternet facilities"", ""An intercom or public address system"" ]",,tDKj5hfjzok3tbGs9
AB XUMA PRIMARY SCHOOL,Primary,GAUTENG,V2-jaydin krok,true,3FpjzKLeX3EzDMaZB,"[ ""Telephone facilities"", ""Fax facilities"", ""RInternet facilities"" ]",,r8FrZJWZGiB9zPmmc
TSIETSI MASHININI PRIMARY SCHOOL,Primary,GAUTENG,Sympathy varified,true,qR3vZypkP8oDtZW7Y,"[ ""Telephone facilities"", ""Fax facilities"" ]",,n9gEojJ6K5eKYJ4c2
ZIFUNELENI JUNIOR SECONDARY  (COMB. PRIMARY) SCHOOL,Other,GAUTENG,SABELO VERIFIED,true,JSaX3Z4W2HsFJS7eL,"[ ""Telephone facilities"", ""Fax facilities"", ""RInternet facilities"" ]",,HE7QyZrdjZD4TwigW
VUYO PRIMARY SCHOOL,Primary,GAUTENG,Joseph,true,EfaamQJKipTAkZWnR,"[ ""Telephone facilities"", ""RInternet facilities"" ]",,esLPjFoMCrf7aGwqS
MENZI PRIMARY SCHOOL,Primary,GAUTENG,Sympathy varified,true,F3qcoFTgdfR8ch5af,"[ ""Telephone facilities"" ]",PRIVATE PHONE BEING USED BY PRINCIPAL GIVEN BY DEPARTMENT,eqJ28tbWRDYX6YPkp
SAPPHIRE SECONDARY SCHOOL,Secondary,GAUTENG,Joseph verified,true,ep2CNJFgNc9nxiNJ6,"[ ""Telephone facilities"", ""Fax facilities"", ""RInternet facilities"" ]",,mu6wNPMzZ754NLLnE
LUKHOLWENI PRIMARY SCHOOL,Primary,GAUTENG,Joseph verified,true,Mpf9ASDzWFhkbjyBo,"[ ""Telephone facilities"", ""Fax facilities"", ""An intercom or public address system"" ]",,gpABZNKAeZxGARLNE
LEBOHANG SECONDARY SCHOOL,Secondary,GAUTENG,Sabelo1,true,F6MninvHDq2xJxck2,"[ ""Telephone facilities"", ""Fax facilities"", ""RInternet facilities"" ]",,KrNZ7H2XmHuPpHRrN
EAST BANK HIGH SCHOOL,Secondary,GAUTENG,Sympathy varified,true,FXQMWGXfrkYHuY4Fp,"[ ""Telephone facilities"", ""Fax facilities"", ""RInternet facilities"" ]",,LD7hazozFmAuLNBgP
THUTO LORE SECONDARY SCHOOL,Secondary,GAUTENG,Tamir Shklaz,true,WKfAg6D4yHdTe9qNu,"[ ""Telephone facilities"", ""Fax facilities"", ""RInternet facilities"" ]",,A82Sqxg6dWo9BjRw7
LERATONG PRIMARY SCHOOL,Primary,GAUTENG,sfisov1,true,PiEYyu8LPhfMRreaw,"[ ""Telephone facilities"" ]",,8Q8hLajqT7vMWrbeA
KUZIMISELA PRIMARY SCHOOL,Primary,GAUTENG,Tshepo,true,JEMC5nFZShLct6ZDd,"[ ""Telephone facilities"", ""RInternet facilities"" ]",,HushLZncKDsTyJhfN
DITAU PRIMARY SCHOOL,Primary,GAUTENG,Sympathy varified,true,ZSiGto3wM6gdfWXb8,"[ ""Telephone facilities"", ""Fax facilities"", ""RInternet facilities"" ]",,SDQzcRxtroyWa7uGB
INXIWENI PRIMARY SCHOOL,Primary,GAUTENG,Freddy8,false,zuXMhzJvHrJhHKNDe,"[ ""Telephone facilities"", ""Fax facilities"", ""RInternet facilities"", ""An intercom or public address system"" ]",,g2zngXhSLP6Xe7qtg
MOGOGODI PRIMARY SCHOOL,Primary,GAUTENG,Joseph1,true,4XTL2r9G3j5zTdRcn,"[ ""Telephone facilities"" ]",,rgipwMLK9skQK2EuA
PHUTHUMANI PRIMARY SCHOOL,Primary,GAUTENG,Sympathy Varified,true,XK8p4T2bkFh7onSkp,"[ ""Telephone facilities"", ""RInternet facilities"" ]","There isn't a fax machine available at school, they scan to email.",6ZNqRnThWfJTjmtzh
MICHAEL ZULU PRIMARY SCHOOL,Primary,GAUTENG,Sympathy varified,true,zErtcWgBuWusj6Zv2,"[ ""Telephone facilities"", ""Fax facilities"", ""RInternet facilities"", ""An intercom or public address system"" ]",Functional electronic connectivity,3tbjfT8zZ2fPGfiwc
ITHUTE PRIMARY SCHOOL,Primary,GAUTENG,Sympathy Varified,true,FKFwjGrL8YP6egGpW,"[ ""Telephone facilities"", ""Fax facilities"", ""RInternet facilities"" ]",,tkbM3Jp4KjPx4H5qC
ITSEBENG PRIMARY SCHOOL,Primary,GAUTENG,SABELO1,true,bb2bWqracqBRecDA4,"[ ""Telephone facilities"", ""Fax facilities"" ]",,bAExKd8RN5BhHzb3z
LABAN MOTLHABI COMPREHENSIVE SCHOOL,Secondary,GAUTENG,Pontsho6,true,faf6QTxX4NJc83mbv,"[ ""Telephone facilities"", ""Fax facilities"", ""RInternet facilities"", ""An intercom or public address system"" ]",,922NEXkq8CZy6PH7L
GOVAN MBEKI PRIMARY SCHOOL,Primary,GAUTENG,Sabelo verified,true,gKkbchWDYeSd6xyGx,"[ ""Fax facilities"", ""RInternet facilities"" ]",,dBu8rGN6ZLKj4rb4e
MOYISELA PRIMARY SCHOOL,Primary,GAUTENG,Sabelo verified,true,CHC4Yquq2EYbo9fBJ,"[ ""Telephone facilities"", ""RInternet facilities"", ""An intercom or public address system"" ]",,XTL9gvLr9S2MmMsjJ
BHEKIMFUNDO PRIMARY SCHOOL,Primary,GAUTENG,Joseph verified,true,pLMZi2Kd9SkJJfLgZ,"[ ""Telephone facilities"", ""Fax facilities"", ""RInternet facilities"" ]",,JpDqQfLuuC9qJrici
NTSELE PRIMARY SCHOOL,Primary,GAUTENG,Sabelo1,true,SqP7qv66N8C7Ftic2,"[ ""Telephone facilities"" ]",,aQ4BMeoFWmo4HrHqF
SAKHELWE PRIMARY SCHOOL,Primary,GAUTENG,Pontsho 10,true,EMTDphZSGNqEShwAk,"[ ""Telephone facilities"", ""Fax facilities"" ]",,7jdhLaYzWcCtFduQg
THUTOLORE SECONDARY SCHOOL,Secondary,GAUTENG,Joseph verified,true,6AToHcsTAPMz8xZF2,"[ ""Telephone facilities"", ""Fax facilities"", ""RInternet facilities"" ]",,BwK89vufnm6iCSJhQ
SELIBA PRIMARY SCHOOL,Other,GAUTENG,Joseph verified,true,MQW9krfKJ3PdnECed,"[ ""Telephone facilities"", ""Fax facilities"" ]",,RHG8484wnsaqifrig
KGALEMA PRIMARY SCHOOL,Primary,GAUTENG,V2-Jaydin krok,true,5DrQ2EJNfTebDDtHQ,"[ ""Telephone facilities"", ""Fax facilities"", ""RInternet facilities"", ""An intercom or public address system"" ]",,MYybcL4ntNLDfPjZt
UMSOBOMVU PRIMARY SCHOOL,Primary,GAUTENG,KHOLWANI11,false,4wfvHhpTFLsznKQ6j,"[ ""Telephone facilities"", ""Fax facilities"", ""RInternet facilities"" ]",,2Qm9dY2unum62oDu7
KGOMOCO PRIMARY SCHOOL,Primary,GAUTENG,Joseph verified,true,6hqAEnTFwvSDhTqb9,"[ ""Telephone facilities"", ""Fax facilities"", ""RInternet facilities"" ]",,METTMMRQRhoWxKdRt
KOKOSI PRIMARY SCHOOL,Primary,GAUTENG,Mabuza verified,true,KDX4hEuF4f6JE2uhb,"[ ""Telephone facilities"", ""Fax facilities"", ""RInternet facilities"" ]",,sfgS3CrJFoTBvFQ72
REAKGONA PRIMARY SCHOOL,Primary,GAUTENG,Tamir Shklaz\,true,6PtbHTg6fs59pncQd,"[ ""Telephone facilities"", ""Fax facilities"" ]",,WdTssNZoaRHCT3LMG
NKABINDE PRIMARY SCHOOL,Primary,GAUTENG,V2 Yossi Bank,true,owdpKtnmfmyhXy7Bw,"[ ""Telephone facilities"", ""Fax facilities"", ""RInternet facilities"" ]","They need ramps, chairs and desks",LrmX8FAuJMKckWE6c
JOB MASEKO PRIMARY SCHOOL,Primary,GAUTENG,KHOLWANI12,true,xCLXWJ6XzSYWppYSo,"[ ""Telephone facilities"", ""Fax facilities"" ]",,7Lt26udxHfpKtyAwY
ISIZIBA PRIMARY SCHOOL,Primary,GAUTENG,V1,true,oxTWgTfTShciCpw9d,"[ ""Telephone facilities"", ""Fax facilities"", ""RInternet facilities"", ""An intercom or public address system"" ]",,vZkChYaMACHarXWxC
BUHLEBEMFUNDO SECONDARY SCHOOL,Secondary,GAUTENG,Joseph verified,true,4paPatNxYZeRZNjKF,"[ ""Telephone facilities"", ""Fax facilities"", ""RInternet facilities"" ]",,Ch6HJ6DZmFCYxKkww
NKUMBULO SECONDARY SCHOOL,Secondary,GAUTENG,Pontsho4,true,MLcuQb4xcZreQk2qv,"[ ""Telephone facilities"", ""Fax facilities"", ""RInternet facilities"" ]",,2G6DH4Aiu8dpRQyrD
LETSATSING COMBINED SCHOOL,Primary,GAUTENG,SABELO 1,true,H2prmYe34jrFJrQcu,"[ ""Telephone facilities"", ""Fax facilities"", ""RInternet facilities"", ""An intercom or public address system"" ]",,hBG3H9epZYnScCbtp
TLHOLO INTERMEDIATE SCHOOL,Primary,GAUTENG,Joseph1,true,eGqDBknabzrsw2Cm8,"[ ""Telephone facilities"", ""Fax facilities"", ""RInternet facilities"" ]",,bPfY5thaXn4EAdkXw
ENDULWENI PRIMARY SCHOOL,Primary,GAUTENG,Joseph verified,true,TpQSf7NYCkFbfoTnQ,"[ ""Telephone facilities"", ""Fax facilities"", ""RInternet facilities"" ]",,ocFaNqXzeBvD5hiAZ
ORANGE FARM PRIMARY SCHOOL,Primary,GAUTENG,V1,true,XBZdyXPdPpKKsi93x,"[ ""Telephone facilities"", ""Fax facilities"", ""RInternet facilities"" ]",,kY8pdvG9t8eN5CY4h
ISEKELO PRIMARY SCHOOL,Primary,GAUTENG,Joseph verified,true,H3Twyqwy7jFTPTnYb,"[ ""Telephone facilities"", ""RInternet facilities"", ""An intercom or public address system"" ]",,rRCnvnKF3KB68xQfw
BUD MBELLE PRIMARY SCHOOL,Primary,GAUTENG,SABELO VERIFIED,true,PmqRjYEas4CC44BBd,"[ ""Telephone facilities"", ""Fax facilities"", ""RInternet facilities"" ]",,bf5Ltec4dXsz7pEX9
test,Other,LIMPOPO,Test,false,BYGNzrRQxJvQCPmrb,"[ ""Telephone facilities"", ""Fax facilities"", ""An intercom or public address system"" ]",,aiBSX6cmH9icpEn7C
NCHABELENG PRIMARY SCHOOL,Primary,GAUTENG,KHOLWANI9,true,4jdXs4deGRzpimFkD,"[ ""Telephone facilities"", ""Fax facilities"", ""RInternet facilities"" ]",,5iHufHeS6B2XBsHTB
ZAMANI PRIMARY SCHOOL,Primary,GAUTENG,Sympathy Varified,true,6mEMZnr3L8GPRZdme,"[ ""Telephone facilities"" ]",But the phones are broken,sfN5HAvKti5hRvPxZ
MODUOPO PRIMARY SCHOOL,Primary,GAUTENG,Zanele V1,true,gGmQF7duqz6ZPPi52,"[ ""Telephone facilities"", ""Fax facilities"", ""RInternet facilities"" ]",,Q2SemXMcpEX5NfYsD
MOKGOME SECONDARY SCHOOL,Secondary,GAUTENG,Joseph verified,true,BR86gZHYnKLkRsQbo,"[ ""Telephone facilities"" ]",they usually use emails,QBmBALzw89kwmHz2B
BONA COMPREHENSIVE SCHOOL,Secondary,GAUTENG,SABELO VERIFIED,true,37BcLbvLa7qvkEkP9,,,xsLXqpcynPeYTwiXE
ESIKHISINI PRIMARY SCHOOL,Primary,GAUTENG,Joseph verified,true,DsxqhLEYZgdyhwznE,"[ ""Telephone facilities"", ""Fax facilities"", ""RInternet facilities"" ]",,CoWKa7AHpYehwgjN4
DAVID HELLEN PETA SECONDARY SCHOOL,Secondary,GAUTENG,Joseph verified,true,3Pph9BS5aFPSiB8jv,"[ ""Telephone facilities"", ""Fax facilities"", ""RInternet facilities"" ]",,BpGigPup4eyijh28x
GOROGANG PRIMARY SCHOOL,Primary,GAUTENG,Pontsho5,true,eo48zorNYdTF4PSkT,"{ ""0"" : ""Telephone facilities"" }",The school needs internet facilities for learners to do their assignments,fkuEy7WKs5HL2NM6z
LEBOWA PRIMARY SCHOOL,Primary,GAUTENG,Joseph,true,StyQk7Gt6w8wJkZxR,"[ ""Telephone facilities"", ""RInternet facilities"" ]",,KhtEcF9mnhkNyqnW3
SELOPE-THEMA PRIMARY SCHOOL,Primary,GAUTENG,SABELO VERIFIED,true,tZWRzbK4FjgjDbiSA,"[ ""Telephone facilities"", ""Fax facilities"" ]",,Kqq9XsRqsRQM6PjGn
GAHLANSO PRIMARY SCHOOL,Primary,GAUTENG,Zanele V1,true,CHBAd283KpfBfQgMA,"[ ""Telephone facilities"", ""Fax facilities"", ""RInternet facilities"" ]",,WeXHdZMumEMFyckHq
BOPASENATLA SECONDARY SCHOOL,Secondary,GAUTENG,Joseph verified,true,Xso5jKfRxwTjBz8RF,"[ ""RInternet facilities"" ]",They all need electronic connectivity,cDYo2z98FGZzNHPMM
testing,Secondary,EASTERN_CAPE,test,false,Fy3BfF3hR4BopQgFd,"[ ""Telephone facilities"", ""An intercom or public address system"" ]",,BQfg3z63ZB9CEwvQ8
MUZOMSHA PRIMARY SCHOOL,Primary,GAUTENG,KHOLWANI18,true,tGDscdFr5kNmB2Jkk,,,NTo8EK8jnLkjB93Hd
MVELAPHANDA PRIMARY SCHOOL,Primary,GAUTENG,Freddy9,true,TDc3Rmu3djCZGicHL,"[ ""Telephone facilities"", ""Fax facilities"", ""RInternet facilities"" ]",,aMRD37JGNEmrz9FZ9
DINOTO TECHNICAL SECONDARY SCHOOL,Secondary,GAUTENG,Tshepo3,true,aSH8rzSSzN86bzQwm,"[ ""Telephone facilities"", ""Fax facilities"", ""RInternet facilities"" ]",All of them are working in good condition,pqm6NksjcwAhrDwyH
JORDAN SECONDARY SCHOOL,Secondary,GAUTENG,Sabelo1,true,obqXZTTp42236tF3e,"[ ""Telephone facilities"", ""Fax facilities"", ""RInternet facilities"", ""An intercom or public address system"" ]",,ZQvS49GgfM6XNnqij
RETLILE PRIMARY SCHOOL,Primary,GAUTENG,Jake Pencharz,true,BXQNxcnTgvnFWMc5D,"[ ""Telephone facilities"", ""RInternet facilities"" ]",,y8vNYzZpy3A9BHx6W
NQUBELA PRIMARY SCHOOL,Primary,GAUTENG,Sympathy Varified,true,9pF2hs3B4ikPsRBDv,"[ ""Telephone facilities"" ]",,mobhBo8uKGxkvNsjR
PHUTHADITSHABA PRIMARY SCHOOL,Primary,GAUTENG,SABELO VERIFIED,true,Xxn4kR9hjGmYbWE4T,"[ ""Telephone facilities"", ""Fax facilities"", ""RInternet facilities"" ]",,ojqksxwnmxWXpM8n6
LESHATA SECONDARY SCHOOL,Secondary,GAUTENG,Sabelo verified,true,h9YbJJXeXDTdmRdQj,"[ ""Telephone facilities"", ""Fax facilities"", ""RInternet facilities"" ]",,opzRuPL9N8RSzCNsi
HLANGABEZA PRIMARY SCHOOL,Primary,GAUTENG,Symps,true,whEZRAZs7QmtchQbr,"[ ""Telephone facilities"", ""Fax facilities"", ""RInternet facilities"", ""An intercom or public address system"" ]",Intercom needs to be fixed,uyB7xpWYkTuuhsLzS
ROLIHLAHLA PRIMARY SCHOOL,Primary,GAUTENG,Tshepo2,true,TGZcN27vQNDoWmtEJ,,,Qzm8u4imxajBRWLE5
KHANGEZILE PRIMARY SCHOOL,Primary,GAUTENG,Pontsho9,true,rifuY36ZA9de56vrg,"[ ""Telephone facilities"", ""Fax facilities"" ]",,KDmkojmtPfcEEQ3vv
QHAKAZANI PRIMARY SCHOOL,Primary,GAUTENG,tshepo20,true,9iH9hxq9fAoSJzdxg,"[ ""Telephone facilities"", ""RInternet facilities"", ""An intercom or public address system"" ]",,Y2gH7TZojYSgJ6J3i
TLHOKOMELO PRIMARY SCHOOL,Primary,GAUTENG,Joseph1,true,Mazuqik3nDxkw9PFp,"[ ""Telephone facilities"", ""Fax facilities"", ""RInternet facilities"" ]",,y3Rzmw2pDYqioZ8WC
HULWAZI SECONDARY SCHOOL,Secondary,GAUTENG,Tshepo1,true,iPT55ojWG3deqKD8K,"[ ""Telephone facilities"", ""Fax facilities"", ""RInternet facilities"", ""An intercom or public address system"" ]",,Tnm69CSqqbdHg9obr
MAKAPANE PRIMARY SCHOOL,Primary,GAUTENG,Joseph verified,true,oWJqLjx3DCTLnXbZL,"[ ""Telephone facilities"", ""Fax facilities"", ""RInternet facilities"" ]",,X4uSNwu6z2y2MdNwA
DUMEHLEZI INTERMEDIATE SCHOOL,Primary,GAUTENG,Joseph verified,true,myz8BuyJGGBzPFdZJ,"[ ""Telephone facilities"", ""Fax facilities"", ""An intercom or public address system"" ]",,uvAsG8PGNZNED5pxz
Nxineni Primary,Primary,GAUTENG,Nxineni Primary,true,5eEima2epBs2jQga3,"[ ""Telephone facilities"", ""Fax facilities"", ""RInternet facilities"", ""An intercom or public address system"" ]",,eiaeXipXaywPNGZ7X
CHARLOTTE MAXEKE SECONDARY SCHOOL,Secondary,GAUTENG,V2 Yossi Bank,true,sinLKoj4YKyeJho4G,"[ ""Telephone facilities"", ""Fax facilities"" ]",The school uses the admin's cellphone as a telephone.,HMfiK9msnxvBpZRTv
TSHIRELETSO PRIMARY SCHOOL,Primary,GAUTENG,Joseph1,true,QmmTBC9eX3BoXsot3,"[ ""Telephone facilities"", ""Fax facilities"", ""RInternet facilities"" ]",,syBSsyuaG3J2rk8ky
DR WF NKOMO SECONDARY SCHOOL,Secondary,GAUTENG,Sympathy Varified,true,sT9m94vwLoQAfaEba,"[ ""Telephone facilities"", ""Fax facilities"", ""RInternet facilities"" ]",,u2mAvGSYipuFCETW2
KHOMANANI PRIMARY SCHOOL,Primary,GAUTENG,SABELO VERIFIED,true,sji9G2Y2A2toRDzom,"[ ""Telephone facilities"", ""Fax facilities"", ""RInternet facilities"" ]",,myEbntbNmwtRJAXXn
BOPHELONG SECONDARY SCHOOL,Secondary,GAUTENG,Joseph verified,true,8RE9DBG4fFLnzfkn2,"[ ""Telephone facilities"", ""Fax facilities"", ""RInternet facilities"" ]",,AQmqsTKLbbQgfAmzP
MONTSOSI PRIMARY SCHOOL,Primary,GAUTENG,SABELO1,true,qj6fHthTRGJDud9Dz,"[ ""Fax facilities"", ""RInternet facilities"" ]",,rCApJ97XLJY5xuoJY
IMFUNDO MIDDLE SCHOOL,Primary,GAUTENG,Tshepo25,true,xg52wKBBX96YuqQng,"[ ""Telephone facilities"", ""Fax facilities"", ""RInternet facilities"" ]",,pamnvbjX3nHtQtv4D
IKAGE PRIMARY SCHOOL,Primary,GAUTENG,Sympathy varified,true,iKsN8RxxvxQns5RWB,"[ ""Telephone facilities"", ""Fax facilities"", ""RInternet facilities"" ]",,NY3CpQoLXKGkXkq8b
TSHIRELA PRIMARY SCHOOL,Primary,GAUTENG,Joseph verified,true,q3LHghNPmuJYGeFFj,"[ ""Telephone facilities"", ""Fax facilities"", ""RInternet facilities"", ""An intercom or public address system"" ]",,93KanXF8i8wGs4YKw
DR KNAK PRIMARY SCHOOL,Primary,GAUTENG,"SABELO VERIFIED
pontsho 20",true,k7uKhsqA2zCEbcp6R,"[ ""Telephone facilities"", ""Fax facilities"", ""RInternet facilities"" ]",,FkDMg4ekjDHWExDuv
MABUYA SECONDARY SCHOOL,Secondary,GAUTENG,Joseph1,true,hAo6BwEcEnKbhn5JJ,,,656hyBavtd4QHF6yx
THUTO KITSO SECONDARY SCHOOL,Secondary,GAUTENG,sabelo1,true,zXhTMLJFxKDZrLr38,"[ ""Telephone facilities"", ""Fax facilities"", ""RInternet facilities"", ""An intercom or public address system"" ]",,2zRbjDBfz4zB8Tv6q
REAMOHETSOE PRIMARY SCHOOL,Primary,GAUTENG,V2-Jaydin Krok,true,u8bRYPmYaMQgKh6j3,"[ ""Telephone facilities"" ]","No land line, e-mail",zpLEh72kC58ryRpxt
THUTHUKA PRIMARY SCHOOL,Primary,GAUTENG,SABELO VERIFIED,true,vyYsXMY6WzcWdN6KE,"[ ""Telephone facilities"", ""Fax facilities"", ""RInternet facilities"" ]",,q7rLbRb4nxtPxfoSc
THETHA SECONDARY SCHOOL,Secondary,GAUTENG,SABELO VERFIED,true,sXvtykbQZaqQHw59Y,"[ ""Telephone facilities"", ""An intercom or public address system"" ]",,dnFyeB4sC6kfmj2Q6
BATLOUNG INTERMEDIATE SCHOOL,Primary,GAUTENG,Symps,true,fwEPef67h3LzWKrnD,"[ ""Telephone facilities"", ""Fax facilities"" ]",,FEAD8jBu7LbHezy2j
ENTSHONALANGA PRIMARY SCHOOL,Primary,GAUTENG,SABELO VERIFIED,true,b7WiXdaQR7DrfQ2er,"[ ""Telephone facilities"", ""Fax facilities"", ""RInternet facilities"", ""An intercom or public address system"" ]",,qYqekSfSRExjXJrGM
PATOGENG PRIMARY SCHOOL,Primary,GAUTENG,Joseph verified,true,iqBuMATZPn2n9ST7v,"[ ""Telephone facilities"", ""RInternet facilities"" ]",,Rvf9JkpRBRozBsyiq
EMMANUEL PRIMARY SCHOOL,Primary,GAUTENG,Joseph verified,true,T3CTsTTggAC5sqktz,"[ ""Telephone facilities"", ""Fax facilities"", ""RInternet facilities"", ""An intercom or public address system"" ]",,DwG2tAAFC8W79Ckxx
MADUME PRIMARY SCHOOL,Primary,GAUTENG,SABELO VERIFIED,true,xZCKdMHcJKrznYhCM,"[ ""Telephone facilities"", ""Fax facilities"", ""RInternet facilities"", ""An intercom or public address system"" ]",,r5bdwdb45e7jr6JZB
MATSIE STEYN PRIMARY SCHOOL,Primary,GAUTENG,Joseph verified,true,oA9g8kuCmiv3eGBj8,"[ ""Telephone facilities"", ""Fax facilities"", ""RInternet facilities"" ]",,74LtY73iZk5nAgKN4
AHA-THUTO SECONDARY SCHOOL,Secondary,GAUTENG,Sabelo verified,true,ZAhZnbuBqN4vGgZ5K,"[ ""Telephone facilities"", ""Fax facilities"", ""RInternet facilities"" ]",,5PhvChXDzSoaBymWp
TIYANI Junior secondary SCHOOL,Other,GAUTENG,SABELO VERIFIED,true,BFs65zWixhN2uMMbT,"[ ""Telephone facilities"" ]",,gZKefKr3T7kQ7yZdd
UNITY SECONDARY SCHOOL,Secondary,GAUTENG,Tshepo3,true,aS6u8iRyXFdHRvvWD,"[ ""Telephone facilities"", ""Fax facilities"", ""RInternet facilities"", ""An intercom or public address system"" ]",,68f6ufafjEtTD87dK
LANGAVILLE PRIMARY SCHOOL,Primary,GAUTENG,Sympathy varified,true,6DEohz28JgXgS9xJq,"[ ""Telephone facilities"" ]",principal uses his own phone,3uXaw9N4tJkFZKXSt
POELANO SECONDARY SCHOOL,Secondary,GAUTENG,Joseph verified,true,aqiJ4qCShNSmHbD3E,"[ ""RInternet facilities"" ]",,S3LbwsmZGkiiekXEX
NOMINI PRIMARY SCHOOL,Other,GAUTENG,Sabelo verified,true,4Gea58zRie3MeEDEf,"[ ""Telephone facilities"", ""RInternet facilities"" ]",,Sue8DWeGKHPKAyQBi
HLABANGANE PRIMARY SCHOOL,Primary,GAUTENG,Joseph verified,true,gGoCwZjAvsTNk3wQg,"[ ""Telephone facilities"", ""Fax facilities"", ""RInternet facilities"" ]",,A9g2JXbafa9hggA23
LETSIE PRIMARY SCHOOL,Primary,GAUTENG,KHOLWANI8,true,H4X8ec6jkSB4mN4Wn,"[ ""Telephone facilities"", ""Fax facilities"" ]",,gPuKrSrjRHYQAhofp
THOPODI PRIMARY SCHOOL,Primary,GAUTENG,SABELO VERIFIED,true,5z82KFfeeo4YTvDJ3,"[ ""Telephone facilities"" ]",,eaN2HpTXfZTyuJHLY
REAGILE PRIMARY SCHOOL,Primary,GAUTENG,Freddy11,true,AnirYe5LP9QtosCdD,"[ ""Fax facilities"", ""RInternet facilities"" ]",there are telephone facilities but they not working,3CZM6LyxfbGxQ676w
RESIDENSIA SECONDARY SCHOOL,Secondary,GAUTENG,Symps,true,o5YMhyN9CWh8ayKrE,"[ ""Telephone facilities"", ""Fax facilities"", ""RInternet facilities"" ]",,Sa8QfeRArxjpbStqt
MASISEBENZE COMPREHENSIVE SCHOOL,Secondary,GAUTENG,Zanele V1,true,xn93ExNpdPijhFwXy,"[ ""Telephone facilities"", ""Fax facilities"", ""RInternet facilities"" ]",,vQsgY2cMuHRHHxN5X
TSWELOPELE SECONDARY SCHOOL,Secondary,GAUTENG,Zanele V1,true,o6fcunbWcAs4tzyoX,,"There are no telephone, Fax or Internet facilities at the school.They just have copying machine.",bHZpmA7SpQzx29CQk
LESEDI LA KRESTE ANGLICAN PRIMARY SCHOOL,Primary,GAUTENG,V2-Jaydin Krok,true,exbfoxZ9EbYsLAsFK,"[ ""RInternet facilities"" ]",,BL89Y49hLjtAgtj9C
MOHLOLI SECONDARY SCHOOL,Secondary,GAUTENG,symps,true,ao4Y2bSHoxHoNKf3e,"[ ""Telephone facilities"", ""Fax facilities"", ""RInternet facilities"" ]",,Pye3fvQETS2TCPKyt
UMTHAMBEKA PRIMARY SCHOOL,Primary,GAUTENG,Freddy12,true,T8RAhrstMsxqoDLSm,"[ ""Telephone facilities"", ""Fax facilities"", ""RInternet facilities"" ]",,MrCRY4JkG2RtXRzjf
MOSHOESHOE PRIMARY SCHOOL,Primary,GAUTENG,Joseph verified,true,k7MNdakFtAnybuueu,"[ ""Telephone facilities"", ""Fax facilities"", ""RInternet facilities"" ]",,vPSPXjGpC6ABc9Szc
BOVET PRIMARY SCHOOL,Primary,GAUTENG,Joseph verified,true,gukoPu9fa4DdAgnrE,"[ ""Telephone facilities"", ""Fax facilities"", ""RInternet facilities"" ]",,JMwctXTYdunvweNYD
KAMOHELO PUBLIC SCHOOL,Other,GAUTENG,Joseph,true,zsMAN9vXrRXnKbkRg,"[ ""Telephone facilities"", ""Fax facilities"", ""RInternet facilities"" ]",,hk4XMrnHxTastfL7s
MOSIOA PRIMARY SCHOOL,Primary,GAUTENG,Joseph verified,false,WgaY2mWkGQfn7JF2k,"[ ""Telephone facilities"", ""Fax facilities"" ]",,AGiLx4gigQqYMN4fT
IPONTSHE PRIMARY SCHOOL,Primary,GAUTENG,V2 Adam Dison,true,e3FL3LTXbgkM2ZdZD,"[ ""Telephone facilities"", ""Fax facilities"", ""RInternet facilities"", ""An intercom or public address system"" ]",,x39JZC9Q749pXeEbY
KENNETH MASEKELA SECONDARY SCHOOL,Secondary,GAUTENG,Pontsho7,true,mjuZ68rD66ZwNkJnQ,"[ ""Telephone facilities"", ""Fax facilities"" ]",,yuLFP8PQcXB6aAAm6
EVATON PRIMARY SCHOOL,Primary,GAUTENG,kholwani23,true,dy7Ck79F5GWpxNXRY,"[ ""Telephone facilities"" ]",no electricity since 2014 only generators were used but they were stolen,2gqMBsR5BKHB3TEv6
BOITUMELONG SECONDARY SCHOOL,Secondary,GAUTENG,Zanele V1,true,XexosPsuSzXqEPhJt,"[ ""Telephone facilities"", ""Fax facilities"", ""RInternet facilities"" ]",,XYLgc3p2tmFJ6nGJb
SOZIZWE PRIMARY SCHOOL,Primary,GAUTENG,Tshepo3,true,cmiZwoTfdyh7GW5CJ,"[ ""Telephone facilities"", ""Fax facilities"", ""RInternet facilities"" ]",,6yXgt6quvcZfmQiWf
CAIPHUS NYOKA SECONDARY SCHOOL,Secondary,GAUTENG,Joseph veried,true,emyuPgeLdYQo3hXRG,"[ ""RInternet facilities"" ]","No landline. Telephone  service,no fax,no intercom",dLHdmSdFbLWF2kJqy
zitha primary,Primary,GAUTENG,sabelo1,true,XM2xS77BuYbbQfjN6,"[ ""Telephone facilities"", ""Fax facilities"", ""RInternet facilities"" ]",,k652o58moXsybbDfm
TSITSIBOGA PRIMARY SCHOOL,Other,GAUTENG,SABELO1,true,Jepy5CQA6SyZnM2rP,"[ ""Telephone facilities"", ""Fax facilities"", ""RInternet facilities"" ]",,hrfAaJLuuBvdukdf9
TSWELELANG PRIMARY SCHOOL,Primary,GAUTENG,Joseph verified,true,AsYcKjfq8GWMe3p4g,"[ ""Telephone facilities"", ""Fax facilities"", ""RInternet facilities"" ]",,Dddj3YJBuiuGmAQFQ
JABULILE SECONDARY SCHOOL,Secondary,GAUTENG,SABELO VERIFIED,true,Q8e9LDCrqAvNHMaJR,"[ ""Telephone facilities"", ""Fax facilities"", ""RInternet facilities"" ]",,GdT4e3QnaH2fX4vAA
ALEXANDRA SECONDARY SCHOOL,Secondary,GAUTENG,Jake Pencharz,true,uj7j84iYh3EhpeRAn,"[ ""Telephone facilities"", ""Fax facilities"", ""RInternet facilities"" ]",,dmcSwWf7Zcge6eHR8
FRED HABEDI PRIMARY SCHOOL,Primary,GAUTENG,Pontsho11,true,4bXajD3iL9hFPg5NR,"[ ""Telephone facilities"", ""Fax facilities"", ""RInternet facilities"" ]",,qCqx8rN4JLCHpEwF4
THEMBALIKAZULU PRIMARY SCHOOL,Primary,GAUTENG,KHOLWANI10,true,QsikcDY6oMaQiB5Eu,"[ ""Telephone facilities"", ""Fax facilities"" ]",,jSDZSbr7cMPKgibe7
PHOMOLONG PRIMARY SCHOOL,Primary,GAUTENG,Sympathy varified,true,BLriRNvFPRmtFFs5W,"[ ""Telephone facilities"", ""Fax facilities"", ""RInternet facilities"" ]",,J8iGazpt3MwprEvbp
BOTLEHADI PRIMARY SCHOOL,Primary,GAUTENG,Sabelo1,true,78nCFiwu9DKEcM2kr,"[ ""Telephone facilities"", ""RInternet facilities"", ""An intercom or public address system"" ]",,FpTsqHm4D3ttwK8dY
SHADRACK MBAMBO PRIMARY SCHOOL,Primary,GAUTENG,Sympathy Varified,true,QAiXJhBoLFBjm3mC2,"[ ""Telephone facilities"", ""Fax facilities"" ]",,7sAKJvmox8vK6GJBv
BATHOKWA PRIMARY SCHOOL,Primary,GAUTENG,SABELO VERIFIED,true,FcBaeyXvw9YmxhWeS,"[ ""Telephone facilities"", ""Fax facilities"", ""RInternet facilities"" ]",,P4wqK6rnJQahfhFTr
