school_name,school_classification,school_province,survey_name,isverified,_id,haslibrary,hasmediacentre,librarians,hascomputertracking,hascomputerforgeneraluse,totalnumberofcomputers,totalnumberofcomputersthatconnecttotheinternet,hasbooks,hasfictionsection,comment,version_id
SEEISO PRIMARY SCHOOL,Primary,GAUTENG,Joseph verified,true,GvJn6MEwRxqrQsQhy,None,School's own,,Yes,,25,0,,,,LZ7sJWsXTML9asLdD
LEFIKA PRIMARY SCHOOL,Primary,GAUTENG,V1,true,wvaMhYvzgzYc6Pjm7,None,None,"[ ""No librarian"" ]",No,No,0,0,No,No,,GaE7jrBwPxNR4AK72
LOTUS GARDENS PRIMARY SCHOOL,Primary,GAUTENG,Joseph verified,true,hygyd4xxFC3Jkp2qw,School's own,None,"[ ""Dedicated librarian"" ]",No,No,,,Yes,No,,hJppCjP9YgzQPhsxp
MELODI PRIMARY SCHOOL,Primary,GAUTENG,V2 - Daniel Kartun,true,kHYTomzRKMkazsry8,Unsure,School's own,"[ ""Teacher assigned as a librarian"" ]",No,No,25,25,Yes,Yes,,6nyrh8pzbNxMHyu4J
FADIMEHA PRIMARY SCHOOL,Primary,GAUTENG,Joseph verified,true,zay52JSEA8ZnRazf3,Unsure,Unsure,,,,25,,,,All computers don't have network,ZMuo7tqss7QrYPuwZ
DR HARRY GWALA SECONDARY SCHOOL,Secondary,GAUTENG,Tshepo3,true,qNDr439vJfkw7SPkx,None,,"[ ""No librarian"" ]",No,No,26,0,No,No,There is a library but its not functioning. It has been turned into a storage room,SNuf4DBJszmQrAzS4
ZITHEMBENI PRIMARY SCHOOL,Primary,GAUTENG,kholwani21,true,g9a3bs3KDth36sKMZ,School's own,School's own,"[ ""Dedicated librarian"" ]",Yes,Yes,20,20,Yes,Yes,,2rqTjwusZ8tc8nbYt
MQINISWA PRIMARY SCHOOL,Primary,GAUTENG,Joseph verified,true,b7TxBoomxepRxahpR,None,School's own,,,,25,0,,,,6XmRH2cDbjXJd8Zri
INKONJANE JUNIOR SECONDARY SCHOOL,Other,GAUTENG,V2 Yossi Bank,true,A8hTwtFwF6heLaC5R,School's own,None,"[ ""Teacher assigned as a librarian"" ]",No,No,,,Yes,Yes,,Zyuc4wPBmxQPcNyjF
LEFA-IFA SECONDARY SCHOOL,Secondary,GAUTENG,KHOLWANE13,true,zNKa8wPQiG9uHKEWp,,,"[ ""Dedicated librarian"" ]",No,No,9,9,No,No,,5QzLWMPF8grmhh3G5
MASHEMONG PRIMARY SCHOOL,Primary,GAUTENG,Joseph verified,true,fhNjHrSajquDGaLkf,Unsure,School's own,,No,No,,,No,No,The library has been converted into a classroom.the library was converted to a class.,wfdMKsnKg56v7y6uJ
ZITHATHELE PRIMARY SCHOOL,Primary,GAUTENG,Joseph verified,true,uAmhDXJEwPrMLXPbd,School's own,School's own,"[ ""No librarian"" ]",No,Unsure,23,23,Yes,Yes,,sXauHMaoiXsoSamWK
REKGUTLILE PRIMARY SCHOOL,Primary,GAUTENG,SABELO VERIFEID,true,5FugqpmPmuYrezTjr,,School's own,"[ ""Teacher assigned as a librarian"" ]",No,No,1,1,Yes,Yes,,9NYELJLrE2z96eKGu
QEDUSIZI PRIMARY SCHOOL,Primary,GAUTENG,Pontsho8,true,FJ2X93knx9tsnYDer,School's own,School's own,"{ ""0"" : ""Dedicated librarian"" }",Yes,Yes,24,0,Yes,Yes,,tC7ee9TXmJ8oDEcRe
FUNUKUKHANYA PRIMARY SCHOOL,Primary,GAUTENG,KHOLWANI3,true,zZwqj66W7bAMmA4EC,School's own,,"{ ""0"" : ""Teacher assigned as a librarian"" }",No,Yes,24,20,Yes,Yes,,55foHoJLBDfwGwTWD
VULAMAZIBUKO PRIMARY SCHOOL,Other,GAUTENG,V2 Yossi Bank,true,F4Mdo8qW3ozvsfNw8,School's own,School's own,"[ ""Teacher assigned as a librarian"" ]",No,No,25,25,Yes,Yes,,4F5Qwq5cmL34WsvHP
MABOELLENG PRIMARY SCHOOL,Primary,GAUTENG,Joseph,true,G4Y8WvJMxEopRbLbP,None,None,"[ ""No librarian"" ]",No,No,25,10,No,No,,3XdLNoiuCRA5T5Dfc
GEORGE MBILASE PRIMARY SCHOOL,Primary,GAUTENG,Joseph,true,wkmP4ZkuD4mg2Ns67,School's own,None,"[ ""Teacher assigned as a librarian"" ]",No,No,,,Yes,Yes,,bMEYkfLEMjEHiTFux
MANGWELE PRIMARY SCHOOL,Primary,GAUTENG,SABELO VERIFIED,true,daXNhdPsyD8w55ibn,None,None,,,,,,,,,HZFjNDTejF5ga78Sx
ZITIKENI SECONDARY SCHOOL,Secondary,GAUTENG,SABELO VERIFIED,true,hXyRy29jybZ7XHRxG,School's own,School's own,"[ ""No librarian"" ]",No,No,47,1,Yes,No,The media centre has been assigned a dedicated coordinator,A7HS55Lmpv7eWduhv
TSAKANE PRIMARY SCHOOL,Primary,GAUTENG,Sympathy Varified,true,bZRM4wv4mri39vEFJ,Unsure,Unsure,"[ ""Dedicated librarian"" ]",No,Yes,25,19,Yes,Yes,,MYuCFef7Fjt8yRX8d
LEBONE PRIMARY SCHOOL,Primary,GAUTENG,KHOLWANI7,true,zRoQzJpRmyySAqMDo,School's own,School's own,"[ ""Dedicated librarian"" ]",Yes,Yes,25,0,Yes,No,,drsWF9n9G7CxbrANB
PHAMEHLO PRIMARY SCHOOL,Primary,GAUTENG,Symps,true,Z7HWQsDZJMvcGznxN,School's own,,"[ ""Teacher assigned as a librarian"" ]",,No,25,0,Yes,Yes,,eg2P5ZFGTcwctmdcA
ORLANDO SECONDARY SCHOOL,Secondary,GAUTENG,SABELO VERIFIED,true,obrXAbrSoYwZn52nY,School's own,School's own,"[ ""Teacher assigned as a librarian"" ]",No,No,24,,Yes,Yes,,XKxt23fR8Fujkyiim
DITAWANA PRIMARY SCHOOL,Primary,GAUTENG,pontsho 21,false,a64cx5pJWRyRrHFa3,None,School's own,,,,,,,,,LBujyFwCgPkGzWSZy
SECHABA PRIMARY SCHOOL,Primary,GAUTENG,KHOLWANI14,true,3weY5T8MDfp5LisgP,None,None,,,,,,,,,ufaeHuMMa97ge5aCK
PHOMOLONG SECONDARY SCHOOL,Secondary,GAUTENG,V2 - Adam Dison,true,2Q3gJ22ZdSwAeiC8s,School's own,School's own,"[ ""Dedicated librarian"" ]",Yes,No,24,24,Yes,Yes,,xuTGawqPYaYusxnm8
LEJOELEPUTSOA PRIMARY SCHOOL,Primary,GAUTENG,Freddy4,true,aitqk75BanwDrvHpz,,School's own,,No,No,0,0,Yes,Yes,,EtsNuLzuvqcqdM943
TEMBISA WEST SECONDARY SCHOOL,Secondary,GAUTENG,Freddy10,true,m5MQQxDuHXYe9mN3v,None,None,,,,,,,,,4avNjjRgrzrEpwKMN
DR NHLAPO INTERMEDIATE SCHOOL,Primary,GAUTENG,Joseph verified,true,3wNqCWufWGR77qdJY,None,School's own,,,,60,30,Yes,,The library is a converted class,Hjqy94n4PwNqwN5uA
O.R TAMBO PRIMARY SCHOOL,Primary,GAUTENG,Zanele V1,true,DgjdYqDgmZtJkpXqi,School's own,,"{ ""0"" : ""Dedicated librarian"" }",No,Yes,7,7,Yes,Yes,The library works well and is in good condition.,Gfj3WRS3Y8w4dmyph
ZENZELENI PRIMARY SCHOOL,Primary,GAUTENG,Sympathy Varification,true,4HEFZaNYckY9MK5Hy,None,School's own,,,,,,,,,hTroeBPPurCSNxDGe
EKUKHANYISWENI PRIMARY SCHOOL,Primary,GAUTENG,SABELO VERIFIED,true,tgae5prMPJiPe4YpA,None,School's own,,,,25,,,,,EbrJ8dHAyrQTpSaNj
TLAKULA SECONDARY SCHOOL,Secondary,GAUTENG,Sympathy Varified,true,W7r8wrmkNE7Net74f,School's own,School's own,"[ ""Teacher assigned as a librarian"" ]",No,Yes,17,0,Yes,Yes,MOST OF THE BOOKS IN THE LIBRARY ARE OLD AND SOME ARE WRITTEN IN AFRIKAANS,uiiC6LpdXHBickDqX
TLHAKANANG PRIMARY SCHOOL,Primary,GAUTENG,Tlhakanang Primary School,true,CK4Kfoxz3Xdb2vRNH,None,None,"[ ""No librarian"" ]",No,No,0,0,No,No,,3acdePaA3PaTzXLaP
OR TAMBO PRIMARY SCHOOL,Primary,GAUTENG,Sympathy verified,false,xRT8YJd9oxs985zBJ,School's own,School's own,"[ ""Dedicated librarian"" ]",Yes,Yes,7,7,Yes,Yes,The library is in a good condition and  working well.,xp2bxhMm4Yoeu9jho
PHUTHULLA PRIMARY SCHOOL,Primary,GAUTENG,Joseph verified,true,bLfJRamaA9SLG5YPp,None,None,"[ ""No librarian"" ]",No,No,,,No,No,,pRKnFJGLubdAiTZEy
SEOTLOANA PRIMARY SCHOOL,Primary,GAUTENG,Zanele V1,true,EEoovc2KLMi5C4pdh,None,None,"[ ""No librarian"" ]",No,No,25,25,No,No,Library does not function and needs renovation for it to function,Qmhp6bLYHrRTc42wc
EMMANGWENI PRIMARY SCHOOL,Primary,GAUTENG,Zanele v1,true,9JM3sZLJPwRGE6eBy,None,None,"[ ""No librarian"" ]",No,No,0,0,No,No,The library is combined with a grade 5 class and the books there are not used.,SeRiR2xnt35DWtRzX
SAULRIDGE SECONDARY SCHOOL,Secondary,GAUTENG,Sabelo verified,true,KCnBPmYF6NK6Fsdja,School's own,School's own,,,,,,,,,ZgR4zqFothSycL9hz
TSIMONG PRIMARY SCHOOL,Primary,GAUTENG,Kholwani19,true,dLJZy3LRadpgaP3Zd,,,"[ ""No librarian"" ]",No,Yes,,,Yes,Yes,,jR3LMPDnnHi7xvLcp
REALO  SECONDARY SCHOOL,Secondary,GAUTENG,SABELO VERIFIED,true,hYB8uxSdsfe3hzsLP,School's own,School's own,"[ ""Teacher assigned as a librarian"" ]",Yes,,,,Yes,Yes,,6iixm3MYropadAMjX
SEDIBENG PRIMARY SCHOOL,Primary,GAUTENG,Zanele V1,true,xLtPAJZbmKkwMnABY,None,,"[ ""No librarian"" ]",No,No,0,0,No,No,,8pdqiKPuW9emmvdMA
INKATHA KA ZULU PRIMARY SCHOOL,Primary,GAUTENG,Tshepo1,true,PrNPK2EsdjvWmE4TA,School's own,,"{ ""0"" : ""Dedicated librarian"" }",No,No,26,26,Yes,Yes,,srdTLx3pxML3nwKPr
SIVUSE PRIMARY SCHOOL,Primary,GAUTENG,SABELO1,true,SfiypKdeMdF79WkqM,None,None,,,,,,,,,JeGKrkaqdgboxbxAd
N'WA MHINGA PRIMARY SCHOOL,Primary,GAUTENG,V2-Jaydin krok,true,9jSBPmZafhpqhfaeM,None,School's own,,,,,,,,Is not working,S47bpHzXts94zC2ke
JABULANI THABANG PRIMARY SCHOOL,Primary,GAUTENG,Sabelo1,true,FsbzcDthjRBqN7Zsg,None,None,,,,0,0,,,,MtKWmrDmPtx6hTjXm
ZAKHENI PRIMARY SCHOOL,Other,GAUTENG,Sympathy varified,true,zbodYLksRjRjkvMWP,School's own,School's own,"[ ""Teacher assigned as a librarian"" ]",No,Yes,21,1,Yes,Yes,,HKHTs5NYM9YcNKmA3
HOFMEYR SECONDARY SCHOOL,Secondary,GAUTENG,Joseph verified,true,mvpjQpzQBH3Gyu87Y,School's own,School's own,"[ ""Dedicated librarian"" ]",No,No,24,0,Yes,No,,Z9wz3QcLwmRfGuaeT
DITAWANE PRIMARY SCHOOL,Primary,GAUTENG,Joseph verified,true,4ZZFgPYNPatxcYjzv,School's own,None,,,,,,,,,ZQpQXXcpAjvZC2ony
WESTFIELDS PRIMARY SCHOOL,Primary,GAUTENG,SABELO 1,true,QMroZbmcvywsj6W8x,None,School's own,,No,,19,0,,,,ghEZdTPoThhpWNWiw
PHELINDABA SECONDARY SCHOOL,Secondary,GAUTENG,Sabelo verified,true,MvqxK989Q43h7cQw8,School's own,School's own,"[ ""Dedicated librarian"" ]",Yes,Yes,24,16,Yes,Yes,,yAYPTyMxnk5pj2zT9
LERESCHE PRIMARY SCHOOL,Primary,GAUTENG,Mabuza verified,true,pNyRP7GWjefzBAssP,School's own,School's own,,,,24,,,,,giGaTXuXxZQxCGaMd
TSOELOPELE PRIMARY SCHOOL,Primary,GAUTENG,Joseph verified,true,9T7fBAf4YR7ZXRHeJ,School's own,School's own,"[ ""No librarian"" ]",No,No,25,25,No,Yes,,ZrghZT93L2bSWSofg
JET NTEO SECONDARY SCHOOL,Secondary,GAUTENG,Sabelo1,true,pPXFmncvGFJ7f2k6Y,None,None,"[ ""No librarian"" ]",No,No,0,0,No,No,,RKz4SAhiQgbHCmTpZ
LIVHUWANI PRIMARY SCHOOL,Primary,GAUTENG,SABELO VERIFIED,true,7o82z6EwxsfgeCGKh,School's own,School's own,"[ ""No librarian"" ]",No,No,25,9,Yes,Yes,,PySjA6yQMoXAyS2z8
NYIKO PRIMARY SCHOOL,Primary,GAUTENG,Freddy9,true,KsYSdzAnC6RoAyHmX,School's own,School's own,"[ ""Unsure"" ]",Unsure,Unsure,,,Unsure,Unsure,,6cFA5fAxPtQzaP5bz
TOKELO SECONDARY SCHOOL,Secondary,GAUTENG,Joseph verified,true,iYCMjbDfdzaXvvXHb,School's own,,,,,25,,,No,The library has old books,WszeF9gAuQuHMNHLC
LEHLASEDI PRIMARY SCHOOL,Primary,GAUTENG,Sabelo1,true,zZ5GWBoNLrLxW2he8,None,None,,,,,,,,,efr9txWNfPHw3AhD7
GORDON PRIMARY SCHOOL,Primary,GAUTENG,SFISO V1,true,pR4v4Dia6cLJ4sKAD,School's own,School's own,"[ ""Dedicated librarian"" ]",No,Yes,52,24,Yes,Yes,,qsXPNNQE3pWkdTbfb
MASIQHAKAZE SECONDARY SCHOOL,Secondary,GAUTENG,V1,false,fCFhKx6B39cC56vQF,None,School's own,,No,Yes,11,11,No,No,,e6s5EEf389EeLo6Tz
MASIMINI PRIMARY SCHOOL,Primary,GAUTENG,V2 Adam Dison,true,azsNFJ3vsqeDegXAP,School's own,School's own,"[ ""No librarian"" ]",No,Yes,25,25,Yes,Yes,,E7KSgcfSqaoDb5BEE
LEEMA-MOKOTULI PRIMARY SCHOOL,Primary,GAUTENG,Sabelo1,true,wc82saubLovvJXkDr,None,None,,,,0,0,,,,2smWdy5ZETPXoRrYG
SIBONELO PRIMARY SCHOOL,Primary,GAUTENG,Sympathy verified,true,TLJB3bujXHYd9DmJa,School's own,School's own,"[ ""Dedicated librarian"" ]",No,No,23,23,Yes,Yes,,GQPE7rurt9bb7DM5a
IPHUTHENG PRIMARY SCHOOL,Primary,GAUTENG,Sympathy varified,true,viG6tFdrWCYFPkkZj,School's own,,"[ ""Teacher assigned as a librarian"" ]",Yes,Yes,,,Yes,Yes,,tqMTBWRbAuYsAqATz
LETSEMA-ILIMA PRIMARY SCHOOL,Primary,GAUTENG,Symps,true,J72XRzhPoxYxrzoq9,School's own,School's own,"[ ""Dedicated librarian"" ]",Yes,Yes,1,0,Yes,Yes,,ZNXsgBEk2evJkTYso
BOKAMOSO SECONDARY SCHOOL,Secondary,GAUTENG,Zanele V1,true,f77RNvY5ujpjrc7Jm,School's own,School's own,"[ ""Dedicated librarian"" ]",No,No,25,25,Yes,Yes,,H2wSN9EFbKzeSGjCh
KGOLAGANO PRIMARY SCHOOL,Primary,GAUTENG,Joseph verified,true,STEid29a4tYHAxsrk,School's own,School's own,"[ ""Teacher assigned as a librarian"" ]",No,Yes,29,20,Yes,Yes,,o6KRqZ8m5YyPCmxEu
TSIMONA PRIMARY SCHOOL,Other,GAUTENG,Tsimona Primary School,false,DCa7xwThigZJkqDx9,School's own,Unsure,"[ ""No librarian"" ]",No,Yes,,,Yes,Yes,,LJC3JBYxgkbi8GzAP
STEVE BIKO PRIMARY SCHOOL,Primary,GAUTENG,SABELO VERIFIED,true,4duDfi58MQqMmz56a,None,None,,,,,,,,,g6orxjw6EmCqYup83
STRETFORD EXT 8 PRIMARY SCHOOL,Primary,GAUTENG,Sfiso v1,true,shPyH94gbjMJrpJeG,School's own,None,,Yes,No,,0,Yes,Yes,,4zo5MNwbBvTPykbFg
MEADOWLANDS PRIMARY SCHOOL,Primary,GAUTENG,Tamir Shklaz,true,w4bPFwoEdMKfrGpHg,School's own,School's own,"[ ""Dedicated librarian"" ]",Yes,Yes,25,25,Yes,Yes,,ogTK6SAt8Ndg38xPc
WINNIE MANDELA PRIMARY SCHOOL,Primary,GAUTENG,SABELO VERIFIED,true,5ziRzheYMeuXyop8w,,,,,,,,,,,qqTGPEnmDQRrarBSw
SELELEKELA SECONDARY SCHOOL,Secondary,GAUTENG,SABELO 1,true,yAdFDDPitJ9AjmnmC,School's own,School's own,,,,23,,,,,Ayck7PmsY3mNr3gZQ
ZIMISELE SECONDARY SCHOOL,Secondary,GAUTENG,Pontsho3,true,cusvDPdE4dcbLnb4o,None,School's own,,No,Yes,,,No,No,,bEf9GjYAyqAqY3bhw
CARTER PRIMARY SCHOOL,Primary,GAUTENG,Joseph verified,true,PTxctXSAT8C5TXvxJ,School's own,None,"[ ""Unsure"" ]",Unsure,Unsure,,,Yes,Yes,,tdRzrm36MQJ2raFea
MAHLAHLE PRIMARY SCHOOL,Primary,GAUTENG,SABELO VERIFIED,true,eh9cTpDbejPNcR4Sd,None,School's own,"[ ""No librarian"" ]",No,No,0,0,No,No,,YLYWLt3BFmbGuRHBQ
QUANTUM SECONDARY SCHOOL,Secondary,GAUTENG,Tshepo2,true,mheAvmab8LTrNa7Zw,None,None,"[ ""No librarian"" ]",No,No,0,0,No,No,,cQQF5juB8JG3jNbNs
EMFUNDISWENI PRIMARY SCHOOL,Primary,GAUTENG,SABELO VERIFIED,true,Y6kefCYXirGZ3dgRp,None,School's own,,,,25,0,,,,8TjXzm5mqedTkvZ5n
THOHO-YA-NDOU PRIMARY SCHOOL,Primary,GAUTENG,Joseph verified,true,JHPtcEaDE6RxjydME,School's own,School's own,"[ ""Teacher assigned as a librarian"" ]",No,No,25,25,Yes,Yes,,q7vvj7t7uptnim45G
SIPHIWE PRIMARY SCHOOL,Primary,GAUTENG,Zanele V1,true,ETXpeCBPaWCTv2ygW,School's own,,"{ ""0"" : ""Teacher assigned as a librarian"" }",No,No,27,0,Yes,Yes,,8EkWbb3qMosGvaWyT
NTSIKANA PRIMARY SCHOOL,Primary,GAUTENG,Sympathy Varified,true,pB8PsnEGYC3hsEu2p,School's own,,,Yes,No,1,0,Yes,Yes,,95AYoAp6AiYz3KZ2t
KHULA SIZWE PRIMARY SCHOOL,Primary,GAUTENG,Freddy7,true,ENJnzD5rBKvEM2mzm,None,None,,,,,,,,,ayNNoGKj3iCnECzSg
TOTOMENG PRIMARY SCHOOL,Primary,GAUTENG,Joseph verified,true,YRBMrFSZq8o95nzLb,School's own,School's own,,No,No,25,25,No,No,The library is not yet functional.,tMjiiRvEEAsNmSJGx
PUDUMO PRIMARY SCHOOL,Primary,GAUTENG,SABELO 1,true,pwqtiRHGbKMHzRCWf,School's own,School's own,"[ ""Teacher assigned as a librarian"" ]",Yes,No,,,Yes,Yes,,fXPmfwBo9N6rx7mLh
PHORORONG PRIMARY SCHOOL,Other,GAUTENG,Joseph,true,JwrhuSJkyxWm8CifD,None,Shared with other school,,,,26,26,,,,qs4DrHmATWN59Tptg
THEMBALIHLE PRIMARY SCHOOL,Primary,GAUTENG,SABELO1,true,qPueMBviXnDzNyTKJ,None,School's own,,,,24,0,No,No,the computers are not working and the computer room is used as class,AHHiQixZscHdnSQpM
VEZUKHONO SECONDARY SCHOOL,Secondary,GAUTENG,Joseph,true,eFAc5bqQQ5NHTnXQM,Unsure,Unsure,,,,,,,,,8FucY8f4FTzL2XmhY
AMOS MAPHANGA SECONDARY,Secondary,GAUTENG,V2 Yossi Bank,true,4q43jPLsKXEXwTrrR,None,,,,,,,,,,ra2zX3jjBPguj6bc3
TEMBISA SECONDARY SCHOOL,Secondary,GAUTENG,V1,true,CpyEKJ3WwJgxNGD2L,School's own,School's own,"[ ""Dedicated librarian"" ]",Yes,Yes,40,40,Yes,Yes,,LTccQvtsRbQdnvd4x
DIEPDALE SECONDARY SCHOOL,Secondary,GAUTENG,V2-Jaydin krok,true,oYFxcDYbCbT2v6aNN,None,School's own,"[ ""Teacher assigned as a librarian"" ]",No,No,0,0,No,No,It does not have computers,EyHGQ2ctZRGcPQ4Lc
NTOKOZWENI PRIMARY SCHOOL,Primary,GAUTENG,Pontsho12,true,pQ4BKsEDwYGDZadqm,None,None,"[ ""No librarian"" ]",No,Yes,27,27,No,No,,EtHDHYs97BCxasggi
PHANDIMFUNDO SECONDARY SCHOOL,Secondary,GAUTENG,SABELO VERIFIED,true,wrXSasfLQDSb39g6E,School's own,School's own,"[ ""No librarian"" ]",No,No,,40,Yes,Yes,,tDKj5hfjzok3tbGs9
AB XUMA PRIMARY SCHOOL,Primary,GAUTENG,V2-jaydin krok,true,6MzPT9E6gyaR2FbCt,School's own,School's own,"[ ""Teacher assigned as a librarian"" ]",No,No,25,25,Yes,Yes,,r8FrZJWZGiB9zPmmc
TSIETSI MASHININI PRIMARY SCHOOL,Primary,GAUTENG,Sympathy varified,true,vWQHZLyemumny5qDs,School's own,School's own,"[ ""Teacher assigned as a librarian"" ]",Yes,No,25,25,Yes,Yes,,n9gEojJ6K5eKYJ4c2
ZIFUNELENI JUNIOR SECONDARY  (COMB. PRIMARY) SCHOOL,Other,GAUTENG,SABELO VERIFIED,true,buN4ZDsC57gu9tafk,None,None,,,,,,,,,HE7QyZrdjZD4TwigW
VUYO PRIMARY SCHOOL,Primary,GAUTENG,Joseph,true,WXt7rnfgG6cpwv6hF,None,None,,,,25,0,,,,esLPjFoMCrf7aGwqS
MENZI PRIMARY SCHOOL,Primary,GAUTENG,Sympathy varified,true,hum4hpCwCbQd8TYw2,Unsure,Unsure,"[ ""Teacher assigned as a librarian"" ]",No,Yes,1,0,Yes,Yes,"Ok, only computer is used for admin",eqJ28tbWRDYX6YPkp
SAPPHIRE SECONDARY SCHOOL,Secondary,GAUTENG,Joseph verified,true,G4QqtDcxPGEDtWMgt,School's own,School's own,"[ ""Teacher assigned as a librarian"" ]",Yes,No,25,0,Yes,Yes,,mu6wNPMzZ754NLLnE
LUKHOLWENI PRIMARY SCHOOL,Primary,GAUTENG,Joseph verified,true,ijrCarEgrPBQgezLA,None,None,,,,,,,,,gpABZNKAeZxGARLNE
LEBOHANG SECONDARY SCHOOL,Secondary,GAUTENG,Sabelo1,true,PDXRhFvsmCPqjJmcE,School's own,,"[ ""No librarian"" ]",Yes,Yes,25,25,Yes,Yes,,KrNZ7H2XmHuPpHRrN
EAST BANK HIGH SCHOOL,Secondary,GAUTENG,Sympathy varified,true,rpoGX6ufsvS9JKQAM,School's own,School's own,,,,,,,,NOT SURE BUT THE LIBRARY AND FOR MEDIA CENTER IS BEING USED SOMETIMES,LD7hazozFmAuLNBgP
THUTO LORE SECONDARY SCHOOL,Secondary,GAUTENG,Tamir Shklaz,true,yLsKYqhdjPNSfXphb,Unsure,None,"[ ""Teacher assigned as a librarian"" ]",No,Yes,25,25,No,Yes,,A82Sqxg6dWo9BjRw7
LERATONG PRIMARY SCHOOL,Primary,GAUTENG,sfisov1,true,JxDdXogGCnvsuL4Aa,None,School's own,,,,25,25,,,,8Q8hLajqT7vMWrbeA
KUZIMISELA PRIMARY SCHOOL,Primary,GAUTENG,Tshepo,true,AkQihpMJMzNHCs73a,None,None,"[ ""No librarian"" ]",No,No,0,0,No,No,,HushLZncKDsTyJhfN
DITAU PRIMARY SCHOOL,Primary,GAUTENG,Sympathy varified,true,bxjbMtkzYW2c3tEdM,School's own,School's own,"[ ""No librarian"" ]",No,No,,,Yes,Yes,,SDQzcRxtroyWa7uGB
INXIWENI PRIMARY SCHOOL,Primary,GAUTENG,Freddy8,false,c9TT7mWcaML7nFihp,,,"[ ""Dedicated librarian"" ]",Yes,Yes,,,Yes,Yes,,g2zngXhSLP6Xe7qtg
PHUTHUMANI PRIMARY SCHOOL,Primary,GAUTENG,Sympathy Varified,true,fzgZ8v5HBuZmzEgY2,None,None,"[ ""No librarian"" ]",No,No,0,0,No,No,,6ZNqRnThWfJTjmtzh
MICHAEL ZULU PRIMARY SCHOOL,Primary,GAUTENG,Sympathy varified,true,kF3PJMyMCENpupgaQ,None,School's own,,No,No,24,0,No,No,,3tbjfT8zZ2fPGfiwc
ITHUTE PRIMARY SCHOOL,Primary,GAUTENG,Sympathy Varified,true,F6ERPCMBgFsCMjfTX,School's own,,,Unsure,Unsure,,,Yes,Unsure,,tkbM3Jp4KjPx4H5qC
ITSEBENG PRIMARY SCHOOL,Primary,GAUTENG,SABELO1,true,cYC77Ety2yi4uaD6m,None,None,"[ ""No librarian"" ]",No,No,0,0,No,No,,bAExKd8RN5BhHzb3z
LABAN MOTLHABI COMPREHENSIVE SCHOOL,Secondary,GAUTENG,Pontsho6,true,SSjmPy5rEH5RSdZQ7,None,None,,,,,,,,School doesn't have library or media centre,922NEXkq8CZy6PH7L
GOVAN MBEKI PRIMARY SCHOOL,Primary,GAUTENG,Sabelo verified,true,7eLeRJ3hFLxn6xNyh,School's own,School's own,,,Yes,,25,Yes,Yes,,dBu8rGN6ZLKj4rb4e
MOYISELA PRIMARY SCHOOL,Primary,GAUTENG,Sabelo verified,true,LXaAcPHZ6q9FpPkkw,,School's own,"[ ""No librarian"" ]",No,No,,,Yes,Yes,,XTL9gvLr9S2MmMsjJ
BHEKIMFUNDO PRIMARY SCHOOL,Primary,GAUTENG,Joseph verified,true,wNXuJnpm6w6RxnEEp,School's own,,"{ ""0"" : ""Teacher assigned as a librarian"" }",No,No,25,25,Yes,Yes,,JpDqQfLuuC9qJrici
NTSELE PRIMARY SCHOOL,Primary,GAUTENG,Sabelo1,true,4qGmGASjtzC73oxTN,None,None,"[ ""Unsure"" ]",No,No,0,0,No,No,,aQ4BMeoFWmo4HrHqF
SAKHELWE PRIMARY SCHOOL,Primary,GAUTENG,Pontsho 10,true,TzYrke99CbKK5iPxk,None,None,"[ ""No librarian"" ]",No,No,0,0,No,No,,7jdhLaYzWcCtFduQg
THUTOLORE SECONDARY SCHOOL,Secondary,GAUTENG,Joseph verified,true,3B7sbGu8aCa3sestL,None,None,,,,,,,,,BwK89vufnm6iCSJhQ
SELIBA PRIMARY SCHOOL,Other,GAUTENG,Joseph verified,true,2XQP7jxrKecasvHt8,None,Unsure,,,,,,,,,RHG8484wnsaqifrig
KGALEMA PRIMARY SCHOOL,Primary,GAUTENG,V2-Jaydin krok,true,tWwQXe8zfc6ucQyDu,School's own,,"[ ""Dedicated librarian"" ]",Yes,Yes,25,25,Yes,Yes,,MYybcL4ntNLDfPjZt
UMSOBOMVU PRIMARY SCHOOL,Primary,GAUTENG,KHOLWANI11,false,WzCtRFADvpLpnJ8Sk,School's own,School's own,"[ ""No librarian"" ]",No,No,,,No,Yes,,2Qm9dY2unum62oDu7
KGOMOCO PRIMARY SCHOOL,Primary,GAUTENG,Joseph verified,true,S7ftGCpCzK85Ba6dQ,None,None,"[ ""No librarian"" ]",No,No,,,No,No,,METTMMRQRhoWxKdRt
KOKOSI PRIMARY SCHOOL,Primary,GAUTENG,Mabuza verified,true,y9bmeXt5YtpBDnrxr,,,,,,,,,,,sfgS3CrJFoTBvFQ72
REAKGONA PRIMARY SCHOOL,Primary,GAUTENG,Tamir Shklaz\,true,fc29JbbmD66feJEAf,Shared with other school,None,,,,,,,,,WdTssNZoaRHCT3LMG
NKABINDE PRIMARY SCHOOL,Primary,GAUTENG,V2 Yossi Bank,true,DXc5ggxxDwNABchhL,None,School's own,"[ ""Teacher assigned as a librarian"" ]",No,Yes,1,,Yes,Yes,,LrmX8FAuJMKckWE6c
JOB MASEKO PRIMARY SCHOOL,Primary,GAUTENG,KHOLWANI12,true,eZPFxSD3wKrTi9XKg,School's own,School's own,"[ ""Teacher assigned as a librarian"" ]",Yes,Yes,,,Yes,Yes,,7Lt26udxHfpKtyAwY
ISIZIBA PRIMARY SCHOOL,Primary,GAUTENG,V1,true,D6CghzEBiAbyuhqxZ,None,None,"[ ""No librarian"" ]",No,No,0,0,No,No,,vZkChYaMACHarXWxC
BUHLEBEMFUNDO SECONDARY SCHOOL,Secondary,GAUTENG,Joseph verified,true,Mr6Mb3mxHQtW43dz8,None,None,"[ ""No librarian"" ]",No,No,0,0,No,No,,Ch6HJ6DZmFCYxKkww
NKUMBULO SECONDARY SCHOOL,Secondary,GAUTENG,Pontsho4,true,AQRBypbsaqgq5x28g,School's own,Shared with other school,,Yes,No,40,40,Yes,Yes,,2G6DH4Aiu8dpRQyrD
LETSATSING COMBINED SCHOOL,Primary,GAUTENG,SABELO 1,true,q8mvBvEG9u9gyqd5w,School's own,School's own,"[ ""Teacher assigned as a librarian"" ]",No,No,,,No,No,,hBG3H9epZYnScCbtp
TLHOLO INTERMEDIATE SCHOOL,Primary,GAUTENG,Joseph1,true,uTHvZKzmRGeiaFAQr,School's own,School's own,"[ ""Teacher assigned as a librarian"" ]",No,No,15,15,Yes,Yes,,bPfY5thaXn4EAdkXw
ENDULWENI PRIMARY SCHOOL,Primary,GAUTENG,Joseph verified,true,M5pNe4FkhjhD3fZhd,School's own,None,"[ ""Unsure"" ]",No,Yes,,,Yes,Yes,,ocFaNqXzeBvD5hiAZ
ORANGE FARM PRIMARY SCHOOL,Primary,GAUTENG,V1,true,jdqc53mpC8XKskvuq,,School's own,"[ ""Teacher assigned as a librarian"" ]",Yes,No,,,Yes,Yes,,kY8pdvG9t8eN5CY4h
ISEKELO PRIMARY SCHOOL,Primary,GAUTENG,Joseph verified,true,MmwzGXo5W7XSRQkJZ,None,None,,,,,,,,,rRCnvnKF3KB68xQfw
BUD MBELLE PRIMARY SCHOOL,Primary,GAUTENG,SABELO VERIFIED,true,gnz69GqjyfGs28psr,None,None,,,,,,,,,bf5Ltec4dXsz7pEX9
NCHABELENG PRIMARY SCHOOL,Primary,GAUTENG,KHOLWANI9,true,kgvj58Y2cJpMoyWQ9,Unsure,School's own,"[ ""Teacher assigned as a librarian"" ]",No,Yes,29,,Yes,Yes,,5iHufHeS6B2XBsHTB
ZAMANI PRIMARY SCHOOL,Primary,GAUTENG,Sympathy Varified,true,YNeYtgTBRN2hNbMBE,School's own,School's own,"[ ""Teacher assigned as a librarian"" ]",No,No,,,Yes,Yes,,sfN5HAvKti5hRvPxZ
MODUOPO PRIMARY SCHOOL,Primary,GAUTENG,Zanele V1,true,cjNtxHkjATfdW6W8X,School's own,School's own,"[ ""No librarian"" ]",No,No,33,1,Yes,Yes,,Q2SemXMcpEX5NfYsD
MOKGOME SECONDARY SCHOOL,Secondary,GAUTENG,Joseph verified,true,raJvCXae3PuqRJdas,School's own,School's own,,No,No,56,,Yes,Yes,,QBmBALzw89kwmHz2B
BONA COMPREHENSIVE SCHOOL,Secondary,GAUTENG,SABELO VERIFIED,true,kC9iquLSRCTKvaatg,School's own,School's own,"[ ""No librarian"" ]",No,No,0,0,Yes,Yes,,xsLXqpcynPeYTwiXE
ESIKHISINI PRIMARY SCHOOL,Primary,GAUTENG,Joseph verified,true,h4guoxvjRzvhiP55h,School's own,School's own,"[ ""Dedicated librarian"" ]",Yes,No,25,0,Yes,Yes,Computers lack connectivity,CoWKa7AHpYehwgjN4
DAVID HELLEN PETA SECONDARY SCHOOL,Secondary,GAUTENG,Joseph verified,true,9JR5e5X6E4YXzCXYi,School's own,None,"[ ""Teacher assigned as a librarian"" ]",No,No,0,0,No,No,The school doesn't have a good library that is well operating and no computers.,BpGigPup4eyijh28x
GOROGANG PRIMARY SCHOOL,Primary,GAUTENG,Pontsho5,true,DQQbCLcJagvotKrHe,School's own,School's own,"{ ""0"" : ""Teacher assigned as a librarian"" }",No,No,25,0,Yes,Yes,The school doesn't have internet connection,fkuEy7WKs5HL2NM6z
LEBOWA PRIMARY SCHOOL,Primary,GAUTENG,Joseph,true,GTELmuPfdYkiDnqeG,None,,,,,,,,,,KhtEcF9mnhkNyqnW3
SELOPE-THEMA PRIMARY SCHOOL,Primary,GAUTENG,SABELO VERIFIED,true,qgXe94mD5AkqHjXhw,School's own,School's own,"[ ""No librarian"" ]",No,No,0,0,No,No,,Kqq9XsRqsRQM6PjGn
GAHLANSO PRIMARY SCHOOL,Primary,GAUTENG,Zanele V1,true,WB3Fhqh9aXbQxm6eW,School's own,School's own,"[ ""Dedicated librarian"" ]",No,Yes,26,0,Yes,No,,WeXHdZMumEMFyckHq
BOPASENATLA SECONDARY SCHOOL,Secondary,GAUTENG,Joseph verified,true,6r6mP3os62tskRFaQ,School's own,School's own,"[ ""Teacher assigned as a librarian"" ]",No,No,25,18,Yes,Yes,,cDYo2z98FGZzNHPMM
MUZOMSHA PRIMARY SCHOOL,Primary,GAUTENG,KHOLWANI18,true,8atDX5Lcfa8jyGzq9,None,None,,,,,,,,,NTo8EK8jnLkjB93Hd
MVELAPHANDA PRIMARY SCHOOL,Primary,GAUTENG,Freddy9,true,3pm4Peve3jwvsagsN,Shared with other school,None,"[ ""Teacher assigned as a librarian"" ]",No,No,,,Yes,Yes,,aMRD37JGNEmrz9FZ9
DINOTO TECHNICAL SECONDARY SCHOOL,Secondary,GAUTENG,Tshepo3,true,MkTootwL5qpaisQXC,School's own,School's own,"[ ""Dedicated librarian"" ]",No,No,24,24,Yes,Yes,,pqm6NksjcwAhrDwyH
JORDAN SECONDARY SCHOOL,Secondary,GAUTENG,Sabelo1,true,mWXRS8huMNjwstSKe,None,None,"[ ""No librarian"" ]",No,No,0,0,No,No,,ZQvS49GgfM6XNnqij
RETLILE PRIMARY SCHOOL,Primary,GAUTENG,Jake Pencharz,true,s2ypGpzXn8JmjskrL,None,None,,,,,,,,,y8vNYzZpy3A9BHx6W
NQUBELA PRIMARY SCHOOL,Primary,GAUTENG,Sympathy Varified,true,75DPoihuipw4WME5E,None,None,"[ ""No librarian"" ]",No,No,0,0,No,No,,mobhBo8uKGxkvNsjR
PHUTHADITSHABA PRIMARY SCHOOL,Primary,GAUTENG,SABELO VERIFIED,true,pFjFrA3RWGvxXf6tY,School's own,School's own,"[ ""Dedicated librarian"" ]",No,No,25,25,Yes,Yes,,ojqksxwnmxWXpM8n6
LESHATA SECONDARY SCHOOL,Secondary,GAUTENG,Sabelo verified,true,T5z8EE4XM7tQtsA62,,School's own,"[ ""Teacher assigned as a librarian"" ]",No,No,,,Yes,Yes,,opzRuPL9N8RSzCNsi
HLANGABEZA PRIMARY SCHOOL,Primary,GAUTENG,Symps,true,44nvaqmsy4vnSNjbB,,,,No,Yes,,,Yes,Yes,,uyB7xpWYkTuuhsLzS
KHANGEZILE PRIMARY SCHOOL,Primary,GAUTENG,Pontsho9,true,vkzaAcmcdfqsLAwjT,School's own,School's own,"[ ""No librarian"" ]",No,No,0,0,Yes,Yes,,KDmkojmtPfcEEQ3vv
QHAKAZANI PRIMARY SCHOOL,Primary,GAUTENG,tshepo20,true,sveKoJaxo3SYk7teb,Unsure,School's own,"[ ""Teacher assigned as a librarian"" ]",No,No,23,23,Yes,Yes,,Y2gH7TZojYSgJ6J3i
TLHOKOMELO PRIMARY SCHOOL,Primary,GAUTENG,Joseph1,true,ghstvXoejXptm3bwW,None,,,,,,,,,,y3Rzmw2pDYqioZ8WC
HULWAZI SECONDARY SCHOOL,Secondary,GAUTENG,Tshepo1,true,Es6hBQqXjNvHbpstf,School's own,School's own,,No,No,40,40,No,No,,Tnm69CSqqbdHg9obr
MAKAPANE PRIMARY SCHOOL,Primary,GAUTENG,Joseph verified,true,7MsSrBcLvHsBaQMTs,None,,,,,26,26,,,,X4uSNwu6z2y2MdNwA
DUMEHLEZI INTERMEDIATE SCHOOL,Primary,GAUTENG,Joseph verified,true,DKa3kRgDHArvE6vvZ,,,,,,1,0,,,,uvAsG8PGNZNED5pxz
Nxineni Primary,Primary,GAUTENG,Nxineni Primary,true,tPwyGDjZWKaBJDMLT,Unsure,Unsure,"[ ""Teacher assigned as a librarian"" ]",Yes,Yes,,,Yes,Yes,,eiaeXipXaywPNGZ7X
JOB RATHEBE PRIMARY SCHOOL,Other,GAUTENG,Sabelo verified,true,khykrrETWrjbJFgex,School's own,School's own,"[ ""Teacher assigned as a librarian"" ]",,No,,,Yes,Yes,,4z6ESappfnPWNQ98D
CHARLOTTE MAXEKE SECONDARY SCHOOL,Secondary,GAUTENG,V2 Yossi Bank,true,dMyxKqkLEkZcNWrwg,None,None,"[ ""No librarian"" ]",No,No,0,0,No,No,School uses the community library and media centre,HMfiK9msnxvBpZRTv
TSHIRELETSO PRIMARY SCHOOL,Primary,GAUTENG,Joseph1,true,fzEEzxm9wqPYQv93B,None,None,,,,,,,,,syBSsyuaG3J2rk8ky
DR WF NKOMO SECONDARY SCHOOL,Secondary,GAUTENG,Sympathy Varified,true,CnbamZ3cND3F4y7K8,School's own,School's own,"[ ""Teacher assigned as a librarian"" ]",Yes,No,,,Yes,No,,u2mAvGSYipuFCETW2
KHOMANANI PRIMARY SCHOOL,Primary,GAUTENG,SABELO VERIFIED,true,o7k9cyYm2n8ZbLu3b,School's own,School's own,"[ ""Dedicated librarian"" ]",,,25,,Yes,Yes,,myEbntbNmwtRJAXXn
BOPHELONG SECONDARY SCHOOL,Secondary,GAUTENG,Joseph verified,true,7KMzjkq4CDANXHxKj,School's own,School's own,"[ ""No librarian"" ]",No,No,0,0,Yes,Yes,,AQmqsTKLbbQgfAmzP
MONTSOSI PRIMARY SCHOOL,Primary,GAUTENG,SABELO1,true,CB5LiWQ2By6Z52KqK,School's own,School's own,,,,24,,,,,rCApJ97XLJY5xuoJY
IMFUNDO MIDDLE SCHOOL,Primary,GAUTENG,Tshepo25,true,PBT4J66FGJrtwC2a5,School's own,,,Yes,Yes,25,,,,,pamnvbjX3nHtQtv4D
IKAGE PRIMARY SCHOOL,Primary,GAUTENG,Sympathy varified,true,RDrQLu8Pbzx2kf4Bq,None,School's own,,,,,,,,,NY3CpQoLXKGkXkq8b
TSHIRELA PRIMARY SCHOOL,Primary,GAUTENG,Joseph verified,true,ZsLDYiPF3LY5dCzcR,School's own,School's own,,No,No,1,1,No,No,,93KanXF8i8wGs4YKw
DR KNAK PRIMARY SCHOOL,Primary,GAUTENG,"SABELO VERIFIED
pontsho 20",true,7HQWWBGYYZxjipQSX,School's own,,,,,,,,,school doesnt have media centre or library,FkDMg4ekjDHWExDuv
MABUYA SECONDARY SCHOOL,Secondary,GAUTENG,Joseph1,true,xwWDv5mjZH4bcexTH,,School's own,,,,75,,,,,656hyBavtd4QHF6yx
THUTO KITSO SECONDARY SCHOOL,Secondary,GAUTENG,sabelo1,true,mH8sk5AXmEmz9gGR3,School's own,School's own,"[ ""Dedicated librarian"" ]",Yes,Yes,,,Yes,Yes,,2zRbjDBfz4zB8Tv6q
REAMOHETSOE PRIMARY SCHOOL,Primary,GAUTENG,V2-Jaydin Krok,true,2QDxhnB8DYDyxsk72,None,None,"[ ""Teacher assigned as a librarian"" ]",No,No,,,Yes,Yes,,zpLEh72kC58ryRpxt
THUTHUKA PRIMARY SCHOOL,Primary,GAUTENG,SABELO VERIFIED,true,fafSA3SMaQtEqhPhK,School's own,School's own,"[ ""Dedicated librarian"" ]",No,No,25,25,Yes,Yes,,q7rLbRb4nxtPxfoSc
THETHA SECONDARY SCHOOL,Secondary,GAUTENG,SABELO VERFIED,true,bHo3zCjkPw5r2Hpao,School's own,School's own,"[ ""No librarian"" ]",Yes,Yes,0,0,Yes,Yes,,dnFyeB4sC6kfmj2Q6
BATLOUNG INTERMEDIATE SCHOOL,Primary,GAUTENG,Symps,true,qcKmArcFR3kJuPiem,School's own,School's own,"[ ""No librarian"" ]",No,No,20,20,Yes,Yes,,FEAD8jBu7LbHezy2j
ENTSHONALANGA PRIMARY SCHOOL,Primary,GAUTENG,SABELO VERIFIED,true,uHsPYYBdxd8bHybu9,School's own,School's own,,No,Yes,,,Yes,Yes,,qYqekSfSRExjXJrGM
PATOGENG PRIMARY SCHOOL,Primary,GAUTENG,Joseph verified,true,Z8eXrixt2Q2mt5wFc,School's own,None,,,,1,,,,,Rvf9JkpRBRozBsyiq
EMMANUEL PRIMARY SCHOOL,Primary,GAUTENG,Joseph verified,true,EmhW3yiig8snJccnq,School's own,School's own,,,,20,20,,,,DwG2tAAFC8W79Ckxx
MADUME PRIMARY SCHOOL,Primary,GAUTENG,SABELO VERIFIED,true,ut4som53nNyagHjoM,None,None,"[ ""No librarian"" ]",No,No,20,17,No,No,,r5bdwdb45e7jr6JZB
MATSIE STEYN PRIMARY SCHOOL,Primary,GAUTENG,Joseph verified,true,f2LkkQtJ3NR8LMMTy,None,School's own,,,,25,0,,,,74LtY73iZk5nAgKN4
AHA-THUTO SECONDARY SCHOOL,Secondary,GAUTENG,Sabelo verified,true,9kMD29ob7JzQu5KvK,School's own,School's own,"[ ""No librarian"" ]",No,No,0,0,Yes,Yes,,5PhvChXDzSoaBymWp
TIYANI Junior secondary SCHOOL,Other,GAUTENG,SABELO VERIFIED,true,PKpqpsrfTb4wL5dRt,None,None,,No,No,,,No,No,,gZKefKr3T7kQ7yZdd
UNITY SECONDARY SCHOOL,Secondary,GAUTENG,Tshepo3,true,ycZoxrvgu2BcakL4u,School's own,School's own,"[ ""Teacher assigned as a librarian"" ]",Yes,Yes,42,42,Yes,Yes,,68f6ufafjEtTD87dK
LANGAVILLE PRIMARY SCHOOL,Primary,GAUTENG,Sympathy varified,true,5WG3w56TD8oTdPL7o,School's own,School's own,"[ ""Teacher assigned as a librarian"" ]",No,No,25,25,Yes,Yes,,3uXaw9N4tJkFZKXSt
POELANO SECONDARY SCHOOL,Secondary,GAUTENG,Joseph verified,true,QW2Xkda7vxKNGbXCr,School's own,School's own,"[ ""Dedicated librarian"" ]",Yes,No,25,23,Yes,Yes,,S3LbwsmZGkiiekXEX
NOMINI PRIMARY SCHOOL,Other,GAUTENG,Sabelo verified,true,QFHDRWkj5onwQmRAm,None,None,"[ ""No librarian"" ]",No,No,0,0,No,No,,Sue8DWeGKHPKAyQBi
HLABANGANE PRIMARY SCHOOL,Primary,GAUTENG,Joseph verified,true,enxsCKqhu68TaGkBm,,School's own,"[ ""Dedicated librarian"" ]",No,No,24,24,Yes,Yes,,A9g2JXbafa9hggA23
LETSIE PRIMARY SCHOOL,Primary,GAUTENG,KHOLWANI8,true,FcgMpSQBfR37xRiXT,Unsure,Unsure,,,Yes,24,,,,,gPuKrSrjRHYQAhofp
THOPODI PRIMARY SCHOOL,Primary,GAUTENG,SABELO VERIFIED,true,7NRdyCsgeJrJytbyv,,,"[ ""Dedicated librarian"" ]",Yes,No,1,1,Yes,Yes,,eaN2HpTXfZTyuJHLY
REAGILE PRIMARY SCHOOL,Primary,GAUTENG,Freddy11,true,wkHRq57JJvXa5K3cx,School's own,School's own,"[ ""No librarian"" ]",Yes,Yes,5,30,Yes,Yes,,3CZM6LyxfbGxQ676w
RESIDENSIA SECONDARY SCHOOL,Secondary,GAUTENG,Symps,true,5TqkWyZtpZvWzFw6m,School's own,School's own,"[ ""No librarian"" ]",No,No,27,27,Yes,Yes,,Sa8QfeRArxjpbStqt
MASISEBENZE COMPREHENSIVE SCHOOL,Secondary,GAUTENG,Zanele V1,true,P5AyWHnjhHFmD8aFE,School's own,None,"[ ""Teacher assigned as a librarian"" ]",No,No,0,0,Yes,Yes,,vQsgY2cMuHRHHxN5X
TSWELOPELE SECONDARY SCHOOL,Secondary,GAUTENG,Zanele V1,true,vsQCjrd2R9f9RKt35,School's own,,"[ ""Teacher assigned as a librarian"" ]",No,No,0,0,Yes,No,Limited books,bHZpmA7SpQzx29CQk
LESEDI LA KRESTE ANGLICAN PRIMARY SCHOOL,Primary,GAUTENG,V2-Jaydin Krok,true,tdoQR9xyw9D9cWJTD,School's own,Unsure,"[ ""Dedicated librarian"" ]",Yes,No,,,Yes,Yes,,BL89Y49hLjtAgtj9C
MOHLOLI SECONDARY SCHOOL,Secondary,GAUTENG,symps,true,hfQL8cGy5SD8ofHse,,School's own,,,,25,0,,,,Pye3fvQETS2TCPKyt
UMTHAMBEKA PRIMARY SCHOOL,Primary,GAUTENG,Freddy12,true,Kz5zY6r2MKbYi3Mct,None,None,"[ ""No librarian"" ]",No,No,0,0,No,No,the school has no library,MrCRY4JkG2RtXRzjf
MOSHOESHOE PRIMARY SCHOOL,Primary,GAUTENG,Joseph verified,true,kxFsMTnrpRtLZebvN,School's own,School's own,,Yes,Yes,2,24,Yes,Yes,,vPSPXjGpC6ABc9Szc
BOVET PRIMARY SCHOOL,Primary,GAUTENG,Joseph verified,true,tDYt6jJ7CrCuh7Nii,None,School's own,,,,25,25,,,,JMwctXTYdunvweNYD
KAMOHELO PUBLIC SCHOOL,Other,GAUTENG,Joseph,true,k3cmfHyFjxNkp4P8p,None,School's own,,,,25,25,,,,hk4XMrnHxTastfL7s
MOSIOA PRIMARY SCHOOL,Primary,GAUTENG,Joseph verified,false,BSNvcXatDBL7mMsXv,None,School's own,,,,,,No,No,,AGiLx4gigQqYMN4fT
IPONTSHE PRIMARY SCHOOL,Primary,GAUTENG,V2 Adam Dison,true,EKmRjqKRZEFDu86Md,School's own,School's own,"[ ""Teacher assigned as a librarian"" ]",Yes,Yes,26,25,Yes,Yes,,x39JZC9Q749pXeEbY
KENNETH MASEKELA SECONDARY SCHOOL,Secondary,GAUTENG,Pontsho7,true,DaNmCmv8epzTgYNKT,None,None,"[ ""No librarian"" ]",No,No,80,40,No,No,The school library is no longer working sometimes used as class,yuLFP8PQcXB6aAAm6
EVATON PRIMARY SCHOOL,Primary,GAUTENG,kholwani23,true,YXzTzFtCaLu8joMhD,None,,,,,,,,,,2gqMBsR5BKHB3TEv6
BOITUMELONG SECONDARY SCHOOL,Secondary,GAUTENG,Zanele V1,true,QuButSFGHh9Drzen4,School's own,None,,No,No,50,50,Yes,No,It is used as a class.,XYLgc3p2tmFJ6nGJb
SOZIZWE PRIMARY SCHOOL,Primary,GAUTENG,Tshepo3,true,qk99aspZ7Kb33MAtd,School's own,School's own,"[ ""Dedicated librarian"" ]",,No,1,,Yes,Yes,,6yXgt6quvcZfmQiWf
CAIPHUS NYOKA SECONDARY SCHOOL,Secondary,GAUTENG,Joseph veried,true,3qHfLdSykWcjzw5u2,School's own,School's own,"[ ""No librarian"" ]",Yes,No,25,25,Yes,Yes,,dLHdmSdFbLWF2kJqy
zitha primary,Primary,GAUTENG,sabelo1,true,fkNdLireGrr5frHrh,School's own,School's own,"[ ""Dedicated librarian"" ]",Yes,Yes,40,,Yes,Yes,,k652o58moXsybbDfm
TSITSIBOGA PRIMARY SCHOOL,Other,GAUTENG,SABELO1,true,8brvZ5dubEx3oeAH7,None,None,,,,25,25,,,,hrfAaJLuuBvdukdf9
TSWELELANG PRIMARY SCHOOL,Primary,GAUTENG,Joseph verified,true,HSwmGQi2xXbvfatSH,None,None,,,,,,,,,Dddj3YJBuiuGmAQFQ
JABULILE SECONDARY SCHOOL,Secondary,GAUTENG,SABELO VERIFIED,true,87piH5kiWwrFfj2z5,School's own,School's own,"[ ""Teacher assigned as a librarian"" ]",No,No,0,0,Yes,Yes,,GdT4e3QnaH2fX4vAA
ALEXANDRA SECONDARY SCHOOL,Secondary,GAUTENG,Jake Pencharz,true,emppsXtZYQM76ciZA,School's own,School's own,"[ ""Dedicated librarian"" ]",No,No,30,30,Yes,Yes,,dmcSwWf7Zcge6eHR8
FRED HABEDI PRIMARY SCHOOL,Primary,GAUTENG,Pontsho11,true,7ZY2JdumGhBsYpxBX,School's own,School's own,"[ ""Dedicated librarian"" ]",Yes,Yes,1,1,Yes,Yes,The number of computers allocated there they are only used at the library.,qCqx8rN4JLCHpEwF4
THEMBALIKAZULU PRIMARY SCHOOL,Primary,GAUTENG,KHOLWANI10,true,y8ji48g98D3g2STBo,None,School's own,"{ ""0"" : ""Dedicated librarian"", ""1"" : ""Teacher assigned as a librarian"" }",Yes,Yes,1,0,Yes,Yes,,jSDZSbr7cMPKgibe7
PHOMOLONG PRIMARY SCHOOL,Primary,GAUTENG,Sympathy varified,true,Yh4E6dMWcz8x9z4tX,School's own,,"[ ""Teacher assigned as a librarian"" ]",No,No,20,20,Yes,Yes,,J8iGazpt3MwprEvbp
BOTLEHADI PRIMARY SCHOOL,Primary,GAUTENG,Sabelo1,true,jNXHGbRuSeHLaWPwe,School's own,School's own,"[ ""Teacher assigned as a librarian"" ]",No,No,25,25,Yes,Yes,,FpTsqHm4D3ttwK8dY
SHADRACK MBAMBO PRIMARY SCHOOL,Primary,GAUTENG,Sympathy Varified,true,6wEg9qAcNQLkwtnAA,School's own,,"[ ""Teacher assigned as a librarian"" ]",No,No,25,0,No,No,,7sAKJvmox8vK6GJBv
BATHOKWA PRIMARY SCHOOL,Primary,GAUTENG,SABELO VERIFIED,true,MziTaiLiQywytyNBW,School's own,School's own,"[ ""Teacher assigned as a librarian"" ]",Yes,Yes,,,Yes,Yes,,P4wqK6rnJQahfhFTr
