School name,Version name,Is Verified,District,NEIMS Number,Province,Total Number of Students,Total number of classes observed,Number of classrooms with hole in ceiling or floor,Percentage of observed classrooms with hole in ceiling or floor,Total Number of Windows,Number of broken windows,Percentage of windows that are broken,Total Number of desks,Number of broken desks,Number of fixed desks,Number of students without desk,Percentage of desks that are broken,Total number of Chairs,Number of chairs that are broken,Percentage of chairs that are broken,Number of students without chair,Number of teachers without desk,Multiple classes at once,Multiple teachers at once,Class used as office space,Class used for cooking
AMOS MAPHANGA SECONDARY,V2 Yossi Bank,true,GAUTENG EAST,700400398,GAUTENG,228,1,1,100.00,1,0,0.00,,,,0,,,,,0,,,,,
BOKAMOSO PRIMARY SCHOOL,Zanele V1,true,TSHWANE WEST,700241810,GAUTENG,1357,28,,,280,55,19.64,795,123,672,6,15.47,1337,34,2.54,54,1,,,,
BOPASENATLA SECONDARY SCHOOL,Joseph verified,true,JOHANNESBURG NORTH,700140426,GAUTENG,91,3,,,19,1,5.26,62,16,46,0,25.81,125,10,8.00,0,,,,,
BOTLEHADI PRIMARY SCHOOL,Sabelo1,true,SEDIBENG WEST,700320366,GAUTENG,76,2,,,14,0,0.00,39,0,39,0,0.00,76,16,21.05,16,,,,,
BUHLEBEMFUNDO SECONDARY SCHOOL,Joseph verified,true,GAUTENG EAST,700310938,GAUTENG,7,25,1,4.00,179,4,2.23,662,22,640,0,3.32,918,94,10.24,0,,,,,
CARTER PRIMARY SCHOOL,Joseph verified,true,JOHANNESBURG EAST,700152058,GAUTENG,211,5,1,20.00,46,2,4.35,91,15,76,29,16.48,186,11,5.91,36,,,,,
CHARLOTTE MAXEKE SECONDARY SCHOOL,V2 Yossi Bank,true,EKURHULENI NORTH,700400351,GAUTENG,799,18,18,100.00,182,35,19.23,761,7,754,0,0.92,782,103,13.17,120,10,1,1,,
DINOTO TECHNICAL SECONDARY SCHOOL,Tshepo3,true,EKURHULENI NORTH,700310995,GAUTENG,671,24,,,232,,,852,12,840,0,1.41,1156,24,2.08,0,,,,,
DUMEHLEZI INTERMEDIATE SCHOOL,Joseph verified,true,GAUTENG EAST,700311019,GAUTENG,5,18,,,80,8,10.00,365,81,284,0,22.19,,184,,0,,,6,,
EKUKHANYISWENI PRIMARY SCHOOL,SABELO VERIFIED,true,JOHANNESBURG EAST,700152108,GAUTENG,7,1,,,0,,,,3,,0,,,,,0,,,,,
EMMANGWENI PRIMARY SCHOOL,Zanele v1,true,EKURHULENI NORTH,700260729,GAUTENG,199,4,,,36,0,0.00,64,6,58,41,9.38,210,35,16.67,24,,,,,
EMMANUEL PRIMARY SCHOOL,Joseph verified,true,SEDIBENG EAST,700330837,GAUTENG,671,19,,,102,30,29.41,607,238,369,0,39.21,606,245,40.43,310,,,,,
ENTSHONALANGA PRIMARY SCHOOL,SABELO VERIFIED,true,EKURHULENI NORTH,700260752,KZN,266,14,1,7.14,70,1,1.43,323,2,321,0,0.62,627,17,2.71,0,,,,,
ESIKHISINI PRIMARY SCHOOL,Joseph verified,true,TSHWANE SOUTH,700231662,GAUTENG,447,10,1,10.00,71,15,21.13,213,34,179,44,15.96,410,32,7.80,69,,,,,
EVATON PRIMARY SCHOOL,kholwani23,true,SEDIBENG WEST,700320952,GAUTENG,233,8,,,72,2,2.78,138,0,138,0,0.00,267,0,0.00,0,,,,,
FADIMEHA PRIMARY SCHOOL,Joseph verified,true,SEDIBENG WEST,700320523,GAUTENG,30,2,,,,,,20,9,11,4,45.00,40,17,42.50,7,,,,,2
FRED HABEDI PRIMARY SCHOOL,Pontsho11,true,GAUTENG EAST,700350702,GAUTENG,677,21,5,23.81,185,22,11.89,469,22,447,0,4.69,875,46,5.26,0,1,6,,,
FUNUKUKHANYA PRIMARY SCHOOL,KHOLWANI3,true,GAUTENG EAST,700311068,GAUTENG,,3,,,21,3,14.29,73,2,71,0,2.74,138,5,3.62,0,,3,,,
GAHLANSO PRIMARY SCHOOL,Zanele V1,true,EKURHULENI NORTH,700260828,GAUTENG,996,26,10,38.46,176,4,2.27,493,62,431,67,12.58,937,324,34.58,383,1,26,,,
GEORGE MBILASE PRIMARY SCHOOL,Joseph,true,GAUTENG EAST,700311076,GAUTENG,,20,14,70.00,204,0,0.00,384,4,380,0,1.04,758,16,2.11,0,,,,,
GORDON PRIMARY SCHOOL,SFISO V1,true,JOHANNESBURG EAST,700152132,GAUTENG,139,3,,,18,,,71,8,63,6,11.27,144,14,9.72,9,,,,,
GOROGANG PRIMARY SCHOOL,Pontsho5,true,GAUTENG EAST,700350728,GAUTENG,357,9,,,58,0,0.00,188,0,188,0,0.00,364,0,0.00,0,,,,,
HLABANGANE PRIMARY SCHOOL,Joseph verified,true,JOHANNESBURG WEST,700140541,GAUTENG,,1,,,,,,,,,0,,,,,0,,,,,
HLANGABEZA PRIMARY SCHOOL,Symps,true,GAUTENG WEST,700270736,GAUTENG,202,5,3,60.00,41,1,2.44,92,2,90,11,2.17,205,12,5.85,9,,,,,
IMFUNDO MIDDLE SCHOOL,Tshepo25,true,SEDIBENG WEST,700320598,NORTHERN_CAPE,118,3,1,33.33,21,1,4.76,53,3,50,9,5.66,118,16,13.56,16,,,,,
ITHUTE PRIMARY SCHOOL,Sympathy Varified,true,JOHANNESBURG EAST,700152173,GAUTENG,182,4,2,50.00,26,1,3.85,84,3,81,10,3.57,176,8,4.55,14,,,,,
JABULANI THABANG PRIMARY SCHOOL,Sabelo1,true,SEDIBENG WEST,700320648,GAUTENG,32,1,1,100.00,8,2,25.00,16,9,7,9,56.25,32,23,71.88,23,,,,,
JORDAN SECONDARY SCHOOL,Sabelo1,true,SEDIBENG WEST,700320671,GAUTENG,,2,1,50.00,10,,,160,,,0,,221,,,0,,,,,
KENNETH MASEKELA SECONDARY SCHOOL,Pontsho7,true,GAUTENG EAST,700350793,GAUTENG,,1,,,,0,,,100,,0,,,250,,0,,,,,
KGALEMA PRIMARY SCHOOL,V2-Jaydin krok,true,GAUTENG EAST,700311175,GAUTENG,,1,,,50,,,50,,,0,,50,,,0,,,,,
KGOLAGANO PRIMARY SCHOOL,Joseph verified,true,GAUTENG EAST,700311811,GAUTENG,1455,8,1,12.50,,,,,,,0,,,,,0,,,,,
KGOMOCO PRIMARY SCHOOL,Joseph verified,true,SEDIBENG EAST,700330902,GAUTENG,,1,,,,,,,,,0,,,,,0,,,,,
KHANGEZILE PRIMARY SCHOOL,Pontsho9,true,GAUTENG EAST,700350801,GAUTENG,,10,,,68,9,13.24,251,2,249,0,0.80,494,35,7.09,0,,,,,
KHOMANANI PRIMARY SCHOOL,SABELO VERIFIED,true,JOHANNESBURG NORTH,700140640,GAUTENG,85,2,1,50.00,19,1,5.26,34,3,31,11,8.82,85,4,4.71,4,,,,,
KHULA SIZWE PRIMARY SCHOOL,Freddy7,true,EKURHULENI NORTH,700260992,GAUTENG,921,22,,,132,0,0.00,501,0,501,0,0.00,908,37,4.07,50,,,,,
KOKOSI PRIMARY SCHOOL,Symps,true,GAUTENG WEST,700930749,GAUTENG,164,4,4,100.00,36,0,0.00,88,9,79,3,10.23,170,18,10.59,12,,,,,
KUZIMISELA PRIMARY SCHOOL,Tshepo,true,EKURHULENI NORTH,700311209,GAUTENG,,16,1,6.25,23,,,5,,,0,,,,,0,,,,,
LABAN MOTLHABI COMPREHENSIVE SCHOOL,Pontsho6,true,GAUTENG EAST,700350843,GAUTENG,,24,,,276,25,9.06,667,83,584,0,12.44,1354,78,5.76,0,,,,,
LANGAVILLE PRIMARY SCHOOL,Sympathy varified,true,GAUTENG EAST,700312140,GAUTENG,,4,,,28,1,3.57,113,0,113,0,0.00,217,0,0.00,0,,4,,,
LEBOHANG SECONDARY SCHOOL,Sabelo1,true,SEDIBENG WEST,700320788,GAUTENG,,1,1,100.00,,,,,,,0,,,,,0,,,,,
LEBONE PRIMARY SCHOOL,KHOLWANI7,true,GAUTENG EAST,700311217,GAUTENG,,19,1,5.26,147,7,4.76,381,38,343,0,9.97,801,56,6.99,0,,,,,
LEBOWA PRIMARY SCHOOL,Joseph,true,SEDIBENG EAST,700330928,GAUTENG,61,2,,,7,1,14.29,35,7,28,2,20.00,68,12,17.65,5,,,,,
LEEMA-MOKOTULI PRIMARY SCHOOL,Sabelo1,true,SEDIBENG WEST,700400110,GAUTENG,60,2,,,14,4,28.57,30,0,30,0,0.00,60,11,18.33,11,1,,,,
LEFA-IFA SECONDARY SCHOOL,KHOLWANE13,true,GAUTENG EAST,700350850,GAUTENG,,9,,,100,14,14.00,396,14,382,0,3.54,485,22,4.54,0,4,8,,,
LERESCHE PRIMARY SCHOOL,Joseph verified,true,JOHANNESBURG NORTH,700132407,GAUTENG,82,2,2,100.00,12,12,100.00,41,13,28,13,31.71,50,42,84.00,74,,,,,
LETSEMA-ILIMA PRIMARY SCHOOL,Symps,true,SEDIBENG WEST,700321331,GAUTENG,556,13,1,7.69,91,8,8.79,242,8,234,44,3.31,521,35,6.72,70,1,13,,,
LETSIE PRIMARY SCHOOL,KHOLWANI8,true,GAUTENG EAST,700311274,GAUTENG,,22,,,170,3,1.76,438,4,434,0,0.91,852,0,0.00,0,,,,,
LIVHUWANI PRIMARY SCHOOL,SABELO VERIFIED,true,JOHANNESBURG WEST,700140731,GAUTENG,91,2,,,18,4,22.22,39,6,33,12,15.38,91,14,15.38,14,,,,,
LOTUS GARDENS PRIMARY SCHOOL,Joseph verified,true,TSHWANE WEST,700400154,GAUTENG,51,2,,,7,,,29,2,27,0,6.90,53,1,1.89,0,,,,,
LUKHOLWENI PRIMARY SCHOOL,Joseph verified,true,JOHANNESBURG NORTH,700132456,GAUTENG,47,1,,,6,,,,,,0,,,,,0,,,,,
MABUYA SECONDARY SCHOOL,Joseph1,true,EKURHULENI NORTH,700311290,GAUTENG,917,23,1,4.35,65,6,9.23,622,75,547,0,12.06,235,7,2.98,689,,,,,
MAHLAHLE PRIMARY SCHOOL,SABELO VERIFIED,true,TSHWANE SOUTH,700231894,GAUTENG,41,1,1,100.00,6,,,41,,,0,,41,,,0,,,,,
MASIMINI PRIMARY SCHOOL,V2 Adam Dison,true,GAUTENG EAST,700350892,GAUTENG,361,8,2,25.00,60,0,0.00,193,0,193,0,0.00,363,0,0.00,0,,,,,
MASISEBENZE COMPREHENSIVE SCHOOL,Zanele V1,true,,700261065,GAUTENG,90,26,,,424,18,4.25,20,7,13,32,35.00,36,1,2.78,55,,,,,
MEADOWLANDS PRIMARY SCHOOL,Tamir Shklaz,true,JOHANNESBURG WEST,700140947,GAUTENG,45,1,1,100.00,7,,,23,13,10,12,56.52,45,30,66.67,30,1,,,,
MELODI PRIMARY SCHOOL,V2 - Daniel Kartun,true,GAUTENG EAST,700311373,GAUTENG,1463,35,11,31.43,379,82,21.64,671,31,640,91,4.62,1325,26,1.96,164,,2,,3,
MENZI PRIMARY SCHOOL,Sympathy varified,true,GAUTENG EAST,700400234,GAUTENG,,15,3,20.00,92,8,8.70,364,59,305,0,16.21,678,103,15.19,0,,15,1,,
MICHAEL ZULU PRIMARY SCHOOL,Sympathy varified,true,GAUTENG EAST,700311381,GAUTENG,,4,,,28,0,0.00,103,0,103,0,0.00,195,9,4.62,0,,4,,,
MOKGOME SECONDARY SCHOOL,Joseph verified,true,JOHANNESBURG WEST,700140814,GAUTENG,39,1,,,6,,,17,,,0,,39,10,25.64,10,,,,,
MONTSOSI PRIMARY SCHOOL,SABELO1,true,SEDIBENG WEST,700321075,GAUTENG,74,2,,,14,10,71.43,26,13,13,24,50.00,50,14,28.00,38,,,,,
MUZOMSHA PRIMARY SCHOOL,KHOLWANI18,true,GAUTENG EAST,700350926,GAUTENG,541,15,,,120,0,0.00,284,97,187,83,34.15,541,178,32.90,178,,,,,
NCHABELENG PRIMARY SCHOOL,KHOLWANI9,true,GAUTENG EAST,700311407,GAUTENG,,22,2,9.09,154,4,2.60,,19,,0,,849,5,0.59,0,,,,,
NKABINDE PRIMARY SCHOOL,V2 Yossi Bank,true,GAUTENG EAST,700350942,GAUTENG,,1,1,100.00,5,,,150,,,0,,400,,,0,,,,,
NKUMBULO SECONDARY SCHOOL,Pontsho4,true,GAUTENG EAST,700350959,GAUTENG,,1,,,,,,,,,0,,,,,0,,,,,
NQUBELA PRIMARY SCHOOL,Sympathy Varified,true,EKURHULENI SOUTH,700341032,GAUTENG,315,9,3,33.33,93,23,24.73,69,6,63,94,8.70,288,166,57.64,193,,,,,
NTOKOZWENI PRIMARY SCHOOL,Pontsho12,true,GAUTENG EAST,700350975,GAUTENG,,20,1,5.00,140,,,519,,,0,,840,2,0.24,0,,,,,
NTSELE PRIMARY SCHOOL,Sabelo1,true,SEDIBENG WEST,700321208,GAUTENG,97,2,2,100.00,12,6,50.00,46,2,44,4,4.35,97,14,14.43,14,,,,,
NTSIKANA PRIMARY SCHOOL,Sympathy Varified,true,GAUTENG EAST,700311423,GAUTENG,560,17,5,29.41,1840,55,2.99,372,10,362,0,2.69,713,0,0.00,0,,,,,
PATOGENG PRIMARY SCHOOL,Joseph verified,true,TSHWANE SOUTH,700232082,GAUTENG,678,16,,,112,4,3.57,408,,,0,,678,,,0,,,,,
PHAMEHLO PRIMARY SCHOOL,Symps,true,SEDIBENG WEST,700321232,GAUTENG,76,2,1,50.00,14,10,71.43,41,7,34,4,17.07,77,18,23.38,17,,,,,
PHANDIMFUNDO SECONDARY SCHOOL,SABELO VERIFIED,true,GAUTENG EAST,700311431,GAUTENG,1329,4,,,,26,,,25,,0,,,67,,0,,,,,
PHOMOLONG SECONDARY SCHOOL,V2 - Adam Dison,true,EKURHULENI NORTH,700400138,GAUTENG,1041,25,10,40.00,216,34,15.74,933,6,927,0,0.64,1015,43,4.24,69,,,,,
PHORORONG PRIMARY SCHOOL,Joseph,true,GAUTENG WEST,700271015,GAUTENG,40,1,,,5,1,20.00,20,0,20,0,0.00,44,4,9.09,0,,,,,
PHUTHADITSHABA PRIMARY SCHOOL,SABELO VERIFIED,true,TSHWANE SOUTH,700232661,GAUTENG,77,2,2,100.00,14,8,57.14,39,1,38,0,2.56,77,1,1.30,1,,,,,
POELANO SECONDARY SCHOOL,Joseph verified,true,SEDIBENG WEST,700321281,GAUTENG,,1,,,7,3,42.86,16,7,9,0,43.75,32,4,12.50,0,,,,,
QEDUSIZI PRIMARY SCHOOL,Pontsho8,true,GAUTENG EAST,700351015,GAUTENG,,23,,,161,0,0.00,503,5,498,0,0.99,973,23,2.36,0,,,,,
QUANTUM SECONDARY SCHOOL,Tshepo2,true,GAUTENG EAST,700400152,GAUTENG,806,22,11,50.00,189,171,90.48,678,47,631,0,6.93,632,138,21.84,312,,,,,
REALO  SECONDARY SCHOOL,SABELO VERIFIED,true,JOHANNESBURG EAST,700152314,GAUTENG,,1,,,,,,,,,0,,,,,0,,,,,
RETLILE PRIMARY SCHOOL,Jake Pencharz,true,GAUTENG WEST,700934044,GAUTENG,129,3,3,100.00,13,7,53.85,63,,,0,,129,,,0,,,,,
ROLIHLAHLA PRIMARY SCHOOL,Tshepo2,true,GAUTENG EAST,700311472,GAUTENG,235,19,19,100.00,172,129,75.00,426,31,395,0,7.28,827,14,1.69,0,1,,,,
SAKHELWE PRIMARY SCHOOL,Pontsho 10,true,GAUTENG EAST,700351049,GAUTENG,,14,,,120,4,3.33,276,3,273,0,1.09,574,21,3.66,0,,,,,
SECHABA PRIMARY SCHOOL,KHOLWANI14,true,GAUTENG EAST,700351064,GAUTENG,,8,8,100.00,63,17,26.98,165,19,146,0,11.52,270,59,21.85,0,,,,,
SEDIBENG PRIMARY SCHOOL,Zanele V1,true,EKURHULENI NORTH,700261180,GAUTENG,826,8,,,,,,833,108,725,0,12.97,293,228,77.82,761,,,,,
SELELEKELA SECONDARY SCHOOL,SABELO 1,true,JOHANNESBURG NORTH,700132902,GAUTENG,118,3,,,18,3,16.67,84,7,77,0,8.33,56,1,1.79,63,,,,,
SELIBA PRIMARY SCHOOL,Joseph verified,true,SEDIBENG EAST,700331314,GAUTENG,50,1,,,35,,,20,15,5,20,75.00,,,,0,,,,,
SEOTLOANA PRIMARY SCHOOL,Zanele V1,true,EKURHULENI NORTH,700261198,GAUTENG,976,23,3,13.04,176,2,1.14,415,9,406,82,2.17,840,0,0.00,136,,,3,,
SHADRACK MBAMBO PRIMARY SCHOOL,Sympathy Varified,true,GAUTENG EAST,700311480,GAUTENG,,7,,,49,2,4.08,161,16,145,0,9.94,340,20,5.88,0,,6,1,,
SIBONELO PRIMARY SCHOOL,Sympathy verified,true,EKURHULENI NORTH,700311498,GAUTENG,,22,6,27.27,,,,25,,,0,,11,,,0,,,,,
SIPHIWE PRIMARY SCHOOL,Zanele V1,true,EKURHULENI NORTH,700261214,GAUTENG,1307,28,8,28.57,367,6,1.63,634,14,620,33,2.21,1201,48,4.00,154,,,,,
SIVUSE PRIMARY SCHOOL,SABELO1,true,SEDIBENG WEST,700321489,GAUTENG,39,1,,,7,0,0.00,21,4,17,2,19.05,39,7,17.95,7,,,,,
SOZIZWE PRIMARY SCHOOL,Tshepo3,true,EKURHULENI NORTH,700311530,GAUTENG,222,5,1,20.00,,,,41,,,0,,53,,,0,,,,,
TEMBISA SECONDARY SCHOOL,V1,true,EKURHULENI NORTH,700261305,MPUMALANGA,1468,34,31,91.18,254,64,25.20,794,145,649,85,18.26,1417,178,12.56,229,3,,,,
THEMBALIHLE PRIMARY SCHOOL,SABELO1,true,JOHANNESBURG NORTH,700133132,GAUTENG,158,4,2,50.00,22,1,4.55,66,5,61,18,7.58,123,8,6.50,43,1,,,,
THEMBALIKAZULU PRIMARY SCHOOL,KHOLWANI10,true,GAUTENG EAST,700351148,GAUTENG,147,4,,,36,0,0.00,83,0,83,0,0.00,127,0,0.00,20,1,,,,
THETHA SECONDARY SCHOOL,SABELO VERFIED,true,JOHANNESBURG SOUTH,700331645,GAUTENG,,1,,,,,,,,,0,,,,,0,,,,,
THOHO-YA-NDOU PRIMARY SCHOOL,Joseph verified,true,TSHWANE SOUTH,700232272,GAUTENG,548,18,1,5.56,148,3,2.03,273,17,256,18,6.23,594,34,5.72,0,,,,,
THOPODI PRIMARY SCHOOL,SABELO VERIFIED,true,GAUTENG EAST,700311555,GAUTENG,,1,,,,,,,,,0,,,,,0,,,,,
THUTHUKA PRIMARY SCHOOL,SABELO VERIFIED,true,EKURHULENI NORTH,700261347,GAUTENG,1047,22,5,22.73,259,11,4.25,507,70,437,86,13.81,1039,50,4.81,58,,1,,,
THUTO KITSO SECONDARY SCHOOL,sabelo1,true,GAUTENG WEST,700932124,GAUTENG,309,8,,,37,17,45.95,194,45,149,5,23.20,309,62,20.06,62,4,,,,
THUTO LORE SECONDARY SCHOOL,Tamir Shklaz,true,SEDIBENG EAST,700331413,GAUTENG,,1,1,100.00,15,,,,40,,0,,,,,0,,,,,
TLAKULA SECONDARY SCHOOL,Sympathy Varified,true,GAUTENG EAST,700351171,GAUTENG,,29,13,44.83,214,6,2.80,848,0,848,0,0.00,1001,1,0.10,0,,22,,4,
TLHOKOMELO PRIMARY SCHOOL,Joseph1,true,JOHANNESBURG WEST,700141044,GAUTENG,33,1,1,100.00,9,1,11.11,17,,,0,,32,,,0,,1,,,
TOTOMENG PRIMARY SCHOOL,Joseph verified,true,JOHANNESBURG WEST,700141069,GAUTENG,80,2,2,100.00,19,2,10.53,53,29,24,16,54.72,100,55,55.00,35,,,,,
TSAKANE PRIMARY SCHOOL,Sympathy Varified,true,GAUTENG EAST,700311571,GAUTENG,,1,,,9,0,0.00,17,0,17,0,0.00,31,5,16.13,0,,1,,,
TSHIRELA PRIMARY SCHOOL,Joseph verified,true,SEDIBENG WEST,700321653,GAUTENG,,1,,,4,,,250,,,0,,370,,,0,,,,,
TSIETSI MASHININI PRIMARY SCHOOL,Sympathy varified,true,JOHANNESBURG WEST,700140822,GAUTENG,36,1,,,4,1,25.00,19,,,0,,36,10,27.78,10,,,,,
TSIMONG PRIMARY SCHOOL,KHOLWANI19,true,GAUTENG EAST,700351197,GAUTENG,,7,,,50,0,0.00,106,1,105,0,0.94,147,34,23.13,0,,,,,
TSWELOPELE SECONDARY SCHOOL,Zanele V1,true,EKURHULENI NORTH,700400400,GAUTENG,1160,26,7,26.92,208,34,16.35,957,127,830,0,13.27,1002,274,27.35,432,1,,,,
Tsimona Primary School,Tsimona Primary School,true,,,GAUTENG,,12,,,85,0,0.00,236,0,236,0,0.00,312,84,26.92,0,,,,,
UMSOBOMVU PRIMARY SCHOOL,KHOLWANI11,true,GAUTENG EAST,700351205,GAUTENG,,13,,,48,4,8.33,235,90,145,0,38.30,445,281,63.15,0,1,,,,
UNITY SECONDARY SCHOOL,Tshepo3,true,EKURHULENI NORTH,700311613,GAUTENG,809,20,1,5.00,785,19,2.42,591,52,539,0,8.80,729,65,8.92,145,7,,3,,
VEZUKHONO SECONDARY SCHOOL,Joseph,true,GAUTENG EAST,700311852,GAUTENG,705,21,12,57.14,149,134,89.93,569,134,435,0,23.55,656,64,9.76,113,,,,,
VULAMAZIBUKO PRIMARY SCHOOL,V2 Yossi Bank,true,JOHANNESBURG NORTH,700141150,GAUTENG,92,3,3,100.00,21,9,42.86,69,,,0,,98,17,17.35,11,,2,,,
WESTFIELDS PRIMARY SCHOOL,SABELO 1,true,GAUTENG WEST,700270579,GAUTENG,77,2,,,26,,,38,,,0,,40,,,0,,,,,
ZAMANI PRIMARY SCHOOL,Sympathy Varified,true,GAUTENG EAST,700351288,GAUTENG,291,21,3,14.29,141,1,0.71,449,50,399,0,11.14,857,20,2.33,0,,,,,
ZIMISELE SECONDARY SCHOOL,Pontsho3,true,GAUTENG EAST,700351304,GAUTENG,,15,,,109,5,4.59,504,0,504,0,0.00,654,0,0.00,0,,,,,
ZITHATHELE PRIMARY SCHOOL,Joseph verified,true,JOHANNESBURG NORTH,700133322,GAUTENG,85,2,,,18,,,42,13,29,13,30.95,50,42,84.00,77,,,,,
ZITHEMBENI PRIMARY SCHOOL,kholwani21,true,GAUTENG EAST,700351312,GAUTENG,,18,,,124,5,4.03,422,44,378,0,10.43,853,239,28.02,0,3,,,,
