School name,Version name,Is Verified,District,NEIMS Number,Province,Type,Grade 5 Students,Grade 5 Teachers,Grade 5 Classrooms,Grade 5 Number of Students to 1 Teacher,Grade 6 Students,Grade 6 Teachers,Grade 6 Classrooms,Grade 6 Number of Students to 1 Teacher,Grade 7 Students,Grade 7 Teachers,Grade 7 Classrooms,Grade 7 Number of Students to 1 Teacher,Grade 8 Students,Grade 8 Teachers,Grade 8 Classrooms,Grade 8 Number of Students to 1 Teacher,Grade 9 Students,Grade 9 Teachers,Grade 9 Classrooms,Grade 9 Number of Students to 1 Teacher,Grade 10 Students,Grade 10 Teachers,Grade 10 Classrooms,Grade 10 Number of Students to 1 Teacher,Total Students in School,Total Teachers in School,Total Classrooms in School,Total Number of Students to 1 Teacher
INKONJANE JUNIOR SECONDARY SCHOOL,V2 Yossi Bank,true,JOHANNESBURG WEST,700140582,GAUTENG,Other,,,,,,,,,60,,,,93,,,,67,,,,,,,,220,,,
JOB RATHEBE PRIMARY SCHOOL,Sabelo verified,true,JOHANNESBURG NORTH,700132332,GAUTENG,Other,,,,,,,,,173,,,,320,,,,300,,,,,,,,793,24,,33.04
KAMOHELO PUBLIC SCHOOL,Joseph,true,GAUTENG WEST,700270801,GAUTENG,Other,107,2,2,53.50,111,3,3,37.00,133,3,3,44.33,87,2,2,43.50,,,,,,,,,1007,25,,40.28
NOMINI PRIMARY SCHOOL,Sabelo verified,true,JOHANNESBURG SOUTH,700331108,GAUTENG,Other,184,4,4,46.00,143,3,3,47.67,153,3,3,51.00,19,1,1,19.00,,,,,,,,,1401,31,,45.19
PHORORONG PRIMARY SCHOOL,Joseph,true,GAUTENG WEST,700271015,GAUTENG,Other,85,2,,42.50,97,2,,48.50,122,3,,40.67,122,2,,61.00,,,,,,,,,1010,23,,43.91
SELIBA PRIMARY SCHOOL,Joseph verified,true,SEDIBENG EAST,700331314,GAUTENG,Other,64,2,,32.00,46,1,,46.00,46,1,,46.00,19,1,1,19.00,,,,,,,,,477,12,,39.75
TIYANI Junior secondary SCHOOL,SABELO VERIFIED,true,JOHANNESBURG NORTH,700141028,GAUTENG,Other,,,,,,,,,105,5,3,21.00,95,7,2,13.57,74,7,3,10.57,,,,,274,19,,14.42
TSITSIBOGA PRIMARY SCHOOL,SABELO1,true,GAUTENG WEST,700271130,GAUTENG,Other,127,3,3,42.33,116,3,3,38.67,133,3,3,44.33,108,2,2,54.00,,,,,,,,,1100,27,,40.74
Tsimona Primary School,Tsimona Primary School,true,,,GAUTENG,Other,,,,,,,,,,,,,,,,,,,,,,,,,340,10,,34.00
VULAMAZIBUKO PRIMARY SCHOOL,V2 Yossi Bank,true,JOHANNESBURG NORTH,700141150,GAUTENG,Other,45,3,2,15.00,107,3,3,35.67,99,3,3,33.00,111,3,3,37.00,56,2,2,28.00,,,,,418,14,,29.86
ZAKHENI PRIMARY SCHOOL,Sympathy varified,true,JOHANNESBURG NORTH,700133306,GAUTENG,Other,,,,,,,,,,,,,,,,,,,,,,,,,564,15,,37.60
ZIFUNELENI JUNIOR SECONDARY  (COMB. PRIMARY) SCHOOL,SABELO VERIFIED,true,JOHANNESBURG NORTH,700133314,GAUTENG,Other,,,,,,,,,330,,6,,403,,7,,424,,7,,,,,,1157,33,,35.06
