name,province,classification,version_id,total_male_students,total_female_students,total_toilets,total_male_student_toilets,total_female_student_toilets,number_of_male_students_to_one_toilet,number_of_female_students_to_one_toilet,total_male_student_toilets_working,total_female_student_toilets_working,number_of_male_students_to_one_toilet_working,number_of_female_students_to_one_toilet_working,total_working_toilets,total_male_student_toilets_broken,total_female_student_toilets_broken,total_broken_toilets,total_locked_or_broken_toilets,total_number_of_taps,total_number_of_taps_broken,totalstudentsinschool,total_students_to_one_working_toilet,number_of_locked_student_blocks,total_number_of_locked_working_toilets,total_number_of_locked_broken_toilets,total_number_of_unlocked_broken_toilets,secondary_male_n_and_s_compliance,secondary_female_n_and_s_compliance,primary_male_n_and_s_compliance,primary_female_n_and_s_compliance,secondary_male_working_n_and_s_compliance,secondary_female_working_n_and_s_compliance,primary_male_working_n_and_s_compliance,primary_female_working_n_and_s_compliance,count_hassoap,count_hassanitarybin,count_hastoiletpaper,count_islocked,count_toilet_blocks,male_who_compliance,female_who_compliance
NKABINDE PRIMARY SCHOOL,GAUTENG,Primary,LrmX8FAuJMKckWE6c,394,371,24.0,12.0,12.0,32.83,30.92,12.0,12.0,32.83,30.92,24.0,0.0,0.0,0.0,0,3,2,765,31.88,0,0,0,0,0,0,1,1,0,0,1,1,0,0,0,0,2,1,0
BOKAMOSO SECONDARY SCHOOL,GAUTENG,Secondary,H2wSN9EFbKzeSGjCh,616,695,23.0,11.0,12.0,56.00,57.92,6.0,8.0,102.67,86.88,14.0,5.0,4.0,9.0,9,26,10,1311,93.64,0,0,0,9,1,0,0,0,0,0,0,0,2,6,2,0,8,0,0
EKUKHANYISWENI PRIMARY SCHOOL,GAUTENG,Primary,EbrJ8dHAyrQTpSaNj,601,539,36.0,14.5,21.5,41.45,25.07,11.5,16.5,52.26,32.67,28.0,3.0,5.0,8.0,8,47,14,1140,40.71,0,0,0,8,0,0,1,1,0,0,1,1,6,6,5,0,14,1,0
DR HARRY GWALA SECONDARY SCHOOL,GAUTENG,Secondary,SNuf4DBJszmQrAzS4,615,633,24.0,9.0,15.0,68.33,42.20,7.0,15.0,87.86,42.20,22.0,2.0,0.0,2.0,2,10,1,1248,56.73,0,0,0,2,1,1,0,0,1,0,0,0,1,0,1,0,3,0,0
BOVET PRIMARY SCHOOL,GAUTENG,Primary,JMwctXTYdunvweNYD,859,802,42.0,18.0,24.0,47.72,33.42,17.0,24.0,50.53,33.42,41.0,1.0,0.0,1.0,1,46,1,1661,40.51,0,0,0,1,0,0,1,1,0,0,1,1,1,0,0,0,12,1,0
MAHLAHLE PRIMARY SCHOOL,GAUTENG,Primary,YLYWLt3BFmbGuRHBQ,564,542,19.0,8.0,11.0,70.50,49.27,7.0,11.0,80.57,49.27,18.0,1.0,0.0,1.0,1,14,14,1106,61.44,0,0,0,1,0,0,1,1,0,0,0,0,3,0,3,0,4,0,0
PHELINDABA SECONDARY SCHOOL,GAUTENG,Secondary,yAYPTyMxnk5pj2zT9,495,564,11.0,3.0,8.0,165.00,70.50,2.0,7.0,247.50,80.57,9.0,1.0,1.0,2.0,2,9,2,1059,117.67,0,0,0,2,0,0,0,0,0,0,0,0,0,2,0,0,3,0,0
TSOELOPELE PRIMARY SCHOOL,GAUTENG,Primary,ZrghZT93L2bSWSofg,,,0.0,,0.0,,,,0.0,,,,,0.0,,0,,,806,,0,0,0,0,,,,,,,,,0,0,2,0,2,,
VUYO PRIMARY SCHOOL,GAUTENG,Primary,esLPjFoMCrf7aGwqS,159,175,2.0,2.0,,79.50,,2.0,,79.50,,,0.0,,,0,,,334,167.00,0,0,0,0,0,,1,,0,,0,,0,0,0,0,5,0,
HLANGABEZA PRIMARY SCHOOL,GAUTENG,Primary,uyB7xpWYkTuuhsLzS,545,582,0.0,0.0,0.0,,,0.0,0.0,,,0.0,0.0,0.0,0.0,0,,,1127,,0,0,0,0,,,,,,,,,4,4,4,0,4,,
TSHITSO PRIMARY SCHOOL,GAUTENG,Primary,qNgGZm2CTNoa336qY,181,205,18.0,10.0,8.0,18.10,25.63,7.0,8.0,25.86,25.63,15.0,3.0,0.0,3.0,3,13,3,386,25.73,0,0,0,3,0,0,1,1,0,0,1,1,0,0,0,0,4,1,0
EVATON PRIMARY SCHOOL,GAUTENG,Primary,2gqMBsR5BKHB3TEv6,315,270,40.0,16.0,24.0,19.69,11.25,16.0,24.0,19.69,11.25,40.0,0.0,0.0,0.0,0,30,0,585,14.63,0,0,0,0,0,0,1,1,0,0,1,1,0,0,0,0,10,1,1
HLABANGANE PRIMARY SCHOOL,GAUTENG,Primary,A9g2JXbafa9hggA23,138,118,21.0,10.0,11.0,13.80,10.73,6.0,7.0,23.00,16.86,13.0,4.0,4.0,8.0,8,14,4,256,19.69,0,0,0,8,0,0,1,1,0,0,1,1,0,0,0,0,5,1,1
IKAGE PRIMARY SCHOOL,GAUTENG,Primary,NY3CpQoLXKGkXkq8b,,,14.0,6.0,8.0,,,6.0,8.0,,,14.0,0.0,0.0,0.0,0,51,0,,,0,0,0,0,,,,,,,,,2,1,2,0,13,,
BHEKIMFUNDO PRIMARY SCHOOL,GAUTENG,Primary,JpDqQfLuuC9qJrici,428,421,28.0,13.0,15.0,32.92,28.07,13.0,15.0,32.92,28.07,28.0,0.0,0.0,0.0,0,28,0,849,30.32,0,0,0,0,0,0,1,1,0,0,1,1,4,0,4,0,4,1,0
LEBOHANG SECONDARY SCHOOL,GAUTENG,Secondary,KrNZ7H2XmHuPpHRrN,503,428,0.0,0.0,0.0,,,0.0,0.0,,,0.0,0.0,0.0,0.0,0,,,931,,0,0,0,0,,,,,,,,,0,1,0,0,2,,
MQINISWA PRIMARY SCHOOL,GAUTENG,Primary,6XmRH2cDbjXJd8Zri,529,553,18.0,8.0,10.0,66.13,55.30,6.0,7.0,88.17,79.00,13.0,2.0,3.0,5.0,5,18,11,1082,83.23,0,0,0,5,0,0,1,0,0,0,0,0,0,0,0,0,4,0,0
INXIWENI PRIMARY SCHOOL,GAUTENG,Primary,g2zngXhSLP6Xe7qtg,697,656,38.0,14.0,24.0,49.79,27.33,14.0,24.0,49.79,27.33,38.0,0.0,0.0,0.0,0,34,0,1353,35.61,0,0,0,0,0,0,1,1,0,0,1,1,3,2,6,0,6,1,0
ISEKELO PRIMARY SCHOOL,GAUTENG,Primary,rRCnvnKF3KB68xQfw,654,594,31.0,15.0,16.0,43.60,37.13,14.0,14.0,46.71,42.43,28.0,1.0,2.0,3.0,3,,,1248,44.57,0,0,0,3,0,0,1,1,0,0,1,0,0,4,10,0,10,1,0
ZENZELENI PRIMARY SCHOOL,GAUTENG,Primary,hTroeBPPurCSNxDGe,,,22.0,10.0,12.0,,,8.0,12.0,,,20.0,2.0,0.0,2.0,2,24,0,,,0,0,0,2,,,,,,,,,0,1,0,0,6,,
PHOMOLONG SECONDARY SCHOOL,GAUTENG,Secondary,xuTGawqPYaYusxnm8,714,913,38.0,14.0,24.0,51.00,38.04,14.0,22.0,51.00,41.50,36.0,0.0,2.0,2.0,2,27,3,1627,45.19,0,0,0,2,1,1,0,0,1,0,0,0,0,0,0,0,10,0,0
PHUTHULLA PRIMARY SCHOOL,GAUTENG,Primary,pRKnFJGLubdAiTZEy,406,385,13.0,6.5,6.5,62.46,59.23,5.0,5.0,81.20,77.00,10.0,1.5,1.5,3.0,3,16,4,791,79.10,0,0,0,3,0,0,1,0,0,0,0,0,0,0,1,0,1,0,0
PHORORONG PRIMARY SCHOOL,GAUTENG,Primary,qs4DrHmATWN59Tptg,454,434,26.0,10.0,16.0,45.40,27.13,6.0,12.0,75.67,36.17,18.0,4.0,4.0,8.0,8,10,4,888,49.33,0,0,0,8,0,0,1,1,0,0,1,1,0,0,0,0,2,1,0
LOTUS GARDENS PRIMARY SCHOOL,GAUTENG,Primary,hJppCjP9YgzQPhsxp,617,602,17.0,6.0,11.0,102.83,54.73,5.0,9.0,123.40,66.89,14.0,1.0,2.0,3.0,3,14,1,1219,87.07,0,0,0,3,0,0,1,0,0,0,0,0,0,0,0,0,4,0,0
TSITSIBOGA PRIMARY SCHOOL,GAUTENG,Primary,hrfAaJLuuBvdukdf9,509,484,26.0,11.0,15.0,46.27,32.27,8.0,10.0,63.63,48.40,18.0,3.0,5.0,8.0,8,14,4,993,55.17,0,0,0,8,0,0,1,1,0,0,1,0,0,0,0,0,6,1,0
BUHLEBEMFUNDO SECONDARY SCHOOL,GAUTENG,Secondary,Ch6HJ6DZmFCYxKkww,846,890,11.0,6.0,5.0,141.00,178.00,3.0,5.0,282.00,178.00,8.0,3.0,0.0,3.0,3,12,6,1736,217.00,0,0,0,3,0,0,0,0,0,0,0,0,0,0,0,0,2,0,0
MVELAPHANDA PRIMARY SCHOOL,GAUTENG,Primary,aMRD37JGNEmrz9FZ9,443,391,22.0,11.0,11.0,40.27,35.55,11.0,9.0,40.27,43.44,20.0,0.0,2.0,2.0,2,33,2,834,41.70,0,0,0,2,0,0,1,1,0,0,1,0,2,1,4,0,6,1,0
MOHLOLI SECONDARY SCHOOL,GAUTENG,Secondary,Pye3fvQETS2TCPKyt,639,650,17.0,6.0,11.0,106.50,59.09,4.0,7.0,159.75,92.86,11.0,2.0,4.0,6.0,6,0,2,1289,117.18,0,0,0,6,0,0,0,0,0,0,0,0,0,0,0,0,4,0,0
PHANDIMFUNDO SECONDARY SCHOOL,GAUTENG,Secondary,tDKj5hfjzok3tbGs9,700,860,43.0,17.0,26.0,41.18,33.08,8.0,11.0,87.50,78.18,19.0,9.0,15.0,24.0,27,30,18,1560,82.11,7,3,24,0,1,1,0,0,1,0,0,0,0,0,0,7,10,1,0
THOHO-YA-NDOU PRIMARY SCHOOL,GAUTENG,Primary,q7vvj7t7uptnim45G,321,310,35.0,12.0,23.0,26.75,13.48,10.0,21.0,32.10,14.76,31.0,2.0,2.0,4.0,4,29,5,631,20.35,0,0,0,4,0,0,1,1,0,0,1,1,5,2,3,0,7,1,1
LERESCHE PRIMARY SCHOOL,GAUTENG,Primary,giGaTXuXxZQxCGaMd,274,274,14.0,6.0,8.0,45.67,34.25,6.0,6.0,45.67,45.67,12.0,0.0,2.0,2.0,2,7,0,548,45.67,0,0,0,2,0,0,1,1,0,0,1,0,0,0,0,0,2,1,0
THETHA SECONDARY SCHOOL,GAUTENG,Secondary,dnFyeB4sC6kfmj2Q6,,,35.0,15.0,20.0,,,9.0,7.0,,,16.0,6.0,13.0,19.0,19,33,13,,,3,0,13,6,,,,,,,,,0,5,0,3,10,,
HOFMEYR SECONDARY SCHOOL,GAUTENG,Secondary,Z9wz3QcLwmRfGuaeT,525,495,46.0,18.0,28.0,29.17,17.68,2.0,3.0,262.50,165.00,5.0,16.0,25.0,41.0,41,24,20,1020,204.00,0,0,0,41,1,1,0,0,0,0,0,0,0,0,0,0,12,1,1
RADIBAPI PRIMARY,GAUTENG,Primary,Acd6f7D8RbhpthZHN,475,463,37.0,17.0,20.0,27.94,23.15,16.0,20.0,29.69,23.15,36.0,1.0,0.0,1.0,1,24,0,938,26.06,0,0,0,1,0,0,1,1,0,0,1,1,0,0,0,0,8,1,1
WESTFIELDS PRIMARY SCHOOL,GAUTENG,Primary,ghEZdTPoThhpWNWiw,560,619,15.0,6.5,8.5,86.15,72.82,6.5,8.5,86.15,72.82,15.0,0.0,0.0,0.0,0,17,0,1179,78.60,0,0,0,0,0,0,1,0,0,0,0,0,2,3,7,0,7,0,0
MODUOPO PRIMARY SCHOOL,GAUTENG,Primary,Q2SemXMcpEX5NfYsD,536,527,32.0,16.0,16.0,33.50,32.94,16.0,16.0,33.50,32.94,32.0,0.0,0.0,0.0,0,27,5,1063,33.22,0,0,0,0,0,0,1,1,0,0,1,1,2,2,2,0,6,1,0
LABAN MOTLHABI COMPREHENSIVE SCHOOL,GAUTENG,Secondary,922NEXkq8CZy6PH7L,431,399,18.0,9.0,9.0,47.89,44.33,9.0,9.0,47.89,44.33,18.0,0.0,0.0,0.0,0,18,0,830,46.11,0,0,0,0,1,0,0,0,1,0,0,0,0,3,0,0,6,1,0
LETSIE PRIMARY SCHOOL,GAUTENG,Primary,gPuKrSrjRHYQAhofp,458,439,0,,,,,,,,,,,,,0,28,0,897,,,0,0,0,,,,,,,,,4,3,6,,6,,
ZITHEMBENI PRIMARY SCHOOL,GAUTENG,Primary,2rqTjwusZ8tc8nbYt,424,365,29.0,11.0,18.0,38.55,20.28,11.0,16.0,38.55,22.81,27.0,0.0,2.0,2.0,2,33,0,789,29.22,0,0,0,2,0,0,1,1,0,0,1,1,0,0,0,0,4,1,1
MELODI PRIMARY SCHOOL,GAUTENG,Primary,6nyrh8pzbNxMHyu4J,773,710,10.0,5.0,5.0,154.60,142.00,5.0,5.0,154.60,142.00,10.0,0.0,0.0,0.0,0,15,0,1483,148.30,0,0,0,0,0,0,0,0,0,0,0,0,5,0,9,0,10,0,0
ENDULWENI PRIMARY SCHOOL,GAUTENG,Primary,ocFaNqXzeBvD5hiAZ,547,506,18.0,6.0,12.0,91.17,42.17,6.0,12.0,91.17,42.17,18.0,0.0,0.0,0.0,0,16,5,1053,58.50,0,0,0,0,0,0,1,1,0,0,0,0,1,1,1,0,2,0,0
LANGAVILLE PRIMARY SCHOOL,GAUTENG,Primary,3uXaw9N4tJkFZKXSt,,,28.0,10.0,18.0,,,10.0,17.0,,,27.0,0.0,1.0,1.0,1,29,5,1667,61.74,0,0,0,1,,,,,,,,,2,1,10,0,10,,
MASHEMONG PRIMARY SCHOOL,GAUTENG,Primary,wfdMKsnKg56v7y6uJ,536,597,26.0,11.0,15.0,48.73,39.80,9.0,12.0,59.56,49.75,21.0,2.0,3.0,5.0,5,24,0,1133,53.95,0,0,0,5,0,0,1,1,0,0,1,0,1,1,1,0,2,1,0
SIPHIWE PRIMARY SCHOOL,GAUTENG,Primary,8EkWbb3qMosGvaWyT,689,666,40.0,20.0,20.0,34.45,33.30,20.0,20.0,34.45,33.30,40.0,0.0,0.0,0.0,0,22,0,1355,33.88,0,0,0,0,0,0,1,1,0,0,1,1,0,0,0,0,4,1,0
MOKGOME SECONDARY SCHOOL,GAUTENG,Secondary,QBmBALzw89kwmHz2B,471,375,34.0,18.0,16.0,26.17,23.44,17.0,13.0,27.71,28.85,30.0,1.0,3.0,4.0,4,14,7,846,28.20,0,0,0,4,1,1,0,0,1,1,0,0,0,0,0,0,3,1,1
AHA-THUTO SECONDARY SCHOOL,GAUTENG,Secondary,5PhvChXDzSoaBymWp,596,613,30.0,12.0,18.0,49.67,34.06,4.0,3.0,149.00,204.33,7.0,8.0,15.0,23.0,23,22,14,1209,172.71,4,0,12,11,1,1,0,0,0,0,0,0,0,2,0,4,8,1,0
KGOMOCO PRIMARY SCHOOL,GAUTENG,Primary,METTMMRQRhoWxKdRt,463,499,0.0,0.0,0.0,,,0.0,0.0,,,0.0,0.0,0.0,0.0,0,,,962,,0,0,0,0,,,,,,,,,0,1,2,0,2,,
INKONJANE JUNIOR SECONDARY SCHOOL,GAUTENG,Other,Zyuc4wPBmxQPcNyjF,96,124,27.0,19.0,8.0,5.05,15.50,8.0,6.0,12.00,20.67,14.0,11.0,2.0,13.0,13,10,3,220,15.71,0,0,0,13,0,0,0,0,0,0,0,0,2,0,0,0,6,1,1
TLHOLO INTERMEDIATE SCHOOL,GAUTENG,Primary,bPfY5thaXn4EAdkXw,402,370,33.0,20.0,13.0,20.10,28.46,18.0,11.0,22.33,33.64,29.0,2.0,2.0,4.0,4,6,0,772,26.62,0,0,0,4,0,0,1,1,0,0,1,1,1,1,2,0,8,1,0
SIVUSE PRIMARY SCHOOL,GAUTENG,Primary,JeGKrkaqdgboxbxAd,489,441,11.0,5.0,6.0,97.80,73.50,4.0,4.0,122.25,110.25,8.0,1.0,2.0,3.0,3,,,930,116.25,0,0,0,3,0,0,1,0,0,0,0,0,2,1,2,0,4,0,0
PUDUMO PRIMARY SCHOOL,GAUTENG,Primary,fXPmfwBo9N6rx7mLh,,,32.0,12.0,20.0,,,10.0,17.0,,,27.0,2.0,3.0,5.0,5,16,9,794,29.41,0,0,0,5,,,,,,,,,0,0,3,0,8,,
DR KNAK PRIMARY SCHOOL,GAUTENG,Primary,FkDMg4ekjDHWExDuv,,,42.0,18.0,24.0,,,17.0,23.0,,,40.0,1.0,1.0,2.0,2,8,1,,,0,0,0,2,,,,,,,,,0,0,0,0,12,,
RETLILE PRIMARY SCHOOL,GAUTENG,Primary,y8vNYzZpy3A9BHx6W,,,24.0,8.0,16.0,,,8.0,12.0,,,20.0,0.0,4.0,4.0,4,16,4,,,0,0,0,4,,,,,,,,,0,0,8,0,8,,
CHARLOTTE MAXEKE SECONDARY SCHOOL,GAUTENG,Secondary,HMfiK9msnxvBpZRTv,393,500,13.0,6.5,6.5,60.46,76.92,6.5,6.5,60.46,76.92,13.0,0.0,0.0,0.0,0,5,0,893,68.69,0,0,0,0,1,0,0,0,1,0,0,0,0,0,1,0,3,0,0
BUD MBELLE PRIMARY SCHOOL,GAUTENG,Primary,bf5Ltec4dXsz7pEX9,436,435,22.0,10.0,12.0,43.60,36.25,9.0,12.0,48.44,36.25,21.0,1.0,0.0,1.0,1,16,1,871,41.48,0,0,0,1,0,0,1,1,0,0,1,1,0,0,1,0,5,1,0
TSWELELANG PRIMARY SCHOOL,GAUTENG,Primary,Dddj3YJBuiuGmAQFQ,,,13.0,6.0,7.0,,,4.0,7.0,,,11.0,2.0,0.0,2.0,2,11,1,387,35.18,0,0,0,2,,,,,,,,,1,0,1,0,4,,
SAPPHIRE SECONDARY SCHOOL,GAUTENG,Secondary,mu6wNPMzZ754NLLnE,648,825,31.0,12.0,19.0,54.00,43.42,5.0,11.0,129.60,75.00,16.0,7.0,8.0,15.0,15,19,7,1473,92.06,0,0,0,15,1,0,0,0,0,0,0,0,0,0,0,0,8,0,0
BOPHELONG SECONDARY SCHOOL,GAUTENG,Secondary,AQmqsTKLbbQgfAmzP,530,552,21.0,11.0,10.0,48.18,55.20,6.0,6.0,88.33,92.00,12.0,5.0,4.0,9.0,9,18,15,1082,90.17,2,0,0,9,1,0,0,0,1,0,0,0,0,0,0,2,8,1,0
WINNIE MANDELA SECONDARY SCHOOL,GAUTENG,Secondary,wDCWL3rxm6NDcHY37,,,44.0,13.5,30.5,,,13.5,28.5,,,42.0,0.0,2.0,2.0,2,62,0,,,0,0,0,2,,,,,,,,,0,0,0,0,13,,
LESHATA SECONDARY SCHOOL,GAUTENG,Secondary,opzRuPL9N8RSzCNsi,899,965,27.0,12.0,15.0,74.92,64.33,0.0,0.0,,,0.0,12.0,15.0,27.0,27,24,24,1864,,4,0,18,9,1,0,0,0,,,,,0,1,0,4,6,0,0
TLHOKOMELO PRIMARY SCHOOL,GAUTENG,Primary,y3Rzmw2pDYqioZ8WC,100,94,29.0,13.0,16.0,7.69,5.88,13.0,16.0,7.69,5.88,29.0,0.0,0.0,0.0,0,21,1,194,6.69,0,0,0,0,0,0,1,1,0,0,1,1,0,0,0,0,5,1,1
POELANO SECONDARY SCHOOL,GAUTENG,Secondary,S3LbwsmZGkiiekXEX,583,654,31.0,11.0,20.0,53.00,32.70,9.0,9.0,64.78,72.67,18.0,2.0,11.0,13.0,13,24,1,1237,68.72,0,0,0,13,1,1,0,0,1,0,0,0,0,0,0,0,8,0,0
IMFUNDO MIDDLE SCHOOL,GAUTENG,Primary,pamnvbjX3nHtQtv4D,505,407,40.0,20.0,20.0,25.25,20.35,19.0,20.0,26.58,20.35,39.0,1.0,0.0,1.0,1,31,23,912,23.38,0,0,0,1,0,0,1,1,0,0,1,1,0,0,0,0,2,1,1
EMMANGWENI PRIMARY SCHOOL,GAUTENG,Primary,SeRiR2xnt35DWtRzX,897,876,22.0,10.0,12.0,89.70,73.00,10.0,12.0,89.70,73.00,22.0,0.0,0.0,0.0,0,19,0,1773,80.59,0,0,0,0,0,0,1,0,0,0,0,0,0,1,0,0,6,0,0
QHAKAZANI PRIMARY SCHOOL,GAUTENG,Primary,Y2gH7TZojYSgJ6J3i,580,492,41.0,22.0,19.0,26.36,25.89,17.0,15.0,34.12,32.80,32.0,5.0,4.0,9.0,9,24,1,1072,33.50,0,0,0,9,0,0,1,1,0,0,1,1,0,0,0,0,8,1,0
ZAKHENI PRIMARY SCHOOL,GAUTENG,Other,HKHTs5NYM9YcNKmA3,,,14.0,7.0,7.0,,,7.0,7.0,,,14.0,0.0,0.0,0.0,0,8,2,564,40.29,0,0,0,0,,,,,,,,,0,0,0,0,2,,
TSIETSI MASHININI PRIMARY SCHOOL,GAUTENG,Primary,n9gEojJ6K5eKYJ4c2,210,198,21.0,8.0,13.0,26.25,15.23,8.0,10.0,26.25,19.80,18.0,0.0,3.0,3.0,3,21,8,408,22.67,0,0,0,3,0,0,1,1,0,0,1,1,1,0,1,0,2,1,1
LEFIKA PRIMARY SCHOOL,GAUTENG,Primary,GaE7jrBwPxNR4AK72,452,412,23.0,10.0,13.0,45.20,31.69,6.0,9.0,75.33,45.78,15.0,4.0,4.0,8.0,8,7,4,864,57.60,0,0,0,8,0,0,1,1,0,0,1,0,0,2,4,0,4,1,0
NTOKOZWENI PRIMARY SCHOOL,GAUTENG,Primary,EtHDHYs97BCxasggi,517,440,24.0,12.0,12.0,43.08,36.67,12.0,12.0,43.08,36.67,24.0,0.0,0.0,0.0,0,4,0,957,39.88,0,0,0,0,0,0,1,1,0,0,1,1,8,2,4,0,8,1,0
THUTO KITSO SECONDARY SCHOOL,GAUTENG,Secondary,2zRbjDBfz4zB8Tv6q,580,597,32.0,16.0,16.0,36.25,37.31,16.0,14.0,36.25,42.64,30.0,0.0,2.0,2.0,2,24,2,1177,39.23,0,0,0,2,1,1,0,0,1,0,0,0,0,0,0,0,8,1,0
LEJOELEPUTSOA PRIMARY SCHOOL,GAUTENG,Primary,EtsNuLzuvqcqdM943,160,138,17.0,8.0,9.0,20.00,15.33,8.0,9.0,20.00,15.33,17.0,0.0,0.0,0.0,0,13,5,298,17.53,0,0,0,0,0,0,1,1,0,0,1,1,0,0,0,0,5,1,1
TSHIRELETSO PRIMARY SCHOOL,GAUTENG,Primary,syBSsyuaG3J2rk8ky,222,252,24.0,10.0,14.0,22.20,18.00,10.0,14.0,22.20,18.00,24.0,0.0,0.0,0.0,0,22,0,474,19.75,0,0,0,0,0,0,1,1,0,0,1,1,0,0,0,0,6,1,1
UMTHAMBEKA PRIMARY SCHOOL,GAUTENG,Primary,MrCRY4JkG2RtXRzjf,464,491,11.0,3.0,8.0,154.67,61.38,2.0,7.0,232.00,70.14,9.0,1.0,1.0,2.0,2,17,5,955,106.11,0,0,0,2,0,0,0,0,0,0,0,0,1,2,1,0,3,0,0
KUZIMISELA PRIMARY SCHOOL,GAUTENG,Primary,HushLZncKDsTyJhfN,384,340,11.0,5.0,6.0,76.80,56.67,2.0,4.0,192.00,85.00,6.0,3.0,2.0,5.0,5,12,2,724,120.67,0,0,0,5,0,0,1,0,0,0,0,0,1,2,2,0,4,0,0
BATLOUNG INTERMEDIATE SCHOOL,GAUTENG,Primary,FEAD8jBu7LbHezy2j,,,28.0,12.0,16.0,,,6.0,11.0,,,17.0,6.0,5.0,11.0,14,34,6,262,15.41,2,3,4,7,,,,,,,,,0,0,0,2,11,,
EAST BANK HIGH SCHOOL,GAUTENG,Secondary,LD7hazozFmAuLNBgP,659,726,21.0,6.0,15.0,109.83,48.40,5.0,15.0,131.80,48.40,20.0,1.0,0.0,1.0,1,20,7,1385,69.25,0,0,0,1,0,0,0,0,0,0,0,0,0,0,0,0,5,0,0
MAKAPANE PRIMARY SCHOOL,GAUTENG,Primary,X4uSNwu6z2y2MdNwA,561,531,26.0,17.0,9.0,33.00,59.00,10.0,8.0,56.10,66.38,18.0,7.0,1.0,8.0,8,23,12,1092,60.67,0,0,0,8,0,0,1,0,0,0,1,0,3,0,0,0,5,1,0
MABUYA SECONDARY SCHOOL,GAUTENG,Secondary,656hyBavtd4QHF6yx,797,776,24.0,12.0,12.0,66.42,64.67,12.0,8.0,66.42,97.00,20.0,0.0,4.0,4.0,4,21,5,1573,78.65,0,0,0,4,1,0,0,0,1,0,0,0,0,1,2,0,2,0,0
TSIMONG PRIMARY SCHOOL,GAUTENG,Primary,jR3LMPDnnHi7xvLcp,,,28.0,14.0,14.0,,,14.0,14.0,,,28.0,0.0,0.0,0.0,0,25,4,340,12.14,0,0,0,0,,,,,,,,,0,0,0,0,2,,
GOROGANG PRIMARY SCHOOL,GAUTENG,Primary,fkuEy7WKs5HL2NM6z,180,174,16.0,8.0,8.0,22.50,21.75,8.0,8.0,22.50,21.75,16.0,0.0,0.0,0.0,0,0,0,354,22.13,0,0,0,0,0,0,1,1,0,0,1,1,0,0,0,0,2,1,1
TIYANI Junior secondary SCHOOL,GAUTENG,Other,gZKefKr3T7kQ7yZdd,140,134,15.0,6.0,9.0,23.33,14.89,5.0,8.0,28.00,16.75,13.0,1.0,1.0,2.0,2,6,0,274,21.08,0,0,0,2,0,0,0,0,0,0,0,0,0,0,0,0,2,1,1
THEMBALIKAZULU PRIMARY SCHOOL,GAUTENG,Primary,jSDZSbr7cMPKgibe7,228,201,31.0,15.0,16.0,15.20,12.56,15.0,16.0,15.20,12.56,31.0,0.0,0.0,0.0,0,42,5,429,13.84,0,0,0,0,0,0,1,1,0,0,1,1,0,0,0,0,6,1,1
EMMANUEL PRIMARY SCHOOL,GAUTENG,Primary,DwG2tAAFC8W79Ckxx,443,403,33.0,16.0,17.0,27.69,23.71,11.0,16.0,40.27,25.19,27.0,5.0,1.0,6.0,6,16,0,846,31.33,0,0,0,6,0,0,1,1,0,0,1,1,0,0,0,0,4,1,1
SAKHELWE PRIMARY SCHOOL,GAUTENG,Primary,7jdhLaYzWcCtFduQg,,,0,,,,,,,,,,,,,0,12,0,485,,,0,0,0,,,,,,,,,0,0,0,,4,,
TOKELO SECONDARY SCHOOL,GAUTENG,Secondary,WszeF9gAuQuHMNHLC,456,415,39.0,15.0,24.0,30.40,17.29,12.0,24.0,38.00,17.29,36.0,3.0,0.0,3.0,3,,,871,24.19,0,0,0,3,1,1,0,0,1,1,0,0,0,0,0,0,4,1,1
TEMBISA WEST SECONDARY SCHOOL,GAUTENG,Secondary,4avNjjRgrzrEpwKMN,659,644,33.0,14.0,19.0,47.07,33.89,14.0,18.0,47.07,35.78,32.0,0.0,1.0,1.0,1,13,3,1303,40.72,0,0,0,1,1,1,0,0,1,1,0,0,0,1,0,0,2,1,0
TSHIRELA PRIMARY SCHOOL,GAUTENG,Primary,93KanXF8i8wGs4YKw,450,440,24.0,10.0,14.0,45.00,31.43,10.0,14.0,45.00,31.43,24.0,0.0,0.0,0.0,0,26,4,890,37.08,0,0,0,0,0,0,1,1,0,0,1,1,0,0,0,0,6,1,0
DR NHLAPO INTERMEDIATE SCHOOL,GAUTENG,Primary,Hjqy94n4PwNqwN5uA,438,436,12.0,5.0,7.0,87.60,62.29,1.0,7.0,438.00,62.29,8.0,4.0,0.0,4.0,4,8,1,874,109.25,0,0,0,4,0,0,1,0,0,0,0,0,0,0,0,0,2,0,0
STEVE BIKO PRIMARY SCHOOL,GAUTENG,Primary,g6orxjw6EmCqYup83,,,30.0,11.0,19.0,,,6.0,13.0,,,19.0,5.0,6.0,11.0,11,24,15,512,26.95,0,0,0,11,,,,,,,,,0,0,2,0,8,,
N'WA MHINGA PRIMARY SCHOOL,GAUTENG,Primary,S47bpHzXts94zC2ke,332,279,19.0,8.0,11.0,41.50,25.36,4.0,8.0,83.00,34.88,12.0,4.0,3.0,7.0,7,14,7,611,50.92,0,0,0,7,0,0,1,1,0,0,0,1,0,0,0,0,4,1,0
HULWAZI SECONDARY SCHOOL,GAUTENG,Secondary,Tnm69CSqqbdHg9obr,704,979,22.0,11.0,11.0,64.00,89.00,10.0,4.0,70.40,244.75,14.0,1.0,7.0,8.0,8,14,5,1683,120.21,0,0,0,8,1,0,0,0,1,0,0,0,2,3,2,0,4,0,0
TSAKANE PRIMARY SCHOOL,GAUTENG,Primary,MYuCFef7Fjt8yRX8d,,,42.0,9.0,33.0,,,8.0,33.0,,,41.0,1.0,0.0,1.0,1,29,5,759,18.51,0,0,0,1,,,,,,,,,0,0,2,0,4,,
REAGILE PRIMARY SCHOOL,GAUTENG,Primary,3CZM6LyxfbGxQ676w,851,877,63.0,27.5,35.5,30.95,24.70,15.0,21.0,56.73,41.76,36.0,12.5,14.5,27.0,27,39,1,1728,48.00,0,0,0,27,0,0,1,1,0,0,1,0,3,3,5,0,15,1,1
ZITHA PRIMARY,GAUTENG,Primary,k652o58moXsybbDfm,239,250,27.0,12.0,15.0,19.92,16.67,7.0,9.0,34.14,27.78,16.0,5.0,6.0,11.0,11,10,2,489,30.56,0,0,0,11,0,0,1,1,0,0,1,1,0,0,0,0,8,1,1
SELIBA PRIMARY SCHOOL,GAUTENG,Primary,RHG8484wnsaqifrig,238,221,0.0,0.0,0.0,,,0.0,0.0,,,0.0,0.0,0.0,0.0,0,,,459,,0,0,0,0,,,,,,,,,0,0,0,0,2,,
MEADOWLANDS PRIMARY SCHOOL,GAUTENG,Primary,ogTK6SAt8Ndg38xPc,220,195,13.0,6.0,7.0,36.67,27.86,5.0,5.0,44.00,39.00,10.0,1.0,2.0,3.0,3,8,0,415,41.50,0,0,0,3,0,0,1,1,0,0,1,1,1,0,2,0,2,1,0
MOSHOESHOE PRIMARY SCHOOL,GAUTENG,Primary,vPSPXjGpC6ABc9Szc,461,581,0,,,,,,,,,,,,,0,,,1042,,,0,0,0,,,,,,,,,0,0,0,,2,,
LETSATSING COMBINED SCHOOL,GAUTENG,Secondary,hBG3H9epZYnScCbtp,521,531,26.0,7.5,18.5,69.47,28.70,7.5,18.5,69.47,28.70,26.0,0.0,0.0,0.0,0,3,4,1052,40.46,0,0,0,0,1,1,0,0,1,1,0,0,2,4,2,0,9,0,0
KHULA SIZWE PRIMARY SCHOOL,GAUTENG,Primary,ayNNoGKj3iCnECzSg,494,427,41.0,17.0,24.0,29.06,17.79,16.0,24.0,30.88,17.79,40.0,1.0,0.0,1.0,1,35,0,921,23.03,0,0,0,1,0,0,1,1,0,0,1,1,0,2,4,0,4,1,1
THUTOLORE SECONDARY SCHOOL,GAUTENG,Secondary,BwK89vufnm6iCSJhQ,,,21.0,9.0,12.0,,,3.0,12.0,,,15.0,6.0,0.0,6.0,6,10,3,978,65.20,0,0,0,6,,,,,,,,,0,0,0,0,2,,
MONTSOSI PRIMARY SCHOOL,GAUTENG,Primary,rCApJ97XLJY5xuoJY,194,182,12.0,6.0,6.0,32.33,30.33,5.0,6.0,38.80,30.33,11.0,1.0,0.0,1.0,1,,,376,34.18,0,0,0,1,0,0,1,1,0,0,1,1,0,0,0,0,3,1,0
KHOMANANI PRIMARY SCHOOL,GAUTENG,Primary,myEbntbNmwtRJAXXn,0,0,16.0,8.0,8.0,0.00,0.00,4.0,8.0,0.00,0.00,12.0,4.0,0.0,4.0,4,,11,1019,84.92,0,0,0,4,0,0,1,1,0,0,1,1,0,0,0,0,4,1,1
GAHLANSO PRIMARY SCHOOL,GAUTENG,Primary,WeXHdZMumEMFyckHq,505,598,22.0,10.0,12.0,50.50,49.83,8.0,8.0,63.13,74.75,16.0,2.0,4.0,6.0,6,14,4,1103,68.94,0,0,0,6,0,0,1,1,0,0,1,0,0,0,0,0,4,0,0
LEBOWA PRIMARY SCHOOL,GAUTENG,Primary,KhtEcF9mnhkNyqnW3,,,21.0,10.0,11.0,,,8.0,9.0,,,17.0,2.0,2.0,4.0,4,8,5,84,4.94,0,0,0,4,,,,,,,,,0,0,0,0,2,,
NTSIKANA PRIMARY SCHOOL,GAUTENG,Primary,95AYoAp6AiYz3KZ2t,346,333,28.0,20.0,8.0,17.30,41.63,18.0,8.0,19.22,41.63,26.0,2.0,0.0,2.0,2,29,1,679,26.12,0,0,0,2,0,0,1,1,0,0,1,0,0,1,0,0,3,1,0
NTSELE PRIMARY SCHOOL,GAUTENG,Primary,aQ4BMeoFWmo4HrHqF,542,554,14.0,6.0,8.0,90.33,69.25,2.0,3.0,271.00,184.67,5.0,4.0,5.0,9.0,9,8,6,1096,219.20,0,0,0,9,0,0,1,0,0,0,0,0,0,2,0,0,4,0,0
THEMBALIHLE PRIMARY SCHOOL,GAUTENG,Primary,AHHiQixZscHdnSQpM,596,550,0,,,,,,,,,,,,,0,8,2,1146,,,0,0,0,,,,,,,,,0,0,0,,2,,
NXINENI PRIMARY,GAUTENG,Primary,eiaeXipXaywPNGZ7X,693,653,36.0,14.0,22.0,49.50,29.68,13.0,21.0,53.31,31.10,34.0,1.0,1.0,2.0,2,28,13,1346,39.59,0,0,0,2,0,0,1,1,0,0,1,1,2,2,4,0,4,1,0
LEBONE PRIMARY SCHOOL,GAUTENG,Primary,drsWF9n9G7CxbrANB,619,553,48.0,24.0,24.0,25.79,23.04,24.0,23.0,25.79,24.04,47.0,0.0,1.0,1.0,1,40,0,1172,24.94,0,0,0,1,0,0,1,1,0,0,1,1,1,0,0,0,4,1,1
BOITUMELONG SECONDARY SCHOOL,GAUTENG,Secondary,XYLgc3p2tmFJ6nGJb,596,681,28.0,14.0,14.0,42.57,48.64,14.0,8.0,42.57,85.13,22.0,0.0,6.0,6.0,20,18,9,1277,58.05,4,14,0,6,1,0,0,0,1,0,0,0,1,1,5,4,5,1,0
RESIDENSIA SECONDARY SCHOOL,GAUTENG,Secondary,Sa8QfeRArxjpbStqt,,,24.0,12.0,12.0,,,8.0,0.0,,,8.0,4.0,12.0,16.0,16,21,17,1297,162.13,0,0,0,16,,,,,,,,,0,0,0,0,8,,
GEORGE MBILASE PRIMARY SCHOOL,GAUTENG,Primary,bMEYkfLEMjEHiTFux,419,392,0,,,,,,,,,,,,,0,0,0,811,,,0,0,0,,,,,,,,,0,2,0,,2,,
JORDAN SECONDARY SCHOOL,GAUTENG,Secondary,ZQvS49GgfM6XNnqij,483,461,84.0,36.0,48.0,13.42,9.60,18.0,20.0,26.83,23.05,38.0,18.0,28.0,46.0,46,56,41,944,24.84,0,0,0,46,1,1,0,0,1,1,0,0,2,2,6,0,6,1,1
MICHAEL ZULU PRIMARY SCHOOL,GAUTENG,Primary,3tbjfT8zZ2fPGfiwc,,,27.0,12.0,15.0,,,7.0,9.0,,,16.0,5.0,6.0,11.0,11,24,24,1283,80.19,0,0,0,11,,,,,,,,,0,2,0,0,8,,
MASIMINI PRIMARY SCHOOL,GAUTENG,Primary,E7KSgcfSqaoDb5BEE,,,25.0,14.0,11.0,,,14.0,11.0,,,25.0,0.0,0.0,0.0,0,25,0,849,33.96,0,0,0,0,,,,,,,,,4,2,4,0,4,,
UNITY SECONDARY SCHOOL,GAUTENG,Secondary,68f6ufafjEtTD87dK,886,1024,40.0,15.0,25.0,59.07,40.96,12.0,19.0,73.83,53.89,31.0,3.0,6.0,9.0,9,30,3,1910,61.61,0,0,0,9,1,1,0,0,1,0,0,0,0,5,0,0,10,0,0
THOPODI PRIMARY SCHOOL,GAUTENG,Primary,eaN2HpTXfZTyuJHLY,505,527,30.0,15.0,15.0,33.67,35.13,15.0,15.0,33.67,35.13,30.0,0.0,0.0,0.0,0,20,0,1032,34.40,0,0,0,0,0,0,1,1,0,0,1,1,1,0,0,0,5,1,0
ZITIKENI SECONDARY SCHOOL,GAUTENG,Secondary,A7HS55Lmpv7eWduhv,795,819,35.0,11.0,24.0,72.27,34.13,9.0,20.0,88.33,40.95,29.0,2.0,4.0,6.0,6,38,8,1614,55.66,0,0,0,6,1,1,0,0,1,0,0,0,2,5,2,0,7,0,0
BONA COMPREHENSIVE SCHOOL,GAUTENG,Secondary,xsLXqpcynPeYTwiXE,407,397,44.0,22.0,22.0,18.50,18.05,9.0,13.0,45.22,30.54,22.0,13.0,9.0,22.0,22,44,28,804,36.55,2,0,22,0,1,1,0,0,1,1,0,0,0,0,0,2,4,1,1
LEHLASEDI PRIMARY SCHOOL,GAUTENG,Primary,efr9txWNfPHw3AhD7,320,314,0.0,0.0,0.0,,,0.0,0.0,,,0.0,0.0,0.0,0.0,0,,,634,,0,0,0,0,,,,,,,,,2,2,4,0,4,,
SIBONELO PRIMARY SCHOOL,GAUTENG,Primary,GQPE7rurt9bb7DM5a,391,390,27.0,11.0,16.0,35.55,24.38,11.0,16.0,35.55,24.38,27.0,0.0,0.0,0.0,0,17,0,781,28.93,0,0,0,0,0,0,1,1,0,0,1,1,0,1,3,0,5,1,1
TOTOMENG PRIMARY SCHOOL,GAUTENG,Primary,tMjiiRvEEAsNmSJGx,131,139,13.0,6.0,7.0,21.83,19.86,6.0,6.0,21.83,23.17,12.0,0.0,1.0,1.0,1,,,270,22.50,0,0,0,1,0,0,1,1,0,0,1,1,0,0,0,0,2,1,1
ITSEBENG PRIMARY SCHOOL,GAUTENG,Primary,bAExKd8RN5BhHzb3z,425,406,21.0,9.0,12.0,47.22,33.83,9.0,12.0,47.22,33.83,21.0,0.0,0.0,0.0,0,,2,831,39.57,0,0,0,0,0,0,1,1,0,0,1,1,0,0,0,0,5,1,0
DUMEHLEZI INTERMEDIATE SCHOOL,GAUTENG,Primary,uvAsG8PGNZNED5pxz,407,367,44.0,20.0,24.0,20.35,15.29,19.0,22.0,21.42,16.68,41.0,1.0,2.0,3.0,3,,,774,18.88,0,0,0,3,0,0,1,1,0,0,1,1,2,2,6,0,6,1,1
ITHUTE PRIMARY SCHOOL,GAUTENG,Primary,tkbM3Jp4KjPx4H5qC,696,681,48.0,18.0,30.0,38.67,22.70,15.0,21.0,46.40,32.43,36.0,3.0,9.0,12.0,12,37,0,1377,38.25,0,0,0,12,0,0,1,1,0,0,1,1,0,0,0,0,12,1,1
VULAMAZIBUKO PRIMARY SCHOOL,GAUTENG,Other,4F5Qwq5cmL34WsvHP,222,197,13.0,6.0,7.0,37.00,28.14,4.0,5.0,55.50,39.40,9.0,2.0,2.0,4.0,4,8,2,419,46.56,0,0,0,4,0,0,0,0,0,0,0,0,0,0,1,0,2,1,0
LUKHOLWENI PRIMARY SCHOOL,GAUTENG,Primary,gpABZNKAeZxGARLNE,350,324,10.0,4.0,6.0,87.50,54.00,4.0,6.0,87.50,54.00,10.0,0.0,0.0,0.0,0,12,1,674,67.40,0,0,0,0,0,0,1,0,0,0,0,0,0,0,0,0,2,0,0
IPONTSHE PRIMARY SCHOOL,GAUTENG,Primary,x39JZC9Q749pXeEbY,498,536,35.0,15.0,20.0,33.20,26.80,15.0,20.0,33.20,26.80,35.0,0.0,0.0,0.0,0,39,0,1034,29.54,0,0,0,0,0,0,1,1,0,0,1,1,13,1,13,0,13,1,0
NQUBELA PRIMARY SCHOOL,GAUTENG,Primary,mobhBo8uKGxkvNsjR,199,159,42.0,21.0,21.0,9.48,7.57,3.0,2.0,66.33,79.50,5.0,18.0,19.0,37.0,37,13,10,358,71.60,0,0,0,37,0,0,1,1,0,0,1,0,0,0,0,0,4,1,1
DAVID HELLEN PETA SECONDARY SCHOOL,GAUTENG,Secondary,BpGigPup4eyijh28x,516,428,38.0,17.0,21.0,30.35,20.38,7.0,14.0,73.71,30.57,21.0,10.0,7.0,17.0,17,22,6,944,44.95,0,0,0,17,1,1,0,0,1,1,0,0,4,3,6,0,10,1,1
KOKOSI PRIMARY SCHOOL,GAUTENG,Primary,sfgS3CrJFoTBvFQ72,659,583,40.0,10.0,30.0,65.90,19.43,10.0,18.0,65.90,32.39,28.0,0.0,12.0,12.0,12,21,3,1242,44.36,0,0,0,12,0,0,1,1,0,0,1,1,0,2,0,0,4,0,1
PHAMEHLO PRIMARY SCHOOL,GAUTENG,Primary,eg2P5ZFGTcwctmdcA,279,269,14.0,7.0,7.0,39.86,38.43,7.0,4.0,39.86,67.25,11.0,0.0,3.0,3.0,3,1,1,548,49.82,0,0,0,3,0,0,1,1,0,0,1,0,0,0,0,0,2,1,0
SELOPE-THEMA PRIMARY SCHOOL,GAUTENG,Primary,Kqq9XsRqsRQM6PjGn,,,22.0,10.0,12.0,,,9.0,6.0,,,15.0,1.0,6.0,7.0,7,11,3,395,26.33,1,0,6,1,,,,,,,,,0,0,0,1,4,,
THUTHUKA PRIMARY SCHOOL,GAUTENG,Primary,q7rLbRb4nxtPxfoSc,525,512,44.0,22.0,22.0,23.86,23.27,21.0,22.0,25.00,23.27,43.0,1.0,0.0,1.0,1,27,6,1037,24.12,0,0,0,1,0,0,1,1,0,0,1,1,2,2,2,0,4,1,1
MASISEBENZE COMPREHENSIVE SCHOOL,GAUTENG,Secondary,vQsgY2cMuHRHHxN5X,,,32.0,12.0,20.0,,,12.0,20.0,,,32.0,0.0,0.0,0.0,0,10,0,,,0,0,0,0,,,,,,,,,0,1,0,0,2,,
BOPASENATLA SECONDARY SCHOOL,GAUTENG,Secondary,cDYo2z98FGZzNHPMM,210,243,17.0,7.0,10.0,30.00,24.30,6.0,8.0,35.00,30.38,14.0,1.0,2.0,3.0,3,5,1,453,32.36,0,0,0,3,1,1,0,0,1,1,0,0,0,0,0,0,2,1,1
ROLIHLAHLA PRIMARY SCHOOL,GAUTENG,Primary,Qzm8u4imxajBRWLE5,639,514,15.0,4.0,11.0,159.75,46.73,3.0,10.0,213.00,51.40,13.0,1.0,1.0,2.0,2,11,6,1153,88.69,0,0,0,2,0,0,0,1,0,0,0,0,0,1,0,0,8,0,0
REKGUTLILE PRIMARY SCHOOL,GAUTENG,Primary,9NYELJLrE2z96eKGu,573,500,32.0,9.0,23.0,63.67,21.74,9.0,21.0,63.67,23.81,30.0,0.0,2.0,2.0,2,24,2,1073,35.77,0,0,0,2,0,0,1,1,0,0,1,1,0,4,0,0,8,0,1
DIEPDALE SECONDARY SCHOOL,GAUTENG,Secondary,EyHGQ2ctZRGcPQ4Lc,380,391,16.0,8.0,8.0,47.50,48.88,7.0,5.0,54.29,78.20,12.0,1.0,3.0,4.0,4,15,2,771,64.25,0,0,0,4,1,0,0,0,1,0,0,0,0,0,0,0,3,1,0
SPHIWE PRIMARY SCHOOL,GAUTENG,Primary,E4srgmkj2uCu4Coxb,689,666,40.0,20.0,20.0,34.45,33.30,20.0,20.0,34.45,33.30,40.0,0.0,0.0,0.0,0,,,1355,33.88,0,0,0,0,0,0,1,1,0,0,1,1,0,0,0,0,4,1,0
STRETFORD EXT 8 PRIMARY SCHOOL,GAUTENG,Primary,4zo5MNwbBvTPykbFg,498,499,17.0,7.0,10.0,71.14,49.90,6.0,9.0,83.00,55.44,15.0,1.0,1.0,2.0,2,18,5,997,66.47,0,0,0,2,0,0,1,1,0,0,0,0,1,3,4,0,8,0,0
ISIZIBA PRIMARY SCHOOL,GAUTENG,Primary,vZkChYaMACHarXWxC,623,631,30.0,21.0,9.0,29.67,70.11,21.0,9.0,29.67,70.11,30.0,0.0,0.0,0.0,0,41,8,1254,41.80,0,0,0,0,0,0,1,0,0,0,1,0,4,2,3,0,8,1,0
CARTER PRIMARY SCHOOL,GAUTENG,Primary,tdRzrm36MQJ2raFea,623,640,22.0,10.0,12.0,62.30,53.33,9.0,12.0,69.22,53.33,21.0,1.0,0.0,1.0,1,21,2,1263,60.14,0,0,0,1,0,0,1,0,0,0,1,0,0,2,0,0,7,0,0
ZIFUNELENI JUNIOR SECONDARY  (COMB. PRIMARY) SCHOOL,GAUTENG,Other,HE7QyZrdjZD4TwigW,609,548,38.0,18.0,20.0,33.83,27.40,11.0,13.0,55.36,42.15,24.0,7.0,7.0,14.0,14,40,12,1157,48.21,0,0,0,14,0,0,0,0,0,0,0,0,0,0,0,0,11,1,0
BATHOKWA PRIMARY SCHOOL,GAUTENG,Primary,P4wqK6rnJQahfhFTr,408,424,29.0,17.0,12.0,24.00,35.33,14.0,10.0,29.14,42.40,24.0,3.0,2.0,5.0,5,18,1,832,34.67,0,0,0,5,0,0,1,1,0,0,1,0,2,2,2,0,9,1,0
FRED HABEDI PRIMARY SCHOOL,GAUTENG,Primary,qCqx8rN4JLCHpEwF4,,,27.0,13.0,14.0,,,13.0,14.0,,,27.0,0.0,0.0,0.0,0,32,3,817,30.26,0,0,0,0,,,,,,,,,6,3,6,0,6,,
DR WF NKOMO SECONDARY SCHOOL,GAUTENG,Secondary,u2mAvGSYipuFCETW2,436,589,40.0,17.0,23.0,25.65,25.61,8.0,8.0,54.50,73.63,16.0,9.0,15.0,24.0,24,8,4,1025,64.06,0,0,0,24,1,1,0,0,1,0,0,0,0,1,0,0,4,1,0
AMOS MAPHANGA SECONDARY,GAUTENG,Secondary,ra2zX3jjBPguj6bc3,548,502,32.0,16.0,16.0,34.25,31.38,11.5,11.5,47.65,43.65,23.0,4.5,4.5,9.0,9,24,0,1050,45.65,0,0,0,9,1,1,0,0,1,0,0,0,2,5,2,0,5,1,0
DITAWANE PRIMARY SCHOOL,GAUTENG,Primary,ZQpQXXcpAjvZC2ony,,,12.0,5.0,7.0,,,5.0,7.0,,,12.0,0.0,0.0,0.0,0,3,0,,,0,0,0,0,,,,,,,,,2,2,0,0,3,,
MABOELLENG PRIMARY SCHOOL,GAUTENG,Primary,3XdLNoiuCRA5T5Dfc,,,30.0,21.0,9.0,,,16.0,8.0,,,24.0,5.0,1.0,6.0,6,13,3,526,21.92,0,0,0,6,,,,,,,,,6,0,5,0,11,,
PHUTHADITSHABA PRIMARY SCHOOL,GAUTENG,Primary,ojqksxwnmxWXpM8n6,808,758,21.0,8.0,13.0,101.00,58.31,8.0,13.0,101.00,58.31,21.0,0.0,0.0,0.0,0,21,0,1566,74.57,0,0,0,0,0,0,1,0,0,0,0,0,6,1,0,0,6,0,0
O.R TAMBO PRIMARY SCHOOL,GAUTENG,Primary,Gfj3WRS3Y8w4dmyph,635,563,29.0,12.0,17.0,52.92,33.12,12.0,16.0,52.92,35.19,28.0,0.0,1.0,1.0,1,30,9,1198,42.79,0,0,0,1,0,0,1,1,0,0,1,1,9,5,10,0,10,0,0
LIVHUWANI PRIMARY SCHOOL,GAUTENG,Primary,PySjA6yQMoXAyS2z8,327,387,22.0,10.0,12.0,32.70,32.25,7.0,9.0,46.71,43.00,16.0,3.0,3.0,6.0,6,4,2,714,44.63,0,0,0,6,0,0,1,1,0,0,1,0,2,0,2,0,4,1,0
ESIKHISINI PRIMARY SCHOOL,GAUTENG,Primary,CoWKa7AHpYehwgjN4,310,251,14.0,6.0,8.0,51.67,31.38,4.0,7.0,77.50,35.86,11.0,2.0,1.0,3.0,3,4,3,561,51.00,0,0,0,3,0,0,1,1,0,0,1,1,0,0,0,0,2,0,0
BOTLEHADI PRIMARY SCHOOL,GAUTENG,Primary,FpTsqHm4D3ttwK8dY,269,296,14.0,6.0,8.0,44.83,37.00,4.0,3.0,67.25,98.67,7.0,2.0,5.0,7.0,7,6,1,565,80.71,0,0,0,7,0,0,1,1,0,0,1,0,0,0,0,0,2,1,0
IPHUTHENG PRIMARY SCHOOL,GAUTENG,Primary,tqMTBWRbAuYsAqATz,,,28.0,12.0,16.0,,,12.0,15.0,,,27.0,0.0,1.0,1.0,1,36,2,,,0,0,0,1,,,,,,,,,0,4,0,0,8,,
VEZUKHONO SECONDARY SCHOOL,GAUTENG,Secondary,8FucY8f4FTzL2XmhY,646,629,30.0,12.0,18.0,53.83,34.94,1.0,5.0,646.00,125.80,6.0,11.0,13.0,24.0,24,24,18,1275,212.50,2,0,6,18,1,1,0,0,0,0,0,0,0,0,0,2,8,0,0
GORDON PRIMARY SCHOOL,GAUTENG,Primary,qsXPNNQE3pWkdTbfb,,,21.0,7.0,14.0,,,1.0,1.0,,,2.0,6.0,13.0,19.0,19,32,27,1353,676.50,0,0,0,19,,,,,,,,,2,0,3,0,7,,
TLHAKANANG PRIMARY SCHOOL,GAUTENG,Primary,3acdePaA3PaTzXLaP,487,455,15.0,7.0,8.0,69.57,56.88,6.0,3.0,81.17,151.67,9.0,1.0,5.0,6.0,6,8,0,942,104.67,0,0,0,6,0,0,1,0,0,0,0,0,0,0,0,0,2,0,0
SAULRIDGE SECONDARY SCHOOL,GAUTENG,Secondary,ZgR4zqFothSycL9hz,472,559,22.0,10.0,12.0,47.20,46.58,10.0,9.0,47.20,62.11,19.0,0.0,3.0,3.0,3,10,0,1031,54.26,0,0,0,3,1,0,0,0,1,0,0,0,0,0,0,0,4,1,0
SEOTLOANA PRIMARY SCHOOL,GAUTENG,Primary,Qmhp6bLYHrRTc42wc,541,533,17.0,8.0,9.0,67.63,59.22,8.0,9.0,67.63,59.22,17.0,0.0,0.0,0.0,0,34,13,1074,63.18,0,0,0,0,0,0,1,0,0,0,1,0,2,1,4,0,8,0,0
ENTSHONALANGA PRIMARY SCHOOL,GAUTENG,Primary,qYqekSfSRExjXJrGM,787,724,39.0,15.0,24.0,52.47,30.17,15.0,22.0,52.47,32.91,37.0,0.0,2.0,2.0,2,15,6,1511,40.84,0,0,0,2,0,0,1,1,0,0,1,1,0,0,0,0,10,0,0
MATSIE STEYN PRIMARY SCHOOL,GAUTENG,Primary,74LtY73iZk5nAgKN4,,,25.0,12.0,13.0,,,5.0,10.0,,,15.0,7.0,3.0,10.0,10,19,10,622,41.47,1,0,6,4,,,,,,,,,0,0,0,1,5,,
PHUTHUMANI PRIMARY SCHOOL,GAUTENG,Primary,6ZNqRnThWfJTjmtzh,589,572,31.0,15.0,16.0,39.27,35.75,11.0,16.0,53.55,35.75,27.0,4.0,0.0,4.0,4,20,12,1161,43.00,0,0,0,4,0,0,1,1,0,0,1,1,6,3,5,0,6,1,0
KHANGEZILE PRIMARY SCHOOL,GAUTENG,Primary,KDmkojmtPfcEEQ3vv,202,219,16.0,6.0,10.0,33.67,21.90,2.0,8.0,101.00,27.38,10.0,4.0,2.0,6.0,6,10,4,421,42.10,0,0,0,6,0,0,1,1,0,0,0,1,0,0,0,0,4,1,1
MADUME PRIMARY SCHOOL,GAUTENG,Primary,r5bdwdb45e7jr6JZB,477,483,31.0,12.0,19.0,39.75,25.42,12.0,17.0,39.75,28.41,29.0,0.0,2.0,2.0,2,25,1,960,33.10,0,0,0,2,0,0,1,1,0,0,1,1,8,0,8,0,8,1,0
LESEDI LA KRESTE ANGLICAN PRIMARY SCHOOL,GAUTENG,Primary,BL89Y49hLjtAgtj9C,,,22.0,7.0,15.0,,,5.0,12.0,,,17.0,2.0,3.0,5.0,5,19,4,1253,73.71,0,0,0,5,,,,,,,,,1,1,1,0,6,,
KGOLAGANO PRIMARY SCHOOL,GAUTENG,Primary,o6KRqZ8m5YyPCmxEu,730,725,25.0,16.0,9.0,45.63,80.56,15.0,9.0,48.67,80.56,24.0,1.0,0.0,1.0,1,23,0,1455,60.63,0,0,0,1,0,0,1,0,0,0,1,0,1,1,1,0,5,1,0
JABULILE SECONDARY SCHOOL,GAUTENG,Secondary,GdT4e3QnaH2fX4vAA,677,873,27.0,12.0,15.0,56.42,58.20,8.0,14.0,84.63,62.36,22.0,4.0,1.0,5.0,5,19,6,1550,70.45,0,0,0,5,1,0,0,0,1,0,0,0,0,3,0,0,6,0,0
DINOTO TECHNICAL SECONDARY SCHOOL,GAUTENG,Secondary,pqm6NksjcwAhrDwyH,551,600,28.0,14.0,14.0,39.36,42.86,12.0,11.0,45.92,54.55,23.0,2.0,3.0,5.0,5,16,1,1151,50.04,0,0,0,5,1,1,0,0,1,0,0,0,0,0,0,0,4,1,0
ZAMANI PRIMARY SCHOOL,GAUTENG,Primary,sfN5HAvKti5hRvPxZ,401,423,16.0,8.0,8.0,50.13,52.88,8.0,8.0,50.13,52.88,16.0,0.0,0.0,0.0,0,4,0,824,51.50,0,0,0,0,0,0,1,0,0,0,1,0,0,0,0,0,4,0,0
MOYISELA PRIMARY SCHOOL,GAUTENG,Primary,XTL9gvLr9S2MmMsjJ,522,481,35.0,15.0,20.0,34.80,24.05,14.0,16.0,37.29,30.06,30.0,1.0,4.0,5.0,5,24,12,1003,33.43,0,0,0,5,0,0,1,1,0,0,1,1,0,1,7,0,8,1,1
TLAKULA SECONDARY SCHOOL,GAUTENG,Secondary,uiiC6LpdXHBickDqX,,,14.0,6.0,8.0,,,6.0,8.0,,,14.0,0.0,0.0,0.0,0,13,1,1168,83.43,0,0,0,0,,,,,,,,,0,0,0,0,2,,
DITAU PRIMARY SCHOOL,GAUTENG,Primary,SDQzcRxtroyWa7uGB,235,229,21.0,10.0,11.0,23.50,20.82,7.0,11.0,33.57,20.82,18.0,3.0,0.0,3.0,3,8,2,464,25.78,0,0,0,3,0,0,1,1,0,0,1,1,0,0,0,0,4,1,1
SECHABA PRIMARY SCHOOL,GAUTENG,Primary,ufaeHuMMa97ge5aCK,223,200,13.0,13.0,,17.15,,13.0,,17.15,,,0.0,,,0,13,4,423,32.54,0,0,0,0,0,,1,,0,,1,,0,0,0,0,2,1,
ZITHATHELE PRIMARY SCHOOL,GAUTENG,Primary,sXauHMaoiXsoSamWK,747,660,14.0,6.0,8.0,124.50,82.50,6.0,7.0,124.50,94.29,13.0,0.0,1.0,1.0,1,8,3,1407,108.23,0,0,0,1,0,0,0,0,0,0,0,0,0,0,2,0,2,0,0
KGALEMA PRIMARY SCHOOL,GAUTENG,Primary,MYybcL4ntNLDfPjZt,661,586,0.0,0.0,,,,0.0,,,,,0.0,,,0,,,1247,,0,0,0,0,,,,,,,,,1,0,1,0,1,,
ALEXANDRA SECONDARY SCHOOL,GAUTENG,Secondary,dmcSwWf7Zcge6eHR8,840,949,60.0,24.0,36.0,35.00,26.36,19.0,27.0,44.21,35.15,46.0,5.0,9.0,14.0,14,48,18,1789,38.89,0,0,0,14,1,1,0,0,1,1,0,0,0,6,0,0,12,1,0
LEFA-IFA SECONDARY SCHOOL,GAUTENG,Secondary,5QzLWMPF8grmhh3G5,,,36.0,15.0,21.0,,,14.0,3.0,,,17.0,1.0,18.0,19.0,19,24,10,1287,75.71,0,0,0,19,,,,,,,,,0,0,0,0,6,,
MUZOMSHA PRIMARY SCHOOL,GAUTENG,Primary,NTo8EK8jnLkjB93Hd,,,30.0,11.0,19.0,,,11.0,19.0,,,30.0,0.0,0.0,0.0,0,31,0,539,17.97,0,0,0,0,,,,,,,,,2,2,2,0,8,,
NCHABELENG PRIMARY SCHOOL,GAUTENG,Primary,5iHufHeS6B2XBsHTB,426,437,0,,,,,,,,,,,,,0,9,0,863,,,0,0,0,,,,,,,,,10,3,2,,11,,
EMFUNDISWENI PRIMARY SCHOOL,GAUTENG,Primary,8TjXzm5mqedTkvZ5n,613,567,32.0,13.0,19.0,47.15,29.84,11.0,14.0,55.73,40.50,25.0,2.0,5.0,7.0,7,34,10,1180,47.20,0,0,0,7,0,0,1,1,0,0,1,0,2,0,2,0,8,1,0
AB XUMA PRIMARY SCHOOL,GAUTENG,Primary,r8FrZJWZGiB9zPmmc,436,430,28.0,14.0,14.0,31.14,30.71,14.0,9.0,31.14,47.78,23.0,0.0,5.0,5.0,5,19,2,866,37.65,0,0,0,5,0,0,1,1,0,0,1,0,0,0,0,0,4,1,0
FADIMEHA PRIMARY SCHOOL,GAUTENG,Primary,ZMuo7tqss7QrYPuwZ,241,203,16.0,8.0,8.0,30.13,25.38,8.0,8.0,30.13,25.38,16.0,0.0,0.0,0.0,0,4,0,444,27.75,0,0,0,0,0,0,1,1,0,0,1,1,0,0,0,0,2,1,0
MANGWELE PRIMARY SCHOOL,GAUTENG,Primary,HZFjNDTejF5ga78Sx,233,183,13.0,6.0,7.0,38.83,26.14,6.0,7.0,38.83,26.14,13.0,0.0,0.0,0.0,0,8,3,416,32.00,0,0,0,0,0,0,1,1,0,0,1,1,0,0,0,0,2,1,0
SHADRACK MBAMBO PRIMARY SCHOOL,GAUTENG,Primary,7sAKJvmox8vK6GJBv,,,38.0,18.0,20.0,,,11.0,18.0,,,29.0,7.0,2.0,9.0,9,24,0,1146,39.52,0,0,0,9,,,,,,,,,0,0,8,0,8,,
SEDIBENG PRIMARY SCHOOL,GAUTENG,Primary,8pdqiKPuW9emmvdMA,423,402,17.0,9.0,8.0,47.00,50.25,8.0,8.0,52.88,50.25,16.0,1.0,0.0,1.0,1,17,3,825,51.56,0,0,0,1,0,0,1,0,0,0,1,0,2,2,2,0,4,1,0
JABULANI THABANG PRIMARY SCHOOL,GAUTENG,Primary,MtKWmrDmPtx6hTjXm,412,395,13.0,6.0,7.0,68.67,56.43,6.0,7.0,68.67,56.43,13.0,0.0,0.0,0.0,0,6,0,807,62.08,0,0,0,0,0,0,1,0,0,0,1,0,0,0,0,0,2,0,0
PHOMOLONG PRIMARY SCHOOL,GAUTENG,Primary,J8iGazpt3MwprEvbp,754,751,23.0,8.0,15.0,94.25,50.07,8.0,14.0,94.25,53.64,22.0,0.0,1.0,1.0,1,21,7,1505,68.41,0,0,0,1,0,0,1,1,0,0,0,0,0,0,0,0,6,0,0
SELELEKELA SECONDARY SCHOOL,GAUTENG,Secondary,Ayck7PmsY3mNr3gZQ,678,476,11.0,5.0,6.0,135.60,79.33,2.0,5.0,339.00,95.20,7.0,3.0,1.0,4.0,4,6,1,1154,164.86,0,0,0,4,0,0,0,0,0,0,0,0,0,2,0,0,2,0,0
REALO  SECONDARY SCHOOL,GAUTENG,Secondary,6iixm3MYropadAMjX,881,912,27.0,14.0,13.0,62.93,70.15,11.0,4.0,80.09,228.00,15.0,3.0,9.0,12.0,12,13,0,1793,119.53,0,0,0,12,1,0,0,0,1,0,0,0,0,2,0,0,4,0,0
WINNIE MANDELA PRIMARY SCHOOL,GAUTENG,Primary,qqTGPEnmDQRrarBSw,35,28,44.0,20.0,24.0,1.75,1.17,19.0,22.0,1.84,1.27,41.0,1.0,2.0,3.0,3,68,1,63,1.54,0,0,0,3,0,0,1,1,0,0,1,1,0,0,0,0,13,1,1
JOB RATHEBE PRIMARY SCHOOL,GAUTENG,Other,4z6ESappfnPWNQ98D,454,339,21.0,9.0,12.0,50.44,28.25,5.0,7.0,90.80,48.43,12.0,4.0,5.0,9.0,9,18,8,793,66.08,2,0,7,2,0,0,0,0,0,0,0,0,0,2,0,2,6,0,0
LEEMA-MOKOTULI PRIMARY SCHOOL,GAUTENG,Primary,2smWdy5ZETPXoRrYG,155,168,16.0,8.0,8.0,19.38,21.00,7.0,6.0,22.14,28.00,13.0,1.0,2.0,3.0,3,14,1,323,24.85,0,0,0,3,0,0,1,1,0,0,1,1,2,0,0,0,4,1,1
MENZI PRIMARY SCHOOL,GAUTENG,Primary,eqJ28tbWRDYX6YPkp,,,12.0,4.0,8.0,,,4.0,6.0,,,10.0,0.0,2.0,2.0,2,17,0,1555,155.50,0,0,0,2,,,,,,,,,1,0,5,0,5,,
MOGOGODI PRIMARY SCHOOL,GAUTENG,Primary,rgipwMLK9skQK2EuA,201,99,17.0,11.0,6.0,18.27,16.50,7.0,6.0,28.71,16.50,13.0,4.0,0.0,4.0,4,12,3,300,23.08,1,0,2,2,0,0,1,1,0,0,1,1,1,0,1,1,5,1,1
ZIMISELE SECONDARY SCHOOL,GAUTENG,Secondary,bEf9GjYAyqAqY3bhw,475,518,32.0,16.0,16.0,29.69,32.38,4.0,4.0,118.75,129.50,8.0,12.0,12.0,24.0,24,38,24,993,124.13,6,0,24,0,1,1,0,0,0,0,0,0,2,5,2,6,10,1,0
NYIKO PRIMARY SCHOOL,GAUTENG,Primary,6cFA5fAxPtQzaP5bz,564,544,30.0,21.0,9.0,26.86,60.44,21.0,9.0,26.86,60.44,30.0,0.0,0.0,0.0,0,41,8,1108,36.93,0,0,0,0,0,0,1,0,0,0,1,0,4,2,3,0,8,1,0
NKUMBULO SECONDARY SCHOOL,GAUTENG,Secondary,2G6DH4Aiu8dpRQyrD,629,633,55.0,27.0,28.0,23.30,22.61,26.0,26.0,24.19,24.35,52.0,1.0,2.0,3.0,3,60,4,1262,24.27,0,0,0,3,1,1,0,0,1,1,0,0,0,5,0,0,14,1,1
TEMBISA SECONDARY SCHOOL,GAUTENG,Secondary,LTccQvtsRbQdnvd4x,989,1137,51.0,23.0,28.0,43.00,40.61,7.0,10.0,141.29,113.70,17.0,16.0,18.0,34.0,34,16,11,2126,125.06,5,0,19,15,1,1,0,0,0,0,0,0,0,0,0,5,7,1,0
QEDUSIZI PRIMARY SCHOOL,GAUTENG,Primary,tC7ee9TXmJ8oDEcRe,400,426,28.0,12.0,16.0,33.33,26.63,12.0,16.0,33.33,26.63,28.0,0.0,0.0,0.0,0,39,0,826,29.50,0,0,0,0,0,0,1,1,0,0,1,1,2,3,2,0,6,1,0
REAMOHETSOE PRIMARY SCHOOL,GAUTENG,Primary,zpLEh72kC58ryRpxt,,,16.0,16.0,,,,4.0,,,,,12.0,,,12,23,4,734,183.50,0,0,0,12,,,,,,,,,0,0,4,0,8,,
SEEISO PRIMARY SCHOOL,GAUTENG,Primary,LZ7sJWsXTML9asLdD,,,13.0,6.0,7.0,,,5.0,7.0,,,12.0,1.0,0.0,1.0,1,11,4,1039,86.58,0,0,0,1,,,,,,,,,2,2,4,0,7,,
FUNUKUKHANYA PRIMARY SCHOOL,GAUTENG,Primary,55foHoJLBDfwGwTWD,,,26.0,11.0,15.0,,,5.0,10.0,,,15.0,6.0,5.0,11.0,11,18,7,,,0,0,0,11,,,,,,,,,0,0,0,0,6,,
REAKGONA PRIMARY SCHOOL,GAUTENG,Primary,WdTssNZoaRHCT3LMG,514,509,28.0,12.0,16.0,42.83,31.81,9.0,9.0,57.11,56.56,18.0,3.0,7.0,10.0,10,17,7,1023,56.83,0,0,0,10,0,0,1,1,0,0,1,0,0,0,0,0,4,1,0
ORANGE FARM PRIMARY SCHOOL,GAUTENG,Primary,kY8pdvG9t8eN5CY4h,,,34.0,16.0,18.0,,,12.0,18.0,,,30.0,4.0,0.0,4.0,4,24,9,1447,48.23,0,0,0,4,,,,,,,,,0,0,0,0,8,,
ORLANDO SECONDARY SCHOOL,GAUTENG,Secondary,XKxt23fR8Fujkyiim,437,323,9.0,9.0,,48.56,,6.0,,72.83,,,3.0,,,9,12,2,760,126.67,2,6,0,3,1,,0,,1,,0,,0,0,0,2,4,1,
QUANTUM SECONDARY SCHOOL,GAUTENG,Secondary,cQQF5juB8JG3jNbNs,417,567,14.0,6.0,8.0,69.50,70.88,5.0,7.0,83.40,81.00,12.0,1.0,1.0,2.0,2,,,984,82.00,0,0,0,2,1,0,0,0,1,0,0,0,1,1,1,0,5,0,0
LETSEMA-ILIMA PRIMARY SCHOOL,GAUTENG,Primary,ZNXsgBEk2evJkTYso,668,679,32.0,12.0,20.0,55.67,33.95,11.0,20.0,60.73,33.95,31.0,1.0,0.0,1.0,1,24,6,1347,43.45,0,0,0,1,0,0,1,1,0,0,1,1,0,2,7,0,8,0,0
TSWELOPELE SECONDARY SCHOOL,GAUTENG,Secondary,bHZpmA7SpQzx29CQk,618,659,42.0,12.0,30.0,51.50,21.97,10.0,22.0,61.80,29.95,32.0,2.0,8.0,10.0,13,36,10,1277,39.91,1,3,1,9,1,1,0,0,1,1,0,0,2,0,2,1,12,0,1
INKATHA KA ZULU PRIMARY SCHOOL,GAUTENG,Primary,srdTLx3pxML3nwKPr,554,477,0,,,,,,,,,,,,,0,,,1031,,,0,0,0,,,,,,,,,,,,,,,
KENNETH MASEKELA SECONDARY SCHOOL,GAUTENG,Secondary,yuLFP8PQcXB6aAAm6,669,714,0,,,,,,,,,,,,,0,,,1383,,,0,0,0,,,,,,,,,,,,,,,
JOB MASEKO PRIMARY SCHOOL,GAUTENG,Primary,7Lt26udxHfpKtyAwY,546,459,0,,,,,,,,,,,,,0,,,1005,,,0,0,0,,,,,,,,,,,,,,,
SOZIZWE PRIMARY SCHOOL,GAUTENG,Primary,6yXgt6quvcZfmQiWf,241,238,0,,,,,,,,,,,,,0,,,479,,,0,0,0,,,,,,,,,,,,,,,
CAIPHUS NYOKA SECONDARY SCHOOL,GAUTENG,Secondary,dLHdmSdFbLWF2kJqy,602,616,0,,,,,,,,,,,,,0,,,1218,,,0,0,0,,,,,,,,,,,,,,,
LESIBA SECONDARY SCHOOL,GAUTENG,Secondary,RfniT8dpTobMmBWDg,,,0,,,,,,,,,,,,,0,,,,,,0,0,0,,,,,,,,,,,,,,,
NOMINI PRIMARY SCHOOL,GAUTENG,Other,Sue8DWeGKHPKAyQBi,243,256,0,,,,,,,,,,,,,0,,,499,,,0,0,0,,,,,,,,,,,,,,,
PATOGENG PRIMARY SCHOOL,GAUTENG,Primary,Rvf9JkpRBRozBsyiq,358,319,0,,,,,,,,,,,,,0,,,677,,,0,0,0,,,,,,,,,,,,,,,
MASIQHAKAZE SECONDARY SCHOOL,GAUTENG,Secondary,e6s5EEf389EeLo6Tz,827,839,0,,,,,,,,,,,,,0,,,1666,,,0,0,0,,,,,,,,,,,,,,,
JET NTEO SECONDARY SCHOOL,GAUTENG,Secondary,RKz4SAhiQgbHCmTpZ,483,411,0,,,,,,,,,,,,,0,,,894,,,0,0,0,,,,,,,,,,,,,,,
