school_name,school_classification,school_province,survey_name,isverified,_id,safetylevel,hasfence,fencehasholes,conditionoffence,hassecuritygaurd,comment,version_id
TSHITSO PRIMARY SCHOOL,Primary,GAUTENG,V1,false,LJPQKz9xoGHxTxtZu,Sometimes safe,Yes,,,,,qNgGZm2CTNoa336qY
SEEISO PRIMARY SCHOOL,Primary,GAUTENG,Joseph verified,true,itrckT9Fna3NoazTp,Safe,No,No,Average (no major issues at present),Yes,,LZ7sJWsXTML9asLdD
LEFIKA PRIMARY SCHOOL,Primary,GAUTENG,V1,true,eiesakAjvSfavpKhB,Safe,Yes,,,,"There are holes in the fence.
Needs urgent repair.",GaE7jrBwPxNR4AK72
LOTUS GARDENS PRIMARY SCHOOL,Primary,GAUTENG,Joseph verified,true,E8Pw5E3bTjiDwwAR9,Safe,Yes,No,Average (no major issues at present),Yes,,hJppCjP9YgzQPhsxp
MELODI PRIMARY SCHOOL,Primary,GAUTENG,V2 - Daniel Kartun,true,vYbS6qj9skQ9qCxvo,Sometimes safe,Yes,Yes,"Needs urgent repair (e.g. holes, breaks)",,,6nyrh8pzbNxMHyu4J
FADIMEHA PRIMARY SCHOOL,Primary,GAUTENG,Joseph verified,true,csEZaY5Qj4SoB62Lb,Usually unsafe,Unsure,No,,No,No security at gate,ZMuo7tqss7QrYPuwZ
DR HARRY GWALA SECONDARY SCHOOL,Secondary,GAUTENG,Tshepo3,false,TDRtDbbML4iSYCzr6,Sometimes safe,No,Yes,"Needs urgent repair (e.g. holes, breaks)",Yes,,SNuf4DBJszmQrAzS4
ZITHEMBENI PRIMARY SCHOOL,Primary,GAUTENG,kholwani21,true,raeKELHxTz64JRHSK,Safe,Yes,,,,,2rqTjwusZ8tc8nbYt
MQINISWA PRIMARY SCHOOL,Primary,GAUTENG,Joseph verified,true,T6YofYuaNwPd4Xdhn,Safe,Yes,,Excellent (no repairs needed),Yes,,6XmRH2cDbjXJd8Zri
INKONJANE JUNIOR SECONDARY SCHOOL,Other,GAUTENG,V2 Yossi Bank,true,hRQKTJW2Wt2pd9K5C,Safe,Unsure,,,,,Zyuc4wPBmxQPcNyjF
LEFA-IFA SECONDARY SCHOOL,Secondary,GAUTENG,KHOLWANE13,true,HWmLpsYaMwwppzsZ5,Sometimes safe,Yes,Yes,"Needs urgent repair (e.g. holes, breaks)",Yes,,5QzLWMPF8grmhh3G5
KING DAVID HIGH SCHOOL (VICTORY PARK),Secondary,GAUTENG,Version 2,false,9on7Q6BEK9b2TgyCn,Usually unsafe,Yes,Yes,,,,siZhhkH29MMEnswvu
MASHEMONG PRIMARY SCHOOL,Primary,GAUTENG,Joseph verified,true,CP9GMdQ9LpFZbfyh8,Sometimes safe,Yes,No,Average (no major issues at present),,No sports fields,wfdMKsnKg56v7y6uJ
ZITHATHELE PRIMARY SCHOOL,Primary,GAUTENG,Joseph verified,true,5CzyCQdWDxp2EeDzm,Safe,Yes,No,,Yes,,sXauHMaoiXsoSamWK
REKGUTLILE PRIMARY SCHOOL,Primary,GAUTENG,SABELO VERIFEID,true,GQhByTRRLg7Knuths,Safe,Yes,,,,,9NYELJLrE2z96eKGu
QEDUSIZI PRIMARY SCHOOL,Primary,GAUTENG,Pontsho8,true,6hHxNqLarYXj7jBbD,Sometimes safe,Yes,No,Excellent (no repairs needed),,,tC7ee9TXmJ8oDEcRe
FUNUKUKHANYA PRIMARY SCHOOL,Primary,GAUTENG,KHOLWANI3,true,LvikybgaaP8bEcg5Y,Safe,Yes,No,Excellent (no repairs needed),,,55foHoJLBDfwGwTWD
VULAMAZIBUKO PRIMARY SCHOOL,Other,GAUTENG,V2 Yossi Bank,true,ijLHwTxD99tr4zNrm,Safe,Yes,No,Excellent (no repairs needed),,,4F5Qwq5cmL34WsvHP
MABOELLENG PRIMARY SCHOOL,Primary,GAUTENG,Joseph,true,3gsgRtvmN5gkKuDeD,Safe,Unsure,Yes,"Needs urgent repair (e.g. holes, breaks)",Yes,,3XdLNoiuCRA5T5Dfc
GEORGE MBILASE PRIMARY SCHOOL,Primary,GAUTENG,Joseph,true,5Wqtr2jR8k73ykGqG,Safe,Yes,Yes,"Needs urgent repair (e.g. holes, breaks)",,,bMEYkfLEMjEHiTFux
MANGWELE PRIMARY SCHOOL,Primary,GAUTENG,SABELO VERIFIED,true,wcu5hQrgRYZSfSCrF,Sometimes safe,Yes,No,Excellent (no repairs needed),Yes,,HZFjNDTejF5ga78Sx
ZITIKENI SECONDARY SCHOOL,Secondary,GAUTENG,SABELO VERIFIED,false,6zBG86b87mv6L9GrL,Safe,Yes,No,Average (no major issues at present),Yes,,A7HS55Lmpv7eWduhv
TSAKANE PRIMARY SCHOOL,Primary,GAUTENG,Sympathy Varified,true,gePRcWSWyjK2BZgR9,Safe,Yes,,Excellent (no repairs needed),,,MYuCFef7Fjt8yRX8d
LEBONE PRIMARY SCHOOL,Primary,GAUTENG,KHOLWANI7,true,apWJkdaoDo9RSTZNh,Sometimes safe,Yes,,,,,drsWF9n9G7CxbrANB
Radibapi Primary,Primary,GAUTENG,sabelo,true,rNG9kwBPr8W8oW8ZN,Safe,No,No,Excellent (no repairs needed),Yes,,Acd6f7D8RbhpthZHN
PHAMEHLO PRIMARY SCHOOL,Primary,GAUTENG,Symps,true,9iDTYQCAiNMjx4hSM,Usually unsafe,No,,,,,eg2P5ZFGTcwctmdcA
ORLANDO SECONDARY SCHOOL,Secondary,GAUTENG,SABELO VERIFIED,true,58FN9xhtNG9ed8M6o,Sometimes safe,Yes,No,Average (no major issues at present),Yes,,XKxt23fR8Fujkyiim
DITAWANA PRIMARY SCHOOL,Primary,GAUTENG,pontsho 21,true,Wvkra7mxT34vZvzHC,Safe,Yes,No,Excellent (no repairs needed),Yes,,LBujyFwCgPkGzWSZy
SECHABA PRIMARY SCHOOL,Primary,GAUTENG,KHOLWANI14,true,PMGQzQBFKf9Rstkxx,Safe,Unsure,,,,,ufaeHuMMa97ge5aCK
PHOMOLONG SECONDARY SCHOOL,Secondary,GAUTENG,V2 - Adam Dison,true,Txhvckj4iPv3i9YAW,Usually unsafe,Yes,No,Excellent (no repairs needed),Yes,,xuTGawqPYaYusxnm8
LEJOELEPUTSOA PRIMARY SCHOOL,Primary,GAUTENG,Freddy4,false,6hou3faM992cmERgm,Sometimes safe,No,,,,,EtsNuLzuvqcqdM943
TEMBISA WEST SECONDARY SCHOOL,Secondary,GAUTENG,Freddy10,true,kcg49vA5hb6QCBMj7,Sometimes safe,Yes,Yes,Average (no major issues at present),,,4avNjjRgrzrEpwKMN
DR NHLAPO INTERMEDIATE SCHOOL,Primary,GAUTENG,Joseph verified,true,6MBMFcDwN6FgfXKx9,Safe,Yes,Yes,"Needs urgent repair (e.g. holes, breaks)",,,Hjqy94n4PwNqwN5uA
O.R TAMBO PRIMARY SCHOOL,Primary,GAUTENG,Zanele V1,true,j8gMeuaGg8xHTjDa8,Safe,Yes,No,Excellent (no repairs needed),,,Gfj3WRS3Y8w4dmyph
ZENZELENI PRIMARY SCHOOL,Primary,GAUTENG,Sympathy Varification,false,rfDERF9pKtkMtzmwn,Safe,Yes,No,Excellent (no repairs needed),,,hTroeBPPurCSNxDGe
EKUKHANYISWENI PRIMARY SCHOOL,Primary,GAUTENG,SABELO VERIFIED,true,iQawGcsBHLEkdAKem,Safe,Yes,No,Excellent (no repairs needed),Yes,,EbrJ8dHAyrQTpSaNj
TLAKULA SECONDARY SCHOOL,Secondary,GAUTENG,Sympathy Varified,true,eYPX5GcZTvLbmFxFN,Sometimes safe,Unsure,,Average (no major issues at present),,THE SCHOOL HAS SECURITIES UNDER THE DEPARTMENT OF THE POLICE AND SOMETIMES THEY ARE LAZY TO DO THEIR JOB,uiiC6LpdXHBickDqX
TLHAKANANG PRIMARY SCHOOL,Primary,GAUTENG,Tlhakanang Primary School,false,PpwZ5wfrQX383FQ5F,Safe,Yes,,,,,3acdePaA3PaTzXLaP
OR TAMBO PRIMARY SCHOOL,Primary,GAUTENG,Sympathy verified,false,SaQvAzp6qMXAjFbdQ,Safe,Yes,,,,,xp2bxhMm4Yoeu9jho
PHUTHULLA PRIMARY SCHOOL,Primary,GAUTENG,Joseph verified,true,zfuDrKQXxzoppaHfa,Usually unsafe,Yes,Yes,,,,pRKnFJGLubdAiTZEy
SEOTLOANA PRIMARY SCHOOL,Primary,GAUTENG,Zanele V1,true,qivHtgxQKPK5bG9N3,Safe,No,,,,,Qmhp6bLYHrRTc42wc
EMMANGWENI PRIMARY SCHOOL,Primary,GAUTENG,Zanele v1,true,sjjZXu92DyNTW28Q2,Sometimes safe,Yes,,,,There's fencing but it has holes in between and urgent repairs are needed.,SeRiR2xnt35DWtRzX
SAULRIDGE SECONDARY SCHOOL,Secondary,GAUTENG,Sabelo verified,true,Qspyr9zCRcJTyNeK8,Safe,Yes,No,Average (no major issues at present),,,ZgR4zqFothSycL9hz
TSIMONG PRIMARY SCHOOL,Primary,GAUTENG,Kholwani19,true,WW4C9g5vzDNqx3rZC,Usually unsafe,No,,,,,jR3LMPDnnHi7xvLcp
REALO  SECONDARY SCHOOL,Secondary,GAUTENG,SABELO VERIFIED,true,Di8mXhoBxttvmR9GW,Safe,Yes,No,Excellent (no repairs needed),No,,6iixm3MYropadAMjX
SEDIBENG PRIMARY SCHOOL,Primary,GAUTENG,Zanele V1,true,fsntxRW4Gq8HJe93c,Safe,Yes,,Excellent (no repairs needed),Yes,,8pdqiKPuW9emmvdMA
INKATHA KA ZULU PRIMARY SCHOOL,Primary,GAUTENG,Tshepo1,true,32FMZehsH8ueRfEWG,Safe,Yes,No,Average (no major issues at present),,,srdTLx3pxML3nwKPr
SIVUSE PRIMARY SCHOOL,Primary,GAUTENG,SABELO1,false,3mXM2ZRm3KbWx59Cy,Usually unsafe,No,,,,,JeGKrkaqdgboxbxAd
N'WA MHINGA PRIMARY SCHOOL,Primary,GAUTENG,V2-Jaydin krok,false,goE46KJgYnM6STNBS,Usually unsafe,No,,,,,S47bpHzXts94zC2ke
JABULANI THABANG PRIMARY SCHOOL,Primary,GAUTENG,Sabelo1,true,akCrTLGZ3yTzT7csr,Safe,Yes,Yes,Average (no major issues at present),Yes,,MtKWmrDmPtx6hTjXm
ZAKHENI PRIMARY SCHOOL,Other,GAUTENG,Sympathy varified,true,Spfxahahan4YMDs6Z,Safe,Yes,Yes,"Needs urgent repair (e.g. holes, breaks)",Yes,,HKHTs5NYM9YcNKmA3
HOFMEYR SECONDARY SCHOOL,Secondary,GAUTENG,Joseph verified,true,gS6yeQ6vEqDeHmkKf,Usually unsafe,Yes,Yes,Average (no major issues at present),Yes,,Z9wz3QcLwmRfGuaeT
DITAWANE,Primary,GAUTENG,Joseph verified,false,RL2EpQkRa78Yne7RW,Safe,Yes,,,,,ZQpQXXcpAjvZC2ony
WESTFIELDS PRIMARY SCHOOL,Primary,GAUTENG,SABELO 1,true,oq7YW9zkxXXv35mux,Sometimes safe,Yes,,,,,ghEZdTPoThhpWNWiw
PHELINDABA SECONDARY SCHOOL,Secondary,GAUTENG,Sabelo verified,true,Y5XdYGaEmNQQTgbxc,Usually unsafe,No,,,,,yAYPTyMxnk5pj2zT9
LERESCHE PRIMARY SCHOOL,Primary,GAUTENG,Joseph verified,true,geNW7jZay7TAcSy3A,Safe,Yes,No,,No,,giGaTXuXxZQxCGaMd
TSOELOPELE PRIMARY SCHOOL,Primary,GAUTENG,Joseph verified,false,2d7k4ijXtd7kXHrPy,Safe,Yes,No,Excellent (no repairs needed),Yes,,ZrghZT93L2bSWSofg
JET NTEO SECONDARY SCHOOL,Secondary,GAUTENG,Sabelo1,true,Ej4E5PKYgw6uH5S7R,Sometimes safe,Unsure,,,,,RKz4SAhiQgbHCmTpZ
LIVHUWANI PRIMARY SCHOOL,Primary,GAUTENG,SABELO VERIFIED,true,PnmHLqCvbWJBTt98k,Sometimes safe,Yes,Yes,Average (no major issues at present),Yes,,PySjA6yQMoXAyS2z8
NYIKO PRIMARY SCHOOL,Primary,GAUTENG,Freddy9,true,eixYWceqHoDasMjWK,Safe,Yes,No,,,,6cFA5fAxPtQzaP5bz
TOKELO SECONDARY SCHOOL,Secondary,GAUTENG,Joseph verified,true,jijXtKdD7E6s6CWiq,Safe,Yes,Yes,Average (no major issues at present),,,WszeF9gAuQuHMNHLC
LEHLASEDI PRIMARY SCHOOL,Primary,GAUTENG,Sabelo1,true,8ofDFQDCcnX6oYL72,Safe,Yes,No,Excellent (no repairs needed),Yes,,efr9txWNfPHw3AhD7
GORDON PRIMARY SCHOOL,Primary,GAUTENG,SFISO V1,true,HuD7Fdh2qQZGFA69Z,Safe,Unsure,No,Excellent (no repairs needed),,,qsXPNNQE3pWkdTbfb
MASIQHAKAZE SECONDARY SCHOOL,Secondary,GAUTENG,V1,true,74RKnv2mDg7JMxgGG,Usually unsafe,Yes,Yes,"Needs urgent repair (e.g. holes, breaks)",,,e6s5EEf389EeLo6Tz
MASIMINI PRIMARY SCHOOL,Primary,GAUTENG,V2 Adam Dison,true,JuqnGHiwoWPeFoxxp,Safe,Yes,No,,Yes,,E7KSgcfSqaoDb5BEE
LEEMA-MOKOTULI PRIMARY SCHOOL,Primary,GAUTENG,Sabelo1,true,Q9CvD8QpGGYfLEPXs,Usually unsafe,Yes,Yes,"Needs urgent repair (e.g. holes, breaks)",No,,2smWdy5ZETPXoRrYG
SIBONELO PRIMARY SCHOOL,Primary,GAUTENG,Sympathy verified,true,WHuyRZr4HkzLebLJJ,Safe,No,,,,,GQPE7rurt9bb7DM5a
IPHUTHENG PRIMARY SCHOOL,Primary,GAUTENG,Sympathy varified,true,fNQnShJ7hHqTHN77d,Safe,Yes,No,Excellent (no repairs needed),,,tqMTBWRbAuYsAqATz
LETSEMA-ILIMA PRIMARY SCHOOL,Primary,GAUTENG,Symps,true,pDpSn2h3wzPNd5pDu,Usually unsafe,No,,,,,ZNXsgBEk2evJkTYso
BOKAMOSO SECONDARY SCHOOL,Secondary,GAUTENG,Zanele V1,true,jGa8SxdtvHBEhp6Xq,Sometimes safe,Yes,,Average (no major issues at present),Yes,,H2wSN9EFbKzeSGjCh
KGOLAGANO PRIMARY SCHOOL,Primary,GAUTENG,Joseph verified,true,fF8aRnGhYksd33H5a,Safe,Yes,No,Excellent (no repairs needed),,,o6KRqZ8m5YyPCmxEu
Tsimona Primary School,Other,GAUTENG,Tsimona Primary School,false,xKkz2emiXX8iXBYfn,Usually unsafe,No,,,,,LJC3JBYxgkbi8GzAP
STEVE BIKO PRIMARY SCHOOL,Primary,GAUTENG,SABELO VERIFIED,false,2NY3NKappSuoHiTrE,Sometimes safe,Yes,No,Average (no major issues at present),Yes,,g6orxjw6EmCqYup83
STRETFORD EXT 8 PRIMARY SCHOOL,Primary,GAUTENG,Sfiso v1,true,RPedjd5y2fidwkX5T,Safe,Yes,No,Excellent (no repairs needed),,,4zo5MNwbBvTPykbFg
MEADOWLANDS PRIMARY SCHOOL,Primary,GAUTENG,Tamir Shklaz,true,g46w4eYzKS9Qi8D2z,Safe,Yes,,,,,ogTK6SAt8Ndg38xPc
WINNIE MANDELA PRIMARY SCHOOL,Primary,GAUTENG,SABELO VERIFIED,true,dJZMqrA9eFkyKKMbE,Safe,Yes,Yes,,Yes,,qqTGPEnmDQRrarBSw
SELELEKELA SECONDARY SCHOOL,Secondary,GAUTENG,SABELO 1,true,dWeg3wJTX9fXtAxbw,Usually unsafe,Yes,,,,,Ayck7PmsY3mNr3gZQ
ZIMISELE SECONDARY SCHOOL,Secondary,GAUTENG,Pontsho3,true,SebQNDpP3KBAafj5L,Sometimes safe,No,,,,,bEf9GjYAyqAqY3bhw
CARTER PRIMARY SCHOOL,Primary,GAUTENG,Joseph verified,true,T6MJYYXmfPvrFLfHk,Safe,Yes,Yes,"Needs urgent repair (e.g. holes, breaks)",,,tdRzrm36MQJ2raFea
MAHLAHLE PRIMARY SCHOOL,Primary,GAUTENG,SABELO VERIFIED,true,ckhqbTv4dAJSGyXaR,Safe,Yes,No,Average (no major issues at present),,,YLYWLt3BFmbGuRHBQ
QUANTUM SECONDARY SCHOOL,Secondary,GAUTENG,Tshepo2,true,2d5Yzydcdwuqv7cqY,Sometimes safe,Yes,Yes,,,,cQQF5juB8JG3jNbNs
EMFUNDISWENI PRIMARY SCHOOL,Primary,GAUTENG,SABELO VERIFIED,false,iPYKq4f5uDpzQtRuz,Safe,Yes,No,Excellent (no repairs needed),Yes,,8TjXzm5mqedTkvZ5n
THOHO-YA-NDOU PRIMARY SCHOOL,Primary,GAUTENG,Joseph verified,true,NYwEepywie4eWcYzB,Safe,Yes,No,Average (no major issues at present),Yes,,q7vvj7t7uptnim45G
SIPHIWE PRIMARY SCHOOL,Primary,GAUTENG,Zanele V1,true,p3o4WfdNewmHAHxsb,Safe,Yes,No,Excellent (no repairs needed),,,8EkWbb3qMosGvaWyT
NTSIKANA PRIMARY SCHOOL,Primary,GAUTENG,Sympathy Varified,true,fs8Da8rofxzxvagnv,Safe,Yes,No,Excellent (no repairs needed),,,95AYoAp6AiYz3KZ2t
KHULA SIZWE PRIMARY SCHOOL,Primary,GAUTENG,Freddy7,true,E3Zd39K2EjQuWRYKM,Safe,Yes,No,Excellent (no repairs needed),,,ayNNoGKj3iCnECzSg
TOTOMENG PRIMARY SCHOOL,Primary,GAUTENG,Joseph verified,true,TQGYXXWoSzfvMTG6B,Usually unsafe,Yes,No,Average (no major issues at present),,,tMjiiRvEEAsNmSJGx
PUDUMO PRIMARY SCHOOL,Primary,GAUTENG,SABELO 1,true,DBkYy4ahnrPqoMwnD,Safe,Yes,,,,,fXPmfwBo9N6rx7mLh
PHORORONG PRIMARY SCHOOL,Other,GAUTENG,Joseph,true,xSmcnJ8xQCc7Sp7q9,Usually unsafe,Yes,No,Excellent (no repairs needed),Yes,,qs4DrHmATWN59Tptg
THEMBALIHLE PRIMARY SCHOOL,Primary,GAUTENG,SABELO1,true,YiGDkNYkTCfwRxp2W,Safe,No,No,Excellent (no repairs needed),Yes,,AHHiQixZscHdnSQpM
VEZUKHONO SECONDARY SCHOOL,Secondary,GAUTENG,Joseph1,false,LZwE2Xr3gQYixMfWQ,,,,,,,mDwDpssp9xiy5oAgB
VEZUKHONO SECONDARY SCHOOL,Secondary,GAUTENG,Joseph,true,PpdZ5KMod4HWxbnq6,Usually unsafe,No,,,,,8FucY8f4FTzL2XmhY
AMOS MAPHANGA SECONDARY,Secondary,GAUTENG,V2 Yossi Bank,true,m77knk29FAw2mEWs7,Safe,Yes,Yes,"Needs urgent repair (e.g. holes, breaks)",Yes,,ra2zX3jjBPguj6bc3
TEMBISA SECONDARY SCHOOL,Secondary,GAUTENG,V1,true,MwqNaQ4XrC8tnGAqF,Sometimes safe,Yes,Yes,"Needs urgent repair (e.g. holes, breaks)",Yes,,LTccQvtsRbQdnvd4x
DIEPDALE SECONDARY SCHOOL,Secondary,GAUTENG,V2-Jaydin krok,true,dRmx7WLxKrgkh3oMh,Sometimes safe,Yes,Yes,"Needs urgent repair (e.g. holes, breaks)",Yes,,EyHGQ2ctZRGcPQ4Lc
NTOKOZWENI PRIMARY SCHOOL,Primary,GAUTENG,Pontsho12,true,HEsPsjaPtJPoyykjW,Safe,Yes,No,Excellent (no repairs needed),Yes,,EtHDHYs97BCxasggi
PHANDIMFUNDO SECONDARY SCHOOL,Secondary,GAUTENG,SABELO VERIFIED,true,kQqnjDSveenxPmQQK,Sometimes safe,Yes,Yes,Excellent (no repairs needed),Yes,,tDKj5hfjzok3tbGs9
AB XUMA PRIMARY SCHOOL,Primary,GAUTENG,V2-jaydin krok,false,cZknLKqNEF79Ap7m7,Safe,Yes,,,,,r8FrZJWZGiB9zPmmc
TSIETSI MASHININI PRIMARY SCHOOL,Primary,GAUTENG,Sympathy varified,true,Jmda43xQounjH6BA8,Safe,Yes,Yes,Average (no major issues at present),Yes,,n9gEojJ6K5eKYJ4c2
ZIFUNELENI JUNIOR SECONDARY  (COMB. PRIMARY) SCHOOL,Other,GAUTENG,SABELO VERIFIED,true,f42sxp4wDGQoQZsQB,Safe,Yes,No,,,,HE7QyZrdjZD4TwigW
VUYO PRIMARY SCHOOL,Primary,GAUTENG,Joseph,false,EfRideDYjBnfXpYZE,Usually unsafe,,,,,,esLPjFoMCrf7aGwqS
MENZI PRIMARY SCHOOL,Primary,GAUTENG,Sympathy varified,false,YgLwyuDsoDqfq6XLv,Sometimes safe,Yes,,Average (no major issues at present),,,eqJ28tbWRDYX6YPkp
SAPPHIRE SECONDARY SCHOOL,Secondary,GAUTENG,Joseph verified,true,JCshDmo8kiLxNZZwB,Safe,Yes,No,Average (no major issues at present),Yes,,mu6wNPMzZ754NLLnE
LUKHOLWENI PRIMARY SCHOOL,Primary,GAUTENG,Joseph verified,true,kA9vbwGYXgJHqHsxx,Safe,Yes,No,Average (no major issues at present),Yes,,gpABZNKAeZxGARLNE
LEBOHANG SECONDARY SCHOOL,Secondary,GAUTENG,Sabelo1,true,YGpFCB6Drkx3J4FMF,Safe,Yes,,,,,KrNZ7H2XmHuPpHRrN
EAST BANK HIGH SCHOOL,Secondary,GAUTENG,Sympathy varified,true,oB2FNx9sSK4i6to2A,Safe,Yes,No,Excellent (no repairs needed),Yes,,LD7hazozFmAuLNBgP
THUTO LORE SECONDARY SCHOOL,Secondary,GAUTENG,Tamir Shklaz,true,rqvrXgy45uzEYcpHN,,Yes,,,,,A82Sqxg6dWo9BjRw7
LERATONG PRIMARY SCHOOL,Primary,GAUTENG,sfisov1,false,C4bwFmRMz5DoAnWnh,Usually unsafe,Yes,No,,No,,8Q8hLajqT7vMWrbeA
KUZIMISELA PRIMARY SCHOOL,Primary,GAUTENG,Tshepo,true,v27cyAdd5oGECCySi,Usually unsafe,Yes,No,Average (no major issues at present),,,HushLZncKDsTyJhfN
DITAU PRIMARY SCHOOL,Primary,GAUTENG,Sympathy varified,true,NKutbGoGDe3DwHJyt,Sometimes safe,,,,,,SDQzcRxtroyWa7uGB
INXIWENI PRIMARY SCHOOL,Primary,GAUTENG,Freddy8,true,FgZSgCEj7qKzBRELP,Safe,Yes,No,Excellent (no repairs needed),,,g2zngXhSLP6Xe7qtg
MOGOGODI PRIMARY SCHOOL,Primary,GAUTENG,Joseph1,true,sq5gxtrqCjHicujdc,Safe,Yes,No,Excellent (no repairs needed),,,rgipwMLK9skQK2EuA
PHUTHUMANI PRIMARY SCHOOL,Primary,GAUTENG,Sympathy Varified,true,gsJMqF7atQBF76mRz,Sometimes safe,Yes,Yes,Average (no major issues at present),,,6ZNqRnThWfJTjmtzh
MICHAEL ZULU PRIMARY SCHOOL,Primary,GAUTENG,Sympathy varified,true,bfoLd45GPWqP2LmvN,Safe,Yes,No,Average (no major issues at present),,,3tbjfT8zZ2fPGfiwc
ITHUTE PRIMARY SCHOOL,Primary,GAUTENG,Sympathy Varified,true,NTTKxtAW2de92s8ju,Safe,Yes,,Average (no major issues at present),,,tkbM3Jp4KjPx4H5qC
ITSEBENG PRIMARY SCHOOL,Primary,GAUTENG,SABELO1,true,4Lnf5H2DMPzKg8kf3,Safe,Yes,,,,,bAExKd8RN5BhHzb3z
LABAN MOTLHABI COMPREHENSIVE SCHOOL,Secondary,GAUTENG,Pontsho6,true,TPoJ9X9facnKKeZNw,Sometimes safe,Yes,Yes,Average (no major issues at present),,,922NEXkq8CZy6PH7L
GOVAN MBEKI PRIMARY SCHOOL,Primary,GAUTENG,Sabelo verified,true,9xqQxxG5mGXeQJ7uy,Safe,,,,,,dBu8rGN6ZLKj4rb4e
MOYISELA PRIMARY SCHOOL,Primary,GAUTENG,Sabelo verified,false,ZePJkyJtraiaen3xm,Safe,Yes,No,"Needs urgent repair (e.g. holes, breaks)",Yes,,XTL9gvLr9S2MmMsjJ
BHEKIMFUNDO PRIMARY SCHOOL,Primary,GAUTENG,Joseph verified,false,2PwPRoXmX4LqEKJrP,Safe,Yes,Yes,Average (no major issues at present),,,JpDqQfLuuC9qJrici
NTSELE PRIMARY SCHOOL,Primary,GAUTENG,Sabelo1,true,Ed3RH4vJvB8FWfq4v,Usually unsafe,No,Yes,"Needs urgent repair (e.g. holes, breaks)",Yes,,aQ4BMeoFWmo4HrHqF
SAKHELWE PRIMARY SCHOOL,Primary,GAUTENG,Pontsho 10,true,nAHNYXzsiinfPbjJ2,Sometimes safe,Yes,No,Excellent (no repairs needed),Yes,,7jdhLaYzWcCtFduQg
THUTOLORE SECONDARY SCHOOL,Secondary,GAUTENG,Joseph verified,false,Ad2QQFmSjwLbs5dMa,Safe,Yes,No,Excellent (no repairs needed),,,BwK89vufnm6iCSJhQ
SELIBA PRIMARY SCHOOL,Other,GAUTENG,Joseph verified,true,f5XY3uvwxzLYhq4kg,Safe,Unsure,,,,,RHG8484wnsaqifrig
KGALEMA PRIMARY SCHOOL,Primary,GAUTENG,V2-Jaydin krok,true,EDpo6CWDvM5aycEkf,Safe,Yes,,,,,MYybcL4ntNLDfPjZt
UMSOBOMVU PRIMARY SCHOOL,Primary,GAUTENG,KHOLWANI11,false,iRHb97R3JttvSop3e,Safe,,,,,,2Qm9dY2unum62oDu7
KGOMOCO PRIMARY SCHOOL,Primary,GAUTENG,Joseph verified,true,sdyKSGmqZyno8h6Wa,Safe,Yes,,,,,METTMMRQRhoWxKdRt
KOKOSI PRIMARY SCHOOL,Primary,GAUTENG,Mabuza verified,true,PfLTHbLggMGYzLpnc,Sometimes safe,Yes,,,,,sfgS3CrJFoTBvFQ72
REAKGONA PRIMARY SCHOOL,Primary,GAUTENG,Tamir Shklaz\,true,qnJvEA6DnPgaGuaHv,Safe,No,,,,,WdTssNZoaRHCT3LMG
NKABINDE PRIMARY SCHOOL,Primary,GAUTENG,V2 Yossi Bank,true,Ac2CqYJRgS9h5ZZE8,Safe,Yes,No,Excellent (no repairs needed),Yes,,LrmX8FAuJMKckWE6c
JOB MASEKO PRIMARY SCHOOL,Primary,GAUTENG,KHOLWANI12,true,h2CdqAHuAcmgtTaGc,Safe,Yes,,,,,7Lt26udxHfpKtyAwY
ISIZIBA PRIMARY SCHOOL,Primary,GAUTENG,V1,true,i43swsxmP9y9fajXP,Safe,Yes,Yes,"Needs urgent repair (e.g. holes, breaks)",,,vZkChYaMACHarXWxC
BUHLEBEMFUNDO SECONDARY SCHOOL,Secondary,GAUTENG,Joseph verified,false,gx5Sc2bQxGXWLxe6x,Safe,Yes,No,Excellent (no repairs needed),,,Ch6HJ6DZmFCYxKkww
NKUMBULO SECONDARY SCHOOL,Secondary,GAUTENG,Pontsho4,true,ufBzXnxxrjTKfMwQ5,Usually unsafe,Yes,Yes,"Needs urgent repair (e.g. holes, breaks)",,The security guard doesn't control access to the school/ to the gate,2G6DH4Aiu8dpRQyrD
LETSATSING COMBINED SCHOOL,Primary,GAUTENG,SABELO 1,true,C7iZkcY5288RTwh8w,Usually unsafe,Yes,,,,,hBG3H9epZYnScCbtp
TLHOLO INTERMEDIATE SCHOOL,Primary,GAUTENG,Joseph1,true,vYA9X3Q5232JQJiW4,Safe,Unsure,,,,,bPfY5thaXn4EAdkXw
ENDULWENI PRIMARY SCHOOL,Primary,GAUTENG,Joseph verified,true,nTCCog9t6CATscaT7,Safe,Yes,No,Excellent (no repairs needed),,,ocFaNqXzeBvD5hiAZ
ORANGE FARM PRIMARY SCHOOL,Primary,GAUTENG,V1,true,Je8XDnmsC3FyTGtGb,Sometimes safe,,,,,"There are holes in the fence.
Needs urgent repair.",kY8pdvG9t8eN5CY4h
ISEKELO PRIMARY SCHOOL,Primary,GAUTENG,Joseph verified,true,zndothvn3ZQixvHyv,Safe,Yes,No,,,,rRCnvnKF3KB68xQfw
BUD MBELLE PRIMARY SCHOOL,Primary,GAUTENG,SABELO VERIFIED,true,RxEjuhnogc3chjwib,Safe,Yes,Yes,Average (no major issues at present),Yes,,bf5Ltec4dXsz7pEX9
NCHABELENG PRIMARY SCHOOL,Primary,GAUTENG,KHOLWANI9,true,DvBrnfACHEeteDcMr,Safe,Unsure,,,,,5iHufHeS6B2XBsHTB
ZAMANI PRIMARY SCHOOL,Primary,GAUTENG,Sympathy Varified,true,WXhmaBfshK66ALCbs,Usually unsafe,Yes,No,Excellent (no repairs needed),,,sfN5HAvKti5hRvPxZ
MODUOPO PRIMARY SCHOOL,Primary,GAUTENG,Zanele V1,true,xYExi9oK5RgWhEww6,Usually unsafe,Yes,,,,school should be a safe place and parents should be relieved when they send thier kids to school,Q2SemXMcpEX5NfYsD
MOKGOME SECONDARY SCHOOL,Secondary,GAUTENG,Joseph verified,true,LdvTsT3RxfZju3TgN,Usually unsafe,Yes,No,Average (no major issues at present),,,QBmBALzw89kwmHz2B
BONA COMPREHENSIVE SCHOOL,Secondary,GAUTENG,SABELO VERIFIED,true,NFJC7PZFpyAcsMERD,Safe,Yes,Yes,Average (no major issues at present),Yes,,xsLXqpcynPeYTwiXE
ESIKHISINI PRIMARY SCHOOL,Primary,GAUTENG,Joseph verified,true,BjeTkbMssn4wFfQq8,Usually unsafe,Yes,No,Average (no major issues at present),No,,CoWKa7AHpYehwgjN4
DAVID HELLEN PETA SECONDARY SCHOOL,Secondary,GAUTENG,Joseph verified,false,DnvQQnaxJsqsgppzJ,Sometimes safe,Yes,No,Excellent (no repairs needed),Yes,The does not have an alarm,BpGigPup4eyijh28x
GOROGANG PRIMARY SCHOOL,Primary,GAUTENG,Pontsho5,true,YT2uyMKCmDRJdExho,Usually unsafe,Yes,No,Excellent (no repairs needed),,The school needs security to ensure safety and security for learners,fkuEy7WKs5HL2NM6z
LEBOWA PRIMARY SCHOOL,Primary,GAUTENG,Joseph,true,QZPH7Kf9MM2N2jHRE,Usually unsafe,Yes,No,Average (no major issues at present),Yes,,KhtEcF9mnhkNyqnW3
SELOPE-THEMA PRIMARY SCHOOL,Primary,GAUTENG,SABELO VERIFIED,true,u4g8DN5xsNPAkMWZ5,Safe,Yes,No,Excellent (no repairs needed),Yes,,Kqq9XsRqsRQM6PjGn
GAHLANSO PRIMARY SCHOOL,Primary,GAUTENG,Zanele V1,true,8D35KXPzbRx4prXji,Usually unsafe,Yes,Yes,Average (no major issues at present),,,WeXHdZMumEMFyckHq
BOPASENATLA SECONDARY SCHOOL,Secondary,GAUTENG,Joseph verified,true,2kc77Bc5bin485DX7,Safe,Yes,No,Excellent (no repairs needed),Yes,,cDYo2z98FGZzNHPMM
MUZOMSHA PRIMARY SCHOOL,Primary,GAUTENG,KHOLWANI18,true,sbhYzvSH9Bg8QQQ6h,Usually unsafe,Yes,No,Average (no major issues at present),No,,NTo8EK8jnLkjB93Hd
MVELAPHANDA PRIMARY SCHOOL,Primary,GAUTENG,Freddy9,true,Z2kMQuSk8Miz9de27,Sometimes safe,No,,,,,aMRD37JGNEmrz9FZ9
DINOTO TECHNICAL SECONDARY SCHOOL,Secondary,GAUTENG,Tshepo3,true,RnECSoag9a4fbQCXr,Sometimes safe,Yes,No,Excellent (no repairs needed),Yes,,pqm6NksjcwAhrDwyH
JORDAN SECONDARY SCHOOL,Secondary,GAUTENG,Sabelo1,true,rsCWq3D6JPK3Gq6ys,Safe,Yes,Yes,Average (no major issues at present),Yes,,ZQvS49GgfM6XNnqij
RETLILE PRIMARY SCHOOL,Primary,GAUTENG,Jake Pencharz,true,FKqnMgC8KhA8R3j4W,Safe,Yes,,,,"No holes
Excellent fence condition",y8vNYzZpy3A9BHx6W
NQUBELA PRIMARY SCHOOL,Primary,GAUTENG,Sympathy Varified,true,Dq5sv84xiH9Hx5L7d,Safe,Yes,,,,,mobhBo8uKGxkvNsjR
PHUTHADITSHABA PRIMARY SCHOOL,Primary,GAUTENG,SABELO VERIFIED,true,K5uc4st5odBJ6jdt8,Usually unsafe,Yes,No,Average (no major issues at present),Yes,,ojqksxwnmxWXpM8n6
LESHATA SECONDARY SCHOOL,Secondary,GAUTENG,Sabelo verified,true,6iB5rZ5EBXBvWQvz4,Safe,Yes,Yes,"Needs urgent repair (e.g. holes, breaks)",Yes,,opzRuPL9N8RSzCNsi
HLANGABEZA PRIMARY SCHOOL,Primary,GAUTENG,Symps,true,Nf5RQ6mYmNa3NbDbu,Safe,Yes,,,,,uyB7xpWYkTuuhsLzS
ROLIHLAHLA PRIMARY SCHOOL,Primary,GAUTENG,Tshepo2,true,ozcazr8zSR6qomFfA,Sometimes safe,Yes,,Average (no major issues at present),,,Qzm8u4imxajBRWLE5
KHANGEZILE PRIMARY SCHOOL,Primary,GAUTENG,Pontsho9,true,WZobzJ57qFDwN9ito,Sometimes safe,Yes,Yes,"Needs urgent repair (e.g. holes, breaks)",Yes,,KDmkojmtPfcEEQ3vv
QHAKAZANI PRIMARY SCHOOL,Primary,GAUTENG,tshepo20,true,j7PyCR6mckukPxwdo,Safe,Yes,,,,"no holes
no repairs needed
security guard present",Y2gH7TZojYSgJ6J3i
TLHOKOMELO PRIMARY SCHOOL,Primary,GAUTENG,Joseph1,true,mTfNgkWedtPsJbWv7,Sometimes safe,Yes,,,,,y3Rzmw2pDYqioZ8WC
HULWAZI SECONDARY SCHOOL,Secondary,GAUTENG,Tshepo1,true,Q3qvfcPm5zmPzrSTw,Sometimes safe,Yes,Yes,"Needs urgent repair (e.g. holes, breaks)",,,Tnm69CSqqbdHg9obr
MAKAPANE PRIMARY SCHOOL,Primary,GAUTENG,Joseph verified,true,qj9Zng2D5BZuqwu6J,Safe,,,,,,X4uSNwu6z2y2MdNwA
DUMEHLEZI INTERMEDIATE SCHOOL,Primary,GAUTENG,Joseph verified,true,XsfcE7RottkngBNRe,Safe,Unsure,,,,,uvAsG8PGNZNED5pxz
Nxineni Primary,Primary,GAUTENG,Nxineni Primary,false,9F7WFGFF44NveG2mD,Safe,Yes,,,,,eiaeXipXaywPNGZ7X
CHARLOTTE MAXEKE SECONDARY SCHOOL,Secondary,GAUTENG,V2 Yossi Bank,true,bwjRHa9Y3k5JCwGRY,Usually unsafe,No,,,,,HMfiK9msnxvBpZRTv
TSHIRELETSO PRIMARY SCHOOL,Primary,GAUTENG,Joseph1,false,Lk7isu2zyirL3nQfb,Usually unsafe,Yes,,,,,syBSsyuaG3J2rk8ky
DR WF NKOMO SECONDARY SCHOOL,Secondary,GAUTENG,Sympathy Varified,true,2qvdGPfPZBht27pSm,Safe,No,No,Average (no major issues at present),,,u2mAvGSYipuFCETW2
KHOMANANI PRIMARY SCHOOL,Primary,GAUTENG,SABELO VERIFIED,true,hi4G6XmwLt5JuqAmk,Safe,Yes,Yes,Average (no major issues at present),Yes,,myEbntbNmwtRJAXXn
BOPHELONG SECONDARY SCHOOL,Secondary,GAUTENG,Joseph verified,true,PC8cS28EcmkNrCcbW,Safe,Yes,Yes,"Needs urgent repair (e.g. holes, breaks)",Yes,,AQmqsTKLbbQgfAmzP
MONTSOSI PRIMARY SCHOOL,Primary,GAUTENG,SABELO1,true,tvTdbrhisHTwDP3ck,Usually unsafe,Yes,,,,,rCApJ97XLJY5xuoJY
IMFUNDO MIDDLE SCHOOL,Primary,GAUTENG,Tshepo25,true,4gfb4jhYR6NtewhCX,Usually unsafe,Yes,,,,,pamnvbjX3nHtQtv4D
IKAGE PRIMARY SCHOOL,Primary,GAUTENG,Sympathy varified,true,t9vgkfMNTWCuBTNQv,Safe,Yes,Yes,Average (no major issues at present),,,NY3CpQoLXKGkXkq8b
TSHIRELA PRIMARY SCHOOL,Primary,GAUTENG,Joseph verified,true,bg9Bt4mhMNSYLK4HJ,Safe,Yes,No,Excellent (no repairs needed),Yes,,93KanXF8i8wGs4YKw
DR KNAK PRIMARY SCHOOL,Primary,GAUTENG,"SABELO VERIFIED
pontsho 20",true,deZiFAYkbBhqr9NNM,Safe,Yes,No,Excellent (no repairs needed),Yes,,FkDMg4ekjDHWExDuv
THUTO KITSO SECONDARY SCHOOL,Secondary,GAUTENG,sabelo1,true,9vNXM9LiD2333M48r,Safe,Yes,,,,,2zRbjDBfz4zB8Tv6q
REAMOHETSOE PRIMARY SCHOOL,Primary,GAUTENG,V2-Jaydin Krok,false,FRuFcq8kiDhat83sz,Safe,Unsure,Yes,"Needs urgent repair (e.g. holes, breaks)",Yes,,zpLEh72kC58ryRpxt
THUTHUKA PRIMARY SCHOOL,Primary,GAUTENG,SABELO VERIFIED,false,vd9MYr2v3Hhvir4LF,Safe,Yes,No,Average (no major issues at present),Yes,,q7rLbRb4nxtPxfoSc
THETHA SECONDARY SCHOOL,Secondary,GAUTENG,SABELO VERFIED,true,DFvHJGqQyP43BKoE4,Sometimes safe,,,,,,dnFyeB4sC6kfmj2Q6
BATLOUNG INTERMEDIATE SCHOOL,Primary,GAUTENG,Symps,true,ZomSyq49SRSxJyxzx,Usually unsafe,No,,Excellent (no repairs needed),No,,FEAD8jBu7LbHezy2j
ENTSHONALANGA PRIMARY SCHOOL,Primary,GAUTENG,SABELO VERIFIED,true,GaLhnjXFvtXEdg76h,Safe,Yes,No,Average (no major issues at present),Yes,,qYqekSfSRExjXJrGM
PATOGENG PRIMARY SCHOOL,Primary,GAUTENG,Joseph verified,true,nvLQEczSSFHqPN3v7,Usually unsafe,Yes,Yes,,Yes,,Rvf9JkpRBRozBsyiq
EMMANUEL PRIMARY SCHOOL,Primary,GAUTENG,Joseph verified,true,RxEEDQntqi7KdXBCu,Safe,Yes,No,Excellent (no repairs needed),Yes,,DwG2tAAFC8W79Ckxx
MADUME PRIMARY SCHOOL,Primary,GAUTENG,SABELO VERIFIED,true,s6wQFv3LCxik3hXnz,Safe,Yes,,,,,r5bdwdb45e7jr6JZB
MATSIE STEYN PRIMARY SCHOOL,Primary,GAUTENG,Joseph verified,true,f3tHJdEaGX3DTxszQ,Safe,Yes,No,Excellent (no repairs needed),Yes,,74LtY73iZk5nAgKN4
AHA-THUTO SECONDARY SCHOOL,Secondary,GAUTENG,Sabelo verified,true,uszgMWbtR3xNtTrBR,Sometimes safe,No,,,,,5PhvChXDzSoaBymWp
TIYANI Junior secondary SCHOOL,Other,GAUTENG,SABELO VERIFIED,true,Sq4DmbXZ95tQoziMG,Usually unsafe,No,,,,,gZKefKr3T7kQ7yZdd
UNITY SECONDARY SCHOOL,Secondary,GAUTENG,Tshepo3,true,vran96GHns2ZXc93c,Safe,Yes,,,,,68f6ufafjEtTD87dK
LANGAVILLE PRIMARY SCHOOL,Primary,GAUTENG,Sympathy varified,true,L6QFWQHsncLW63JkZ,Safe,Yes,,Excellent (no repairs needed),,,3uXaw9N4tJkFZKXSt
POELANO SECONDARY SCHOOL,Secondary,GAUTENG,Joseph verified,true,DXHo9MBNGx9S8fFBd,Safe,Yes,No,Average (no major issues at present),Yes,,S3LbwsmZGkiiekXEX
NOMINI PRIMARY SCHOOL,Other,GAUTENG,Sabelo verified,true,v3dAXzCosuMsmofG4,Safe,,,,,,Sue8DWeGKHPKAyQBi
HLABANGANE PRIMARY SCHOOL,Primary,GAUTENG,Joseph verified,false,XZLoSxuzviq7WJkeL,Usually unsafe,Yes,No,Excellent (no repairs needed),,,A9g2JXbafa9hggA23
LETSIE PRIMARY SCHOOL,Primary,GAUTENG,KHOLWANI8,true,eC8Cja7rsZXmP4F7k,Safe,Yes,,,,,gPuKrSrjRHYQAhofp
THOPODI PRIMARY SCHOOL,Primary,GAUTENG,SABELO VERIFIED,true,nWByhF82xLSM9Brbs,Sometimes safe,Yes,Yes,"Needs urgent repair (e.g. holes, breaks)",Yes,,eaN2HpTXfZTyuJHLY
REAGILE PRIMARY SCHOOL,Primary,GAUTENG,Freddy11,true,GQPtZiiMXWtfuxtYr,Sometimes safe,Yes,,Excellent (no repairs needed),Yes,,3CZM6LyxfbGxQ676w
RESIDENSIA SECONDARY SCHOOL,Secondary,GAUTENG,Symps,true,ePz7fiT9WbBjEpwo4,Usually unsafe,Yes,,,,,Sa8QfeRArxjpbStqt
MASISEBENZE COMPREHENSIVE SCHOOL,Secondary,GAUTENG,Zanele V1,true,wnRJsC75FjMJMnthR,Sometimes safe,Yes,Yes,"Needs urgent repair (e.g. holes, breaks)",Yes,"Fence needs urgent repair
Guard at gate",vQsgY2cMuHRHHxN5X
TSWELOPELE SECONDARY SCHOOL,Secondary,GAUTENG,Zanele V1,true,rGh3pAMqJayorpAmm,Safe,Yes,No,Average (no major issues at present),Yes,,bHZpmA7SpQzx29CQk
LESEDI LA KRESTE ANGLICAN PRIMARY SCHOOL,Primary,GAUTENG,V2-Jaydin Krok,true,JjNTBDhDru5itPhSF,Safe,Yes,No,Excellent (no repairs needed),Yes,,BL89Y49hLjtAgtj9C
MOHLOLI SECONDARY SCHOOL,Secondary,GAUTENG,symps,true,PbCyXvgJRpc8Ma8oE,Usually unsafe,Yes,No,Excellent (no repairs needed),Yes,,Pye3fvQETS2TCPKyt
UMTHAMBEKA PRIMARY SCHOOL,Primary,GAUTENG,Freddy12,true,jHEiTXH7wHgYMpH23,Safe,Yes,,,,,MrCRY4JkG2RtXRzjf
MOSHOESHOE PRIMARY SCHOOL,Primary,GAUTENG,Joseph verified,true,3EAWp27eLguLzRimM,Usually unsafe,Yes,No,Average (no major issues at present),,,vPSPXjGpC6ABc9Szc
BOVET PRIMARY SCHOOL,Primary,GAUTENG,Joseph verified,false,nyC7DrMGcKf5no3ve,Safe,Yes,No,Excellent (no repairs needed),Yes,,JMwctXTYdunvweNYD
KAMOHELO PUBLIC SCHOOL,Other,GAUTENG,Joseph,true,q5BAQ5G8w7Geo4Zio,Usually unsafe,Yes,Yes,Excellent (no repairs needed),Yes,,hk4XMrnHxTastfL7s
MOSIOA PRIMARY SCHOOL,Primary,GAUTENG,Joseph verified,true,5BmuBoXQB5TQnSvAC,Safe,Yes,No,Average (no major issues at present),Yes,,AGiLx4gigQqYMN4fT
IPONTSHE PRIMARY SCHOOL,Primary,GAUTENG,V2 Adam Dison,true,f3RGm5bbyPAGprhaM,Safe,Yes,No,Excellent (no repairs needed),Yes,,x39JZC9Q749pXeEbY
KENNETH MASEKELA SECONDARY SCHOOL,Secondary,GAUTENG,Pontsho7,true,AMSMdrA7iTkPDSzvF,Safe,Yes,No,Excellent (no repairs needed),,,yuLFP8PQcXB6aAAm6
EVATON PRIMARY SCHOOL,Primary,GAUTENG,kholwani23,true,PeuiLuy4Qgvq3c372,Safe,Yes,,,,,2gqMBsR5BKHB3TEv6
BOITUMELONG SECONDARY SCHOOL,Secondary,GAUTENG,Zanele V1,true,SxWDbc6sAtgHucbMm,Safe,Yes,No,Excellent (no repairs needed),,,XYLgc3p2tmFJ6nGJb
SOZIZWE PRIMARY SCHOOL,Primary,GAUTENG,Tshepo3,true,76oaWug3den9zaRyG,,Yes,Yes,"Needs urgent repair (e.g. holes, breaks)",Yes,,6yXgt6quvcZfmQiWf
CAIPHUS NYOKA SECONDARY SCHOOL,Secondary,GAUTENG,Joseph veried,true,XRig5P9g4dcdbpMEc,Sometimes safe,No,,,,,dLHdmSdFbLWF2kJqy
zitha primary,Primary,GAUTENG,sabelo1,true,2mErPQWem74AJXxP3,Safe,Yes,No,Excellent (no repairs needed),Yes,,k652o58moXsybbDfm
TSITSIBOGA PRIMARY SCHOOL,Other,GAUTENG,SABELO1,true,cPuKpymqJ52nEBmpw,Safe,Yes,,,,,hrfAaJLuuBvdukdf9
TSWELELANG PRIMARY SCHOOL,Primary,GAUTENG,Joseph verified,true,tcwwqFiek36ZPbRMv,Safe,Yes,No,Excellent (no repairs needed),,,Dddj3YJBuiuGmAQFQ
JABULILE SECONDARY SCHOOL,Secondary,GAUTENG,SABELO VERIFIED,true,LfAfRbDpbZGG6Y4X9,Sometimes safe,No,,,,,GdT4e3QnaH2fX4vAA
ALEXANDRA SECONDARY SCHOOL,Secondary,GAUTENG,Jake Pencharz,true,ypBEnAkdL7BXBE6Ax,Sometimes safe,Yes,,,,"holes in fence
fence needs urgent repairs
security guard present",dmcSwWf7Zcge6eHR8
FRED HABEDI PRIMARY SCHOOL,Primary,GAUTENG,Pontsho11,true,kNcbycRy2DayrcJKn,Sometimes safe,Yes,Yes,Excellent (no repairs needed),Yes,,qCqx8rN4JLCHpEwF4
THEMBALIKAZULU PRIMARY SCHOOL,Primary,GAUTENG,KHOLWANI10,true,Q25rSaFEZRD5Jj43o,Safe,Yes,No,,,,jSDZSbr7cMPKgibe7
PHOMOLONG PRIMARY SCHOOL,Primary,GAUTENG,Sympathy varified,true,8bKryDpuzhGWRmpRX,Sometimes safe,Yes,No,Excellent (no repairs needed),,,J8iGazpt3MwprEvbp
BOTLEHADI PRIMARY SCHOOL,Primary,GAUTENG,Sabelo1,true,XwYjXft62ugMgqPxe,Safe,Yes,,,,,FpTsqHm4D3ttwK8dY
SHADRACK MBAMBO PRIMARY SCHOOL,Primary,GAUTENG,Sympathy Varified,true,pwk6JypKqjgFwSLjx,Safe,Yes,Yes,Excellent (no repairs needed),,,7sAKJvmox8vK6GJBv
BATHOKWA PRIMARY SCHOOL,Primary,GAUTENG,SABELO VERIFIED,true,AMWTLtySizjDSW6YD,Safe,Yes,No,Excellent (no repairs needed),Yes,,P4wqK6rnJQahfhFTr
