school_name,school_classification,school_province,survey_name,isverified,_id,numberofsportsfields,availablesports,availablesportsotherdescription,otherfieldcondition,otherfieldlocation,athleticsfieldcondition,athleticsfieldlocation,hockeyfieldcondition,hockeyfieldlocation,netballcourtcondition,netballcourtlocation,basketballcourtcondition,basketballcourtlocation,tenniscourtcondition,tenniscourtlocation,cricketfieldcondition,cricketfieldlocation,soccerfieldcondition,soccerfieldlocation,rugbyfieldcondition,rugbyfieldlocation,swimmingpoolcondition,swimmingpoollocation,comment,version_id
TSHITSO PRIMARY SCHOOL,Primary,GAUTENG,V1,true,r6aQjbgCay4wKYGv5,5,"[ ""Netball Court"", ""Basketball Court"", ""Tennis Court"", ""Soccer Field"", ""Rugby Field"" ]",,,,,,,,Poor Condition,School’s Own,Poor Condition,,Poor Condition,School’s Own,,,Poor Condition,School’s Own,Poor Condition,School’s Own,,,,qNgGZm2CTNoa336qY
SEEISO PRIMARY SCHOOL,Primary,GAUTENG,Joseph verified,true,AEYA5n9Fv7LrijF42,1,"[ ""Netball Court"" ]",,,,,,,,Average Condition,School’s Own,,,,,,,,,,,,,,LZ7sJWsXTML9asLdD
LEFIKA PRIMARY SCHOOL,Primary,GAUTENG,V1,true,8XP48edKPwThdBSXG,,,,,,,,,,,,,,,,,,,,,,,,,GaE7jrBwPxNR4AK72
LOTUS GARDENS PRIMARY SCHOOL,Primary,GAUTENG,Joseph verified,true,yB5rLPpNgX4fAiu6Q,2,"[ ""Netball Court"", ""Soccer Field"", ""Other"" ]",,Poor Condition,School’s Own,,,,,Average Condition,School’s Own,,,,,,,Poor Condition,School’s Own,,,,,,hJppCjP9YgzQPhsxp
MELODI PRIMARY SCHOOL,Primary,GAUTENG,V2 - Daniel Kartun,true,2A2B4QAu8tLRTxYfD,3,"[ ""Netball Court"", ""Tennis Court"", ""Soccer Field"", ""Other"" ]","Volley Ball, Jungle Gym",Poor Condition,Unsure,,,,,Average Condition,School’s Own,,,Average Condition,School’s Own,,,Poor Condition,School’s Own,,,,,,6nyrh8pzbNxMHyu4J
FADIMEHA PRIMARY SCHOOL,Primary,GAUTENG,Joseph verified,true,xbSLAC5LHMbHYWeuC,1,"[ ""Other"" ]",,Poor Condition,School’s Own,,,,,,,,,,,,,,,,,,,,ZMuo7tqss7QrYPuwZ
DR HARRY GWALA SECONDARY SCHOOL,Secondary,GAUTENG,Tshepo3,true,iCWkEjmhtaek7RPtf,0,,,,,,,,,,,,,,,,,,,,,,,,SNuf4DBJszmQrAzS4
ZITHEMBENI PRIMARY SCHOOL,Primary,GAUTENG,kholwani21,true,rFA9qYYpXe4GeDcNg,,,,,,,,,,,,,,,,,,,,,,,,,2rqTjwusZ8tc8nbYt
MQINISWA PRIMARY SCHOOL,Primary,GAUTENG,Joseph verified,true,Xdot2SYkmmDDdHP3X,,,,,,,,,,,,,,,,,,,,,,,,,6XmRH2cDbjXJd8Zri
INKONJANE JUNIOR SECONDARY SCHOOL,Other,GAUTENG,V2 Yossi Bank,true,gsWHCSJk7NcGZDmtE,,,,,,,,,,,,,,,,,,,,,,,,,Zyuc4wPBmxQPcNyjF
LEFA-IFA SECONDARY SCHOOL,Secondary,GAUTENG,KHOLWANE13,true,dRRGgRheZiq78uTgd,,"[ ""Athletics Field"", ""Netball Court"" ]",,,,Poor Condition,School’s Own,,,Poor Condition,School’s Own,,,,,,,,,,,,,,5QzLWMPF8grmhh3G5
KING DAVID HIGH SCHOOL (VICTORY PARK),Secondary,GAUTENG,Version 2,false,Y5u5CTjxtak6vBpZL,,"[ ""Netball Court"", ""Basketball Court"", ""Hockey Field"", ""Rugby Field"" ]",,,,,,Good Condition,,Poor Condition,Community Owned,Average Condition,,,,,,,,,,,,,siZhhkH29MMEnswvu
MASHEMONG PRIMARY SCHOOL,Primary,GAUTENG,Joseph verified,true,hpCaNCaivFiaaybsa,0,,,,,,,,,,,,,,,,,,,,,,,,wfdMKsnKg56v7y6uJ
ZITHATHELE PRIMARY SCHOOL,Primary,GAUTENG,Joseph verified,true,BX3eAhDMNKP9kwAeQ,1,"[ ""Soccer Field"" ]",,,,,,,,,,,,,,,,Average Condition,Community Owned,,,,,,sXauHMaoiXsoSamWK
QEDUSIZI PRIMARY SCHOOL,Primary,GAUTENG,Pontsho8,true,MMbPSjB9sA4AcZEAK,3,"[ ""Athletics Field"", ""Netball Court"", ""Soccer Field"" ]",,,,Poor Condition,Community Owned,,,Poor Condition,School’s Own,,,,,,,Average Condition,Community Owned,,,,,,tC7ee9TXmJ8oDEcRe
FUNUKUKHANYA PRIMARY SCHOOL,Primary,GAUTENG,KHOLWANI3,true,p24J4hQqGkAWXbo9v,,"{ ""0"" : ""Athletics Field"", ""1"" : ""Netball Court"", ""2"" : ""Soccer Field"" }",,,,,,,,,,,,,,,,,,,,,,,55foHoJLBDfwGwTWD
VULAMAZIBUKO PRIMARY SCHOOL,Other,GAUTENG,V2 Yossi Bank,true,8szgtng2N663nG88w,2,"[ ""Netball Court"", ""Tennis Court"", ""Soccer Field"" ]",,,,,,,,Poor Condition,School’s Own,,,Poor Condition,School’s Own,,,Poor Condition,School’s Own,,,,,,4F5Qwq5cmL34WsvHP
MABOELLENG PRIMARY SCHOOL,Primary,GAUTENG,Joseph,true,An49osWg2gS3FZXvB,0,,,,,,,,,,,,,,,,,,,,,,,,3XdLNoiuCRA5T5Dfc
MANGWELE PRIMARY SCHOOL,Primary,GAUTENG,SABELO VERIFIED,true,JEnzt7PsBY88TYb9R,0,,,,,,,,,,,,,,,,,,,,,,,,HZFjNDTejF5ga78Sx
ZITIKENI SECONDARY SCHOOL,Secondary,GAUTENG,SABELO VERIFIED,true,SgsijPvjbyLbeWmYf,0,,,,,,,,,,,,,,,,,,,,,,,,A7HS55Lmpv7eWduhv
TSAKANE PRIMARY SCHOOL,Primary,GAUTENG,Sympathy Varified,true,6eMrhyzmRB8mX9xX6,2,"[ ""Athletics Field"", ""Netball Court"", ""Cricket Pitch"", ""Soccer Field"" ]",,,,Unsure,Unsure,,,Average Condition,School’s Own,,,,,Unsure,Unsure,Average Condition,School’s Own,,,,,,MYuCFef7Fjt8yRX8d
LEBONE PRIMARY SCHOOL,Primary,GAUTENG,KHOLWANI7,true,PkH7muyTFEKddndxL,,"[ ""Athletics Field"", ""Netball Court"" ]",,,,,Community Owned,,,Poor Condition,School’s Own,,,,,,,,,,,,,,drsWF9n9G7CxbrANB
Radibapi Primary,Primary,GAUTENG,sabelo,true,WmaPR78zcWaSXGyRk,,"[ ""Athletics Field"", ""Netball Court"", ""Basketball Court"", ""Tennis Court"", ""Soccer Field"" ]",,,,Good Condition,School’s Own,,,Good Condition,School’s Own,Good Condition,,Good Condition,School’s Own,,,Good Condition,School’s Own,,,,,,Acd6f7D8RbhpthZHN
PHAMEHLO PRIMARY SCHOOL,Primary,GAUTENG,Symps,true,ZsDkAsMYB85X6Fdpp,,"[ ""Netball Court"", ""Basketball Court"", ""Other"" ]",v0lly ball,Poor Condition,Unsure,,,,,Average Condition,School’s Own,Average Condition,,,,,,,,,,,,,eg2P5ZFGTcwctmdcA
ORLANDO SECONDARY SCHOOL,Secondary,GAUTENG,SABELO VERIFIED,true,j7RK6WmpHFKRsgbZM,0,,,,,,,,,,,,,,,,,,,,,,,,XKxt23fR8Fujkyiim
DITAWANA PRIMARY SCHOOL,Primary,GAUTENG,pontsho 21,false,jFYpoC39gyxovpFvi,0,,,,,,,,,,,,,,,,,,,,,,,,LBujyFwCgPkGzWSZy
SECHABA PRIMARY SCHOOL,Primary,GAUTENG,KHOLWANI14,true,5GSK5GrB5NsBPTXaB,,,,,,,,,,,,,,,,,,,,,,,,,ufaeHuMMa97ge5aCK
PHOMOLONG SECONDARY SCHOOL,Secondary,GAUTENG,V2 - Adam Dison,true,EJ6Ksza5JNuQMacQg,,"[ ""Netball Court"", ""Soccer Field"" ]",,,,,,,,Average Condition,School’s Own,,,,,,,Poor Condition,School’s Own,,,,,,xuTGawqPYaYusxnm8
TEMBISA WEST SECONDARY SCHOOL,Secondary,GAUTENG,Freddy10,true,sQYbkQqQdoGP2dYCC,2,"[ ""Athletics Field"", ""Soccer Field"" ]",,,,Average Condition,Community Owned,,,,,,,,,,,Poor Condition,School’s Own,,,,,,4avNjjRgrzrEpwKMN
DR NHLAPO INTERMEDIATE SCHOOL,Primary,GAUTENG,Joseph verified,true,z8Pzd2cBp6KPssns7,1,"[ ""Netball Court"" ]",,,,,,,,Poor Condition,School’s Own,,,,,,,,,,,,,,Hjqy94n4PwNqwN5uA
O.R TAMBO PRIMARY SCHOOL,Primary,GAUTENG,Zanele V1,true,Ek2pZdKcZr7AsruiK,4,"[ ""Athletics Field"", ""Netball Court"", ""Cricket Pitch"", ""Soccer Field"" ]",,,,Poor Condition,Community Owned,,,Poor Condition,School’s Own,,,,,Poor Condition,School’s Own,Poor Condition,Community Owned,,,,,,Gfj3WRS3Y8w4dmyph
ZENZELENI PRIMARY SCHOOL,Primary,GAUTENG,Sympathy Varification,true,4GYPhAW8GE4M7AfCv,,,,,,,,,,,,,,,,,,,,,,,,,hTroeBPPurCSNxDGe
EKUKHANYISWENI PRIMARY SCHOOL,Primary,GAUTENG,SABELO VERIFIED,true,jXNpRQFwkz8Hj5tQq,0,,,,,,,,,,,,,,,,,,,,,,,,EbrJ8dHAyrQTpSaNj
TLAKULA SECONDARY SCHOOL,Secondary,GAUTENG,Sympathy Varified,true,PujR9kCTXJsgNxpC3,2,"[ ""Netball Court"", ""Swimming Pool"" ]",,,,,,,,Poor Condition,School’s Own,,,,,,,Poor Condition,Community Owned,,,Poor Condition,Community Owned,,uiiC6LpdXHBickDqX
TLHAKANANG PRIMARY SCHOOL,Primary,GAUTENG,Tlhakanang Primary School,true,s5GZCtadzF3z5eojB,,"[ ""Athletics Field"", ""Netball Court"", ""Soccer Field"" ]",,,,Poor Condition,School’s Own,,,Poor Condition,School’s Own,,,,,,,Poor Condition,School’s Own,,,,,,3acdePaA3PaTzXLaP
OR TAMBO PRIMARY SCHOOL,Primary,GAUTENG,Sympathy verified,false,pMohmDiGbFdYgGr3H,4,"[ ""Athletics Field"", ""Netball Court"", ""Cricket Pitch"", ""Soccer Field"" ]",,,,,Community Owned,,,Poor Condition,School’s Own,,,,,Poor Condition,School’s Own,Poor Condition,Community Owned,,,,,,xp2bxhMm4Yoeu9jho
PHUTHULLA PRIMARY SCHOOL,Primary,GAUTENG,Joseph verified,true,SP8KHZa8yFAxRmk5Q,,"[ ""Netball Court"", ""Soccer Field"" ]",,,,,,,,Poor Condition,,,,,,,,,,,,,,,pRKnFJGLubdAiTZEy
SEOTLOANA PRIMARY SCHOOL,Primary,GAUTENG,Zanele V1,true,At7rREq9MaP7C7PhY,,"[ ""Netball Court"", ""Cricket Pitch"", ""Soccer Field"", ""Other"" ]",,Poor Condition,Unsure,,,,,Poor Condition,Unsure,,,,,Poor Condition,Unsure,Poor Condition,Unsure,,,,,,Qmhp6bLYHrRTc42wc
EMMANGWENI PRIMARY SCHOOL,Primary,GAUTENG,Zanele v1,true,KuLC6irRYnmF6yL6Z,2,"[ ""Athletics Field"", ""Netball Court"", ""Cricket Pitch"", ""Soccer Field"" ]",,,,,,,,Poor Condition,School’s Own,,,,,Average Condition,Community Owned,Average Condition,Community Owned,,,,,,SeRiR2xnt35DWtRzX
SAULRIDGE SECONDARY SCHOOL,Secondary,GAUTENG,Sabelo verified,true,SMBg88AGakAd6aHuu,,"[ ""Netball Court"", ""Basketball Court"" ]",,,,,,,,Poor Condition,School’s Own,Poor Condition,,,,,,,,,,,,,ZgR4zqFothSycL9hz
TSIMONG PRIMARY SCHOOL,Primary,GAUTENG,Kholwani19,true,X8MebAT4PYXaGr96m,1,"[ ""Netball Court"", ""Soccer Field"" ]",,,,,,,,Poor Condition,School’s Own,,,,,,,Poor Condition,School’s Own,,,,,,jR3LMPDnnHi7xvLcp
REALO  SECONDARY SCHOOL,Secondary,GAUTENG,SABELO VERIFIED,true,bbCxF7oD8zGgzYFCH,1,"[ ""Netball Court"", ""Other"" ]",,Good Condition,School’s Own,,,,,Good Condition,School’s Own,,,,,,,,,,,,,,6iixm3MYropadAMjX
SEDIBENG PRIMARY SCHOOL,Primary,GAUTENG,Zanele V1,true,6F9BKPPZYk7ucELPv,1,"[ ""Netball Court"" ]",,,,,,,,,,,,,,,,,,,,,,,8pdqiKPuW9emmvdMA
INKATHA KA ZULU PRIMARY SCHOOL,Primary,GAUTENG,Tshepo1,true,enskf2BFPd3Rytobp,4,"[ ""Netball Court"", ""Soccer Field"" ]",Volleyball and Handball courts,Average Condition,Community Owned,,,,,Average Condition,Community Owned,,,,,,,Average Condition,Community Owned,,,,,,srdTLx3pxML3nwKPr
SIVUSE PRIMARY SCHOOL,Primary,GAUTENG,SABELO1,true,SLNrG9i9ubHfAGfYq,,"[ ""Netball Court"", ""Basketball Court"" ]",,,,,,,,Good Condition,School’s Own,Good Condition,,,,,,,,,,,,,JeGKrkaqdgboxbxAd
N'WA MHINGA PRIMARY SCHOOL,Primary,GAUTENG,V2-Jaydin krok,true,tLTpG8FktMgb34sD7,0,,,,,,,,,,,,,,,,,,,,,,,,S47bpHzXts94zC2ke
JABULANI THABANG PRIMARY SCHOOL,Primary,GAUTENG,Sabelo1,true,m9oaAQ6HkwyHAkEdX,0,,,,,,,,,,,,,,,,,,,,,,,,MtKWmrDmPtx6hTjXm
ZAKHENI PRIMARY SCHOOL,Other,GAUTENG,Sympathy varified,true,uCFwcb6eetoiFAbyP,0,,,,,,,,,,,,,,,,,,,,,,,,HKHTs5NYM9YcNKmA3
HOFMEYR SECONDARY SCHOOL,Secondary,GAUTENG,Joseph verified,true,p36xd8EfcKcPSWvBH,2,"[ ""Athletics Field"", ""Netball Court"", ""Soccer Field"" ]",,,,Average Condition,Community Owned,,,Average Condition,Community Owned,,,,,,,Average Condition,Community Owned,,,,,,Z9wz3QcLwmRfGuaeT
DITAWANE PRIMARY SCHOOL,Primary,GAUTENG,Joseph verified,true,PgTqJawQmM86GydeX,0,,,,,,,,,,,,,,,,,,,,,,,,ZQpQXXcpAjvZC2ony
WESTFIELDS PRIMARY SCHOOL,Primary,GAUTENG,SABELO 1,true,zRENZEobfwFKYKRJZ,,"[ ""Athletics Field"", ""Netball Court"", ""Cricket Pitch"", ""Soccer Field"" ]",,,,Average Condition,School’s Own,,,Average Condition,School’s Own,,,,,Average Condition,School’s Own,Average Condition,School’s Own,,,,,,ghEZdTPoThhpWNWiw
PHELINDABA SECONDARY SCHOOL,Secondary,GAUTENG,Sabelo verified,true,dEagogZeEqJdkMtrw,2,"[ ""Netball Court"", ""Soccer Field"" ]",,,,,,,,Poor Condition,School’s Own,,,,,,,Poor Condition,School’s Own,,,,,,yAYPTyMxnk5pj2zT9
LERESCHE PRIMARY SCHOOL,Primary,GAUTENG,Joseph verified,false,HFrLTnr3bXAdNmruN,1,"[ ""Athletics Field"" ]",,,,Poor Condition,Community Owned,,,,,,,,,,,,,,,,,,giGaTXuXxZQxCGaMd
TSOELOPELE PRIMARY SCHOOL,Primary,GAUTENG,Joseph verified,true,EbN8F8NtYx5MkkfsM,3,"[ ""Netball Court"", ""Tennis Court"", ""Soccer Field"" ]",,,,,,,,Good Condition,School’s Own,,,Good Condition,School’s Own,,,Average Condition,School’s Own,,,,,,ZrghZT93L2bSWSofg
JET NTEO SECONDARY SCHOOL,Secondary,GAUTENG,Sabelo1,true,qkdBsne6oJaHjiG6i,0,,,,,,,,,,,,,,,,,,,,,,,,RKz4SAhiQgbHCmTpZ
LIVHUWANI PRIMARY SCHOOL,Primary,GAUTENG,SABELO VERIFIED,true,nMtWzoAQDyw2C8FPz,,"[ ""Netball Court"", ""Basketball Court"" ]",,,,,,,,Poor Condition,Other School’s,Average Condition,,,,,,,,,,,,,PySjA6yQMoXAyS2z8
NYIKO PRIMARY SCHOOL,Primary,GAUTENG,Freddy9,true,Wv53StotsmP6KfSe6,,"[ ""Netball Court"", ""Cricket Pitch"", ""Soccer Field"" ]",,,,,,,,,,,,,,Average Condition,,Good Condition,,,,,,,6cFA5fAxPtQzaP5bz
TOKELO SECONDARY SCHOOL,Secondary,GAUTENG,Joseph verified,true,sxs7xa9CBS23NXMmd,0,,,,,,,,,,,,,,,,,,,,,,,,WszeF9gAuQuHMNHLC
LEHLASEDI PRIMARY SCHOOL,Primary,GAUTENG,Sabelo1,true,rQeRCfusuAKcAsgRp,1,"[ ""Cricket Pitch"" ]",,,,,,,,,,,,,,Good Condition,School’s Own,,,,,,,,efr9txWNfPHw3AhD7
GORDON PRIMARY SCHOOL,Primary,GAUTENG,SFISO V1,true,JhvcJ9FK6RYH4Eb5j,2,"[ ""Netball Court"", ""Basketball Court"" ]",,,,,,,,Unsure,School’s Own,Unsure,,,,,,,,,,,,,qsXPNNQE3pWkdTbfb
MASIQHAKAZE SECONDARY SCHOOL,Secondary,GAUTENG,V1,true,54fDie2Hh4wYDCNus,3,"[ ""Athletics Field"", ""Netball Court"", ""Soccer Field"" ]",,,,Poor Condition,School’s Own,,,Poor Condition,School’s Own,,,,,,,Poor Condition,School’s Own,,,,,,e6s5EEf389EeLo6Tz
MASIMINI PRIMARY SCHOOL,Primary,GAUTENG,V2 Adam Dison,true,Te35DxpxnCGi4s575,,"[ ""Netball Court"", ""Cricket Pitch"", ""Soccer Field"" ]",,,,,,,,Average Condition,School’s Own,,,,,Unsure,Community Owned,Unsure,School’s Own,,,,,,E7KSgcfSqaoDb5BEE
LEEMA-MOKOTULI PRIMARY SCHOOL,Primary,GAUTENG,Sabelo1,true,qcfwBy4mP2tphAmQm,0,,,,,,,,,,,,,,,,,,,,,,,,2smWdy5ZETPXoRrYG
SIBONELO PRIMARY SCHOOL,Primary,GAUTENG,Sympathy verified,true,rhMCCuoJhgcsgMGQH,,,,,,,,,,,,,,,,,,,,,,,,,GQPE7rurt9bb7DM5a
IPHUTHENG PRIMARY SCHOOL,Primary,GAUTENG,Sympathy varified,true,mNR2ieJDfKx6r9453,1,"[ ""Netball Court"", ""Soccer Field"" ]",,,,,,,,Poor Condition,School’s Own,,,,,,,Poor Condition,School’s Own,,,,,,tqMTBWRbAuYsAqATz
LETSEMA-ILIMA PRIMARY SCHOOL,Primary,GAUTENG,Symps,true,gLupaWNL3caC2nC4N,2,"[ ""Netball Court"", ""Basketball Court"", ""Soccer Field"" ]",,,,,,,,Poor Condition,School’s Own,Poor Condition,,,,,,,Community Owned,,,,,,ZNXsgBEk2evJkTYso
BOKAMOSO SECONDARY SCHOOL,Secondary,GAUTENG,Zanele V1,true,hMzqxADPbKNHXnp4R,3,"[ ""Athletics Field"", ""Netball Court"", ""Soccer Field"" ]",,,,Average Condition,Community Owned,,,Average Condition,School’s Own,,,,,,,Average Condition,Community Owned,,,,,,H2wSN9EFbKzeSGjCh
KGOLAGANO PRIMARY SCHOOL,Primary,GAUTENG,Joseph verified,true,2KhcZMEpybcdX8meM,,"[ ""Netball Court"", ""Basketball Court"", ""Tennis Court"", ""Soccer Field"" ]",,,,Poor Condition,,,,Average Condition,,Average Condition,,Average Condition,,,,Poor Condition,,,,,,,o6KRqZ8m5YyPCmxEu
TSIMONA PRIMARY SCHOOL,Other,GAUTENG,Tsimona Primary School,false,Acqm9HDaEPb5hXtZu,,"[ ""Netball Court"", ""Soccer Field"" ]",,,,,,,,Poor Condition,School’s Own,,,,,,,Poor Condition,School’s Own,,,,,,LJC3JBYxgkbi8GzAP
STEVE BIKO PRIMARY SCHOOL,Primary,GAUTENG,SABELO VERIFIED,true,FfShxoCYzHuEHdrFi,1,"[ ""Athletics Field"", ""Soccer Field"" ]",,,,Average Condition,,,,,,,,,,,,Average Condition,,,,,,,g6orxjw6EmCqYup83
STRETFORD EXT 8 PRIMARY SCHOOL,Primary,GAUTENG,Sfiso v1,true,tX3oxtdynmv78fw6u,2,"[ ""Netball Court"" ]",,,,,,,,,,,,,,,,,,,,,,,4zo5MNwbBvTPykbFg
MEADOWLANDS PRIMARY SCHOOL,Primary,GAUTENG,Tamir Shklaz,true,swLcNfdWHAwwTTvAB,,"[ ""Netball Court"", ""Soccer Field"" ]",,,,,,,,Poor Condition,Community Owned,,,,,,,,Community Owned,,,,,,ogTK6SAt8Ndg38xPc
WINNIE MANDELA PRIMARY SCHOOL,Primary,GAUTENG,SABELO VERIFIED,true,8YCF2kM6DQHrh655q,2,"[ ""Netball Court"", ""Soccer Field"" ]",,,,,,,,Good Condition,School’s Own,,,,,,,Good Condition,School’s Own,,,,,,qqTGPEnmDQRrarBSw
ZIMISELE SECONDARY SCHOOL,Secondary,GAUTENG,Pontsho3,true,bmrn7mfottBERWik2,4,"[ ""Athletics Field"", ""Netball Court"", ""Hockey Field"", ""Soccer Field"" ]",,,,Poor Condition,School’s Own,Average Condition,Community Owned,Poor Condition,School’s Own,,,,,,,Poor Condition,School’s Own,,,,,,bEf9GjYAyqAqY3bhw
CARTER PRIMARY SCHOOL,Primary,GAUTENG,Joseph verified,true,JwmLFk73XfjsyGn72,0,,,,,,,,,,,,,,,,,,,,,,,,tdRzrm36MQJ2raFea
MAHLAHLE PRIMARY SCHOOL,Primary,GAUTENG,SABELO VERIFIED,true,XkLczzZJTHM7KkX2u,2,"[ ""Netball Court"", ""Cricket Pitch"" ]",,,,,,,,Poor Condition,School’s Own,,,,,Poor Condition,School’s Own,,,,,,,,YLYWLt3BFmbGuRHBQ
QUANTUM SECONDARY SCHOOL,Secondary,GAUTENG,Tshepo2,true,vWpiDALMn98FGJqrb,0,,,,,,,,,,,,,,,,,,,,,,,,cQQF5juB8JG3jNbNs
EMFUNDISWENI PRIMARY SCHOOL,Primary,GAUTENG,SABELO VERIFIED,true,WuJG9ZSXsRsTrk5EZ,1,"[ ""Athletics Field"" ]",,,,Average Condition,Community Owned,,,,,,,,,,,,,,,,,,8TjXzm5mqedTkvZ5n
THOHO-YA-NDOU PRIMARY SCHOOL,Primary,GAUTENG,Joseph verified,true,ehG5NhSDyAeECs4ay,3,"[ ""Netball Court"", ""Cricket Pitch"", ""Soccer Field"", ""Swimming Pool"", ""Other"" ]",Vollyball,Poor Condition,Community Owned,,,,,Poor Condition,Community Owned,,,,,Poor Condition,Community Owned,Poor Condition,Community Owned,,,Average Condition,Unsure,,q7vvj7t7uptnim45G
SIPHIWE PRIMARY SCHOOL,Primary,GAUTENG,Zanele V1,true,uK9dWjPcsYKdCehZK,2,"{ ""0"" : ""Basketball Court"", ""1"" : ""Soccer Field"" }",,,,,,,,,,Good Condition,,,,,,Average Condition,School’s Own,,,,,,8EkWbb3qMosGvaWyT
NTSIKANA PRIMARY SCHOOL,Primary,GAUTENG,Sympathy Varified,true,6YMm5Rocjbp7ioiZ3,,"[ ""Netball Court"" ]",,,,,,,,Poor Condition,School’s Own,,,,,,,,,,,,,,95AYoAp6AiYz3KZ2t
KHULA SIZWE PRIMARY SCHOOL,Primary,GAUTENG,Freddy7,true,3sf46fEtoAjp5eME4,3,"[ ""Athletics Field"", ""Netball Court"", ""Tennis Court"", ""Soccer Field"" ]",,,,Average Condition,Community Owned,,,Good Condition,School’s Own,,,Good Condition,School’s Own,,,Average Condition,Community Owned,,,,,,ayNNoGKj3iCnECzSg
TOTOMENG PRIMARY SCHOOL,Primary,GAUTENG,Joseph verified,true,afNBHCz2s4wwA8waQ,1,"[ ""Netball Court"" ]",,,,,,,,Poor Condition,School’s Own,,,,,,,,,,,,,,tMjiiRvEEAsNmSJGx
PUDUMO PRIMARY SCHOOL,Primary,GAUTENG,SABELO 1,true,pXZ7n9FJHNL7HXsDh,,"[ ""Netball Court"", ""Soccer Field"" ]",,,,,,,,Average Condition,,,,,,,,Good Condition,,,,,,,fXPmfwBo9N6rx7mLh
PHORORONG PRIMARY SCHOOL,Other,GAUTENG,Joseph,true,FFBL3D5Y76jN6vYKj,1,"[ ""Netball Court"", ""Basketball Court"", ""Rugby Field"" ]",,,,,,,,Average Condition,School’s Own,Average Condition,,,,,,,,,,,,,qs4DrHmATWN59Tptg
THEMBALIHLE PRIMARY SCHOOL,Primary,GAUTENG,SABELO1,true,7vNcxpMgEo9Y28YD2,3,"[ ""Athletics Field"", ""Netball Court"", ""Soccer Field"" ]",,,,Poor Condition,Community Owned,,,Poor Condition,Community Owned,,,,,,,,Community Owned,,,,,,AHHiQixZscHdnSQpM
VEZUKHONO SECONDARY SCHOOL,Secondary,GAUTENG,Joseph,true,rJqrbyLJagjJ9Mmop,1,"[ ""Soccer Field"" ]",,,,,,,,,,,,,,,,Poor Condition,,,,,,,8FucY8f4FTzL2XmhY
AMOS MAPHANGA SECONDARY,Secondary,GAUTENG,V2 Yossi Bank,true,WwaJP3BErGyg3WhCZ,1,"[ ""Netball Court"" ]",,,,,,,,Poor Condition,,,,,,,,,,,,,,,ra2zX3jjBPguj6bc3
TEMBISA SECONDARY SCHOOL,Secondary,GAUTENG,V1,true,kFTfNoGozNtcL5HZn,5,"[ ""Athletics Field"", ""Netball Court"", ""Basketball Court"", ""Cricket Pitch"", ""Soccer Field"" ]",,,,Average Condition,Community Owned,,,Poor Condition,School’s Own,Average Condition,,,,Poor Condition,School’s Own,Poor Condition,School’s Own,,,,,,LTccQvtsRbQdnvd4x
DIEPDALE SECONDARY SCHOOL,Secondary,GAUTENG,V2-Jaydin krok,true,7BQWhwmSAEFS6gSGk,1,"[ ""Soccer Field"" ]",,,,,,,,,,,,,,,,Poor Condition,School’s Own,,,,,,EyHGQ2ctZRGcPQ4Lc
NTOKOZWENI PRIMARY SCHOOL,Primary,GAUTENG,Pontsho12,true,ZcLdtZ45aeXDJD36A,4,"[ ""Athletics Field"", ""Netball Court"", ""Basketball Court"", ""Tennis Court"" ]",,,,Average Condition,Community Owned,,,Average Condition,,,,,,,,,,,,,,,EtHDHYs97BCxasggi
PHANDIMFUNDO SECONDARY SCHOOL,Secondary,GAUTENG,SABELO VERIFIED,true,mP5su3KvyF8Prcorr,4,"[ ""Netball Court"", ""Basketball Court"", ""Soccer Field"", ""Rugby Field"" ]",,,,,,,,Poor Condition,School’s Own,Poor Condition,,,,,,Poor Condition,School’s Own,Poor Condition,School’s Own,,,,tDKj5hfjzok3tbGs9
AB XUMA PRIMARY SCHOOL,Primary,GAUTENG,V2-jaydin krok,true,Xxin8GagT7TiER9GS,2,"[ ""Netball Court"", ""Soccer Field"" ]",,,,,,,,Average Condition,Community Owned,,,,,,,Average Condition,Community Owned,,,,,,r8FrZJWZGiB9zPmmc
TSIETSI MASHININI PRIMARY SCHOOL,Primary,GAUTENG,Sympathy varified,true,ZC55y6bt6SyrxT7v9,2,"[ ""Netball Court"", ""Soccer Field"" ]",,,,,,,,Average Condition,School’s Own,,,,,,,Average Condition,School’s Own,,,,,,n9gEojJ6K5eKYJ4c2
ZIFUNELENI JUNIOR SECONDARY  (COMB. PRIMARY) SCHOOL,Other,GAUTENG,SABELO VERIFIED,true,fKMYJ5s6NfdhpfLkz,,"[ ""Netball Court"" ]",,,,,,,,Poor Condition,School’s Own,,,,,,,,,,,,,,HE7QyZrdjZD4TwigW
VUYO PRIMARY SCHOOL,Primary,GAUTENG,Joseph,true,FK2NXMxweG2HiqHD6,,"[ ""Netball Court"", ""Basketball Court"" ]",,,,,,,,Average Condition,School’s Own,Average Condition,,,,,,,,,,,,,esLPjFoMCrf7aGwqS
MENZI PRIMARY SCHOOL,Primary,GAUTENG,Sympathy varified,true,28rX828zY2DCHfHBi,2,"[ ""Netball Court"", ""Soccer Field"" ]",,,,,,,,Average Condition,School’s Own,,,,,,,Average Condition,School’s Own,,,,,,eqJ28tbWRDYX6YPkp
SAPPHIRE SECONDARY SCHOOL,Secondary,GAUTENG,Joseph verified,true,dCnx3FMwfA6FPhdpz,0,,,,,,,,,,,,,,,,,,,,,,,,mu6wNPMzZ754NLLnE
LUKHOLWENI PRIMARY SCHOOL,Primary,GAUTENG,Joseph verified,true,MXEtgfjno9mQib66S,1,"[ ""Netball Court"", ""Basketball Court"" ]",,,,,,,,Poor Condition,Unsure,Poor Condition,,,,,,,,,,,,,gpABZNKAeZxGARLNE
LEBOHANG SECONDARY SCHOOL,Secondary,GAUTENG,Sabelo1,true,ZmeRaDQNxi4xHNbYZ,1,"[ ""Netball Court"" ]",,,,,,,,Poor Condition,School’s Own,,,,,,,,,,,,,,KrNZ7H2XmHuPpHRrN
EAST BANK HIGH SCHOOL,Secondary,GAUTENG,Sympathy varified,true,C4ZHssT8H4FakdCaQ,,,,,,,,,,,,,,,,,,,,,,,,,LD7hazozFmAuLNBgP
THUTO LORE SECONDARY SCHOOL,Secondary,GAUTENG,Tamir Shklaz,true,6xAKEDJ95Lazi8gc9,,"[ ""Netball Court"", ""Basketball Court"", ""Tennis Court"", ""Soccer Field"" ]",,,,,,,,Good Condition,School’s Own,Good Condition,,Good Condition,School’s Own,,,Good Condition,School’s Own,,,,,,A82Sqxg6dWo9BjRw7
LERATONG PRIMARY SCHOOL,Primary,GAUTENG,sfisov1,true,A7zW9JbfYJXpdXmEA,2,"[ ""Netball Court"", ""Soccer Field"" ]",,,,,,,,Good Condition,School’s Own,,,,,,,Good Condition,School’s Own,,,,,,8Q8hLajqT7vMWrbeA
KUZIMISELA PRIMARY SCHOOL,Primary,GAUTENG,Tshepo,true,xYLZwD4943X3ty3TW,3,"[ ""Athletics Field"", ""Netball Court"", ""Soccer Field"" ]",,,,Poor Condition,,,,Poor Condition,,,,,,,,Poor Condition,,,,,,,HushLZncKDsTyJhfN
DITAU PRIMARY SCHOOL,Primary,GAUTENG,Sympathy varified,true,D64XZpjuj4a6JeAva,,"[ ""Netball Court"", ""Soccer Field"" ]",,,,,,,,Average Condition,School’s Own,,,,,,,Good Condition,School’s Own,,,,,,SDQzcRxtroyWa7uGB
INXIWENI PRIMARY SCHOOL,Primary,GAUTENG,Freddy8,true,QK6TA2ytw29d8PY8H,3,"{ ""0"" : ""Athletics Field"", ""1"" : ""Netball Court"", ""2"" : ""Soccer Field"" }",,,,Average Condition,,,,Good Condition,,,,,,,,Good Condition,,,,,,,g2zngXhSLP6Xe7qtg
MOGOGODI PRIMARY SCHOOL,Primary,GAUTENG,Joseph1,true,yKJBG7MzZS4yfDNv7,,"[ ""Tennis Court"" ]",,,,,,,,,,,,Good Condition,,,,,,,,,,,rgipwMLK9skQK2EuA
PHUTHUMANI PRIMARY SCHOOL,Primary,GAUTENG,Sympathy Varified,true,tdc5XFL2J8dnvgohZ,1,"[ ""Soccer Field"" ]",,,,,,,,,,,,,,,,Poor Condition,Community Owned,,,,,,6ZNqRnThWfJTjmtzh
MICHAEL ZULU PRIMARY SCHOOL,Primary,GAUTENG,Sympathy varified,true,PWNSt97jyvXJBwGzj,2,"[ ""Athletics Field"", ""Netball Court"", ""Basketball Court"", ""Tennis Court"", ""Cricket Pitch"", ""Soccer Field"" ]",,,,Poor Condition,,,,Average Condition,School’s Own,Average Condition,,Poor Condition,School’s Own,,,Poor Condition,School’s Own,,,,,,3tbjfT8zZ2fPGfiwc
ITHUTE PRIMARY SCHOOL,Primary,GAUTENG,Sympathy Varified,true,QbkjKRxY4Y9ZjbffC,0,,,,,,,,,,,,,,,,,,,,,,,,tkbM3Jp4KjPx4H5qC
ITSEBENG PRIMARY SCHOOL,Primary,GAUTENG,SABELO1,true,HJnnbfsorX3Bi8XuD,1,"[ ""Soccer Field"" ]",,,,,,,,,,,,,,,,Average Condition,Community Owned,,,,,,bAExKd8RN5BhHzb3z
LABAN MOTLHABI COMPREHENSIVE SCHOOL,Secondary,GAUTENG,Pontsho6,true,FrGBukMEkQDKz3uis,2,"[ ""Athletics Field"", ""Netball Court"", ""Soccer Field"", ""Rugby Field"" ]",,,,Poor Condition,School’s Own,,,Poor Condition,School’s Own,,,,,,,Poor Condition,Community Owned,Poor Condition,Community Owned,,,,922NEXkq8CZy6PH7L
GOVAN MBEKI PRIMARY SCHOOL,Primary,GAUTENG,Sabelo verified,true,kaHs2mZsNhjk7xqey,,"[ ""Tennis Court"" ]",,,,,,,,,,,,,,,,,,,,,,,dBu8rGN6ZLKj4rb4e
MOYISELA PRIMARY SCHOOL,Primary,GAUTENG,Sabelo verified,true,GtKtMeMdRKtmmvbGR,2,"[ ""Athletics Field"", ""Netball Court"", ""Tennis Court"", ""Soccer Field"", ""Other"" ]",Chess,,,Good Condition,School’s Own,,,Good Condition,School’s Own,,,Good Condition,,,,,,,,,,,XTL9gvLr9S2MmMsjJ
BHEKIMFUNDO PRIMARY SCHOOL,Primary,GAUTENG,Joseph verified,true,Hagy2gsB8apqKCohj,3,"[ ""Athletics Field"", ""Netball Court"", ""Soccer Field"" ]",,,,Average Condition,Community Owned,,,Average Condition,Community Owned,,,,,,,Average Condition,Community Owned,,,,,,JpDqQfLuuC9qJrici
NTSELE PRIMARY SCHOOL,Primary,GAUTENG,Sabelo1,true,vyLPyDvou39xaGsp4,1,"[ ""Netball Court"" ]",,,,,,,,Poor Condition,Community Owned,,,Good Condition,,,,,,,,,,,aQ4BMeoFWmo4HrHqF
SAKHELWE PRIMARY SCHOOL,Primary,GAUTENG,Pontsho 10,true,46sqJ7NGbewStZQD7,,,,,,,,,,,,,,,,,,,,,,,,,7jdhLaYzWcCtFduQg
THUTOLORE SECONDARY SCHOOL,Secondary,GAUTENG,Joseph verified,true,ku5bXFKapfKYqT3sq,3,"[ ""Athletics Field"", ""Netball Court"", ""Soccer Field"" ]",,,,Average Condition,Community Owned,,,Average Condition,Community Owned,,,,,,,Average Condition,Community Owned,,,,,,BwK89vufnm6iCSJhQ
SELIBA PRIMARY SCHOOL,Other,GAUTENG,Joseph verified,true,i6t7ZKsftPzXYiZmx,,"[ ""Netball Court"", ""Basketball Court"", ""Tennis Court"" ]",,,,,,,,Average Condition,School’s Own,Average Condition,,Average Condition,School’s Own,,,,,,,,,,RHG8484wnsaqifrig
KGALEMA PRIMARY SCHOOL,Primary,GAUTENG,V2-Jaydin krok,true,9icgpRoDrJ4LyC6ni,2,"[ ""Netball Court"", ""Tennis Court"" ]",,,,,,,,Unsure,Unsure,,,Unsure,Unsure,,,,,,,,,,MYybcL4ntNLDfPjZt
UMSOBOMVU PRIMARY SCHOOL,Primary,GAUTENG,KHOLWANI11,false,ujiDxfLM6u4MNs9Xv,,"[ ""Athletics Field"", ""Netball Court"", ""Soccer Field"" ]",,,,Average Condition,,,,Good Condition,,,,,,,,Good Condition,,,,,,,2Qm9dY2unum62oDu7
KGOMOCO PRIMARY SCHOOL,Primary,GAUTENG,Joseph verified,true,u4cWhFChyzohMaYeM,2,"[ ""Netball Court"", ""Basketball Court"", ""Tennis Court"", ""Soccer Field"" ]",,,,,,,,,School’s Own,,,,School’s Own,,,,School’s Own,,,,,,METTMMRQRhoWxKdRt
KOKOSI PRIMARY SCHOOL,Primary,GAUTENG,Mabuza verified,true,XkPWdT2h8DpkkKhvv,,"[ ""Athletics Field"", ""Netball Court"", ""Soccer Field"" ]",,,,,Community Owned,,,Poor Condition,,,,,,,,,Community Owned,,,,,,sfgS3CrJFoTBvFQ72
REAKGONA PRIMARY SCHOOL,Primary,GAUTENG,Tamir Shklaz\,true,Be9X7qb9k627mBTa3,,"[ ""Netball Court"", ""Soccer Field"" ]",,,,,,,,Unsure,Unsure,,,,,,,Unsure,Unsure,,,,,,WdTssNZoaRHCT3LMG
NKABINDE PRIMARY SCHOOL,Primary,GAUTENG,V2 Yossi Bank,true,6X7wwfnDnjGtQWQ98,1,"[ ""Netball Court"" ]",,,,,,,,Poor Condition,Unsure,Poor Condition,,,,,,,,,,,,,LrmX8FAuJMKckWE6c
JOB MASEKO PRIMARY SCHOOL,Primary,GAUTENG,KHOLWANI12,true,BKx8TMnnHsKRbQFva,,"[ ""Netball Court"" ]",,,,,,,,Good Condition,School’s Own,,,,,,,,,,,,,,7Lt26udxHfpKtyAwY
ISIZIBA PRIMARY SCHOOL,Primary,GAUTENG,V1,true,Axzbb4f7er6Sgyxo8,,"[ ""Athletics Field"", ""Netball Court"", ""Soccer Field"", ""Other"" ]",,,,Average Condition,School’s Own,,,Average Condition,School’s Own,,,,,,,Good Condition,School’s Own,,,,,,vZkChYaMACHarXWxC
BUHLEBEMFUNDO SECONDARY SCHOOL,Secondary,GAUTENG,Joseph verified,true,odzNLxqeEBvo964ez,,,,,,,,,,,,,,,,,,,,,,,,,Ch6HJ6DZmFCYxKkww
NKUMBULO SECONDARY SCHOOL,Secondary,GAUTENG,Pontsho4,true,ZFvjjHbWe38sZF4DL,3,"[ ""Athletics Field"", ""Netball Court"", ""Soccer Field"" ]",It an open field used for different sports,Poor Condition,Other School’s,Average Condition,Community Owned,,,Average Condition,Community Owned,,,,,,,Average Condition,Community Owned,,,,,,2G6DH4Aiu8dpRQyrD
LETSATSING COMBINED SCHOOL,Primary,GAUTENG,SABELO 1,true,H64pCiQpjyaM6PTet,1,"[ ""Netball Court"" ]",,,,,,,,Good Condition,School’s Own,,,,,,,,,,,,,,hBG3H9epZYnScCbtp
TLHOLO INTERMEDIATE SCHOOL,Primary,GAUTENG,Joseph1,true,WzubEo54cL79kgfyr,2,"[ ""Basketball Court"", ""Tennis Court"" ]",,,,,,,,,,Poor Condition,,Poor Condition,,,,,,,,,,,bPfY5thaXn4EAdkXw
ENDULWENI PRIMARY SCHOOL,Primary,GAUTENG,Joseph verified,true,ByMQHmy8dTsQ8x6he,2,"[ ""Athletics Field"", ""Soccer Field"" ]",,,,Good Condition,School’s Own,,,,,,,,,,,Good Condition,School’s Own,,,,,,ocFaNqXzeBvD5hiAZ
ORANGE FARM PRIMARY SCHOOL,Primary,GAUTENG,V1,true,e2vAGE5e39fJf98C8,,"[ ""Netball Court"" ]",,,,,,,,Good Condition,School’s Own,,,,,,,,,,,,,,kY8pdvG9t8eN5CY4h
ISEKELO PRIMARY SCHOOL,Primary,GAUTENG,Joseph verified,true,hc26QAttSJcFBEf7q,2,"[ ""Netball Court"", ""Soccer Field"" ]",,,,,,,,Average Condition,School’s Own,,,,,,,Average Condition,School’s Own,,,,,,rRCnvnKF3KB68xQfw
BUD MBELLE PRIMARY SCHOOL,Primary,GAUTENG,SABELO VERIFIED,true,jcNZkLqTaXJKWb42Y,4,"[ ""Netball Court"", ""Cricket Pitch"", ""Soccer Field"", ""Other"" ]",CHESS,Good Condition,School’s Own,,,,,Poor Condition,School’s Own,,,,,Poor Condition,Community Owned,Poor Condition,Community Owned,,,,,,bf5Ltec4dXsz7pEX9
NCHABELENG PRIMARY SCHOOL,Primary,GAUTENG,KHOLWANI9,true,NoGXs9nDMGvu4FYgg,4,"[ ""Athletics Field"", ""Netball Court"", ""Basketball Court"", ""Soccer Field"" ]",,,,Poor Condition,Unsure,,,Poor Condition,Unsure,Poor Condition,,,,,,Poor Condition,Unsure,Poor Condition,,,,,5iHufHeS6B2XBsHTB
ZAMANI PRIMARY SCHOOL,Primary,GAUTENG,Sympathy Varified,true,NKjQpWCwyFRfJgfLG,2,"[ ""Netball Court"" ]",,,,,,,,Average Condition,School’s Own,,,,,,,,,,,,,,sfN5HAvKti5hRvPxZ
MODUOPO PRIMARY SCHOOL,Primary,GAUTENG,Zanele V1,true,bLCGYYyGwChigtexs,0,,,,,,,,,,,,,,,,,,,,,,,,Q2SemXMcpEX5NfYsD
MOKGOME SECONDARY SCHOOL,Secondary,GAUTENG,Joseph verified,true,4FWkFKfjyzewHc8rJ,,"[ ""Soccer Field"" ]",,,,,,,,,,,,,,,,,Community Owned,,Community Owned,,,,QBmBALzw89kwmHz2B
BONA COMPREHENSIVE SCHOOL,Secondary,GAUTENG,SABELO VERIFIED,true,zyLzWfw4ZyWsWq64p,2,"[ ""Netball Court"", ""Tennis Court"" ]",,,,,,,,Poor Condition,,,,Poor Condition,,,,,,,,,,,xsLXqpcynPeYTwiXE
ESIKHISINI PRIMARY SCHOOL,Primary,GAUTENG,Joseph verified,true,QCpBKmavTkM3CnoTF,,"[ ""Cricket Pitch"", ""Soccer Field"", ""Rugby Field"" ]",,,,,,,,,,,,,,Poor Condition,School’s Own,Poor Condition,School’s Own,Poor Condition,School’s Own,,,,CoWKa7AHpYehwgjN4
DAVID HELLEN PETA SECONDARY SCHOOL,Secondary,GAUTENG,Joseph verified,true,6bzinkXLfRYKcLB7e,3,"[ ""Athletics Field"", ""Netball Court"", ""Cricket Pitch"", ""Soccer Field"" ]",,,,Average Condition,School’s Own,,,Average Condition,School’s Own,,,,,Average Condition,School’s Own,Average Condition,Community Owned,,,,,,BpGigPup4eyijh28x
GOROGANG PRIMARY SCHOOL,Primary,GAUTENG,Pontsho5,true,hgv6H3gHsGPie4x6J,1,"[ ""Other"" ]",Open field,Poor Condition,Community Owned,,,,,,,,,,,,,,,,,,,,fkuEy7WKs5HL2NM6z
LEBOWA PRIMARY SCHOOL,Primary,GAUTENG,Joseph,true,vpXkRuL64QH7Fqcff,0,,,,,,,,,,,,,,,,,,,,,,,,KhtEcF9mnhkNyqnW3
SELOPE-THEMA PRIMARY SCHOOL,Primary,GAUTENG,SABELO VERIFIED,true,Ncd6bzyxaxa4T4WYC,,,,,,,,,,,,,,,,,,,,,,,,,Kqq9XsRqsRQM6PjGn
GAHLANSO PRIMARY SCHOOL,Primary,GAUTENG,Zanele V1,true,EgYjkNJf6beEdbPLh,3,"[ ""Athletics Field"", ""Cricket Pitch"", ""Soccer Field"", ""Rugby Field"" ]",,,,Poor Condition,Community Owned,,,,,,,,,Poor Condition,Community Owned,Poor Condition,Community Owned,Poor Condition,Community Owned,,,,WeXHdZMumEMFyckHq
BOPASENATLA SECONDARY SCHOOL,Secondary,GAUTENG,Joseph verified,true,A5RWqo2eiBcrL3i6A,2,"[ ""Basketball Court"", ""Rugby Field"" ]",,,,,,,,,,Poor Condition,,,,,,,,Poor Condition,School’s Own,,,,cDYo2z98FGZzNHPMM
MUZOMSHA PRIMARY SCHOOL,Primary,GAUTENG,KHOLWANI18,true,ZDiNkBAKXgGocao7P,,"[ ""Athletics Field"", ""Soccer Field"" ]",,,,,School’s Own,,,,,,,,,,,Poor Condition,,,,,,,NTo8EK8jnLkjB93Hd
MVELAPHANDA PRIMARY SCHOOL,Primary,GAUTENG,Freddy9,true,NLufhqc5gmk8wcRDQ,,"[ ""Netball Court"", ""Soccer Field"" ]",,,,,,,,Poor Condition,School’s Own,,,,,,,Average Condition,Community Owned,,,,,,aMRD37JGNEmrz9FZ9
DINOTO TECHNICAL SECONDARY SCHOOL,Secondary,GAUTENG,Tshepo3,true,cTnDD6CvLKSuPvtSS,2,"[ ""Netball Court"", ""Basketball Court"" ]",,,,,,,,Poor Condition,,Poor Condition,,,,,,,,,,,,,pqm6NksjcwAhrDwyH
JORDAN SECONDARY SCHOOL,Secondary,GAUTENG,Sabelo1,true,66mR5fnQgGGR5moBp,0,,,,,,,,,,,,,,,,,,,,,,,,ZQvS49GgfM6XNnqij
RETLILE PRIMARY SCHOOL,Primary,GAUTENG,Jake Pencharz,true,ZFFJ7Jqdp6dfeaTRW,,"[ ""Cricket Pitch"", ""Soccer Field"" ]",,,,,,,,,,,,,,Poor Condition,Unsure,Poor Condition,Unsure,,,,,,y8vNYzZpy3A9BHx6W
NQUBELA PRIMARY SCHOOL,Primary,GAUTENG,Sympathy Varified,true,hKaNrkYM9C56k4ZR2,1,"[ ""Swimming Pool"" ]",,,,,,,,,,,,,,,,,,,,Average Condition,Community Owned,,mobhBo8uKGxkvNsjR
PHUTHADITSHABA PRIMARY SCHOOL,Primary,GAUTENG,SABELO VERIFIED,true,MXrF6sZQWKDJnbKX6,4,"[ ""Netball Court"", ""Basketball Court"", ""Soccer Field"", ""Rugby Field"" ]",,,,,,,,Average Condition,School’s Own,Average Condition,,,,,,Average Condition,School’s Own,Average Condition,School’s Own,,,,ojqksxwnmxWXpM8n6
LESHATA SECONDARY SCHOOL,Secondary,GAUTENG,Sabelo verified,true,5DYAhqL8DfPrZaJkn,0,,,,,,,,,,,,,,,,,,,,,,,,opzRuPL9N8RSzCNsi
HLANGABEZA PRIMARY SCHOOL,Primary,GAUTENG,Symps,true,mBXv76cLxn7Jo9XAN,,"[ ""Netball Court"", ""Soccer Field"", ""Other"" ]",Volleyball,,,,,,,Poor Condition,,,,,,,,Poor Condition,,,,,,,uyB7xpWYkTuuhsLzS
ROLIHLAHLA PRIMARY SCHOOL,Primary,GAUTENG,Tshepo2,false,FDkW5qXykuS29XFkr,1,"[ ""Rugby Field"" ]",,,,,,,,,,,,,,,,,,Poor Condition,,,,,Qzm8u4imxajBRWLE5
KHANGEZILE PRIMARY SCHOOL,Primary,GAUTENG,Pontsho9,true,z7arNgTF5J48ykQtK,2,"[ ""Netball Court"", ""Soccer Field"" ]",,,,,,,,Average Condition,School’s Own,,,,,,,Poor Condition,Other School’s,,,,,,KDmkojmtPfcEEQ3vv
QHAKAZANI PRIMARY SCHOOL,Primary,GAUTENG,tshepo20,true,ovBHsd6RywoyT2Qb6,2,"[ ""Athletics Field"", ""Netball Court"", ""Soccer Field"" ]",,,,Good Condition,School’s Own,,,Good Condition,School’s Own,,,,,,,Good Condition,School’s Own,,,,,,Y2gH7TZojYSgJ6J3i
TLHOKOMELO PRIMARY SCHOOL,Primary,GAUTENG,Joseph1,true,9rvDZoTq2TBBqAcAh,0,,,,,,,,,,,,,,,,,,,,,,,,y3Rzmw2pDYqioZ8WC
HULWAZI SECONDARY SCHOOL,Secondary,GAUTENG,Tshepo1,true,iLqhicxxhDzAB7Mdb,3,"[ ""Netball Court"", ""Basketball Court"", ""Hockey Field"" ]",,,,,,Average Condition,School’s Own,Average Condition,School’s Own,Average Condition,,,,,,,,,,,,,Tnm69CSqqbdHg9obr
MAKAPANE PRIMARY SCHOOL,Primary,GAUTENG,Joseph verified,true,3dKw34HfRRcpDnKyk,,"[ ""Soccer Field"" ]",,,,,,,,,,,,,,,,Poor Condition,School’s Own,,,,,,X4uSNwu6z2y2MdNwA
DUMEHLEZI INTERMEDIATE SCHOOL,Primary,GAUTENG,Joseph verified,true,8axT9SmHv7CKbohQZ,,"[ ""Netball Court"", ""Soccer Field"" ]",,,,,,,,Average Condition,Community Owned,,,,,,,Average Condition,Community Owned,,,,,,uvAsG8PGNZNED5pxz
Nxineni Primary,Primary,GAUTENG,Nxineni Primary,true,RN3pkbYvHyhLJbKtK,,"[ ""Athletics Field"", ""Netball Court"", ""Soccer Field"" ]",,,,Average Condition,Unsure,,,Good Condition,Unsure,,,,,,,Good Condition,Unsure,,,,,,eiaeXipXaywPNGZ7X
JOB RATHEBE PRIMARY SCHOOL,Other,GAUTENG,Sabelo verified,true,bx55msdb8xMbkZ8uY,2,"[ ""Netball Court"", ""Basketball Court"", ""Soccer Field"" ]",,,,,,,,,School’s Own,,,,,,,,Community Owned,,,,,,4z6ESappfnPWNQ98D
CHARLOTTE MAXEKE SECONDARY SCHOOL,Secondary,GAUTENG,V2 Yossi Bank,true,Yss7w96u2QPeerP77,3,"[ ""Athletics Field"", ""Netball Court"", ""Soccer Field"" ]",,,,Good Condition,Community Owned,,,Poor Condition,School’s Own,,,,,,,Poor Condition,School’s Own,,,,,,HMfiK9msnxvBpZRTv
TSHIRELETSO PRIMARY SCHOOL,Primary,GAUTENG,Joseph1,true,kZJYTriYBeh8BSytD,3,"[ ""Athletics Field"", ""Netball Court"", ""Soccer Field"" ]",,,,Average Condition,Other School’s,,,Average Condition,School’s Own,,,,,,,Average Condition,Other School’s,,,,,,syBSsyuaG3J2rk8ky
DR WF NKOMO SECONDARY SCHOOL,Secondary,GAUTENG,Sympathy Varified,true,A3LveaJPsEvReasZw,5,"[ ""Athletics Field"", ""Netball Court"", ""Cricket Pitch"", ""Soccer Field"", ""Rugby Field"" ]",,,,Poor Condition,School’s Own,,,Poor Condition,School’s Own,,,,,Poor Condition,School’s Own,Poor Condition,School’s Own,Poor Condition,School’s Own,,,,u2mAvGSYipuFCETW2
KHOMANANI PRIMARY SCHOOL,Primary,GAUTENG,SABELO VERIFIED,true,xWdjxT9TRes4hmXe7,3,"[ ""Netball Court"", ""Basketball Court"", ""Soccer Field"" ]",,,,,,,,Average Condition,School’s Own,Average Condition,,,,,,,Community Owned,,,,,,myEbntbNmwtRJAXXn
BOPHELONG SECONDARY SCHOOL,Secondary,GAUTENG,Joseph verified,true,2on5tTnMpsjAmPpkg,1,"[ ""Netball Court"" ]",,,,,,,,Average Condition,School’s Own,,,,,,,,,,,,,,AQmqsTKLbbQgfAmzP
IMFUNDO MIDDLE SCHOOL,Primary,GAUTENG,Tshepo25,true,SGDBmienwtHoZZDsZ,,"[ ""Netball Court"", ""Basketball Court"" ]",,,,,,,,Poor Condition,,Poor Condition,,,,,,,,,,,,,pamnvbjX3nHtQtv4D
IKAGE PRIMARY SCHOOL,Primary,GAUTENG,Sympathy varified,true,W2ymkjbBWXtmCHYg9,0,,,,,,,,,,,,,,,,,,,,,,,,NY3CpQoLXKGkXkq8b
TSHIRELA PRIMARY SCHOOL,Primary,GAUTENG,Joseph verified,true,K6bsu2vg9NyXaTFxT,2,"[ ""Athletics Field"", ""Cricket Pitch"", ""Rugby Field"", ""Swimming Pool"" ]",,,,,,,,,,,,,,,,,,,,,,,93KanXF8i8wGs4YKw
DR KNAK PRIMARY SCHOOL,Primary,GAUTENG,"SABELO VERIFIED
pontsho 20",true,ery2rs8Xr9CQMPB8T,,,,,,,,,,,,,,,,,,,,,,,,,FkDMg4ekjDHWExDuv
THUTO KITSO SECONDARY SCHOOL,Secondary,GAUTENG,sabelo1,true,2nBYaiG7tMmH4GPca,,"[ ""Netball Court"" ]",,,,,,,,,Community Owned,,,,,,,,,,,,,,2zRbjDBfz4zB8Tv6q
REAMOHETSOE PRIMARY SCHOOL,Primary,GAUTENG,V2-Jaydin Krok,true,6dHwSsjyy5MagXJF8,3,"[ ""Netball Court"", ""Basketball Court"", ""Tennis Court"" ]",,,,,,,,Good Condition,School’s Own,Poor Condition,,Poor Condition,School’s Own,,,,,,,,,,zpLEh72kC58ryRpxt
THUTHUKA PRIMARY SCHOOL,Primary,GAUTENG,SABELO VERIFIED,true,396nJHLybpNiJfEb8,3,"[ ""Athletics Field"", ""Netball Court"", ""Soccer Field"" ]",,,,Poor Condition,School’s Own,,,Poor Condition,School’s Own,,,,,,,Poor Condition,School’s Own,,,,,,q7rLbRb4nxtPxfoSc
THETHA SECONDARY SCHOOL,Secondary,GAUTENG,SABELO VERFIED,true,3k4MpaNdL4JMKprXs,2,"[ ""Athletics Field"", ""Netball Court"", ""Soccer Field"" ]",,,,Poor Condition,School’s Own,,,Good Condition,School’s Own,,,,,,,Poor Condition,School’s Own,,,,,,dnFyeB4sC6kfmj2Q6
BATLOUNG INTERMEDIATE SCHOOL,Primary,GAUTENG,Symps,true,SFdpCKe3tJoxTLbsH,,"[ ""Tennis Court"" ]",,,,,,,,,,,,Good Condition,,,,,,,,,,,FEAD8jBu7LbHezy2j
ENTSHONALANGA PRIMARY SCHOOL,Primary,GAUTENG,SABELO VERIFIED,true,8nGWiKw5v87rJhXfu,,"[ ""Athletics Field"", ""Netball Court"", ""Tennis Court"", ""Cricket Pitch"", ""Soccer Field"" ]",,,,Good Condition,Community Owned,,,Good Condition,School’s Own,,,Good Condition,School’s Own,Good Condition,School’s Own,Good Condition,School’s Own,,,,,,qYqekSfSRExjXJrGM
PATOGENG PRIMARY SCHOOL,Primary,GAUTENG,Joseph verified,true,KpJzgudEGcWwmyLKB,,,,,,,,,,,,,,,,,,,,,,,,,Rvf9JkpRBRozBsyiq
EMMANUEL PRIMARY SCHOOL,Primary,GAUTENG,Joseph verified,true,ZdZibydvXA3f9FwvA,2,"[ ""Netball Court"", ""Basketball Court"", ""Tennis Court"", ""Soccer Field"", ""Rugby Field"" ]",,,,,,,,Average Condition,School’s Own,Average Condition,,Average Condition,School’s Own,,,Poor Condition,School’s Own,Poor Condition,School’s Own,,,,DwG2tAAFC8W79Ckxx
MADUME PRIMARY SCHOOL,Primary,GAUTENG,SABELO VERIFIED,true,HLQGqFLJ9PyDoMqoC,1,"[ ""Athletics Field"", ""Netball Court"", ""Soccer Field"" ]",,,,Average Condition,School’s Own,,,Average Condition,School’s Own,,,,,,,Average Condition,School’s Own,,,,,,r5bdwdb45e7jr6JZB
MATSIE STEYN PRIMARY SCHOOL,Primary,GAUTENG,Joseph verified,true,myjPR7F7RkrZygT9q,,"[ ""Netball Court"" ]",,,,,,,,Average Condition,School’s Own,,,,,,,,,,,,,,74LtY73iZk5nAgKN4
AHA-THUTO SECONDARY SCHOOL,Secondary,GAUTENG,Sabelo verified,true,rYwtoSGKy9RG5Kh6t,0,,,,,,,,,,,,,,,,,,,,,,,,5PhvChXDzSoaBymWp
TIYANI Junior secondary SCHOOL,Other,GAUTENG,SABELO VERIFIED,true,AwnMDhRd67g8dMTDF,0,,,,,,,,,,,,,,,,,,,,,,,,gZKefKr3T7kQ7yZdd
UNITY SECONDARY SCHOOL,Secondary,GAUTENG,Tshepo3,true,ZbvZZBWbtzNFXa9JJ,3,"[ ""Athletics Field"", ""Netball Court"", ""Cricket Pitch"", ""Soccer Field"" ]",,,,Average Condition,Community Owned,,,Poor Condition,School’s Own,,,,,Poor Condition,School’s Own,Average Condition,Community Owned,,,,,,68f6ufafjEtTD87dK
LANGAVILLE PRIMARY SCHOOL,Primary,GAUTENG,Sympathy varified,true,TwTn72gG85cHJhuoW,2,"[ ""Athletics Field"", ""Basketball Court"", ""Tennis Court"", ""Soccer Field"" ]",,,,Good Condition,School’s Own,,,,,Good Condition,,Good Condition,School’s Own,,,Good Condition,School’s Own,,,,,,3uXaw9N4tJkFZKXSt
POELANO SECONDARY SCHOOL,Secondary,GAUTENG,Joseph verified,true,e8fuLi3oT4PdyZrKY,3,"[ ""Netball Court"", ""Basketball Court"", ""Soccer Field"" ]",,,,,,,,Average Condition,School’s Own,Average Condition,,,,,,Average Condition,School’s Own,,,,,,S3LbwsmZGkiiekXEX
NOMINI PRIMARY SCHOOL,Other,GAUTENG,Sabelo verified,true,dko2Rkj9FAkWdvZWW,,"[ ""Netball Court"", ""Soccer Field"", ""Other"" ]",Volley ball,Poor Condition,,,,,,Average Condition,,,,,,,,Average Condition,,,,,,,Sue8DWeGKHPKAyQBi
LETSIE PRIMARY SCHOOL,Primary,GAUTENG,KHOLWANI8,true,iZrPnHLLSWPZEm7rz,3,"[ ""Athletics Field"", ""Netball Court"", ""Basketball Court"" ]",,,,Poor Condition,,,,Poor Condition,,Poor Condition,,,,,,,,,,,,,gPuKrSrjRHYQAhofp
THOPODI PRIMARY SCHOOL,Primary,GAUTENG,SABELO VERIFIED,true,FD6t84jLE7MuSLhPb,,"[ ""Athletics Field"", ""Netball Court"", ""Soccer Field"" ]",,,,Poor Condition,,,,Poor Condition,,,,,,,,Poor Condition,,,,,,,eaN2HpTXfZTyuJHLY
REAGILE PRIMARY SCHOOL,Primary,GAUTENG,Freddy11,true,nmEwz58psZYFcmY9p,,"[ ""Netball Court"", ""Tennis Court"", ""Soccer Field"" ]",,,,,,,,Average Condition,School’s Own,,,Average Condition,School’s Own,,,Good Condition,School’s Own,,,,,,3CZM6LyxfbGxQ676w
RESIDENSIA SECONDARY SCHOOL,Secondary,GAUTENG,Symps,true,CGTCNzZjLjdYeTj6u,1,"[ ""Soccer Field"" ]",,,,,,,,,,,,,,,,Poor Condition,,,,,,,Sa8QfeRArxjpbStqt
MASISEBENZE COMPREHENSIVE SCHOOL,Secondary,GAUTENG,Zanele V1,true,qv24YYvDPsyhKAkYN,1,"[ ""Soccer Field"" ]",,,,,,,,,,,,,,,,Average Condition,School’s Own,,,,,,vQsgY2cMuHRHHxN5X
TSWELOPELE SECONDARY SCHOOL,Secondary,GAUTENG,Zanele V1,true,wR8cSzHxduAWdexJo,,,,,,,,,,,,,,,,,,,,,,,,,bHZpmA7SpQzx29CQk
LESEDI LA KRESTE ANGLICAN PRIMARY SCHOOL,Primary,GAUTENG,V2-Jaydin Krok,true,QyNWee3L9iSeWwGJK,3,"[ ""Athletics Field"", ""Netball Court"", ""Soccer Field"" ]",,,,Good Condition,School’s Own,,,Good Condition,School’s Own,,,,,,,Good Condition,School’s Own,,,,,,BL89Y49hLjtAgtj9C
MOHLOLI SECONDARY SCHOOL,Secondary,GAUTENG,symps,true,mpqZaJE2X6NFoHvnv,,"[ ""Netball Court"" ]",,,,,,,,Average Condition,School’s Own,,,,,,,,,,,,,,Pye3fvQETS2TCPKyt
UMTHAMBEKA PRIMARY SCHOOL,Primary,GAUTENG,Freddy12,true,PuW5ECCoaDWgJsq8N,2,"[ ""Netball Court"", ""Soccer Field"" ]",,,,,,,,Average Condition,,,,,,,,Average Condition,,,,,,,MrCRY4JkG2RtXRzjf
MOSHOESHOE PRIMARY SCHOOL,Primary,GAUTENG,Joseph verified,true,2fRT3id8G6o8Mogsq,,"[ ""Athletics Field"", ""Netball Court"", ""Basketball Court"", ""Hockey Field"", ""Tennis Court"", ""Cricket Pitch"", ""Soccer Field"", ""Rugby Field"", ""Swimming Pool"" ]",,,,Unsure,Community Owned,,Other School’s,,Other School’s,,,,Other School’s,,Community Owned,Unsure,Community Owned,,Other School’s,Unsure,Other School’s,,vPSPXjGpC6ABc9Szc
BOVET PRIMARY SCHOOL,Primary,GAUTENG,Joseph verified,true,3JYnbLnupRn8yxadQ,3,"[ ""Athletics Field"", ""Netball Court"", ""Soccer Field"" ]",,,,Average Condition,Community Owned,,,Average Condition,Community Owned,,,,,,,Average Condition,Community Owned,,,,,,JMwctXTYdunvweNYD
KAMOHELO PUBLIC SCHOOL,Other,GAUTENG,Joseph,true,8WpnMQXnQGJC2MAbs,1,"[ ""Netball Court"" ]",,,,,,,,Average Condition,School’s Own,,,,,,,,,,,,,,hk4XMrnHxTastfL7s
MOSIOA PRIMARY SCHOOL,Primary,GAUTENG,Joseph verified,false,yfiPX3DJYijaAnShg,0,,,,,,,,,,,,,,,,,,,,,,,,AGiLx4gigQqYMN4fT
IPONTSHE PRIMARY SCHOOL,Primary,GAUTENG,V2 Adam Dison,true,xt7YmevZWHZWxBHi4,,"[ ""Athletics Field"", ""Cricket Pitch"", ""Soccer Field"", ""Rugby Field"" ]",,,,Good Condition,School’s Own,,,,,,,,,Good Condition,School’s Own,Good Condition,School’s Own,Good Condition,School’s Own,,,,x39JZC9Q749pXeEbY
KENNETH MASEKELA SECONDARY SCHOOL,Secondary,GAUTENG,Pontsho7,true,8oDmM4TPE9bSCgJsk,1,"[ ""Athletics Field"", ""Other"" ]",,,,Poor Condition,School’s Own,,,,,,,,,,,,,,,,,,yuLFP8PQcXB6aAAm6
BOITUMELONG SECONDARY SCHOOL,Secondary,GAUTENG,Zanele V1,true,4T6Z6P5gmogh9kCAS,2,"{ ""0"" : ""Netball Court"", ""1"" : ""Basketball Court"" }",,,,,,,,Good Condition,School’s Own,Good Condition,,,,,,,,,,,,,XYLgc3p2tmFJ6nGJb
SOZIZWE PRIMARY SCHOOL,Primary,GAUTENG,Tshepo3,true,37RNCPJGqxJrQxyTy,4,"[ ""Athletics Field"", ""Netball Court"", ""Soccer Field"", ""Swimming Pool"" ]",,,,Poor Condition,,,,Poor Condition,,,,,,,,Poor Condition,,,,,Community Owned,,6yXgt6quvcZfmQiWf
CAIPHUS NYOKA SECONDARY SCHOOL,Secondary,GAUTENG,Joseph veried,true,2emTyucLKzyjC2B6J,,"[ ""Netball Court"", ""Soccer Field"" ]",,,,,,,,Average Condition,School’s Own,,,,,,,Poor Condition,School’s Own,,,,,,dLHdmSdFbLWF2kJqy
zitha primary,Primary,GAUTENG,sabelo1,true,bbTsqnYSYRPQQ4PmF,,"[ ""Tennis Court"", ""Other"" ]",,Average Condition,School’s Own,,,,,,,,,Poor Condition,School’s Own,,,,,,,,,,k652o58moXsybbDfm
TSITSIBOGA PRIMARY SCHOOL,Other,GAUTENG,SABELO1,true,rgcW4Zc25eHnjEN9f,,"[ ""Athletics Field"", ""Netball Court"", ""Soccer Field"" ]",,,,Average Condition,School’s Own,,,Average Condition,School’s Own,,,,,,,Average Condition,School’s Own,,,,,,hrfAaJLuuBvdukdf9
TSWELELANG PRIMARY SCHOOL,Primary,GAUTENG,Joseph verified,true,GXhhLC9g6TZjv2jRY,0,,,,,,,,,,,,,,,,,,,,,,,,Dddj3YJBuiuGmAQFQ
JABULILE SECONDARY SCHOOL,Secondary,GAUTENG,SABELO VERIFIED,true,GBjHiq9v283wAhS8N,4,"[ ""Athletics Field"", ""Netball Court"", ""Tennis Court"", ""Soccer Field"" ]",,,,Good Condition,School’s Own,,,Good Condition,School’s Own,,,Good Condition,School’s Own,,,Good Condition,School’s Own,,,,,,GdT4e3QnaH2fX4vAA
ALEXANDRA SECONDARY SCHOOL,Secondary,GAUTENG,Jake Pencharz,true,9zLYr2Y2kbhCTmZN9,0,,,,,,,,,,,,,,,,,,,,,,,,dmcSwWf7Zcge6eHR8
FRED HABEDI PRIMARY SCHOOL,Primary,GAUTENG,Pontsho11,true,NZh59xFthwPGwPbBK,1,"[ ""Soccer Field"" ]",,,,,,,,,,,,,,,,Poor Condition,School’s Own,,,,,,qCqx8rN4JLCHpEwF4
THEMBALIKAZULU PRIMARY SCHOOL,Primary,GAUTENG,KHOLWANI10,true,kQtxCoaXYsGYzqyff,0,,,,,,,,,,,,,,,,,,,,,,,,jSDZSbr7cMPKgibe7
PHOMOLONG PRIMARY SCHOOL,Primary,GAUTENG,Sympathy varified,true,B3DJARy79KZmocj7t,6,"[ ""Athletics Field"", ""Netball Court"", ""Cricket Pitch"", ""Soccer Field"", ""Rugby Field"", ""Other"" ]",Volleyball,,,Good Condition,School’s Own,,,Good Condition,School’s Own,,,,,Poor Condition,School’s Own,Good Condition,School’s Own,Good Condition,School’s Own,,,,J8iGazpt3MwprEvbp
BOTLEHADI PRIMARY SCHOOL,Primary,GAUTENG,Sabelo1,true,f7RxHLR4j5xPBpNxA,0,,,,,,,,,,,,,,,,,,,,,,,,FpTsqHm4D3ttwK8dY
SHADRACK MBAMBO PRIMARY SCHOOL,Primary,GAUTENG,Sympathy Varified,true,CaYxuR6yD7D3mjEtT,2,"[ ""Netball Court"", ""Cricket Pitch"", ""Soccer Field"" ]",,,,,,,,Poor Condition,School’s Own,,,,,Average Condition,School’s Own,Poor Condition,School’s Own,,,,,,7sAKJvmox8vK6GJBv
BATHOKWA PRIMARY SCHOOL,Primary,GAUTENG,SABELO VERIFIED,true,yZo7Y9TEj5R83Wihu,2,"[ ""Athletics Field"", ""Netball Court"", ""Soccer Field"" ]",,,,Average Condition,Community Owned,,,Average Condition,Community Owned,,,,,,,Average Condition,Community Owned,,,,,,P4wqK6rnJQahfhFTr
