School name,Version name,Is Verified,District,NEIMS Number,Province,Total number of students,Telephone facilities,Fax facilities,Internet facilities,Intercom or public address system,Total number of computers in library\media centre,Total number of computers in library\media with internet,Number of students to one computer,Number of students to one computer with Internet
AB XUMA PRIMARY SCHOOL,V2-jaydin krok,true,JOHANNESBURG NORTH,700131805,GAUTENG,866,Yes,Yes,Yes,,25,25,34.64,34.64
AHA-THUTO SECONDARY SCHOOL,Sabelo verified,true,JOHANNESBURG SOUTH,700330696,GAUTENG,1209,Yes,Yes,Yes,,0,0,,
ALEXANDRA SECONDARY SCHOOL,Jake Pencharz,true,JOHANNESBURG EAST,700152009,GAUTENG,1789,Yes,Yes,Yes,,30,30,59.63,59.63
AMOS MAPHANGA SECONDARY,V2 Yossi Bank,true,GAUTENG EAST,700400398,GAUTENG,1051,,,Yes,,,,,
BATHOKWA PRIMARY SCHOOL,SABELO VERIFIED,true,TSHWANE SOUTH,700231530,GAUTENG,808,Yes,Yes,Yes,,,,,
BATLOUNG INTERMEDIATE SCHOOL,Symps,true,SEDIBENG WEST,700320309,GAUTENG,262,Yes,Yes,,,20,20,13.10,13.10
BHEKIMFUNDO PRIMARY SCHOOL,Joseph verified,true,EKURHULENI NORTH,700310920,GAUTENG,,Yes,Yes,Yes,,25,25,,
BOITUMELONG SECONDARY SCHOOL,Zanele V1,true,EKURHULENI NORTH,700260620,GAUTENG,1277,Yes,Yes,Yes,,50,50,25.54,25.54
BOKAMOSO SECONDARY SCHOOL,Zanele V1,true,EKURHULENI NORTH,700241810,GAUTENG,1311,Yes,Yes,Yes,Yes,25,25,52.44,52.44
BONA COMPREHENSIVE SCHOOL,SABELO VERIFIED,true,JOHANNESBURG NORTH,700131961,GAUTENG,804,,,,,0,0,,
BOPASENATLA SECONDARY SCHOOL,Joseph verified,true,JOHANNESBURG NORTH,700140426,GAUTENG,453,,,Yes,,25,18,18.12,25.17
BOPHELONG SECONDARY SCHOOL,Joseph verified,true,SEDIBENG WEST,700400355,GAUTENG,1082,Yes,Yes,Yes,,0,0,,
BOTLEHADI PRIMARY SCHOOL,Sabelo1,true,SEDIBENG WEST,700320366,GAUTENG,563,Yes,,Yes,Yes,25,25,22.52,22.52
BOVET PRIMARY SCHOOL,Joseph verified,true,JOHANNESBURG EAST,700152041,GAUTENG,1544,Yes,Yes,Yes,,25,25,61.76,61.76
BUD MBELLE PRIMARY SCHOOL,SABELO VERIFIED,true,TSHWANE SOUTH,700231563,GAUTENG,,Yes,Yes,Yes,,,,,
BUHLEBEMFUNDO SECONDARY SCHOOL,Joseph verified,true,GAUTENG EAST,700310938,GAUTENG,1739,Yes,Yes,Yes,,0,0,,
CAIPHUS NYOKA SECONDARY SCHOOL,Joseph veried,true,GAUTENG EAST,700311837,GAUTENG,1218,,,Yes,,25,25,48.72,48.72
CARTER PRIMARY SCHOOL,Joseph verified,true,JOHANNESBURG EAST,700152058,GAUTENG,1264,Yes,Yes,Yes,,,,,
CHARLOTTE MAXEKE SECONDARY SCHOOL,V2 Yossi Bank,true,EKURHULENI NORTH,700400351,GAUTENG,893,Yes,Yes,,,0,0,,
DAVID HELLEN PETA SECONDARY SCHOOL,Joseph verified,true,TSHWANE SOUTH,700231605,GAUTENG,944,Yes,Yes,Yes,,0,0,,
DIEPDALE SECONDARY SCHOOL,V2-Jaydin krok,true,JOHANNESBURG NORTH,700140434,GAUTENG,771,Yes,,,,0,0,,
DINOTO TECHNICAL SECONDARY SCHOOL,Tshepo3,true,EKURHULENI NORTH,700310995,GAUTENG,1143,Yes,Yes,Yes,,24,24,47.63,47.63
DITAU PRIMARY SCHOOL,Sympathy varified,true,JOHANNESBURG NORTH,700132068,GAUTENG,474,Yes,Yes,Yes,,,,,
DITAWANE PRIMARY SCHOOL,Joseph verified,true,,,GAUTENG,,Yes,Yes,Yes,,,,,
DR HARRY GWALA SECONDARY SCHOOL,Tshepo3,true,GAUTENG EAST,700311001,GAUTENG,1248,Yes,,,,26,0,48.00,
DR KNAK PRIMARY SCHOOL,"SABELO VERIFIED
pontsho 20",true,JOHANNESBURG EAST,700152082,GAUTENG,,Yes,Yes,Yes,,,,,
DR NHLAPO INTERMEDIATE SCHOOL,Joseph verified,true,SEDIBENG WEST,700320440,GAUTENG,874,Yes,Yes,Yes,,60,30,14.57,29.13
DR WF NKOMO SECONDARY SCHOOL,Sympathy Varified,true,TSHWANE SOUTH,700231613,GAUTENG,1025,Yes,Yes,Yes,,,,,
DUMEHLEZI INTERMEDIATE SCHOOL,Joseph verified,true,GAUTENG EAST,700311019,GAUTENG,17,Yes,Yes,,Yes,1,0,17.00,
EAST BANK HIGH SCHOOL,Sympathy varified,true,JOHANNESBURG EAST,700152090,GAUTENG,1385,Yes,Yes,Yes,,,,,
EKUKHANYISWENI PRIMARY SCHOOL,SABELO VERIFIED,true,JOHANNESBURG EAST,700152108,GAUTENG,1140,Yes,Yes,Yes,,25,,45.60,
EMFUNDISWENI PRIMARY SCHOOL,SABELO VERIFIED,true,JOHANNESBURG EAST,700152116,GAUTENG,1180,Yes,Yes,Yes,Yes,25,0,47.20,
EMMANGWENI PRIMARY SCHOOL,Zanele v1,true,EKURHULENI NORTH,700260729,GAUTENG,1773,Yes,Yes,Yes,,0,0,,
EMMANUEL PRIMARY SCHOOL,Joseph verified,true,SEDIBENG EAST,700330837,GAUTENG,846,Yes,Yes,Yes,Yes,20,20,42.30,42.30
ENDULWENI PRIMARY SCHOOL,Joseph verified,true,EKURHULENI NORTH,700260745,GAUTENG,1053,Yes,Yes,Yes,,,,,
ENTSHONALANGA PRIMARY SCHOOL,SABELO VERIFIED,true,EKURHULENI NORTH,700260752,GAUTENG,1509,Yes,Yes,Yes,Yes,,,,
ESIKHISINI PRIMARY SCHOOL,Joseph verified,true,TSHWANE SOUTH,700231662,GAUTENG,14,Yes,Yes,Yes,,25,0,0.56,
EVATON PRIMARY SCHOOL,kholwani23,true,SEDIBENG WEST,700320952,GAUTENG,,Yes,,,,,,,
FADIMEHA PRIMARY SCHOOL,Joseph verified,true,SEDIBENG WEST,700320523,GAUTENG,,Yes,Yes,Yes,,25,,,
FRED HABEDI PRIMARY SCHOOL,Pontsho11,true,GAUTENG EAST,700350702,GAUTENG,817,Yes,Yes,Yes,,1,1,817.00,817.00
FUNUKUKHANYA PRIMARY SCHOOL,KHOLWANI3,true,GAUTENG EAST,700311068,GAUTENG,,Yes,Yes,Yes,Yes,24,20,,
GAHLANSO PRIMARY SCHOOL,Zanele V1,true,EKURHULENI NORTH,700260828,GAUTENG,1059,Yes,Yes,Yes,,26,0,40.73,
GEORGE MBILASE PRIMARY SCHOOL,Joseph,true,GAUTENG EAST,700311076,GAUTENG,,Yes,Yes,Yes,,,,,
GORDON PRIMARY SCHOOL,SFISO V1,true,JOHANNESBURG EAST,700152132,GAUTENG,1353,Yes,Yes,Yes,Yes,52,24,26.02,56.38
GOROGANG PRIMARY SCHOOL,Pontsho5,true,GAUTENG EAST,700350728,GAUTENG,354,Yes,,,,25,0,14.16,
GOVAN MBEKI PRIMARY SCHOOL,Sabelo verified,true,JOHANNESBURG SOUTH,700332099,GAUTENG,663,,Yes,Yes,,,25,,26.52
HLABANGANE PRIMARY SCHOOL,Joseph verified,true,JOHANNESBURG WEST,700140541,GAUTENG,256,Yes,Yes,Yes,,24,24,10.67,10.67
HLANGABEZA PRIMARY SCHOOL,Symps,true,GAUTENG WEST,700270736,GAUTENG,28,Yes,Yes,Yes,Yes,,,,
HOFMEYR SECONDARY SCHOOL,Joseph verified,true,TSHWANE SOUTH,700231746,GAUTENG,810,Yes,,,,24,0,33.75,
HULWAZI SECONDARY SCHOOL,Tshepo1,true,EKURHULENI NORTH,700311100,GAUTENG,1758,Yes,Yes,Yes,Yes,40,40,43.95,43.95
IKAGE PRIMARY SCHOOL,Sympathy varified,true,JOHANNESBURG EAST,700152140,GAUTENG,,Yes,Yes,Yes,,,,,
IMFUNDO MIDDLE SCHOOL,Tshepo25,true,SEDIBENG WEST,700320598,GAUTENG,912,Yes,Yes,Yes,,25,,36.48,
INKATHA KA ZULU PRIMARY SCHOOL,Tshepo1,true,GAUTENG EAST,700311118,GAUTENG,,Yes,Yes,Yes,,26,26,,
INKONJANE JUNIOR SECONDARY SCHOOL,V2 Yossi Bank,true,JOHANNESBURG WEST,700140582,GAUTENG,220,Yes,Yes,Yes,,,,,
IPHUTHENG PRIMARY SCHOOL,Sympathy varified,true,JOHANNESBURG EAST,700152165,GAUTENG,,Yes,Yes,Yes,,,,,
IPONTSHE PRIMARY SCHOOL,V2 Adam Dison,true,EKURHULENI NORTH,700260901,GAUTENG,1030,Yes,Yes,Yes,Yes,26,25,39.62,41.20
ISEKELO PRIMARY SCHOOL,Joseph verified,true,EKURHULENI NORTH,700260919,GAUTENG,,Yes,,Yes,Yes,,,,
ISIZIBA PRIMARY SCHOOL,V1,true,EKURHULENI NORTH,700260943,GAUTENG,1251,Yes,Yes,Yes,Yes,0,0,,
ITHUTE PRIMARY SCHOOL,Sympathy Varified,true,JOHANNESBURG EAST,700152173,GAUTENG,1384,Yes,Yes,Yes,,,,,
ITSEBENG PRIMARY SCHOOL,SABELO1,true,SEDIBENG WEST,700320630,GAUTENG,,Yes,Yes,,,0,0,,
JABULANI THABANG PRIMARY SCHOOL,Sabelo1,true,SEDIBENG WEST,700320648,GAUTENG,807,Yes,Yes,Yes,,0,0,,
JABULILE SECONDARY SCHOOL,SABELO VERIFIED,true,JOHANNESBURG SOUTH,700331611,GAUTENG,1550,Yes,Yes,Yes,,0,0,,
JET NTEO SECONDARY SCHOOL,Sabelo1,true,SEDIBENG WEST,700320663,GAUTENG,894,Yes,Yes,Yes,Yes,0,0,,
JOB MASEKO PRIMARY SCHOOL,KHOLWANI12,true,GAUTENG EAST,700350777,GAUTENG,,Yes,Yes,,,,,,
JOB RATHEBE PRIMARY SCHOOL,Sabelo verified,true,JOHANNESBURG NORTH,700132332,GAUTENG,,,,,,,,,
JORDAN SECONDARY SCHOOL,Sabelo1,true,SEDIBENG WEST,700320671,GAUTENG,944,Yes,Yes,Yes,Yes,0,0,,
KAMOHELO PUBLIC SCHOOL,Joseph,true,GAUTENG WEST,700270801,GAUTENG,1007,Yes,Yes,Yes,,25,25,40.28,40.28
KENNETH MASEKELA SECONDARY SCHOOL,Pontsho7,true,GAUTENG EAST,700350793,GAUTENG,1385,Yes,Yes,,,80,40,17.31,34.63
KGALEMA PRIMARY SCHOOL,V2-Jaydin krok,true,GAUTENG EAST,700311175,GAUTENG,1247,Yes,Yes,Yes,Yes,25,25,49.88,49.88
KGOLAGANO PRIMARY SCHOOL,Joseph verified,true,GAUTENG EAST,700311811,GAUTENG,1455,Yes,Yes,Yes,Yes,29,20,50.17,72.75
KGOMOCO PRIMARY SCHOOL,Joseph verified,true,SEDIBENG EAST,700330902,GAUTENG,846,Yes,Yes,Yes,,,,,
KHANGEZILE PRIMARY SCHOOL,Pontsho9,true,GAUTENG EAST,700350801,GAUTENG,423,Yes,Yes,,,0,0,,
KHOMANANI PRIMARY SCHOOL,SABELO VERIFIED,true,JOHANNESBURG NORTH,700140640,GAUTENG,1019,Yes,Yes,Yes,,25,,40.76,
KHULA SIZWE PRIMARY SCHOOL,Freddy7,true,EKURHULENI NORTH,700260992,GAUTENG,426,Yes,Yes,Yes,,,,,
KOKOSI PRIMARY SCHOOL,Mabuza verified,true,GAUTENG WEST,700930749,GAUTENG,2903,Yes,Yes,Yes,,,,,
KUZIMISELA PRIMARY SCHOOL,Tshepo,true,EKURHULENI NORTH,700311209,GAUTENG,724,Yes,,Yes,,0,0,,
LABAN MOTLHABI COMPREHENSIVE SCHOOL,Pontsho6,true,GAUTENG EAST,700350843,GAUTENG,827,Yes,Yes,Yes,Yes,,,,
LANGAVILLE PRIMARY SCHOOL,Sympathy varified,true,GAUTENG EAST,700312140,GAUTENG,1667,Yes,,,,25,25,66.68,66.68
LEBOHANG SECONDARY SCHOOL,Sabelo1,true,SEDIBENG WEST,700320788,GAUTENG,949,Yes,Yes,Yes,,25,25,37.96,37.96
LEBONE PRIMARY SCHOOL,KHOLWANI7,true,GAUTENG EAST,700311217,GAUTENG,,Yes,Yes,Yes,,25,0,,
LEBOWA PRIMARY SCHOOL,Joseph,true,SEDIBENG EAST,700330928,GAUTENG,320,Yes,,Yes,,,,,
LEEMA-MOKOTULI PRIMARY SCHOOL,Sabelo1,true,SEDIBENG WEST,700400110,GAUTENG,323,Yes,,,,0,0,,
LEFA-IFA SECONDARY SCHOOL,KHOLWANE13,true,GAUTENG EAST,700350850,GAUTENG,1287,Yes,Yes,Yes,,9,9,143.00,143.00
LEFIKA PRIMARY SCHOOL,V1,true,SEDIBENG WEST,700320804,GAUTENG,412,Yes,Yes,,,0,0,,
LEHLASEDI PRIMARY SCHOOL,Sabelo1,true,SEDIBENG EAST,700330936,GAUTENG,634,Yes,Yes,Yes,,,,,
LEJOELEPUTSOA PRIMARY SCHOOL,Freddy4,true,JOHANNESBURG WEST,700140707,GAUTENG,298,Yes,Yes,Yes,,0,0,,
LERATONG PRIMARY SCHOOL,sfisov1,true,JOHANNESBURG NORTH,700132399,GAUTENG,712,Yes,,,,25,25,28.48,28.48
LERESCHE PRIMARY SCHOOL,Mabuza verified,true,JOHANNESBURG NORTH,700132407,GAUTENG,548,Yes,,Yes,,24,,22.83,
LESEDI LA KRESTE ANGLICAN PRIMARY SCHOOL,V2-Jaydin Krok,true,JOHANNESBURG SOUTH,700330712,GAUTENG,1253,,,Yes,,,,,
LESHATA SECONDARY SCHOOL,Sabelo verified,true,JOHANNESBURG SOUTH,700330969,GAUTENG,1862,Yes,Yes,Yes,,,,,
LESIBA SECONDARY SCHOOL,Freddy1,true,EKURHULENI NORTH,700311258,GAUTENG,,,,,,,,,
LETSATSING COMBINED SCHOOL,SABELO 1,true,,,GAUTENG,1787,Yes,Yes,Yes,Yes,,,,
LETSEMA-ILIMA PRIMARY SCHOOL,Symps,true,SEDIBENG WEST,700321331,GAUTENG,1347,Yes,Yes,Yes,Yes,1,0,1347.00,
LETSIE PRIMARY SCHOOL,KHOLWANI8,true,GAUTENG EAST,700311274,GAUTENG,,Yes,Yes,,,24,,,
LIVHUWANI PRIMARY SCHOOL,SABELO VERIFIED,true,JOHANNESBURG WEST,700140731,GAUTENG,714,Yes,,,,25,9,28.56,79.33
LOTUS GARDENS PRIMARY SCHOOL,Joseph verified,true,TSHWANE WEST,700400154,GAUTENG,1219,Yes,,,,,,,
LUKHOLWENI PRIMARY SCHOOL,Joseph verified,true,JOHANNESBURG NORTH,700132456,GAUTENG,,Yes,Yes,,Yes,,,,
MABOELLENG PRIMARY SCHOOL,Joseph,true,SEDIBENG WEST,700320879,GAUTENG,526,Yes,Yes,Yes,,25,10,21.04,52.60
MABUYA SECONDARY SCHOOL,Joseph1,true,EKURHULENI NORTH,700311290,GAUTENG,1573,,,,,75,,20.97,
MADUME PRIMARY SCHOOL,SABELO VERIFIED,true,JOHANNESBURG SOUTH,700330985,GAUTENG,960,Yes,Yes,Yes,Yes,20,17,48.00,56.47
MAHLAHLE PRIMARY SCHOOL,SABELO VERIFIED,true,TSHWANE SOUTH,700231894,GAUTENG,1016,Yes,Yes,Yes,,0,0,,
MAKAPANE PRIMARY SCHOOL,Joseph verified,true,SEDIBENG WEST,700320903,GAUTENG,1092,Yes,Yes,Yes,,26,26,42.00,42.00
MANGWELE PRIMARY SCHOOL,SABELO VERIFIED,true,JOHANNESBURG NORTH,700140764,GAUTENG,414,Yes,Yes,Yes,,,,,
MASHEMONG PRIMARY SCHOOL,Joseph verified,true,EKURHULENI NORTH,700261040,GAUTENG,1222,Yes,Yes,Yes,Yes,,,,
MASIMINI PRIMARY SCHOOL,V2 Adam Dison,true,GAUTENG EAST,700350892,GAUTENG,849,Yes,Yes,Yes,,25,25,33.96,33.96
MASISEBENZE COMPREHENSIVE SCHOOL,Zanele V1,true,,700261065,GAUTENG,,Yes,Yes,Yes,,0,0,,
MATSIE STEYN PRIMARY SCHOOL,Joseph verified,true,SEDIBENG EAST,700331017,GAUTENG,622,Yes,Yes,Yes,,25,0,24.88,
MEADOWLANDS PRIMARY SCHOOL,Tamir Shklaz,true,JOHANNESBURG WEST,700140947,GAUTENG,415,Yes,,Yes,,25,25,16.60,16.60
MELODI PRIMARY SCHOOL,V2 - Daniel Kartun,true,GAUTENG EAST,700311373,GAUTENG,1478,Yes,Yes,Yes,Yes,25,25,59.12,59.12
MENZI PRIMARY SCHOOL,Sympathy varified,true,GAUTENG EAST,700400234,GAUTENG,1555,Yes,,,,1,0,1555.00,
MICHAEL ZULU PRIMARY SCHOOL,Sympathy varified,true,GAUTENG EAST,700311381,GAUTENG,1283,Yes,Yes,Yes,Yes,24,0,53.46,
MODUOPO PRIMARY SCHOOL,Zanele V1,true,EKURHULENI NORTH,700261099,GAUTENG,1063,Yes,Yes,Yes,,33,1,32.21,1063.00
MOGOGODI PRIMARY SCHOOL,Joseph1,true,SEDIBENG WEST,700321018,GAUTENG,300,Yes,,,,,,,
MOHLOLI SECONDARY SCHOOL,symps,true,SEDIBENG EAST,700331074,GAUTENG,1289,Yes,Yes,Yes,,25,0,51.56,
MOKGOME SECONDARY SCHOOL,Joseph verified,true,JOHANNESBURG WEST,700140814,GAUTENG,846,Yes,,,,56,,15.11,
MONTSOSI PRIMARY SCHOOL,SABELO1,true,SEDIBENG WEST,700321075,GAUTENG,376,,Yes,Yes,,24,,15.67,
MOSHOESHOE PRIMARY SCHOOL,Joseph verified,true,GAUTENG EAST,700311399,GAUTENG,1042,Yes,Yes,Yes,,2,24,521.00,43.42
MOYISELA PRIMARY SCHOOL,Sabelo verified,true,JOHANNESBURG SOUTH,700331082,GAUTENG,1002,Yes,,Yes,Yes,,,,
MQINISWA PRIMARY SCHOOL,Joseph verified,true,SEDIBENG WEST,700321141,GAUTENG,,Yes,Yes,Yes,,25,0,,
MUZOMSHA PRIMARY SCHOOL,KHOLWANI18,true,GAUTENG EAST,700350926,GAUTENG,539,,,,,,,,
MVELAPHANDA PRIMARY SCHOOL,Freddy9,true,EKURHULENI NORTH,700261123,GAUTENG,834,Yes,Yes,Yes,,,,,
N'WA MHINGA PRIMARY SCHOOL,V2-Jaydin krok,true,TSHWANE SOUTH,700232041,GAUTENG,611,Yes,Yes,Yes,,,,,
NCHABELENG PRIMARY SCHOOL,KHOLWANI9,true,GAUTENG EAST,700311407,GAUTENG,853,Yes,Yes,Yes,,29,,29.41,
NKABINDE PRIMARY SCHOOL,V2 Yossi Bank,true,GAUTENG EAST,700350942,GAUTENG,817,Yes,Yes,Yes,,1,,817.00,
NKUMBULO SECONDARY SCHOOL,Pontsho4,true,GAUTENG EAST,700350959,GAUTENG,1262,Yes,Yes,Yes,,40,40,31.55,31.55
NOMINI PRIMARY SCHOOL,Sabelo verified,true,JOHANNESBURG SOUTH,700331108,GAUTENG,1401,Yes,,Yes,,0,0,,
NQUBELA PRIMARY SCHOOL,Sympathy Varified,true,EKURHULENI SOUTH,700341032,GAUTENG,353,Yes,,,,0,0,,
NTOKOZWENI PRIMARY SCHOOL,Pontsho12,true,GAUTENG EAST,700350975,GAUTENG,957,Yes,Yes,,,27,27,35.44,35.44
NTSELE PRIMARY SCHOOL,Sabelo1,true,SEDIBENG WEST,700321208,GAUTENG,1096,Yes,,,,0,0,,
NTSIKANA PRIMARY SCHOOL,Sympathy Varified,true,GAUTENG EAST,700311423,GAUTENG,669,Yes,Yes,Yes,Yes,1,0,669.00,
NYIKO PRIMARY SCHOOL,Freddy9,true,EKURHULENI NORTH,700261131,GAUTENG,1107,Yes,Yes,Yes,,,,,
Nxineni Primary,Nxineni Primary,true,,,GAUTENG,1346,Yes,Yes,Yes,Yes,,,,
O.R TAMBO PRIMARY SCHOOL,Zanele V1,true,EKURHULENI SOUTH,700400248,GAUTENG,,Yes,Yes,Yes,,7,7,,
ORANGE FARM PRIMARY SCHOOL,V1,true,JOHANNESBURG SOUTH,700331637,GAUTENG,1447,Yes,Yes,Yes,,,,,
ORLANDO SECONDARY SCHOOL,SABELO VERIFIED,true,JOHANNESBURG NORTH,700132670,GAUTENG,760,Yes,Yes,,,24,,31.67,
PATOGENG PRIMARY SCHOOL,Joseph verified,true,TSHWANE SOUTH,700232082,GAUTENG,,Yes,,Yes,,1,,,
PHAMEHLO PRIMARY SCHOOL,Symps,true,SEDIBENG WEST,700321232,GAUTENG,548,Yes,Yes,Yes,,25,0,21.92,
PHANDIMFUNDO SECONDARY SCHOOL,SABELO VERIFIED,true,GAUTENG EAST,700311431,GAUTENG,1560,Yes,Yes,Yes,Yes,,40,,39.00
PHELINDABA SECONDARY SCHOOL,Sabelo verified,true,TSHWANE SOUTH,700232124,GAUTENG,1059,Yes,Yes,Yes,Yes,24,16,44.13,66.19
PHOMOLONG PRIMARY SCHOOL,Sympathy varified,true,EKURHULENI NORTH,700260885,GAUTENG,1505,Yes,Yes,Yes,,20,20,75.25,75.25
PHOMOLONG SECONDARY SCHOOL,V2 - Adam Dison,true,EKURHULENI NORTH,700400138,GAUTENG,1627,Yes,Yes,,,24,24,67.79,67.79
PHORORONG PRIMARY SCHOOL,Joseph,true,GAUTENG WEST,700271015,GAUTENG,1010,Yes,Yes,Yes,,26,26,38.85,38.85
PHUTHADITSHABA PRIMARY SCHOOL,SABELO VERIFIED,true,TSHWANE SOUTH,700232661,GAUTENG,1566,Yes,Yes,Yes,,25,25,62.64,62.64
PHUTHULLA PRIMARY SCHOOL,Joseph verified,true,SEDIBENG WEST,700321265,GAUTENG,791,Yes,Yes,Yes,,,,,
PHUTHUMANI PRIMARY SCHOOL,Sympathy Varified,true,EKURHULENI NORTH,700261149,GAUTENG,1159,Yes,,Yes,,0,0,,
POELANO SECONDARY SCHOOL,Joseph verified,true,SEDIBENG WEST,700321281,GAUTENG,1255,,,Yes,,25,23,50.20,54.57
PUDUMO PRIMARY SCHOOL,SABELO 1,true,JOHANNESBURG SOUTH,700331165,GAUTENG,794,Yes,Yes,Yes,,,,,
QEDUSIZI PRIMARY SCHOOL,Pontsho8,true,GAUTENG EAST,700351015,GAUTENG,1053,Yes,Yes,Yes,Yes,24,0,43.88,
QHAKAZANI PRIMARY SCHOOL,tshepo20,true,JOHANNESBURG SOUTH,700331173,GAUTENG,1075,Yes,,Yes,Yes,23,23,46.74,46.74
QUANTUM SECONDARY SCHOOL,Tshepo2,true,GAUTENG EAST,700400152,GAUTENG,984,Yes,Yes,,,0,0,,
REAGILE PRIMARY SCHOOL,Freddy11,true,EKURHULENI NORTH,700261694,GAUTENG,1728,,Yes,Yes,,5,30,345.60,57.60
REAKGONA PRIMARY SCHOOL,Tamir Shklaz\,true,GAUTENG WEST,700931778,GAUTENG,1023,Yes,Yes,,,,,,
REALO  SECONDARY SCHOOL,SABELO VERIFIED,true,JOHANNESBURG EAST,700152314,GAUTENG,1757,Yes,Yes,Yes,,,,,
REAMOHETSOE PRIMARY SCHOOL,V2-Jaydin Krok,true,JOHANNESBURG SOUTH,700331231,GAUTENG,720,Yes,,,,,,,
REKGUTLILE PRIMARY SCHOOL,SABELO VERIFEID,true,JOHANNESBURG SOUTH,700331264,GAUTENG,1073,,,,,1,1,1073.00,1073.00
RESIDENSIA SECONDARY SCHOOL,Symps,true,SEDIBENG WEST,700321380,GAUTENG,1297,Yes,Yes,Yes,,27,27,48.04,48.04
RETLILE PRIMARY SCHOOL,Jake Pencharz,true,GAUTENG WEST,700934044,GAUTENG,,Yes,,Yes,,,,,
ROLIHLAHLA PRIMARY SCHOOL,Tshepo2,true,GAUTENG EAST,700311472,GAUTENG,1153,,,,,,,,
Radibapi Primary,sabelo,true,,,GAUTENG,,Yes,Yes,Yes,,,,,
SAKHELWE PRIMARY SCHOOL,Pontsho 10,true,GAUTENG EAST,700351049,GAUTENG,485,Yes,Yes,,,0,0,,
SAPPHIRE SECONDARY SCHOOL,Joseph verified,true,SEDIBENG WEST,700321406,GAUTENG,,Yes,Yes,Yes,,25,0,,
SAULRIDGE SECONDARY SCHOOL,Sabelo verified,true,TSHWANE SOUTH,700232223,GAUTENG,1031,Yes,Yes,Yes,,,,,
SECHABA PRIMARY SCHOOL,KHOLWANI14,true,GAUTENG EAST,700351064,GAUTENG,423,Yes,Yes,,,,,,
SEDIBENG PRIMARY SCHOOL,Zanele V1,true,EKURHULENI NORTH,700261180,GAUTENG,825,Yes,Yes,,,0,0,,
SEEISO PRIMARY SCHOOL,Joseph verified,true,SEDIBENG WEST,700321422,GAUTENG,1039,Yes,Yes,Yes,,25,0,41.56,
SELELEKELA SECONDARY SCHOOL,SABELO 1,true,JOHANNESBURG NORTH,700132902,GAUTENG,,Yes,Yes,,,23,,,
SELIBA PRIMARY SCHOOL,Joseph verified,true,SEDIBENG EAST,700331314,GAUTENG,477,Yes,Yes,,,,,,
SELOPE-THEMA PRIMARY SCHOOL,SABELO VERIFIED,true,JOHANNESBURG NORTH,700132910,GAUTENG,395,Yes,Yes,,,0,0,,
SEOTLOANA PRIMARY SCHOOL,Zanele V1,true,EKURHULENI NORTH,700261198,GAUTENG,1074,Yes,Yes,Yes,,25,25,42.96,42.96
SHADRACK MBAMBO PRIMARY SCHOOL,Sympathy Varified,true,GAUTENG EAST,700311480,GAUTENG,1146,Yes,Yes,,,25,0,45.84,
SIBONELO PRIMARY SCHOOL,Sympathy verified,true,EKURHULENI NORTH,700311498,GAUTENG,781,Yes,,Yes,,23,23,33.96,33.96
SIPHIWE PRIMARY SCHOOL,Zanele V1,true,EKURHULENI NORTH,700261214,GAUTENG,,Yes,Yes,Yes,Yes,27,0,,
SIVUSE PRIMARY SCHOOL,SABELO1,true,SEDIBENG WEST,700321489,GAUTENG,930,Yes,Yes,,,,,,
SOZIZWE PRIMARY SCHOOL,Tshepo3,true,EKURHULENI NORTH,700311530,GAUTENG,499,Yes,Yes,Yes,,1,,499.00,
SPHIWE PRIMARY SCHOOL,SFISOV1,true,,,GAUTENG,,,,,,,,,
STEVE BIKO PRIMARY SCHOOL,SABELO VERIFIED,true,JOHANNESBURG SOUTH,700400077,GAUTENG,512,Yes,Yes,Yes,,,,,
STRETFORD EXT 8 PRIMARY SCHOOL,Sfiso v1,true,JOHANNESBURG SOUTH,700331918,GAUTENG,998,,,,,,0,,
TEMBISA SECONDARY SCHOOL,V1,true,EKURHULENI NORTH,700261305,GAUTENG,2011,Yes,Yes,Yes,Yes,40,40,50.28,50.28
TEMBISA WEST SECONDARY SCHOOL,Freddy10,true,EKURHULENI NORTH,700400117,GAUTENG,1303,,Yes,Yes,Yes,,,,
THEMBALIHLE PRIMARY SCHOOL,SABELO1,true,JOHANNESBURG NORTH,700133132,GAUTENG,1026,Yes,Yes,Yes,,24,0,42.75,
THEMBALIKAZULU PRIMARY SCHOOL,KHOLWANI10,true,GAUTENG EAST,700351148,GAUTENG,429,Yes,Yes,,,1,0,429.00,
THETHA SECONDARY SCHOOL,SABELO VERFIED,true,JOHANNESBURG SOUTH,700331645,GAUTENG,,Yes,,,Yes,0,0,,
THOHO-YA-NDOU PRIMARY SCHOOL,Joseph verified,true,TSHWANE SOUTH,700232272,GAUTENG,,Yes,Yes,Yes,,25,25,,
THOPODI PRIMARY SCHOOL,SABELO VERIFIED,true,GAUTENG EAST,700311555,GAUTENG,1157,Yes,,,,1,1,1157.00,1157.00
THUTHUKA PRIMARY SCHOOL,SABELO VERIFIED,true,EKURHULENI NORTH,700261347,GAUTENG,1037,Yes,Yes,Yes,,25,25,41.48,41.48
THUTO KITSO SECONDARY SCHOOL,sabelo1,true,GAUTENG WEST,700932124,GAUTENG,1177,Yes,Yes,Yes,Yes,,,,
THUTO LORE SECONDARY SCHOOL,Tamir Shklaz,true,SEDIBENG EAST,700331413,GAUTENG,804,Yes,Yes,Yes,,25,25,32.16,32.16
THUTOLORE SECONDARY SCHOOL,Joseph verified,true,JOHANNESBURG WEST,700141002,GAUTENG,978,Yes,Yes,Yes,,,,,
TIYANI Junior secondary SCHOOL,SABELO VERIFIED,true,JOHANNESBURG NORTH,700141028,GAUTENG,274,Yes,,,,,,,
TLAKULA SECONDARY SCHOOL,Sympathy Varified,true,GAUTENG EAST,700351171,GAUTENG,1168,,Yes,,,17,0,68.71,
TLHAKANANG PRIMARY SCHOOL,Tlhakanang Primary School,true,EKURHULENI NORTH,700261388,GAUTENG,942,Yes,Yes,Yes,,0,0,,
TLHOKOMELO PRIMARY SCHOOL,Joseph1,true,JOHANNESBURG WEST,700141044,GAUTENG,,Yes,Yes,Yes,,,,,
TLHOLO INTERMEDIATE SCHOOL,Joseph1,true,SEDIBENG WEST,700321596,GAUTENG,774,Yes,Yes,Yes,,15,15,51.60,51.60
TOKELO SECONDARY SCHOOL,Joseph verified,true,SEDIBENG WEST,700321604,GAUTENG,871,Yes,Yes,Yes,Yes,25,,34.84,
TOTOMENG PRIMARY SCHOOL,Joseph verified,true,JOHANNESBURG WEST,700141069,GAUTENG,,Yes,Yes,,,25,25,,
TSAKANE PRIMARY SCHOOL,Sympathy Varified,true,GAUTENG EAST,700311571,GAUTENG,759,Yes,,,,25,19,30.36,39.95
TSHIRELA PRIMARY SCHOOL,Joseph verified,true,SEDIBENG WEST,700321653,GAUTENG,890,Yes,Yes,Yes,Yes,1,1,890.00,890.00
TSHIRELETSO PRIMARY SCHOOL,Joseph1,true,JOHANNESBURG WEST,700141085,GAUTENG,,Yes,Yes,Yes,,,,,
TSHITSO PRIMARY SCHOOL,V1,true,SEDIBENG WEST,700321661,GAUTENG,386,Yes,,,,,,,
TSIETSI MASHININI PRIMARY SCHOOL,Sympathy varified,true,JOHANNESBURG WEST,700140822,GAUTENG,408,Yes,Yes,,,25,25,16.32,16.32
TSIMONG PRIMARY SCHOOL,Kholwani19,true,GAUTENG EAST,700351197,GAUTENG,340,Yes,Yes,Yes,,,,,
TSITSIBOGA PRIMARY SCHOOL,SABELO1,true,GAUTENG WEST,700271130,GAUTENG,1100,Yes,Yes,Yes,,25,25,44.00,44.00
TSOELOPELE PRIMARY SCHOOL,Joseph verified,true,SEDIBENG EAST,700331462,GAUTENG,,Yes,Yes,Yes,,25,25,,
TSWELELANG PRIMARY SCHOOL,Joseph verified,true,JOHANNESBURG WEST,700141119,GAUTENG,387,Yes,Yes,Yes,,,,,
TSWELOPELE SECONDARY SCHOOL,Zanele V1,true,EKURHULENI NORTH,700400400,GAUTENG,1277,,,,,0,0,,
UMTHAMBEKA PRIMARY SCHOOL,Freddy12,true,EKURHULENI NORTH,700261438,GAUTENG,962,Yes,Yes,Yes,,0,0,,
UNITY SECONDARY SCHOOL,Tshepo3,true,EKURHULENI NORTH,700311613,GAUTENG,1910,Yes,Yes,Yes,Yes,42,42,45.48,45.48
VEZUKHONO SECONDARY SCHOOL,Joseph,true,GAUTENG EAST,700311852,GAUTENG,1275,Yes,Yes,,Yes,,,,
VULAMAZIBUKO PRIMARY SCHOOL,V2 Yossi Bank,true,JOHANNESBURG NORTH,700141150,GAUTENG,418,Yes,,,,25,25,16.72,16.72
VUYO PRIMARY SCHOOL,Joseph,true,SEDIBENG EAST,700331520,GAUTENG,,Yes,,Yes,,25,0,,
WESTFIELDS PRIMARY SCHOOL,SABELO 1,true,GAUTENG WEST,700270579,GAUTENG,1049,Yes,Yes,Yes,Yes,19,0,55.21,
WINNIE MANDELA PRIMARY SCHOOL,SABELO VERIFIED,true,EKURHULENI NORTH,700400236,GAUTENG,1392,Yes,,Yes,,,,,
WINNIE MANDELA SECONDARY SCHOOL,SABELO VERIFIED,true,EKURHULENI NORTH,700400514,GAUTENG,,,,,,,,,
ZAKHENI PRIMARY SCHOOL,Sympathy varified,true,JOHANNESBURG NORTH,700133306,GAUTENG,564,Yes,Yes,Yes,,21,1,26.86,564.00
ZAMANI PRIMARY SCHOOL,Sympathy Varified,true,GAUTENG EAST,700351288,GAUTENG,823,Yes,,,,,,,
ZENZELENI PRIMARY SCHOOL,Sympathy Varification,true,JOHANNESBURG EAST,700152421,GAUTENG,,Yes,Yes,Yes,,,,,
ZIFUNELENI JUNIOR SECONDARY  (COMB. PRIMARY) SCHOOL,SABELO VERIFIED,true,JOHANNESBURG NORTH,700133314,GAUTENG,1157,Yes,Yes,Yes,,,,,
ZIMISELE SECONDARY SCHOOL,Pontsho3,true,GAUTENG EAST,700351304,GAUTENG,993,Yes,Yes,Yes,,,,,
ZITHATHELE PRIMARY SCHOOL,Joseph verified,true,JOHANNESBURG NORTH,700133322,GAUTENG,1407,Yes,,,,23,23,61.17,61.17
ZITHEMBENI PRIMARY SCHOOL,kholwani21,true,GAUTENG EAST,700351312,GAUTENG,789,Yes,Yes,Yes,Yes,20,20,39.45,39.45
ZITIKENI SECONDARY SCHOOL,SABELO VERIFIED,true,EKURHULENI NORTH,700261479,GAUTENG,1634,Yes,Yes,Yes,,47,1,34.77,1634.00
zitha primary,sabelo1,true,,,GAUTENG,11,Yes,Yes,Yes,,40,,0.28,
