school_name,survey_name,isverified,_id,buildingmaterials_anypart,buildingmaterials_entireschool,comment,version_id
NKUMBULO SECONDARY SCHOOL,Pontsho4,false,ELouM8MmHNxd4FHYd,,"{ ""0"" : ""No"" }",,2G6DH4Aiu8dpRQyrD
UMSOBOMVU PRIMARY SCHOOL,KHOLWANI11,false,ayEm37k2EsTYCEXxd,"[ ""No"" ]","[ ""No"" ]",,2Qm9dY2unum62oDu7
THUTO KITSO SECONDARY SCHOOL,sabelo1,false,jCXcYKCcifEFgXy5u,,,,2zRbjDBfz4zB8Tv6q
REAGILE PRIMARY SCHOOL,Freddy11,false,Cv56soWGLkFsrYGvs,"[ ""No"" ]",,,3CZM6LyxfbGxQ676w
MABOELLENG PRIMARY SCHOOL,Joseph,false,Q84tecsTRsXJbGzn9,"[ ""No"" ]","[ ""No"" ]",,3XdLNoiuCRA5T5Dfc
MICHAEL ZULU PRIMARY SCHOOL,Sympathy varified,false,dsAwSSjrjQFSWq3tE,"[ ""No"" ]","[ ""No"" ]",,3tbjfT8zZ2fPGfiwc
LANGAVILLE PRIMARY SCHOOL,Sympathy varified,false,YotbCXeyDCyJwuuy5,"[ ""No"" ]","[ ""No"" ]",,3uXaw9N4tJkFZKXSt
VULAMAZIBUKO PRIMARY SCHOOL,KHOLWANI20,false,xKgxnf6wCSe66PySK,"[ ""No"" ]","[ ""No"" ]",,4F5Qwq5cmL34WsvHP
TEMBISA WEST SECONDARY SCHOOL,Freddy10,false,pKx438FQoqSXvBj82,,,,4avNjjRgrzrEpwKMN
STRETFORD EXT 8 PRIMARY SCHOOL,Sfiso v1,false,qtzm5dH9shTLvETHD,"[ ""No"" ]","{ ""0"" : ""No"" }",,4zo5MNwbBvTPykbFg
FUNUKUKHANYA PRIMARY SCHOOL,KHOLWANI3,false,YXXayizFcNA5wdr4k,"[ ""No"", ""Mud"" ]","{ ""0"" : ""No"" }",,55foHoJLBDfwGwTWD
AHA-THUTO SECONDARY SCHOOL,Sabelo verified,false,DhzmyF7LenBrp9s9a,"[ ""No"" ]","[ ""No"" ]",,5PhvChXDzSoaBymWp
LEFA-IFA SECONDARY SCHOOL,KHOLWANE13,false,92iiEMChiYP7LhFqS,"[ ""No"" ]","[ ""No"" ]",,5QzLWMPF8grmhh3G5
NCHABELENG PRIMARY SCHOOL,KHOLWANI9,false,DPKYSYfc2uBoehue7,"[ ""No"" ]","{ ""0"" : ""No"" }",,5iHufHeS6B2XBsHTB
MQINISWA PRIMARY SCHOOL,Joseph verified,false,QcSaafwgLAnb4rt78,"[ ""No"" ]","[ ""No"" ]",,6XmRH2cDbjXJd8Zri
PHUTHUMANI PRIMARY SCHOOL,Sympathy Varified,false,JSkGmKJTnkMtMs2Xt,"[ ""Asbestos"" ]",,,6ZNqRnThWfJTjmtzh
NYIKO PRIMARY SCHOOL,Freddy9,false,a8gz3ABRPizq3mJqo,"[ ""No"" ]","[ ""No"" ]",,6cFA5fAxPtQzaP5bz
REALO  SECONDARY SCHOOL,SABELO VERIFIED,false,jRem9PAvFKWw4CCyx,"[ ""No"" ]","[ ""No"" ]",,6iixm3MYropadAMjX
MELODI PRIMARY SCHOOL,Tshepo1,false,777GoTwDDgRtD6F9L,"[ ""Asbestos"" ]","{ ""0"" : ""No"" }",,6nyrh8pzbNxMHyu4J
SOZIZWE PRIMARY SCHOOL,Tshepo3,false,zJ2WsXeCYZfRx5vWR,"[ ""No"" ]","[ ""No"" ]",,6yXgt6quvcZfmQiWf
MATSIE STEYN PRIMARY SCHOOL,Joseph verified,false,DMm78XXft2DvfS3xT,"[ ""No"" ]","[ ""No"" ]",,74LtY73iZk5nAgKN4
JOB MASEKO PRIMARY SCHOOL,KHOLWANI12,false,QsSYm7evSCduZhHFy,"[ ""No"" ]","[ ""No"" ]",,7Lt26udxHfpKtyAwY
SAKHELWE PRIMARY SCHOOL,Pontsho 10,false,a4zu3vQfNhmWHocAx,"[ ""No"" ]","[ ""No"" ]",,7jdhLaYzWcCtFduQg
SHADRACK MBAMBO PRIMARY SCHOOL,Sympathy Varified,false,v5zdNyqLFMT6rkBtY,"[ ""No"" ]","[ ""No"" ]",,7sAKJvmox8vK6GJBv
SIPHIWE PRIMARY SCHOOL,Zanele V1,false,ForaTk5oEEGqFFvBv,"[ ""No"" ]","{ ""0"" : ""No"" }",,8EkWbb3qMosGvaWyT
VEZUKHONO SECONDARY SCHOOL,Joseph,false,DESEWQxvYcWPWi8N2,,,,8FucY8f4FTzL2XmhY
SEDIBENG PRIMARY SCHOOL,Zanele V1,false,BtSTwaGP8rPrWsye2,"[ ""No"" ]","[ ""No"" ]",,8pdqiKPuW9emmvdMA
LABAN MOTLHABI COMPREHENSIVE SCHOOL,Pontsho6,false,H97dyBnJpXdneTTzg,"[ ""No"" ]","{ ""0"" : ""No"" }",,922NEXkq8CZy6PH7L
TSHIRELA PRIMARY SCHOOL,Joseph verified,false,B73AgxWqH4xq3cPw4,"[ ""No"" ]","[ ""No"" ]",,93KanXF8i8wGs4YKw
NTSIKANA PRIMARY SCHOOL,Sympathy Varified,false,bcsaB4k9DbE2ri3Zq,"[ ""No"" ]","{ ""0"" : ""No"" }",,95AYoAp6AiYz3KZ2t
REKGUTLILE PRIMARY SCHOOL,SABELO VERIFEID,false,bDS5vn8buv7yNbtQA,"[ ""No"" ]","[ ""No"" ]",,9NYELJLrE2z96eKGu
ZITIKENI SECONDARY SCHOOL,SABELO VERIFIED,false,gG8DkC569LrrkbKuB,"[ ""No"" ]","[ ""No"" ]",,A7HS55Lmpv7eWduhv
HLABANGANE PRIMARY SCHOOL,Joseph verified,false,kNM7hjbc9GnaW3v6W,"[ ""No"" ]","[ ""No"" ]",,A9g2JXbafa9hggA23
MOSIOA PRIMARY SCHOOL,Joseph verified,false,fGkLq4rHfDxntqKwy,"[ ""No"" ]","[ ""No"" ]",,AGiLx4gigQqYMN4fT
THEMBALIHLE PRIMARY SCHOOL,SABELO1,false,CoSi32EjvJ4Spm4S7,"[ ""No"" ]","[ ""No"" ]",,AHHiQixZscHdnSQpM
LESEDI LA KRESTE ANGLICAN PRIMARY SCHOOL,Pontsho16,false,8rTCPDLo3hQspbKQQ,"[ ""No"" ]","[ ""No"" ]",,BL89Y49hLjtAgtj9C
DAVID HELLEN PETA SECONDARY SCHOOL,Joseph verified,false,HZv7898Za9vuKBnw5,"[ ""No"" ]","[ ""No"" ]",,BpGigPup4eyijh28x
THUTOLORE SECONDARY SCHOOL,Joseph verified,false,tXwF7cuJekBM84TsQ,"[ ""No"" ]","[ ""No"" ]",,BwK89vufnm6iCSJhQ
BUHLEBEMFUNDO SECONDARY SCHOOL,Joseph verified,false,YzjZA42nPQteRF9m8,"[ ""No"" ]","[ ""No"" ]",,Ch6HJ6DZmFCYxKkww
ESIKHISINI PRIMARY SCHOOL,Joseph verified,false,BusJSq5dL7ub8DGgw,"[ ""No"" ]","[ ""No"" ]",,CoWKa7AHpYehwgjN4
TSWELELANG PRIMARY SCHOOL,Joseph verified,false,sXMMcYWWSv5HYroxu,"[ ""No"" ]","[ ""No"" ]",,Dddj3YJBuiuGmAQFQ
EMMANUEL PRIMARY SCHOOL,Joseph1,false,3BombPGXMXtCAnJ5a,"[ ""No"" ]","[ ""No"" ]",,DwG2tAAFC8W79Ckxx
MASIMINI PRIMARY SCHOOL,KHOLWANI17,false,XDohmATPPidq4iSLh,"[ ""No"" ]",,,E7KSgcfSqaoDb5BEE
EKUKHANYISWENI PRIMARY SCHOOL,Zanele V1,false,bGcshuQxxx6RQGJMu,"[ ""No"" ]","[ ""No"" ]",,EbrJ8dHAyrQTpSaNj
NTOKOZWENI PRIMARY SCHOOL,Pontsho12,false,YhEChT7BBNvbrGqEz,"[ ""No"" ]","[ ""No"" ]",,EtHDHYs97BCxasggi
LEJOELEPUTSOA PRIMARY SCHOOL,Freddy4,false,Bp6w6WfkniBYuEfKb,"[ ""No"" ]","{ ""0"" : ""No"" }",,EtsNuLzuvqcqdM943
DIEPDALE SECONDARY SCHOOL,Tracey v1,false,j2ni9tEGFdp8TgESs,"[ ""No"" ]","[ ""No"" ]",,EyHGQ2ctZRGcPQ4Lc
BATLOUNG INTERMEDIATE SCHOOL,Symps,false,ocAub5mdwrEAzfQto,"[ ""No"" ]","[ ""No"" ]",,FEAD8jBu7LbHezy2j
DR KNAK PRIMARY SCHOOL,"SABELO VERIFIED
pontsho 20",false,BYxyZ4ij5mfomwsWx,"[ ""No"" ]","[ ""No"" ]",,FkDMg4ekjDHWExDuv
BOTLEHADI PRIMARY SCHOOL,Sabelo1,false,NzKaftvvzqBXmodoL,"[ ""No"" ]","[ ""Mud"" ]",,FpTsqHm4D3ttwK8dY
SIBONELO PRIMARY SCHOOL,Sympathy verified,false,kDkakFCdJXkTvcxmp,"[ ""No"" ]","[ ""No"" ]",,GQPE7rurt9bb7DM5a
O.R TAMBO SECONDARY SCHOOL,Zanele V1,false,jMuHgTpqHCfBekxcG,"[ ""No"" ]","{ ""0"" : ""No"" }",,Gfj3WRS3Y8w4dmyph
BOKAMOSO PRIMARY SCHOOL,Zanele V1,false,GYDCdHKQBhkRoSdYc,"[ ""No"" ]","[ ""No"" ]",,H2wSN9EFbKzeSGjCh
ZIFUNELENI JUNIOR SECONDARY  (COMB. PRIMARY) SCHOOL,SABELO VERIFIED,false,rpZ6crBktCq7CRhBZ,"[ ""No"" ]","[ ""No"" ]",,HE7QyZrdjZD4TwigW
ZAKHENI PRIMARY SCHOOL,Sympathy varified,false,nNWixoMmpnh7sFfMb,"[ ""No"" ]","[ ""No"" ]",,HKHTs5NYM9YcNKmA3
MANGWELE PRIMARY SCHOOL,SABELO VERIFIED,false,uXsDkr29486jgnEHR,"[ ""No"" ]","[ ""No"" ]",,HZFjNDTejF5ga78Sx
DR NHLAPO INTERMEDIATE SCHOOL,Joseph verified,false,CiPhwJeMjXqNRXCPT,"[ ""No"" ]","[ ""No"" ]",,Hjqy94n4PwNqwN5uA
KUZIMISELA PRIMARY SCHOOL,Tshepo,false,sQZeLdkadMaRsKur3,"[ ""No"" ]","{ ""0"" : ""No"" }",,HushLZncKDsTyJhfN
BOVET PRIMARY SCHOOL,Joseph verified,false,qkrgFMxt8k9MZFwXi,"[ ""No"" ]","[ ""No"" ]",,JMwctXTYdunvweNYD
BHEKIMFUNDO PRIMARY SCHOOL,Tshepo2,false,gEtEuXufCmGcvzzD4,"[ ""No"" ]",,,JpDqQfLuuC9qJrici
KHANGEZILE PRIMARY SCHOOL,Pontsho9,false,uA3eHvMMWwXuSvDJv,"[ ""No"" ]","[ ""No"" ]",,KDmkojmtPfcEEQ3vv
SELOPE-THEMA PRIMARY SCHOOL,SABELO VERIFIED,false,fb5a2nu4dm3meRoxH,"[ ""No"" ]","[ ""No"" ]",,Kqq9XsRqsRQM6PjGn
LEBOHANG SECONDARY SCHOOL,Sabelo1,false,Q5qNHtWNm5dcqm7Nj,"[ ""No"" ]","[ ""No"" ]",,KrNZ7H2XmHuPpHRrN
DITAWANA PRIMARY SCHOOL,pontsho 21,false,tisWJywAZcD6QqDzX,"[ ""No"" ]","[ ""No"" ]",,LBujyFwCgPkGzWSZy
EAST BANK HIGH SCHOOL,Sympathy varified,false,vYwFjqGWLvBtN7sRr,"[ ""No"" ]","[ ""No"" ]",,LD7hazozFmAuLNBgP
TEMBISA SECONDARY SCHOOL,V1,false,EfQKYuR4t7AdkXwQE,,,,LTccQvtsRbQdnvd4x
SEEISO PRIMARY SCHOOL,Joseph verified,false,Aw5ecfQctekRvsmRX,"[ ""No"" ]","[ ""No"" ]",,LZ7sJWsXTML9asLdD
NKABINDE PRIMARY SCHOOL,KHOLWANI16,false,YgkmwtBRBiS7KZa8q,"[ ""No"" ]","[ ""No"" ]",,LrmX8FAuJMKckWE6c
KGOMOCO PRIMARY SCHOOL,Joseph1,false,wj4j6xkuqeoJHtQ3b,"[ ""No"" ]","[ ""No"" ]",,METTMMRQRhoWxKdRt
TSAKANE PRIMARY SCHOOL,Sympathy Varified,false,CNGEYmbxFaREY26vk,"[ ""No"" ]","[ ""No"" ]",,MYuCFef7Fjt8yRX8d
JABULANI THABANG PRIMARY SCHOOL,Sabelo1,false,WQCGaCpgtxdzFvKip,"[ ""No"" ]","[ ""No"" ]",,MtKWmrDmPtx6hTjXm
MUZOMSHA PRIMARY SCHOOL,KHOLWANI18,false,Gw8tYeJMLDrvWWwsB,"[ ""No"" ]",,,NTo8EK8jnLkjB93Hd
IKAGE PRIMARY SCHOOL,Sympathy varified,false,L6La3ZR4H9Ba9vRYG,"[ ""No"" ]","{ ""0"" : ""No"" }",,NY3CpQoLXKGkXkq8b
BATHOKWA PRIMARY SCHOOL,SABELO VERIFIED,false,qMmMFRYaj8fAtdurw,"[ ""No"" ]","[ ""No"" ]",,P4wqK6rnJQahfhFTr
LIVHUWANI PRIMARY SCHOOL,SABELO VERIFIED,false,QLYaM7PDuw4TvTBHc,"[ ""No"" ]","[ ""No"" ]",,PySjA6yQMoXAyS2z8
MODUOPO PRIMARY SCHOOL,Zanele V1,false,Y4pEYE5RQSBNkrXBg,"[ ""No"" ]","{ ""0"" : ""No"" }",,Q2SemXMcpEX5NfYsD
MOKGOME SECONDARY SCHOOL,Joseph verified,false,WxeGDqwFkmLzRzYXQ,,,,QBmBALzw89kwmHz2B
SEOTLOANA PRIMARY SCHOOL,Zanele V1,false,pGekoZRCoG67Caq9S,"[ ""No"" ]","[ ""No"" ]",,Qmhp6bLYHrRTc42wc
SELIBA PRIMARY SCHOOL,Joseph verified,false,LbKK5Y29c2k4Jj3Mh,"[ ""No"" ]","[ ""No"" ]",,RHG8484wnsaqifrig
PATOGENG PRIMARY SCHOOL,Joseph verified,false,HXbJacXYEzJvPkLvj,"[ ""No"" ]","[ ""No"" ]",,Rvf9JkpRBRozBsyiq
POELANO SECONDARY SCHOOL,Joseph verified,false,hyeRTb3ZJqHDMLavM,"[ ""No"" ]","[ ""Mud"" ]",,S3LbwsmZGkiiekXEX
N'WA MHINGA PRIMARY SCHOOL,Freddy8,false,Ex7EbYnSeB252FSdP,"[ ""No"" ]","[ ""No"" ]",,S47bpHzXts94zC2ke
DITAU PRIMARY SCHOOL,Sympathy varified,false,eapAQ4gxNaZTJLc9J,"[ ""Asbestos"" ]","[ ""Asbestos"" ]",,SDQzcRxtroyWa7uGB
DR HARRY GWALA SECONDARY SCHOOL,Tshepo3,false,b7DqFs65zfSP6rijS,"[ ""No"" ]","[ ""No"" ]",,SNuf4DBJszmQrAzS4
RESIDENSIA SECONDARY SCHOOL,Symps,false,ZvgrKQ2aGJmaRrd3M,"[ ""No"" ]","[ ""No"" ]",,Sa8QfeRArxjpbStqt
EMMANGWENI PRIMARY SCHOOL,Zanele v1,false,mSuDzsgnef8SkTFxB,"{ ""0"" : ""No"" }","{ ""0"" : ""No"" }",,SeRiR2xnt35DWtRzX
NOMINI PRIMARY SCHOOL,Sabelo verified,false,z9XjGWPgEB6NKWEud,"[ ""No"" ]","[ ""No"" ]",,Sue8DWeGKHPKAyQBi
HULWAZI SECONDARY SCHOOL,Tshepo1,false,s68ku2iC9uB7kHxzp,"[ ""Asbestos"" ]","{ ""0"" : ""No"" }",,Tnm69CSqqbdHg9obr
GAHLANSO PRIMARY SCHOOL,Zanele V1,false,jRGtNZHrAq3Rhnaun,"[ ""No"" ]","{ ""0"" : ""No"" }",,WeXHdZMumEMFyckHq
TOKELO SECONDARY SCHOOL,Joseph verified,false,RrmpCyx7eAP7sDckY,,,,WszeF9gAuQuHMNHLC
MAKAPANE PRIMARY SCHOOL,Joseph verified,false,5hTrrjRn5RTrkwqT8,"[ ""No"" ]","[ ""No"" ]",,X4uSNwu6z2y2MdNwA
ORLANDO SECONDARY SCHOOL,SABELO VERIFIED,false,6XmMnSGuZbgeJqhpf,"[ ""No"" ]","[ ""No"" ]",,XKxt23fR8Fujkyiim
MOYISELA PRIMARY SCHOOL,Sabelo verified,false,udFHfwYB5uQLL4gww,"[ ""No"" ]","[ ""No"" ]",,XTL9gvLr9S2MmMsjJ
BOITUMELONG SECONDARY SCHOOL,Zanele V1,false,wRQnvuDAJKZeMAaZT,"[ ""No"" ]","{ ""0"" : ""No"" }",,XYLgc3p2tmFJ6nGJb
MAHLAHLE PRIMARY SCHOOL,SABELO VERIFIED,false,THCWhAA5p4gCKZtez,"[ ""No"" ]","[ ""No"" ]",,YLYWLt3BFmbGuRHBQ
HOFMEYR SECONDARY SCHOOL,Joseph verified,false,ELJhjWvZBaNxSXdhf,"[ ""No"" ]","[ ""No"" ]",,Z9wz3QcLwmRfGuaeT
FADIMEHA PRIMARY SCHOOL,Joseph verified,false,KeXA4mKNRRBCTEZrq,"[ ""No"" ]","[ ""No"" ]",,ZMuo7tqss7QrYPuwZ
LETSEMA-ILIMA PRIMARY SCHOOL,Symps,false,CfX7N2k8b7PNNAnjn,"[ ""No"" ]","[ ""No"" ]",,ZNXsgBEk2evJkTYso
DITAWANE,Joseph verified,false,TeF4kERrdGb8vXYzN,"[ ""No"" ]","[ ""No"" ]",,ZQpQXXcpAjvZC2ony
JORDAN SECONDARY SCHOOL,Sabelo1,false,k4N7KTQuEBDeAnEJP,,,,ZQvS49GgfM6XNnqij
SAULRIDGE SECONDARY SCHOOL,Sabelo verified,false,Ce873M4PYsv9GpAAR,,,,ZgR4zqFothSycL9hz
TSOELOPELE PRIMARY SCHOOL,Joseph verified,false,NwqxQGLGuh69drK56,"[ ""No"" ]","[ ""No"" ]",,ZrghZT93L2bSWSofg
INKONJANE JUNIOR SECONDARY SCHOOL,Freddy3,false,9zRrhPPpbNt9hjHeA,"[ ""No"" ]","[ ""No"" ]",,Zyuc4wPBmxQPcNyjF
MVELAPHANDA PRIMARY SCHOOL,Freddy9,false,NPfXGjqAp9YARxrjr,"[ ""No"" ]","[ ""No"" ]",,aMRD37JGNEmrz9FZ9
NTSELE PRIMARY SCHOOL,Sabelo1,false,Boj4PKkRPNhfEneGS,"[ ""No"" ]","[ ""No"" ]",,aQ4BMeoFWmo4HrHqF
ITSEBENG PRIMARY SCHOOL,SABELO1,false,SM9fKZqjm7BfgeaW9,"[ ""No"" ]","[ ""No"" ]",,bAExKd8RN5BhHzb3z
ZIMISELE SECONDARY SCHOOL,Pontsho3,false,BAQDTuQxE36YcDTEC,"[ ""No"" ]","{ ""0"" : ""No"" }",,bEf9GjYAyqAqY3bhw
TSWELOPELE SECONDARY SCHOOL,Zanele V1,false,LHwmFsesW682dKacy,"[ ""No"" ]","[ ""No"" ]",,bHZpmA7SpQzx29CQk
GEORGE MBILASE PRIMARY SCHOOL,Joseph,false,JRATDxkhMhMPw2ANH,"[ ""No"" ]","[ ""No"" ]",,bMEYkfLEMjEHiTFux
TLHOLO INTERMEDIATE SCHOOL,Joseph1,false,SJkaHHLdfeH5iXkDN,"[ ""No"" ]","[ ""No"" ]",,bPfY5thaXn4EAdkXw
BUD MBELLE PRIMARY SCHOOL,SABELO VERIFIED,false,CgmgCyxBMQWo3SkTD,"[ ""No"" ]","[ ""No"" ]",,bf5Ltec4dXsz7pEX9
BOPASENATLA SECONDARY SCHOOL,Joseph verified,false,CjL3pFZJeLAqEq9q4,"[ ""No"" ]","[ ""No"" ]",,cDYo2z98FGZzNHPMM
QUANTUM SECONDARY SCHOOL,Tshepo2,false,NwyidZsgy6brN2j9u,,,,cQQF5juB8JG3jNbNs
GOVAN MBEKI PRIMARY SCHOOL,Sabelo verified,false,dee2c7LDyxNtNCD5M,"[ ""No"" ]","[ ""No"" ]",,dBu8rGN6ZLKj4rb4e
CAIPHUS NYOKA SECONDARY SCHOOL,Tshepo4,false,dJ3SbDx8kDTMsKZR5,"[ ""No"" ]","[ ""No"" ]",,dLHdmSdFbLWF2kJqy
THOPODI PRIMARY SCHOOL,SABELO VERIFIED,false,fGAKSdo8Tds3Qec5d,"[ ""No"" ]","[ ""No"" ]",,eaN2HpTXfZTyuJHLY
LEHLASEDI PRIMARY SCHOOL,Sabelo1,false,yGZ9vxjifb4LXyp5p,"[ ""No"" ]","[ ""No"" ]",,efr9txWNfPHw3AhD7
PHAMEHLO PRIMARY SCHOOL,Symps,false,W9HgWA6rimEvu7wE2,"[ ""No"" ]","[ ""No"" ]",,eg2P5ZFGTcwctmdcA
MENZI PRIMARY SCHOOL,Sympathy varified,false,NbfDQXoK2sJwovdY8,"[ ""No"" ]","[ ""No"" ]",,eqJ28tbWRDYX6YPkp
GOROGANG PRIMARY SCHOOL,Pontsho5,false,NpYRxWwBSZtFqeJnm,"[ ""No"" ]","{ ""0"" : ""No"" }",,fkuEy7WKs5HL2NM6z
INXIWENI PRIMARY SCHOOL,Freddy8,false,GewxnK6HobcE5voXh,"[ ""No"" ]","{ ""0"" : ""No"" }",,g2zngXhSLP6Xe7qtg
STEVE BIKO PRIMARY SCHOOL,Zanele V1,false,itsaus4F8MjXbzX8A,"[ ""No"" ]","[ ""No"" ]",,g6orxjw6EmCqYup83
LETSIE PRIMARY SCHOOL,KHOLWANI8,false,dT3hPoLfAHC2HHWTj,"[ ""No"" ]","{ ""0"" : ""No"" }",,gPuKrSrjRHYQAhofp
TIYANI Junior secondary SCHOOL,SABELO VERIFIED,false,Q8CwSpevWbaiWrG58,"[ ""No"" ]","[ ""No"" ]",,gZKefKr3T7kQ7yZdd
LERESCHE PRIMARY SCHOOL,Joseph verified,false,Fmbqj7Cs3D38rq9Av,,,,giGaTXuXxZQxCGaMd
LUKHOLWENI PRIMARY SCHOOL,Joseph verified,false,54FaF9LtedQZMgnzd,"[ ""No"" ]","[ ""No"" ]",,gpABZNKAeZxGARLNE
LETSATSING COMBINED SCHOOL,SABELO 1,false,tPf6qLm7CkE28HPYM,"[ ""Asbestos"" ]","[ ""No"" ]",,hBG3H9epZYnScCbtp
LOTUS GARDENS PRIMARY SCHOOL,Joseph verified,false,tT2DmWSAFoCL7fGrh,"[ ""No"" ]","[ ""No"" ]",,hJppCjP9YgzQPhsxp
ZENZELENI PRIMARY SCHOOL,Sympathy Varification,false,WZ7MeQqAYQXizYpq5,"[ ""No"" ]","{ ""0"" : ""No"" }",,hTroeBPPurCSNxDGe
KAMOHELO PUBLIC SCHOOL,Joseph,false,XyjS3LaxQFdLZiuow,"[ ""No"" ]","[ ""No"" ]",,hk4XMrnHxTastfL7s
TSITSIBOGA PRIMARY SCHOOL,SABELO1,false,zhStunzoQiFDDv4PY,"[ ""No"" ]","[ ""No"" ]",,hrfAaJLuuBvdukdf9
TSIMONG PRIMARY SCHOOL,KHOLWANI19,false,Ng7QDWSMqMFSWdkRY,"[ ""No"" ]","[ ""No"" ]",,jR3LMPDnnHi7xvLcp
THEMBALIKAZULU PRIMARY SCHOOL,KHOLWANI10,false,HTc9R5d6EGPsQr9xx,"[ ""No"" ]","{ ""0"" : ""No"" }",,jSDZSbr7cMPKgibe7
zitha primary,sabelo1,false,BnrcdDLFs4Mwdip7s,"[ ""No"" ]","[ ""No"" ]",,k652o58moXsybbDfm
SAPPHIRE SECONDARY SCHOOL,Joseph verified,false,RAcA8sYvDiiCeP2dy,"[ ""No"" ]","[ ""Mud"" ]",,mu6wNPMzZ754NLLnE
KHOMANANI PRIMARY SCHOOL,SABELO VERIFIED,false,jCLpNh5MfmvympoW7,"[ ""No"" ]","[ ""No"" ]",,myEbntbNmwtRJAXXn
TSIETSI MASHININI PRIMARY SCHOOL,Sympathy varified,false,KyDeLYniWr5pXF7Qf,"[ ""No"" ]","[ ""No"" ]",,n9gEojJ6K5eKYJ4c2
KGOLAGANO PRIMARY SCHOOL,Joseph verified,false,AsuqL9DgF3R3jseeT,"[ ""No"" ]","[ ""No"" ]",,o6KRqZ8m5YyPCmxEu
ENDULWENI PRIMARY SCHOOL,Joseph verified,false,avJ5wynn8Efezrtka,"[ ""Asbestos"" ]","[ ""Asbestos"" ]",,ocFaNqXzeBvD5hiAZ
PHUTHADITSHABA PRIMARY SCHOOL,SABELO VERIFIED,false,jBYknCMhifeSHWxXL,"[ ""No"" ]","[ ""No"" ]",,ojqksxwnmxWXpM8n6
LESHATA SECONDARY SCHOOL,Sabelo verified,false,xDAjGgNmvfyhhCrnY,"[ ""No"" ]","[ ""No"" ]",,opzRuPL9N8RSzCNsi
DINOTO TECHNICAL SECONDARY SCHOOL,Tshepo3,false,o8SyNbEJoDpHmR82j,"[ ""No"" ]","[ ""No"" ]",,pqm6NksjcwAhrDwyH
THUTHUKA PRIMARY SCHOOL,SABELO VERIFIED,false,9te5FnvvwaesRxRwM,"[ ""No"" ]","[ ""No"" ]",,q7rLbRb4nxtPxfoSc
THOHO-YA-NDOU PRIMARY SCHOOL,Joseph verified,false,qYXK5ggesvFCoCCEB,"[ ""No"" ]","[ ""No"" ]",,q7vvj7t7uptnim45G
FRED HABEDI PRIMARY SCHOOL,Pontsho11,false,3LWyCp9v9qdhyCe4n,"[ ""No"" ]","[ ""No"" ]",,qCqx8rN4JLCHpEwF4
ENTSHONALANGA PRIMARY SCHOOL,SABELO VERIFIED,false,WB7gkAZ9TjG9yt7vY,"[ ""No"" ]","[ ""No"" ]",,qYqekSfSRExjXJrGM
WINNIE MANDELA PRIMARY SCHOOL,SABELO VERIFIED,false,KCYDDnqS2AfsDTBx8,"[ ""No"" ]","[ ""No"" ]",,qqTGPEnmDQRrarBSw
PHORORONG PRIMARY SCHOOL,Joseph,false,cbQZBYu8A35xDNequ,"[ ""No"" ]","[ ""No"" ]",,qs4DrHmATWN59Tptg
GORDON PRIMARY SCHOOL,SFISO V1,false,yCousa6CQQEAEMu7v,"[ ""No"" ]","{ ""0"" : ""No"" }",,qsXPNNQE3pWkdTbfb
MADUME PRIMARY SCHOOL,SABELO VERIFIED,false,H55o7434nXaHRCKqz,"[ ""No"" ]","[ ""No"" ]",,r5bdwdb45e7jr6JZB
AB XUMA PRIMARY SCHOOL,Tracey v1,false,Q3o9MFiTcKKRZes6W,,,,r8FrZJWZGiB9zPmmc
MONTSOSI PRIMARY SCHOOL,SABELO1,false,Euu727n6yT2wFiPjH,"[ ""No"" ]","[ ""No"" ]",,rCApJ97XLJY5xuoJY
ISEKELO PRIMARY SCHOOL,Joseph verified,false,BX4PNWrzaCyBQo8yc,"[ ""No"" ]","[ ""No"" ]",,rRCnvnKF3KB68xQfw
AMOS MAPHANGA SECONDARY,Tshepo3,false,9MGAMgfCswYBN7mZh,"[ ""Asbestos"" ]","[ ""Asbestos"" ]",,ra2zX3jjBPguj6bc3
MOGOGODI PRIMARY SCHOOL,Joseph1,false,5wXRFBmWfJuiPoEwP,"[ ""No"" ]","[ ""No"" ]",,rgipwMLK9skQK2EuA
ZITHATHELE PRIMARY SCHOOL,Joseph verified,false,tN7AaJYWE5SzXY96m,,,,sXauHMaoiXsoSamWK
ZAMANI PRIMARY SCHOOL,Sympathy Varified,false,iBRBC74zyfwp6SmBr,"[ ""No"" ]","[ ""No"" ]",,sfN5HAvKti5hRvPxZ
KOKOSI PRIMARY SCHOOL,Symps,false,wxxjtDg9ASsrRR8Da,,,,sfgS3CrJFoTBvFQ72
KING DAVID HIGH SCHOOL (VICTORY PARK),Version 2,false,HLL65eRzSsPAKaE3v,,,,siZhhkH29MMEnswvu
INKATHA KA ZULU PRIMARY SCHOOL,Tshepo1,false,bd6nwskxEiKipkT3t,"[ ""No"" ]","{ ""0"" : ""No"" }",,srdTLx3pxML3nwKPr
TSHIRELETSO PRIMARY SCHOOL,Joseph1,false,9eTaQzv8Y28miZbfa,"[ ""No"" ]","[ ""No"" ]",,syBSsyuaG3J2rk8ky
QEDUSIZI PRIMARY SCHOOL,Pontsho8,false,wwaK6wt8ZkPWHCzbp,"[ ""No"" ]","{ ""0"" : ""No"" }",,tC7ee9TXmJ8oDEcRe
PHANDIMFUNDO SECONDARY SCHOOL,SABELO VERIFIED,false,5azveik5BnJDrY4jS,"[ ""No"" ]","[ ""No"" ]",,tDKj5hfjzok3tbGs9
TOTOMENG PRIMARY SCHOOL,Joseph verified,false,AysJ4GEPfWCpBy5JS,"[ ""No"" ]","[ ""No"" ]",,tMjiiRvEEAsNmSJGx
CARTER PRIMARY SCHOOL,Joseph verified,false,5GWHAAnvqeKWyMvPv,"[ ""No"" ]",,,tdRzrm36MQJ2raFea
ITHUTE PRIMARY SCHOOL,Sympathy Varified,false,e3txeXFKZqMDJzqLb,"[ ""Asbestos"" ]","[ ""Asbestos"" ]",,tkbM3Jp4KjPx4H5qC
IPHUTHENG PRIMARY SCHOOL,Sympathy varified,false,H9MvQvMquaJ7g26Z5,"[ ""No"" ]","{ ""0"" : ""No"" }",,tqMTBWRbAuYsAqATz
DR WF NKOMO SECONDARY SCHOOL,Sympathy Varified,false,suDYPhQdu6a7LqGcF,"[ ""No"" ]",,,u2mAvGSYipuFCETW2
SECHABA PRIMARY SCHOOL,KHOLWANI14,false,k2AN4gxbxWQZNnEPE,"[ ""No"" ]","[ ""No"" ]",,ufaeHuMMa97ge5aCK
TLAKULA SECONDARY SCHOOL,Sympathy Varified,false,75D4JuaEuCrGifJQE,"[ ""No"" ]","[ ""No"" ]",,uiiC6LpdXHBickDqX
DUMEHLEZI INTERMEDIATE SCHOOL,Joseph verified,false,wzKyy7TAdqgHFoMWz,,,,uvAsG8PGNZNED5pxz
HLANGABEZA PRIMARY SCHOOL,Symps,false,gtpNj8QjYDzQmGAXp,"[ ""No"" ]","[ ""No"" ]",,uyB7xpWYkTuuhsLzS
MOSHOESHOE PRIMARY SCHOOL,Joseph verified,false,iqoH2p5Gau9PYA2gX,"[ ""Wood"", ""Asbestos"" ]","[ ""No"" ]",,vPSPXjGpC6ABc9Szc
MASISEBENZE COMPREHENSIVE SCHOOL,Zanele V1,false,xn78CaBbCrxN2scmN,"[ ""No"" ]","[ ""No"" ]",,vQsgY2cMuHRHHxN5X
ISIZIBA PRIMARY SCHOOL,V1,false,MZgAiGF7JufFvR6zZ,"[ ""No"" ]","{ ""0"" : ""No"" }",,vZkChYaMACHarXWxC
MASHEMONG PRIMARY SCHOOL,Joseph verified,false,SGZEJJuqvgqe5vRdH,"[ ""No"" ]",,,wfdMKsnKg56v7y6uJ
IPONTSHE PRIMARY SCHOOL,V1,false,WZanr7qnFfcgyQFsd,"[ ""No"" ]","[ ""No"" ]",,x39JZC9Q749pXeEbY
OR TAMBO PRIMARY SCHOOL,Sympathy verified,false,8qPtDkmXywdWwwwYR,"[ ""No"" ]","[ ""No"" ]",,xp2bxhMm4Yoeu9jho
BONA COMPREHENSIVE SCHOOL,SABELO VERIFIED,false,QogrBRTPnHsuNeqok,"[ ""No"" ]","[ ""No"" ]",,xsLXqpcynPeYTwiXE
TLHOKOMELO PRIMARY SCHOOL,Joseph1,false,5DMaysFsuBFRtpgbJ,"[ ""No"" ]","[ ""No"" ]",,y3Rzmw2pDYqioZ8WC
PHELINDABA SECONDARY SCHOOL,Sabelo verified,false,YoZ3zP9ozkpbkv3dQ,"[ ""No"" ]","[ ""No"" ]",,yAYPTyMxnk5pj2zT9
KENNETH MASEKELA SECONDARY SCHOOL,Pontsho7,false,4Y8aXSrugwJpptJYR,"[ ""No"" ]","{ ""0"" : ""No"" }",,yuLFP8PQcXB6aAAm6
REAMOHETSOE PRIMARY SCHOOL,Sabelo verified,false,Gp5ebZ5Gpf7SXjhy7,"[ ""No"" ]","[ ""No"" ]",,zpLEh72kC58ryRpxt
