school_name,survey_name,isverified,_id,date,auditorname,auditorphonenumber,auditoremail,name,phonenumber,email,comment,version_id
SHADRACK MBAMBO PRIMARY SCHOOL,Sympathy Varified,false,fFqpk8hdAr3mWv3LD,2015-03-18,KHOLWANI,607314339,,LUCKY RAMATSITSI,,,,7sAKJvmox8vK6GJBv
TSWELOPELE SECONDARY SCHOOL,Zanele V1,false,8NNx8KRtB5iiGE2qc,2015-03-19,Thabang Mabuza,786006062,,,,,,bHZpmA7SpQzx29CQk
LESEDI LA KRESTE ANGLICAN PRIMARY SCHOOL,Pontsho16,false,aYae4JtyDkdv6pJGG,,,,,,,,,BL89Y49hLjtAgtj9C
MOSHOESHOE PRIMARY SCHOOL,Joseph verified,false,XGEQifQwrgKwJ2zoi,2015-03-23,Freddy Mathekga,742247196,FreddyMathekga71@gmail.com,M.J. Ntamane,,,,vPSPXjGpC6ABc9Szc
IPONTSHE PRIMARY SCHOOL,V1,false,8uwSKRQp68pxC4EeT,2015-03-17,NKULULEKO,621350654,,,,,,x39JZC9Q749pXeEbY
KENNETH MASEKELA SECONDARY SCHOOL,Pontsho7,false,fuKC4MmWnF6Y9CP5a,2015-03-15,Pontsho Shakhane,788115926,Pshakhane@gmail.com,,,,,yuLFP8PQcXB6aAAm6
BOITUMELONG SECONDARY SCHOOL,Zanele V1,false,p4haX4aNwMJGJN8kb,2015-03-19,Yonela Mbane,820585054,,,,,,XYLgc3p2tmFJ6nGJb
SOZIZWE PRIMARY SCHOOL,Tshepo3,false,5PffJktkpzTpyYFYP,2015-03-23,Tshepo Bila,606862899,Tshepombila@Gmail.com,Mrs. B.G.N. Letsoele,,N/A,,6yXgt6quvcZfmQiWf
CAIPHUS NYOKA SECONDARY SCHOOL,Tshepo4,false,ydSYWyN6DG45R27fL,,Freddy,742247196,,Motlathe D,738195269,,,dLHdmSdFbLWF2kJqy
JABULILE SECONDARY SCHOOL,Zanele V1,false,ccYKoJmgfEEqb59N6,2015-03-11,Sithembile,733681210,Mafrika A.M,0720613845,,,,GdT4e3QnaH2fX4vAA
FRED HABEDI PRIMARY SCHOOL,Pontsho11,false,Ynj32rWvsEA3pGzXQ,2015-03-16,Gugu Dhlamini,735754775,,Mpho,,,,qCqx8rN4JLCHpEwF4
THEMBALIKAZULU PRIMARY SCHOOL,KHOLWANI10,false,uSJ4PiRs6Kzyvuk37,2015-03-18,GUGU DLAMINI,733734775,,THOKOZILE ZIMBA,117364307,,,jSDZSbr7cMPKgibe7
PHOMOLONG PRIMARY SCHOOL,Sfiso v1,false,246z9XisA25yRwbB3,2015-03-19,Nomthandazo,607343421,,,,,,J8iGazpt3MwprEvbp
UMSOBOMVU PRIMARY SCHOOL,KHOLWANI11,false,sbmTK6kTa58FErmCX,,XOLANI,840800951,,BULENI,117369924,,,2Qm9dY2unum62oDu7
NKABINDE PRIMARY SCHOOL,KHOLWANI16,false,6HMAMSTxJk7CcgcLc,2015-03-15,nomsa zwane,781126743,,H.MC HLOANE,,,,LrmX8FAuJMKckWE6c
JOB MASEKO PRIMARY SCHOOL,KHOLWANI12,false,pb22wsvrJzkAFkNai,0020-03-15,,,,,,,,7Lt26udxHfpKtyAwY
JOB MASEKO PRIMARY SCHOOL,KHOLWANI12,false,wm7mQoXpfK9vgmmBQ,2015-03-15,NOMSA ZWANE,781126743,,PRINCIPAL,117364908,,,7Lt26udxHfpKtyAwY
NKUMBULO SECONDARY SCHOOL,Pontsho4,false,bur6pAj2ieZKNKda9,2015-03-17,Nthabiseng Phuka,848450853,,,,,,2G6DH4Aiu8dpRQyrD
ENDULWENI PRIMARY SCHOOL,Joseph verified,false,LS6KC3c22ZQegPpfK,2015-03-18,Nhlanhla Mahlangu,619716046,,,,,,ocFaNqXzeBvD5hiAZ
BUD MBELLE PRIMARY SCHOOL,SABELO VERIFIED,false,GKPXHKKabzaQextGg,2015-03-23,DINEO PHUKUBJE AND MOGAU MANAKA,713441547,,MRS.RUTH,,,,bf5Ltec4dXsz7pEX9
NCHABELENG PRIMARY SCHOOL,KHOLWANI9,false,kydeQC8c4AaxPgZKy,2015-03-20,NONHLANHLA,611661846,,NOMSA MALOMA,,,,5iHufHeS6B2XBsHTB
ZAMANI PRIMARY SCHOOL,Sympathy Varified,false,zwqF7vj6X3wfFT6c6,2015-03-18,Nthabiseng Phuka,848450853,,Mrs Zulu,837599802,,,sfN5HAvKti5hRvPxZ
MODUOPO PRIMARY SCHOOL,Zanele V1,false,qfgrKmJKcPWowovc6,2015-04-18,Lindiwe Adams,768395968,,,,,,Q2SemXMcpEX5NfYsD
BONA COMPREHENSIVE SCHOOL,SABELO VERIFIED,false,FE2iQkohSKq6f8Ror,2015-03-17,zanele mazibuko,726290907,,,,,,xsLXqpcynPeYTwiXE
GOROGANG PRIMARY SCHOOL,Pontsho5,false,T5igDDyanhZzLe7YQ,2015-03-17,Nthabiseng Phuka,848450853,,,,,,fkuEy7WKs5HL2NM6z
SELOPE-THEMA PRIMARY SCHOOL,SABELO VERIFIED,false,DFQwDgujASpfF8Hmp,2015-03-17,itumelen mokoena,737732438,,,,,,Kqq9XsRqsRQM6PjGn
GAHLANSO PRIMARY SCHOOL,Zanele V1,false,YK8AtWWFmkYjYpbzg,2015-03-18,Fihliwe Masombuka,789598047,,,,,,WeXHdZMumEMFyckHq
MUZOMSHA PRIMARY SCHOOL,KHOLWANI18,false,pJg2Pm6PPjwnzkc3j,2015-03-13,XOLANI,840800951,VICTORIA,0825551952,,,,NTo8EK8jnLkjB93Hd
PHUTHADITSHABA PRIMARY SCHOOL,SABELO VERIFIED,false,M9KTKRh5bZ32xeSrt,,,,,,,,,ojqksxwnmxWXpM8n6
ROLIHLAHLA PRIMARY SCHOOL,Tshepo2,false,DbK4LfKekT2qcgehA,2015-03-20,Lawrence Zitha,826832306,,Mr. C Mashele,119646907,,,Qzm8u4imxajBRWLE5
KHANGEZILE PRIMARY SCHOOL,Pontsho9,false,hsc9tE799cbWRAmtL,2015-03-19,Boitumelo Mhlongo,762021316,,Thoko Mabena,736719097,,,KDmkojmtPfcEEQ3vv
DUMEHLEZI INTERMEDIATE SCHOOL,Joseph verified,false,bxcppn8rmuamyRwab,2015-03-19,Joseph Mhlanga,717503836,,Mr. S.B. Gamede,781523965,,,uvAsG8PGNZNED5pxz
JOB RATHEBE PRIMARY SCHOOL,Sabelo verified,false,2taRicebpqM492Lqz,2015-03-17,Lebohang Mlambo,730733647,,,,,,4z6ESappfnPWNQ98D
CHARLOTTE MAXEKE SECONDARY SCHOOL,V1,false,oQ5kxmrAmyy4ggZ82,2015-03-15,Nomthandazo,607343421,,,,,,HMfiK9msnxvBpZRTv
DR WF NKOMO SECONDARY SCHOOL,Sympathy Varified,false,KJwmckBiqxTeZoCDd,2015-03-23,NOMTHANDAZO AND HAPPY,607343421,,,,,,u2mAvGSYipuFCETW2
KHOMANANI PRIMARY SCHOOL,SABELO VERIFIED,false,ei2by7kYuzKnwEjWq,2015-03-19,Mbedzi Bulelani,603992648,,Mr M.J. Hlungwani,825522790,,,myEbntbNmwtRJAXXn
IKAGE PRIMARY SCHOOL,Sympathy varified,false,aCAHMgtWT4fcnM4Sc,2015-04-07,SFISO,739154225,SFISOVAVO@GMAIL.COM,TUMELO,631023826,,THEY ARE HAPPY WITH THE WORK THAT HAS BEEN DONE BY GDE IN THEIR SCHOOL,NY3CpQoLXKGkXkq8b
DR KNAK PRIMARY SCHOOL,"SABELO VERIFIED
pontsho 20",false,FtqZi3vHJGGJDPzJW,2015-03-09,sfiso mollo,759154225,,,,,,FkDMg4ekjDHWExDuv
MABUYA SECONDARY SCHOOL,Joseph1,false,H3yCBLGhk2rDsXAW2,2015-03-19,Lawrence Zitha,826832306,,,,,,656hyBavtd4QHF6yx
THUTHUKA PRIMARY SCHOOL,SABELO VERIFIED,false,o9kGp6jT2JS5MCxz7,2015-03-18,Thabang Mabuza,786006062,,Mzukisi Mthotywa,781010289,,,q7rLbRb4nxtPxfoSc
ENTSHONALANGA PRIMARY SCHOOL,SABELO VERIFIED,false,JrGNLGzAQZX4MG9hD,2015-03-17,Nkululeko Màgagula,621350654,,Ramogale M.J,,,,qYqekSfSRExjXJrGM
MADUME PRIMARY SCHOOL,SABELO VERIFIED,false,GWLND9dM3oKoAjitG,2015-03-11,Grace Tente,787714318,,,,,,r5bdwdb45e7jr6JZB
TIYANI Junior secondary SCHOOL,SABELO VERIFIED,false,TcEKfcxZmDLn7td8a,2015-03-19,Itumeleng Mokwena,737732438,,Boikanyo,829305245,,,gZKefKr3T7kQ7yZdd
LANGAVILLE PRIMARY SCHOOL,Sympathy varified,false,M8uJxq8GH6FyqHxwm,2014-04-07,KHOLWANI,607314339,KABDULWAHID1@GMAIL.COM,MRS M. MOLEKANE,718833085,,,3uXaw9N4tJkFZKXSt
LETSIE PRIMARY SCHOOL,KHOLWANI8,false,gGJfZSWYrtkMBcg2k,2015-03-20,GUGU,735754775,,RAMOTHIBE,,,,gPuKrSrjRHYQAhofp
MASISEBENZE COMPREHENSIVE SCHOOL,Zanele V1,false,uHLfkx3J3x33tyhit,2015-03-18,Fihliwe Masombuka,789598047,,,,,,vQsgY2cMuHRHHxN5X
MELODI PRIMARY SCHOOL,Tshepo1,false,N2n6hgRMBQh2qJn5Q,2015-03-18,Gugulethu Mdawe,731329023,N/A,Zodwa Molepe,827317656,N/A,,6nyrh8pzbNxMHyu4J
DR HARRY GWALA SECONDARY SCHOOL,Tshepo3,false,SLLrY7gn7bL2Z3P8W,2015-03-18,Xolisile Dlamini,717215244,N/A,N/A,119621833,N/A,,SNuf4DBJszmQrAzS4
INKONJANE JUNIOR SECONDARY SCHOOL,Freddy3,false,tiQDGaPPrKuE6vtmX,2015-03-08,TABBISILE,731095933,MOGALE,0825575114,,,,Zyuc4wPBmxQPcNyjF
LEFA-IFA SECONDARY SCHOOL,KHOLWANE13,false,irQX5zySzQKbwuxaX,2015-03-18,KHOLWANI,607314339,,,,,,5QzLWMPF8grmhh3G5
KING DAVID HIGH SCHOOL (VICTORY PARK),Version 2,false,7G47RoHdCrm8FpqoK,,,,,,,,,siZhhkH29MMEnswvu
MASHEMONG PRIMARY SCHOOL,Joseph verified,false,C7irpLAMSZDXv7Epf,2015-03-18,Phumzile Selpyane,790797156,,,,,,wfdMKsnKg56v7y6uJ
QEDUSIZI PRIMARY SCHOOL,Pontsho8,false,SxXSWgw4FZGmKswWY,2015-03-17,Nonhlanhla Hlatshwayo,611661846,,Mr Andries Motswagae,,,,tC7ee9TXmJ8oDEcRe
FUNUKUKHANYA PRIMARY SCHOOL,KHOLWANI3,false,cCnRo6Px4wkxzummu,2015-03-08,KHOLWANI,607314339,,MRS SANTI,734031634,,,55foHoJLBDfwGwTWD
VULAMAZIBUKO PRIMARY SCHOOL,KHOLWANI20,false,2huA6PpESvYHdRdsa,2015-03-19,TABISILE,731095733,,KD KUBHEKA,119851199,,,4F5Qwq5cmL34WsvHP
GEORGE MBILASE PRIMARY SCHOOL,Joseph,false,tjGfyksNNYeKKmowA,2015-03-24,Tshepo Bila,606862899,Tshepombila@gmail.com,,,,,bMEYkfLEMjEHiTFux
MANGWELE PRIMARY SCHOOL,SABELO VERIFIED,false,qtCP5SytQc2fHkDSN,2015-03-19,SImelane Sithembile,733681210,,,,,,HZFjNDTejF5ga78Sx
ZITIKENI SECONDARY SCHOOL,SABELO VERIFIED,false,xbH9fcJA3bEKpQc8u,2015-03-18,Lindiwe Adams,768395968,,Maboya T,,,,A7HS55Lmpv7eWduhv
TSAKANE PRIMARY SCHOOL,Sympathy Varified,false,4pv3oYsjn6pQnuz7d,2015-03-20,KHOLWANI,607314339,,MR MATSHOMO,737930707,,,MYuCFef7Fjt8yRX8d
TSAKANE PRIMARY SCHOOL,Sympathy Varified,false,SJRyq3pMHfANwDeMm,201-03-20,,,,,,,,MYuCFef7Fjt8yRX8d
TSAKANE PRIMARY SCHOOL,Sympathy Varified,false,fhnba2Rc4FQ5H7vwP,2015-03-20,,,,,,,,MYuCFef7Fjt8yRX8d
TSAKANE PRIMARY SCHOOL,Sympathy Varified,false,yuw69FJgQWEuG6KDh,20-03-20,,,,,,,,MYuCFef7Fjt8yRX8d
LEBONE PRIMARY SCHOOL,KHOLWANI7,false,DYNQkHq8H7E8XnSKZ,2015-03-23,NHLANHLA,611661842,,MR MM (GENERAL WORKER/SGB,,,,drsWF9n9G7CxbrANB
ORLANDO SECONDARY SCHOOL,SABELO VERIFIED,false,zpWDuckgjRo85rQHJ,2015-03-19,Teboho Mabusela,787461362,,,,,,XKxt23fR8Fujkyiim
DITAWANA PRIMARY SCHOOL,pontsho 21,false,8FpCs45QqcpapHm9L,2015-03-17,ziphozihle jafta,731445030,,,,,,LBujyFwCgPkGzWSZy
SECHABA PRIMARY SCHOOL,KHOLWANI14,false,8Tn83v8eQowLoejuS,2015-03-16,NOMSA ZWANE,781126743,,,,,,ufaeHuMMa97ge5aCK
PHOMOLONG SECONDARY SCHOOL,V1,false,San58ioSDSR8DhQzu,2015-03-17,JENNIFER SONO,,,,,,,xuTGawqPYaYusxnm8
O.R TAMBO SECONDARY SCHOOL,Zanele V1,false,3KfNuDuZDAksWErHf,2015-03-17,Dineo Phukubje,713441547,,,,,,Gfj3WRS3Y8w4dmyph
ZENZELENI PRIMARY SCHOOL,Sympathy Varification,false,GmBAsiWbCmEAD9BAR,2015-04-07,Sfiso,739154225,,,,,,hTroeBPPurCSNxDGe
EKUKHANYISWENI PRIMARY SCHOOL,Zanele V1,false,fGhsFBTfRoW3k9Tak,2015-03-24,Xolani Nhlapho,840800951,,,,,,EbrJ8dHAyrQTpSaNj
TLAKULA SECONDARY SCHOOL,Sympathy Varified,false,gm9arqSX2yCTZFpaD,2015-03-12,Boitumelo Mhlongo,762021316,,Sipho Mdletshe,732763621,,,uiiC6LpdXHBickDqX
SEOTLOANA PRIMARY SCHOOL,Zanele V1,false,Mig47Swfq5bq5T6au,2015-03-10,Jonas Rakosa,839907098,,,,,,Qmhp6bLYHrRTc42wc
EMMANGWENI PRIMARY SCHOOL,Zanele v1,false,WY6YDALtPatQDgzpk,2015-03-19,Zanele Modise,619257216,Modise.zee@gmail.com,,,,,SeRiR2xnt35DWtRzX
SAULRIDGE SECONDARY SCHOOL,Sabelo verified,false,W29ppXoSRqv4YLfZF,2015-03-23,MMABATHO MADUA,735804554,,,,,,ZgR4zqFothSycL9hz
TSIMONG PRIMARY SCHOOL,KHOLWANI19,false,QDgZxYky3wQwxGDgn,2015-03-19,BOITUMELO,762021316,,MRS MPHAKANE,,,,jR3LMPDnnHi7xvLcp
REALO  SECONDARY SCHOOL,SABELO VERIFIED,false,nma4B5j8becPWSjqK,2015-03-09,sithembile simelane,733681210,,,,,,6iixm3MYropadAMjX
SEDIBENG PRIMARY SCHOOL,Zanele V1,false,RX7eLrWtTQCncubGs,2015-04-18,Felicia,784013514,,,,,,8pdqiKPuW9emmvdMA
INKATHA KA ZULU PRIMARY SCHOOL,Tshepo1,false,PWNhNbshZ9T5nN24F,2015-03-19,Thabile Ndlovu,719160328,N/A,Lindy Maepa,825616818,N/A,,srdTLx3pxML3nwKPr
ZAKHENI PRIMARY SCHOOL,Sympathy varified,false,cTunfFBj2wjDWDJfK,2015-03-17,noxolo mbashe,728963957,,,119357465,,,HKHTs5NYM9YcNKmA3
PHELINDABA SECONDARY SCHOOL,Sabelo verified,false,MvXYpWWjWFn7ACQDp,2015-03-23,DINEO AND MOGAU MANAKA,,,,,,,yAYPTyMxnk5pj2zT9
GORDON PRIMARY SCHOOL,SFISO V1,false,D5aFhhuDY3M6qyxSj,2015-04-07,ANDILE KAHLA,603007736,,PRINCEPAL,112642417,,,qsXPNNQE3pWkdTbfb
MASIMINI PRIMARY SCHOOL,KHOLWANI17,false,uf4GnEkEcRuxsz43L,2015-03-18,THABANG MODIKOE,796852126,MS NKOSI,,,,,E7KSgcfSqaoDb5BEE
IPHUTHENG PRIMARY SCHOOL,Sympathy varified,false,aEwDNRGywoCNFQST7,2015-04-07,SINDATHWA LUTI,736113946,,,,,,tqMTBWRbAuYsAqATz
BOKAMOSO PRIMARY SCHOOL,Zanele V1,false,NLs4ynJmZgbZ2nZ4d,2015-03-18,Riaan Macheke,620043865,,Admin,119242373,,,H2wSN9EFbKzeSGjCh
KGOLAGANO PRIMARY SCHOOL,Joseph verified,false,Hv9j5NGn3eMn7rTPt,2015-03-19,Nina Zitha,788251282,N/A,Admin,119626565,,,o6KRqZ8m5YyPCmxEu
STEVE BIKO PRIMARY SCHOOL,Zanele V1,false,LiRAbEo2smY3CfyS3,2015-03-12,Sfiso Mollo,739154225,Mr Makhuthi,0118501088/0825533260,,,,g6orxjw6EmCqYup83
STRETFORD EXT 8 PRIMARY SCHOOL,Sfiso v1,false,hdv9KhoWfq5zqXWJQ,2015-03-11,,,,Mrs F.C Thwala,727451057,,,4zo5MNwbBvTPykbFg
WINNIE MANDELA PRIMARY SCHOOL,SABELO VERIFIED,false,RaJPGPtpMmb9fESCC,2015-03-18,Niek Marutha,,,,,,,qqTGPEnmDQRrarBSw
ZIMISELE SECONDARY SCHOOL,Pontsho3,false,rqrdbSSowbRvxiyax,2015-03-24,Nonhlanhla Hlatswayo,611661846,,Mrs Kubeka,,,,bEf9GjYAyqAqY3bhw
CARTER PRIMARY SCHOOL,Joseph verified,false,tQhh9Q8aey3hynP9v,2015-03-05,SIPHOSETHU,720204540,,MR MAKGATO,825522293,,,tdRzrm36MQJ2raFea
MAHLAHLE PRIMARY SCHOOL,SABELO VERIFIED,false,gnTGqExHWDsgZmokh,,,,K.L SERWADI,,,,,YLYWLt3BFmbGuRHBQ
QUANTUM SECONDARY SCHOOL,Tshepo2,false,cMcfrBqinqWCawok7,2015-03-24,Joseph Mhlanga,717503836,,,839608857,,,cQQF5juB8JG3jNbNs
EMFUNDISWENI PRIMARY SCHOOL,Zanele V1,false,vWTmxcTop7j7woDj9,2015-03-24,Xolani Nhlapho,840800951,,Ms T.I Giyama,825522420,,,8TjXzm5mqedTkvZ5n
SIPHIWE PRIMARY SCHOOL,Zanele V1,false,ZvxbpTo9gfELErhiP,2015-03-19,Richard Ubisi,845216426,,,,,,8EkWbb3qMosGvaWyT
NTSIKANA PRIMARY SCHOOL,Sympathy Varified,false,NHmyPg6sd5RogYjYC,,,,,,,,,95AYoAp6AiYz3KZ2t
THEMBALIHLE PRIMARY SCHOOL,SABELO1,false,r8EYiDk2ugxk7YaDR,2015-03-17,ziphozihle jafta,731445030,,,,,,AHHiQixZscHdnSQpM
VEZUKHONO SECONDARY SCHOOL,Joseph,false,t5TQfgMQmqjzZnsuF,2015-03-23,Joseph Mhlanga,717503836,,N.M. Gobela,,,,8FucY8f4FTzL2XmhY
AMOS MAPHANGA SECONDARY,Tshepo3,false,CwyLwZodfS6nzF5dR,2015-03-19,Xolisile Dlamini,717215244,N/A,S. Nongwe,828044151,N/A,,ra2zX3jjBPguj6bc3
TEMBISA SECONDARY SCHOOL,V1,false,ofZQNiyh7nbsAbJzh,,,,,,,,,LTccQvtsRbQdnvd4x
DIEPDALE SECONDARY SCHOOL,Tracey v1,false,izvRc9pj6bBbAmDSZ,2015-03-19,Sithembile,733681210,,Ayanda,740726310,,,EyHGQ2ctZRGcPQ4Lc
NTOKOZWENI PRIMARY SCHOOL,Pontsho12,false,prA2XapXZtyqTudbp,2015-03-17,Nonhlanhla Hlatshwayo,611661846,,Mrs Mponza,,,,EtHDHYs97BCxasggi
TSIETSI MASHININI PRIMARY SCHOOL,Sympathy varified,false,DeuowyonoqMRHtaEQ,2015-03-18,,,,mrs seipati dlamini,825573491,,,n9gEojJ6K5eKYJ4c2
ZIFUNELENI JUNIOR SECONDARY  (COMB. PRIMARY) SCHOOL,SABELO VERIFIED,false,FYYsj46eLJJoyLmvS,2015-03-15,NTSAKO SHIBAMBO,838811487,,,,,,HE7QyZrdjZD4TwigW
MENZI PRIMARY SCHOOL,Sympathy varified,false,8GACMFNgerRB5ntN8,2015-03-18,KHOLWANI,607314339,,L.NOMDA,713598638,,,eqJ28tbWRDYX6YPkp
EAST BANK HIGH SCHOOL,Sympathy varified,false,sNwHJvRjfiX2LAqDv,2015-03-09,,,,,,,,LD7hazozFmAuLNBgP
KUZIMISELA PRIMARY SCHOOL,Tshepo,false,pjoGdug8DqGKgadCw,2015-03-18,Thabile Ndlovu,719160328,,Mr Mapoti,114245626,,,HushLZncKDsTyJhfN
DITAU PRIMARY SCHOOL,Sympathy varified,false,jXqsoLySQvMWezfM9,2015-03-17,SIMELANE SITHEMBILE,733681216,,,,,,SDQzcRxtroyWa7uGB
MICHAEL ZULU PRIMARY SCHOOL,Sympathy varified,false,P9DvBLBBfvNojZRz5,20-03-20,,,,,,,,3tbjfT8zZ2fPGfiwc
MICHAEL ZULU PRIMARY SCHOOL,Sympathy varified,false,YS7nLQYweSuZCqfpG,2015-03-20,KHOLWANI,607314339,,MR TWALA,833947959,,,3tbjfT8zZ2fPGfiwc
LABAN MOTLHABI COMPREHENSIVE SCHOOL,Pontsho6,false,pw8kWEmkib6h4MrFT,2015-03-12,Xolani Nhlapo,840800951,,,,,,922NEXkq8CZy6PH7L
BHEKIMFUNDO PRIMARY SCHOOL,Tshepo2,false,fsB2crxZEfj9EhFrh,2015-03-20,Thabile Ndlovu,719160328,N/A,M.D. Sibeko,825546105,N/A,,JpDqQfLuuC9qJrici
SAKHELWE PRIMARY SCHOOL,Pontsho 10,false,TJoqEh36c6wM47bFm,2015-03-19,Boitumelo Mhlongo,762021316,,Thabang Kunene,839233455,,,7jdhLaYzWcCtFduQg
KGALEMA PRIMARY SCHOOL,Tshepo3,false,keMvSNYxsEsbRRCFn,2015-03-24,Freddy Mathekga,742247196,,,,,,MYybcL4ntNLDfPjZt
