school_name,survey_name,isverified,_id,electricitycondition,electricitysource,electricitysourceotherdescription,comment,version_id
NKUMBULO SECONDARY SCHOOL,Pontsho4,false,HpZ4CHB9wJKduhw3F,There is a regular power supply,"{ ""0"" : ""Grid (e.g. Eskom)"" }",,,2G6DH4Aiu8dpRQyrD
UMSOBOMVU PRIMARY SCHOOL,KHOLWANI11,false,Z6fqkqkEnrMEPSten,There is a regular power supply,,,,2Qm9dY2unum62oDu7
LEEMA-MOKOTULI PRIMARY SCHOOL,Sabelo1,false,vJiFf27g98nwSoi7g,Unsure,"[ ""Grid (e.g. Eskom)"" ]",,,2smWdy5ZETPXoRrYG
THUTO KITSO SECONDARY SCHOOL,sabelo1,false,FC5W8mECheKL37AAR,There is a regular power supply,"[ ""Grid (e.g. Eskom)"" ]",,,2zRbjDBfz4zB8Tv6q
REAGILE PRIMARY SCHOOL,Freddy11,false,4TA3nhfAYybbtawT2,There is a regular power supply,,,,3CZM6LyxfbGxQ676w
MABOELLENG PRIMARY SCHOOL,Joseph,false,eby5Fc6AkPXhiBaKf,There is a regular power supply,"[ ""Grid (e.g. Eskom)"" ]",,,3XdLNoiuCRA5T5Dfc
MICHAEL ZULU PRIMARY SCHOOL,Sympathy varified,false,KoHj7RfwX8jmAAosv,There is a regular power supply,"{ ""0"" : ""Grid (e.g. Eskom)"" }",,,3tbjfT8zZ2fPGfiwc
LANGAVILLE PRIMARY SCHOOL,Sympathy varified,false,hL84iXuKjzqqNZhsH,There is a regular power supply,"[ ""Grid (e.g. Eskom)"" ]",,,3uXaw9N4tJkFZKXSt
TEMBISA WEST SECONDARY SCHOOL,Freddy10,false,sm8Gw9C2moaui3sG2,There is a regular power supply,"[ ""Grid (e.g. Eskom)"" ]",,,4avNjjRgrzrEpwKMN
STRETFORD EXT 8 PRIMARY SCHOOL,Sfiso v1,false,WqrqXeJX8e4pTFgRk,There is a regular power supply,"{ ""0"" : ""Grid (e.g. Eskom)"" }",,,4zo5MNwbBvTPykbFg
FUNUKUKHANYA PRIMARY SCHOOL,KHOLWANI3,false,mJsTAH9JR4dXLAnsA,Sometimes there is power,"{ ""0"" : ""Grid (e.g. Eskom)"" }",,,55foHoJLBDfwGwTWD
AHA-THUTO SECONDARY SCHOOL,Sabelo verified,false,88wYGaANmYDtohZqC,There is a regular power supply,,,,5PhvChXDzSoaBymWp
LEFA-IFA SECONDARY SCHOOL,KHOLWANE13,false,qRSa88SpuLmPG9E4u,Sometimes there is power,"[ ""Grid (e.g. Eskom)"" ]",,,5QzLWMPF8grmhh3G5
NCHABELENG PRIMARY SCHOOL,KHOLWANI9,false,rRB2ZF6jtjGjndhzF,There is a regular power supply,"{ ""0"" : ""Grid (e.g. Eskom)"" }",,,5iHufHeS6B2XBsHTB
MABUYA SECONDARY SCHOOL,Joseph1,false,JgLvbPjqgqQxo85iz,,,,,656hyBavtd4QHF6yx
MQINISWA PRIMARY SCHOOL,Joseph verified,false,kqARQveym3xwFrdBu,There is a regular power supply,"[ ""Grid (e.g. Eskom)"" ]",,,6XmRH2cDbjXJd8Zri
PHUTHUMANI PRIMARY SCHOOL,Sympathy Varified,false,cpCABrqDW77XSDsvQ,There is a regular power supply,"{ ""0"" : ""Grid (e.g. Eskom)"" }",,,6ZNqRnThWfJTjmtzh
NYIKO PRIMARY SCHOOL,Freddy9,false,6mnkjJmeLFkkakiFb,There is a regular power supply,"[ ""Grid (e.g. Eskom)"" ]",,,6cFA5fAxPtQzaP5bz
REALO  SECONDARY SCHOOL,SABELO VERIFIED,false,NZkwDMJT6BDGNTEuu,There is a regular power supply,"[ ""Grid (e.g. Eskom)"" ]",,,6iixm3MYropadAMjX
MELODI PRIMARY SCHOOL,Tshepo1,false,wqyseJ2yYGWd7dYs2,There is a regular power supply,"{ ""0"" : ""Grid (e.g. Eskom)"" }",,,6nyrh8pzbNxMHyu4J
SOZIZWE PRIMARY SCHOOL,Tshepo3,false,sQHteKgFof8ACEMZo,There is a regular power supply,"[ ""Generators"" ]",,,6yXgt6quvcZfmQiWf
MATSIE STEYN PRIMARY SCHOOL,Joseph verified,false,NmtZ3S6RseQfwmosj,There is a regular power supply,"[ ""Grid (e.g. Eskom)"" ]",,,74LtY73iZk5nAgKN4
JOB MASEKO PRIMARY SCHOOL,KHOLWANI12,false,xoAYkTERyRJeGqyJP,There is a regular power supply,"[ ""Grid (e.g. Eskom)"" ]",,,7Lt26udxHfpKtyAwY
SAKHELWE PRIMARY SCHOOL,Pontsho 10,false,TbcpPQ9XK74dQhCwE,There is a regular power supply,"[ ""Grid (e.g. Eskom)"" ]",,,7jdhLaYzWcCtFduQg
SHADRACK MBAMBO PRIMARY SCHOOL,Sympathy Varified,false,NzdzRZSt5CaB5cCSL,There is a regular power supply,"[ ""Grid (e.g. Eskom)"" ]",,,7sAKJvmox8vK6GJBv
SIPHIWE PRIMARY SCHOOL,Zanele V1,false,FLxPTsm3avRgM9NS5,There is a regular power supply,"{ ""0"" : ""Grid (e.g. Eskom)"" }",,,8EkWbb3qMosGvaWyT
VEZUKHONO SECONDARY SCHOOL,Joseph,false,xeKqkHMcFeARGGioS,There is a regular power supply,"[ ""Grid (e.g. Eskom)"" ]",,,8FucY8f4FTzL2XmhY
LERATONG PRIMARY SCHOOL,sfisov1,false,qA2jPHfHYnWhq5zWa,There is a regular power supply,"[ ""Generators"" ]",,,8Q8hLajqT7vMWrbeA
EMFUNDISWENI PRIMARY SCHOOL,Zanele V1,false,kLkJSqM88fBLG5Yxr,There is a regular power supply,"[ ""Grid (e.g. Eskom)"" ]",,,8TjXzm5mqedTkvZ5n
LABAN MOTLHABI COMPREHENSIVE SCHOOL,Pontsho6,false,7kaQmCAvNEML3R4B6,Sometimes there is power,"{ ""0"" : ""Grid (e.g. Eskom)"" }",,,922NEXkq8CZy6PH7L
TSHIRELA PRIMARY SCHOOL,Joseph verified,false,D5ikZHYRHbwgPQrw7,There is a regular power supply,"[ ""Grid (e.g. Eskom)"" ]",,,93KanXF8i8wGs4YKw
NTSIKANA PRIMARY SCHOOL,Sympathy Varified,false,4GehRtBnxhFaeksbZ,There is no power supply,"[ ""Grid (e.g. Eskom)"" ]",,,95AYoAp6AiYz3KZ2t
REKGUTLILE PRIMARY SCHOOL,SABELO VERIFEID,false,7ECN28FAM5ENXxvnv,There is a regular power supply,"[ ""Grid (e.g. Eskom)"" ]",,,9NYELJLrE2z96eKGu
ZITIKENI SECONDARY SCHOOL,SABELO VERIFIED,false,9PL3XrANktCS35Y9a,There is a regular power supply,"[ ""Grid (e.g. Eskom)"" ]",,,A7HS55Lmpv7eWduhv
HLABANGANE PRIMARY SCHOOL,Joseph verified,false,F93hFjZGQqxh4LujR,There is a regular power supply,"[ ""Grid (e.g. Eskom)"" ]",,,A9g2JXbafa9hggA23
MOSIOA PRIMARY SCHOOL,Joseph verified,false,ufLdWfuSGWkcceuTd,There is a regular power supply,"[ ""Grid (e.g. Eskom)"" ]",,,AGiLx4gigQqYMN4fT
THEMBALIHLE PRIMARY SCHOOL,SABELO1,false,FveQ4MDGmCCBS3dDo,There is a regular power supply,"[ ""Grid (e.g. Eskom)"" ]",,,AHHiQixZscHdnSQpM
BOPHELONG SECONDARY SCHOOL,Sabelo1,false,nFosENy53jmZ9GiXq,There is a regular power supply,"[ ""Grid (e.g. Eskom)"" ]",,,AQmqsTKLbbQgfAmzP
Radibapi Primary,sabelo,false,ZmxowFCSLdJMsecFR,There is a regular power supply,"[ ""Grid (e.g. Eskom)"" ]",,,Acd6f7D8RbhpthZHN
SELELEKELA SECONDARY SCHOOL,SABELO 1,false,AMnNgYxeYjdJQv7Cc,There is a regular power supply,"[ ""Grid (e.g. Eskom)"" ]",,,Ayck7PmsY3mNr3gZQ
LESEDI LA KRESTE ANGLICAN PRIMARY SCHOOL,Pontsho16,false,yZYNp9iYyGgxGwzcj,There is no power supply,"[ ""Grid (e.g. Eskom)"" ]",,,BL89Y49hLjtAgtj9C
DAVID HELLEN PETA SECONDARY SCHOOL,Joseph verified,false,7MHi2E36vi5WJSN4j,There is a regular power supply,"[ ""Grid (e.g. Eskom)"" ]",,,BpGigPup4eyijh28x
THUTOLORE SECONDARY SCHOOL,Joseph verified,false,ynrW2nZLbcKBako7w,There is a regular power supply,"[ ""Grid (e.g. Eskom)"" ]",,,BwK89vufnm6iCSJhQ
BUHLEBEMFUNDO SECONDARY SCHOOL,Joseph verified,false,4fmhQrbtm9TuJNtte,There is a regular power supply,,,,Ch6HJ6DZmFCYxKkww
ESIKHISINI PRIMARY SCHOOL,Joseph verified,false,Ka74TSShku2fqFZxi,There is a regular power supply,"[ ""Grid (e.g. Eskom)"" ]",,,CoWKa7AHpYehwgjN4
TSWELELANG PRIMARY SCHOOL,Joseph verified,false,imA2otfnAG6N6NmyK,There is a regular power supply,"[ ""Grid (e.g. Eskom)"" ]",,,Dddj3YJBuiuGmAQFQ
EMMANUEL PRIMARY SCHOOL,Joseph1,false,LqYc9vLyjxXEnFjkC,There is a regular power supply,"[ ""Grid (e.g. Eskom)"" ]",,,DwG2tAAFC8W79Ckxx
NTOKOZWENI PRIMARY SCHOOL,Pontsho12,false,tJoPurCotc5MdvnF6,There is a regular power supply,"[ ""Grid (e.g. Eskom)"" ]",,,EtHDHYs97BCxasggi
LEJOELEPUTSOA PRIMARY SCHOOL,Freddy4,false,tzhcEx2bifu9zvYy9,There is a regular power supply,,,,EtsNuLzuvqcqdM943
DIEPDALE SECONDARY SCHOOL,Tracey v1,false,uomXgWXig5K52mxcD,Sometimes there is power,"[ ""Grid (e.g. Eskom)"" ]",,,EyHGQ2ctZRGcPQ4Lc
BATLOUNG INTERMEDIATE SCHOOL,Symps,false,aWSuucSwpuiqma4e3,There is a regular power supply,"[ ""Grid (e.g. Eskom)"" ]",,,FEAD8jBu7LbHezy2j
DR KNAK PRIMARY SCHOOL,"SABELO VERIFIED
pontsho 20",false,ixXuCjCGnh7sbL8em,There is a regular power supply,"[ ""Grid (e.g. Eskom)"" ]",,,FkDMg4ekjDHWExDuv
BOTLEHADI PRIMARY SCHOOL,Sabelo1,false,NQkRNADdFMp7MKNAM,There is a regular power supply,"[ ""Grid (e.g. Eskom)"" ]",,,FpTsqHm4D3ttwK8dY
SIBONELO PRIMARY SCHOOL,Sympathy verified,false,hCTFbdiFqkvjRxn7B,Sometimes there is power,"[ ""Grid (e.g. Eskom)"" ]",,,GQPE7rurt9bb7DM5a
O.R TAMBO SECONDARY SCHOOL,Zanele V1,false,nkeb2pyAwxvuQYJgP,There is a regular power supply,"{ ""0"" : ""Grid (e.g. Eskom)"" }",,,Gfj3WRS3Y8w4dmyph
ZIFUNELENI JUNIOR SECONDARY  (COMB. PRIMARY) SCHOOL,SABELO VERIFIED,false,ftvqMsTJb3rCqPTkw,There is a regular power supply,"[ ""Grid (e.g. Eskom)"" ]",,,HE7QyZrdjZD4TwigW
ZAKHENI PRIMARY SCHOOL,Sympathy varified,false,QFdNZ92Knrq3vqPdX,There is a regular power supply,"[ ""Grid (e.g. Eskom)"" ]",,,HKHTs5NYM9YcNKmA3
CHARLOTTE MAXEKE SECONDARY SCHOOL,V1,false,tySmpKRv2s9845ND9,Sometimes there is power,"[ ""Grid (e.g. Eskom)"" ]",,No electricity in classes.,HMfiK9msnxvBpZRTv
MANGWELE PRIMARY SCHOOL,SABELO VERIFIED,false,SnsMg6K7g6FZa4yrr,There is a regular power supply,,,,HZFjNDTejF5ga78Sx
DR NHLAPO INTERMEDIATE SCHOOL,Joseph verified,false,kmxc4A5S53mo9x9PT,There is a regular power supply,"[ ""Grid (e.g. Eskom)"" ]",,,Hjqy94n4PwNqwN5uA
KUZIMISELA PRIMARY SCHOOL,Tshepo,false,Wy9pwHCzgHW8CwAjh,There is a regular power supply,"{ ""0"" : ""Grid (e.g. Eskom)"" }",,,HushLZncKDsTyJhfN
PHOMOLONG PRIMARY SCHOOL,Sfiso v1,false,E9tbBg7xRbTbwnaGr,There is a regular power supply,"{ ""0"" : ""Grid (e.g. Eskom)"" }",,,J8iGazpt3MwprEvbp
BOVET PRIMARY SCHOOL,Joseph verified,false,mjA35GjDGF54PkkmC,There is a regular power supply,"[ ""Grid (e.g. Eskom)"" ]",,,JMwctXTYdunvweNYD
SIVUSE PRIMARY SCHOOL,SABELO1,false,JQjw4BfwvFbxBpBem,Sometimes there is power,"[ ""Grid (e.g. Eskom)"" ]",,,JeGKrkaqdgboxbxAd
BHEKIMFUNDO PRIMARY SCHOOL,Tshepo2,false,7zmPQtqcfpk39TQvp,There is a regular power supply,,,,JpDqQfLuuC9qJrici
KHANGEZILE PRIMARY SCHOOL,Pontsho9,false,4hwE9eFB4WcgpC9ip,There is a regular power supply,"[ ""Grid (e.g. Eskom)"" ]",,,KDmkojmtPfcEEQ3vv
LEBOWA PRIMARY SCHOOL,Joseph,false,sRpNn3YN6dsCqh7sN,There is a regular power supply,"[ ""Grid (e.g. Eskom)"" ]",,,KhtEcF9mnhkNyqnW3
SELOPE-THEMA PRIMARY SCHOOL,SABELO VERIFIED,false,X5dae6cafgo6Zy7d4,There is a regular power supply,"[ ""Grid (e.g. Eskom)"" ]",,,Kqq9XsRqsRQM6PjGn
LEBOHANG SECONDARY SCHOOL,Sabelo1,false,wJTCwAZ7e4eDvwiza,There is a regular power supply,,,,KrNZ7H2XmHuPpHRrN
DITAWANA PRIMARY SCHOOL,pontsho 21,false,Xi2yFM66e936PeR4H,There is a regular power supply,"[ ""Grid (e.g. Eskom)"" ]",,,LBujyFwCgPkGzWSZy
EAST BANK HIGH SCHOOL,Sympathy varified,false,PPjNgzYuHsA8a2sfn,There is a regular power supply,"[ ""Grid (e.g. Eskom)"" ]",,,LD7hazozFmAuLNBgP
TEMBISA SECONDARY SCHOOL,V1,false,zYZyARd54SPnMogXg,There is a regular power supply,"[ ""Grid (e.g. Eskom)"" ]",,,LTccQvtsRbQdnvd4x
SEEISO PRIMARY SCHOOL,Joseph verified,false,PC57gqPjaTZWfPb9d,There is a regular power supply,"[ ""Grid (e.g. Eskom)"" ]",,,LZ7sJWsXTML9asLdD
NKABINDE PRIMARY SCHOOL,KHOLWANI16,false,GPFtGbHKXSjyToWTu,There is a regular power supply,"[ ""Grid (e.g. Eskom)"" ]",,,LrmX8FAuJMKckWE6c
KGOMOCO PRIMARY SCHOOL,Joseph1,false,ESdHRT3TcQcji6GJb,There is a regular power supply,,,,METTMMRQRhoWxKdRt
TSAKANE PRIMARY SCHOOL,Sympathy Varified,false,i6mNeC46D6KGkKPWz,There is a regular power supply,"[ ""Grid (e.g. Eskom)"" ]",,,MYuCFef7Fjt8yRX8d
KGALEMA PRIMARY SCHOOL,Tshepo3,false,T8WTxMvNzNQS7jbfD,There is a regular power supply,"[ ""Grid (e.g. Eskom)"" ]",,,MYybcL4ntNLDfPjZt
JABULANI THABANG PRIMARY SCHOOL,Sabelo1,false,M48F7a6vYzDR79rgb,There is a regular power supply,"[ ""Grid (e.g. Eskom)"" ]",,,MtKWmrDmPtx6hTjXm
MUZOMSHA PRIMARY SCHOOL,KHOLWANI18,false,ys9WAchKxpryxcq5G,There is a regular power supply,"[ ""Grid (e.g. Eskom)"" ]",,,NTo8EK8jnLkjB93Hd
IKAGE PRIMARY SCHOOL,Sympathy varified,false,Cfr6tsLuJQvumqodD,There is a regular power supply,"[ ""Grid (e.g. Eskom)"" ]",,,NY3CpQoLXKGkXkq8b
LIVHUWANI PRIMARY SCHOOL,SABELO VERIFIED,false,7zszY2YndXXNMzCzx,There is a regular power supply,"[ ""Grid (e.g. Eskom)"" ]",,,PySjA6yQMoXAyS2z8
MOHLOLI SECONDARY SCHOOL,symps,false,2SyGzYjAfsF2n5KYg,There is a regular power supply,"[ ""Grid (e.g. Eskom)"" ]",,,Pye3fvQETS2TCPKyt
MODUOPO PRIMARY SCHOOL,Zanele V1,false,oN8YGWqEybjBRxdn6,There is a regular power supply,"{ ""0"" : ""Grid (e.g. Eskom)"" }",,,Q2SemXMcpEX5NfYsD
MOKGOME SECONDARY SCHOOL,Joseph verified,false,SYroCWqjXPz8Pzkyk,There is a regular power supply,"[ ""Grid (e.g. Eskom)"" ]",,,QBmBALzw89kwmHz2B
SEOTLOANA PRIMARY SCHOOL,Zanele V1,false,HTvKjSeXJNCfgXFdK,There is a regular power supply,"[ ""Grid (e.g. Eskom)"" ]",,,Qmhp6bLYHrRTc42wc
ROLIHLAHLA PRIMARY SCHOOL,Tshepo2,false,AsyhQ3SLxc8dnRqjR,Sometimes there is power,"{ ""0"" : ""Grid (e.g. Eskom)"" }",,,Qzm8u4imxajBRWLE5
SELIBA PRIMARY SCHOOL,Joseph verified,false,3fX6nktT3kKHyiJMz,There is a regular power supply,"[ ""Grid (e.g. Eskom)"" ]",,,RHG8484wnsaqifrig
JET NTEO SECONDARY SCHOOL,Sabelo1,false,toccLXoDMo3qw3L8Z,Unsure,"[ ""Grid (e.g. Eskom)"" ]",,,RKz4SAhiQgbHCmTpZ
PATOGENG PRIMARY SCHOOL,Joseph verified,false,AwsDF6qBbaMobnGbE,There is a regular power supply,"[ ""Grid (e.g. Eskom)"" ]",,,Rvf9JkpRBRozBsyiq
POELANO SECONDARY SCHOOL,Joseph verified,false,RKxqv8xw63acYjAER,There is a regular power supply,"[ ""Grid (e.g. Eskom)"" ]",,,S3LbwsmZGkiiekXEX
N'WA MHINGA PRIMARY SCHOOL,Freddy8,false,YTz6azLcRs5uMWWaj,There is a regular power supply,"[ ""Grid (e.g. Eskom)"" ]",,,S47bpHzXts94zC2ke
DITAU PRIMARY SCHOOL,Sympathy varified,false,gnw5LdFBDn8hAf4h4,There is a regular power supply,"[ ""Grid (e.g. Eskom)"" ]",,,SDQzcRxtroyWa7uGB
DR HARRY GWALA SECONDARY SCHOOL,Tshepo3,false,aTeq5455jNA6dC82q,There is a regular power supply,"[ ""Grid (e.g. Eskom)"" ]",,,SNuf4DBJszmQrAzS4
RESIDENSIA SECONDARY SCHOOL,Symps,false,icQubXiWjJDptW6x3,There is a regular power supply,"[ ""Grid (e.g. Eskom)"" ]",,,Sa8QfeRArxjpbStqt
EMMANGWENI PRIMARY SCHOOL,Zanele v1,false,mdQtRC3e3Gnfj2eFp,There is a regular power supply,"{ ""0"" : ""Grid (e.g. Eskom)"" }",,The supply of electricity according to the principal is very good.,SeRiR2xnt35DWtRzX
NOMINI PRIMARY SCHOOL,Sabelo verified,false,CcMwgDiSArr7a56Pj,There is a regular power supply,,,,Sue8DWeGKHPKAyQBi
HULWAZI SECONDARY SCHOOL,Tshepo1,false,3E9nfwksayag4uTpK,There is a regular power supply,"{ ""0"" : ""Grid (e.g. Eskom)"" }",,,Tnm69CSqqbdHg9obr
GAHLANSO PRIMARY SCHOOL,Zanele V1,false,JMbPkmK6ntXudpWPK,There is a regular power supply,,,,WeXHdZMumEMFyckHq
TOKELO SECONDARY SCHOOL,Joseph verified,false,GtHXKKSDSrxhpFDwz,There is a regular power supply,"[ ""Grid (e.g. Eskom)"" ]",,,WszeF9gAuQuHMNHLC
MAKAPANE PRIMARY SCHOOL,Joseph verified,false,zq2LgiRXnzpdq99wm,There is a regular power supply,"[ ""Grid (e.g. Eskom)"" ]",,,X4uSNwu6z2y2MdNwA
ORLANDO SECONDARY SCHOOL,SABELO VERIFIED,false,WCBEfJ4ZLoENSfHxq,There is a regular power supply,"[ ""Grid (e.g. Eskom)"" ]",,,XKxt23fR8Fujkyiim
MOYISELA PRIMARY SCHOOL,Sabelo verified,false,Ev7JQw4PuEEDvcPPM,There is a regular power supply,"[ ""Grid (e.g. Eskom)"" ]",,,XTL9gvLr9S2MmMsjJ
BOITUMELONG SECONDARY SCHOOL,Zanele V1,false,CMQTQzxRbs9crTZiH,There is a regular power supply,"{ ""0"" : ""Grid (e.g. Eskom)"" }",,,XYLgc3p2tmFJ6nGJb
MAHLAHLE PRIMARY SCHOOL,SABELO VERIFIED,false,RX8qGhJPgH2GPwAjD,There is a regular power supply,"[ ""Grid (e.g. Eskom)"" ]",,,YLYWLt3BFmbGuRHBQ
HOFMEYR SECONDARY SCHOOL,Joseph verified,false,buTA6Pu4pBs4xkCg4,There is a regular power supply,"[ ""Grid (e.g. Eskom)"" ]",,,Z9wz3QcLwmRfGuaeT
FADIMEHA PRIMARY SCHOOL,Joseph verified,false,iZtHhSMg3qXJdh9db,There is a regular power supply,"[ ""Grid (e.g. Eskom)"" ]",,,ZMuo7tqss7QrYPuwZ
LETSEMA-ILIMA PRIMARY SCHOOL,Symps,false,Kmv6Ma329FT5xJP28,There is a regular power supply,"[ ""Grid (e.g. Eskom)"" ]",,,ZNXsgBEk2evJkTYso
DITAWANE,Joseph verified,false,8RkLKy7dTWM4ZusiW,There is a regular power supply,"[ ""Grid (e.g. Eskom)"" ]",,,ZQpQXXcpAjvZC2ony
JORDAN SECONDARY SCHOOL,Sabelo1,false,LphTH8sbPtvTQQDGL,There is a regular power supply,"[ ""Grid (e.g. Eskom)"" ]",,,ZQvS49GgfM6XNnqij
SAULRIDGE SECONDARY SCHOOL,Sabelo verified,false,tvWLyyiHGtzMMTcfJ,There is a regular power supply,"[ ""Grid (e.g. Eskom)"" ]",,,ZgR4zqFothSycL9hz
TSOELOPELE PRIMARY SCHOOL,Joseph verified,false,AYiHQnZYyr7RLDddS,There is a regular power supply,"[ ""Grid (e.g. Eskom)"" ]",,,ZrghZT93L2bSWSofg
INKONJANE JUNIOR SECONDARY SCHOOL,Freddy3,false,KPPcc9YmGB3F5MzZR,There is a regular power supply,"[ ""Grid (e.g. Eskom)"" ]",,,Zyuc4wPBmxQPcNyjF
MVELAPHANDA PRIMARY SCHOOL,Freddy9,false,9Px9oXKLdfYYPreCS,There is a regular power supply,"[ ""Grid (e.g. Eskom)"" ]",,,aMRD37JGNEmrz9FZ9
NTSELE PRIMARY SCHOOL,Sabelo1,false,HuQA5CZ7rhjGcuXqp,Sometimes there is power,"[ ""Grid (e.g. Eskom)"" ]",,,aQ4BMeoFWmo4HrHqF
KHULA SIZWE PRIMARY SCHOOL,Freddy7,false,SKQpkifhApmzdCWhS,There is a regular power supply,"{ ""0"" : ""Grid (e.g. Eskom)"" }",,,ayNNoGKj3iCnECzSg
ITSEBENG PRIMARY SCHOOL,SABELO1,false,2kpYrGJkeQ8KxQcg9,There is a regular power supply,"[ ""Grid (e.g. Eskom)"" ]",,,bAExKd8RN5BhHzb3z
ZIMISELE SECONDARY SCHOOL,Pontsho3,false,Wnc7RH2h6RRgXJ7dJ,Sometimes there is power,"{ ""0"" : ""Grid (e.g. Eskom)"" }",,,bEf9GjYAyqAqY3bhw
TSWELOPELE SECONDARY SCHOOL,Zanele V1,false,sqTGMXKfWK684MPuX,There is a regular power supply,"[ ""Grid (e.g. Eskom)"" ]",,,bHZpmA7SpQzx29CQk
GEORGE MBILASE PRIMARY SCHOOL,Joseph,false,Ppa2fHJfo3w7DFgHe,There is a regular power supply,"[ ""Grid (e.g. Eskom)"" ]",,,bMEYkfLEMjEHiTFux
TLHOLO INTERMEDIATE SCHOOL,Joseph1,false,aG4mmYrhiHPPwrRqe,,"[ ""Grid (e.g. Eskom)"" ]",,,bPfY5thaXn4EAdkXw
BUD MBELLE PRIMARY SCHOOL,SABELO VERIFIED,false,YFGHC4dRxHpvddC2J,There is a regular power supply,"[ ""Grid (e.g. Eskom)"" ]",,,bf5Ltec4dXsz7pEX9
BOPASENATLA SECONDARY SCHOOL,Joseph verified,false,Mhq9WZugX7Jc4Hi7X,There is a regular power supply,"[ ""Grid (e.g. Eskom)"" ]",,,cDYo2z98FGZzNHPMM
QUANTUM SECONDARY SCHOOL,Tshepo2,false,DxZS2xeJbwBLn399Q,Sometimes there is power,"{ ""0"" : ""Grid (e.g. Eskom)"" }",,,cQQF5juB8JG3jNbNs
GOVAN MBEKI PRIMARY SCHOOL,Sabelo verified,false,G67xzJjopLp5CWZfw,There is a regular power supply,"[ ""Grid (e.g. Eskom)"" ]",,,dBu8rGN6ZLKj4rb4e
THETHA SECONDARY SCHOOL,SABELO VERFIED,false,ioa3GYnr83pttfDC3,There is a regular power supply,"[ ""Grid (e.g. Eskom)"" ]",,,dnFyeB4sC6kfmj2Q6
MASIQHAKAZE SECONDARY SCHOOL,V1,false,kCxg3tWW4Xsm9DR5v,There is a regular power supply,"{ ""0"" : ""Grid (e.g. Eskom)"" }",,,e6s5EEf389EeLo6Tz
THOPODI PRIMARY SCHOOL,SABELO VERIFIED,false,kP7K3NvDY5wJG2kpG,There is a regular power supply,"[ ""Grid (e.g. Eskom)"" ]",,,eaN2HpTXfZTyuJHLY
LEHLASEDI PRIMARY SCHOOL,Sabelo1,false,RTbYGu8KMFqfRjKFj,There is a regular power supply,"[ ""Grid (e.g. Eskom)"" ]",,,efr9txWNfPHw3AhD7
PHAMEHLO PRIMARY SCHOOL,Symps,false,pjNDLDeDDwf6Yvpez,There is a regular power supply,"[ ""Grid (e.g. Eskom)"" ]",,,eg2P5ZFGTcwctmdcA
MENZI PRIMARY SCHOOL,Sympathy varified,false,ajPAf3a9QBk59WYiB,There is a regular power supply,"[ ""Grid (e.g. Eskom)"" ]",,,eqJ28tbWRDYX6YPkp
GOROGANG PRIMARY SCHOOL,Pontsho5,false,SnYiexB4Pmz93RgtK,There is a regular power supply,"{ ""0"" : ""Grid (e.g. Eskom)"" }",,,fkuEy7WKs5HL2NM6z
STEVE BIKO PRIMARY SCHOOL,Zanele V1,false,pXHCw3jE5XNLqdfia,There is a regular power supply,"[ ""Grid (e.g. Eskom)"" ]",,,g6orxjw6EmCqYup83
LETSIE PRIMARY SCHOOL,KHOLWANI8,false,j38ewiB7LmdRcJ7Ms,There is a regular power supply,"{ ""0"" : ""Grid (e.g. Eskom)"" }",,,gPuKrSrjRHYQAhofp
TIYANI Junior secondary SCHOOL,SABELO VERIFIED,false,RnfAbiSScut4mt9uE,There is a regular power supply,"[ ""Grid (e.g. Eskom)"" ]",,,gZKefKr3T7kQ7yZdd
WESTFIELDS PRIMARY SCHOOL,SABELO 1,false,eNnHvhmQtmqyPym2d,Sometimes there is power,"[ ""Grid (e.g. Eskom)"" ]",,,ghEZdTPoThhpWNWiw
LERESCHE PRIMARY SCHOOL,Joseph verified,false,wv5vcm6jtFgQ2wpj9,Sometimes there is power,"[ ""Grid (e.g. Eskom)"" ]",,,giGaTXuXxZQxCGaMd
LUKHOLWENI PRIMARY SCHOOL,Joseph verified,false,XPwcmX4vNDPW6FmFP,There is a regular power supply,"[ ""Grid (e.g. Eskom)"" ]",,,gpABZNKAeZxGARLNE
LETSATSING COMBINED SCHOOL,SABELO 1,false,7LBqNQh5wmqPPcnC2,There is a regular power supply,"[ ""Other"" ]",,,hBG3H9epZYnScCbtp
LOTUS GARDENS PRIMARY SCHOOL,Joseph verified,false,Bsa3JycPsnnKmMRCi,There is a regular power supply,"[ ""Grid (e.g. Eskom)"" ]",,,hJppCjP9YgzQPhsxp
ZENZELENI PRIMARY SCHOOL,Sympathy Varification,false,cZgihoqbgozZFYTj5,There is a regular power supply,"[ ""Grid (e.g. Eskom)"" ]",,,hTroeBPPurCSNxDGe
KAMOHELO PUBLIC SCHOOL,Joseph,false,YEDDekQXHg2T8r6JD,There is a regular power supply,"[ ""Grid (e.g. Eskom)"" ]",,,hk4XMrnHxTastfL7s
TSITSIBOGA PRIMARY SCHOOL,SABELO1,false,nTcPvgqCY5KKyQMo9,There is a regular power supply,"[ ""Grid (e.g. Eskom)"" ]",,,hrfAaJLuuBvdukdf9
TSIMONG PRIMARY SCHOOL,KHOLWANI19,false,R3DxqunkoN5vZwAW3,Sometimes there is power,"[ ""Grid (e.g. Eskom)"" ]",,,jR3LMPDnnHi7xvLcp
THEMBALIKAZULU PRIMARY SCHOOL,KHOLWANI10,false,JStpgPLv3ahAKd8AB,There is a regular power supply,"{ ""0"" : ""Grid (e.g. Eskom)"" }",,,jSDZSbr7cMPKgibe7
zitha primary,sabelo1,false,SgsX4ArKpegyBCedk,There is a regular power supply,"[ ""Grid (e.g. Eskom)"" ]",,,k652o58moXsybbDfm
VEZUKHONO SECONDARY SCHOOL,Joseph1,false,i3PE8kAcEyYunvprg,,,,,mDwDpssp9xiy5oAgB
NQUBELA PRIMARY SCHOOL,Sympathy Varified,false,PekhRwh8hsf4W4XXx,Sometimes there is power,,,,mobhBo8uKGxkvNsjR
SAPPHIRE SECONDARY SCHOOL,Joseph verified,false,SNjpktho2az8dK5oG,Unsure,"[ ""Grid (e.g. Eskom)"" ]",,,mu6wNPMzZ754NLLnE
KHOMANANI PRIMARY SCHOOL,SABELO VERIFIED,false,Wwi8YXbGJLaMhWGjw,There is a regular power supply,"[ ""Grid (e.g. Eskom)"" ]",,,myEbntbNmwtRJAXXn
TSIETSI MASHININI PRIMARY SCHOOL,Sympathy varified,false,EsJ7oGfiuQjva4Sei,There is a regular power supply,"[ ""Grid (e.g. Eskom)"" ]",,,n9gEojJ6K5eKYJ4c2
KGOLAGANO PRIMARY SCHOOL,Joseph verified,false,Z5HQKzfAHvBF5b9mt,There is a regular power supply,"[ ""Grid (e.g. Eskom)"" ]",,,o6KRqZ8m5YyPCmxEu
ENDULWENI PRIMARY SCHOOL,Joseph verified,false,fwfABnpj6aDcbJZsF,There is a regular power supply,"[ ""Grid (e.g. Eskom)"" ]",,,ocFaNqXzeBvD5hiAZ
PHUTHADITSHABA PRIMARY SCHOOL,SABELO VERIFIED,false,m43XGaWmfJkCKjvZt,There is a regular power supply,"[ ""Grid (e.g. Eskom)"" ]",,,ojqksxwnmxWXpM8n6
LESHATA SECONDARY SCHOOL,Sabelo verified,false,548kuTRcRQenrs2gR,There is a regular power supply,,,,opzRuPL9N8RSzCNsi
DINOTO TECHNICAL SECONDARY SCHOOL,Tshepo3,false,D7wmHKLcErX5Sj6Md,There is a regular power supply,"[ ""Unsure"" ]",,,pqm6NksjcwAhrDwyH
THUTHUKA PRIMARY SCHOOL,SABELO VERIFIED,false,bTzRkJGYewzQd3WL6,There is a regular power supply,"[ ""Grid (e.g. Eskom)"" ]",,,q7rLbRb4nxtPxfoSc
THOHO-YA-NDOU PRIMARY SCHOOL,Joseph verified,false,7HRXuGWxM2LmSTwED,There is a regular power supply,"[ ""Grid (e.g. Eskom)"" ]",,,q7vvj7t7uptnim45G
FRED HABEDI PRIMARY SCHOOL,Pontsho11,false,ors4ZmCTouA2S2Qt5,There is a regular power supply,"[ ""Grid (e.g. Eskom)"", ""Solar Panel"" ]",,Solar power is used at the kitchen only,qCqx8rN4JLCHpEwF4
ENTSHONALANGA PRIMARY SCHOOL,SABELO VERIFIED,false,ewiYLX3Td3EjhskiR,There is a regular power supply,"[ ""Grid (e.g. Eskom)"" ]",,,qYqekSfSRExjXJrGM
WINNIE MANDELA PRIMARY SCHOOL,SABELO VERIFIED,false,wMEhtiQZEMoQ4vZed,There is a regular power supply,,,,qqTGPEnmDQRrarBSw
GORDON PRIMARY SCHOOL,SFISO V1,false,ohttzTjj6unN6LLBW,There is a regular power supply,"{ ""0"" : ""Grid (e.g. Eskom)"" }",,,qsXPNNQE3pWkdTbfb
MADUME PRIMARY SCHOOL,SABELO VERIFIED,false,aTHhpTQYTNjnEymAp,There is a regular power supply,"[ ""Grid (e.g. Eskom)"" ]",,,r5bdwdb45e7jr6JZB
MONTSOSI PRIMARY SCHOOL,SABELO1,false,TMnXXDNWbtrdrr24G,There is a regular power supply,"[ ""Grid (e.g. Eskom)"" ]",,,rCApJ97XLJY5xuoJY
ISEKELO PRIMARY SCHOOL,Joseph verified,false,co4tZdDXokJ7tpWbk,There is a regular power supply,"[ ""Grid (e.g. Eskom)"" ]",,,rRCnvnKF3KB68xQfw
AMOS MAPHANGA SECONDARY,Tshepo3,false,t8E37qRPe22zzJwbb,There is a regular power supply,"[ ""Grid (e.g. Eskom)"" ]",,,ra2zX3jjBPguj6bc3
MOGOGODI PRIMARY SCHOOL,Joseph1,false,aFwxmNLRLykzYaGpX,There is a regular power supply,"[ ""Grid (e.g. Eskom)"" ]",,,rgipwMLK9skQK2EuA
ZITHATHELE PRIMARY SCHOOL,Joseph verified,false,q56NzRLoS3a84tR4t,There is a regular power supply,"[ ""Grid (e.g. Eskom)"" ]",,,sXauHMaoiXsoSamWK
ZAMANI PRIMARY SCHOOL,Sympathy Varified,false,pAWQvi4abjpgCh3Nk,There is a regular power supply,"[ ""Grid (e.g. Eskom)"" ]",,,sfN5HAvKti5hRvPxZ
KOKOSI PRIMARY SCHOOL,Symps,false,5gARneRane62ghhxn,There is a regular power supply,"[ ""Grid (e.g. Eskom)"" ]",,,sfgS3CrJFoTBvFQ72
KING DAVID HIGH SCHOOL (VICTORY PARK),Version 2,false,CsZFtKJEcHJJPDTEY,,,,,siZhhkH29MMEnswvu
INKATHA KA ZULU PRIMARY SCHOOL,Tshepo1,false,v8t9QbzdwoEp6gvXH,There is a regular power supply,"{ ""0"" : ""Grid (e.g. Eskom)"" }",,,srdTLx3pxML3nwKPr
QEDUSIZI PRIMARY SCHOOL,Pontsho8,false,7R5r4LGBcGZqXkgMr,There is no power supply,"[ ""Grid (e.g. Eskom)"" ]",,,tC7ee9TXmJ8oDEcRe
PHANDIMFUNDO SECONDARY SCHOOL,SABELO VERIFIED,false,oWRuhJPC9wYBdkuMe,There is a regular power supply,"[ ""Grid (e.g. Eskom)"" ]",,,tDKj5hfjzok3tbGs9
TOTOMENG PRIMARY SCHOOL,Joseph verified,false,WMwd5M7tgjLNyom6J,There is a regular power supply,"[ ""Grid (e.g. Eskom)"" ]",,,tMjiiRvEEAsNmSJGx
CARTER PRIMARY SCHOOL,Joseph verified,false,PLyFNrAgYtC7cL38g,There is a regular power supply,"[ ""Grid (e.g. Eskom)"" ]",,,tdRzrm36MQJ2raFea
ITHUTE PRIMARY SCHOOL,Sympathy Varified,false,L3tRwGpLvN4biwgAE,There is a regular power supply,"[ ""Grid (e.g. Eskom)"" ]",,,tkbM3Jp4KjPx4H5qC
IPHUTHENG PRIMARY SCHOOL,Sympathy varified,false,BrGmSQ7PT8vJRJR9e,There is a regular power supply,"[ ""Grid (e.g. Eskom)"" ]",,,tqMTBWRbAuYsAqATz
DR WF NKOMO SECONDARY SCHOOL,Sympathy Varified,false,hhvggAPd8FtzAHFMQ,There is a regular power supply,"[ ""Grid (e.g. Eskom)"" ]",,,u2mAvGSYipuFCETW2
SECHABA PRIMARY SCHOOL,KHOLWANI14,false,GGNEWfco94uN6qSmT,There is a regular power supply,"[ ""Grid (e.g. Eskom)"" ]",,,ufaeHuMMa97ge5aCK
TLAKULA SECONDARY SCHOOL,Sympathy Varified,false,dKrqP3MTSN6Hzfyfg,There is a regular power supply,"[ ""Grid (e.g. Eskom)"" ]",,,uiiC6LpdXHBickDqX
DUMEHLEZI INTERMEDIATE SCHOOL,Joseph verified,false,jsikXFPpiS49n9hDT,There is no power supply,,,,uvAsG8PGNZNED5pxz
HLANGABEZA PRIMARY SCHOOL,Symps,false,J7MkLjCEsnDX6icHs,There is a regular power supply,"[ ""Grid (e.g. Eskom)"" ]",,If there isn't electricity they use gas stove,uyB7xpWYkTuuhsLzS
MOSHOESHOE PRIMARY SCHOOL,Joseph verified,false,voCqnyipMXu5rgCeT,There is a regular power supply,"[ ""Unsure"" ]",,,vPSPXjGpC6ABc9Szc
ISIZIBA PRIMARY SCHOOL,V1,false,sH2n4pM5fPMFh2dAm,There is no power supply,"{ ""0"" : ""Grid (e.g. Eskom)"" }",,,vZkChYaMACHarXWxC
MASHEMONG PRIMARY SCHOOL,Joseph verified,false,kmSjrsRs7KKgn7Wyx,There is a regular power supply,"[ ""Grid (e.g. Eskom)"" ]",,,wfdMKsnKg56v7y6uJ
IPONTSHE PRIMARY SCHOOL,V1,false,QR9XEZPNX8W2jKaBg,There is a regular power supply,"[ ""Grid (e.g. Eskom)"" ]",,,x39JZC9Q749pXeEbY
OR TAMBO PRIMARY SCHOOL,Sympathy verified,false,JS43Jmng7FnXpu5XF,There is a regular power supply,"[ ""Grid (e.g. Eskom)"" ]",,,xp2bxhMm4Yoeu9jho
BONA COMPREHENSIVE SCHOOL,SABELO VERIFIED,false,WHwzKCFywmMiNSzYa,Unsure,"[ ""Grid (e.g. Eskom)"" ]",,,xsLXqpcynPeYTwiXE
PHOMOLONG SECONDARY SCHOOL,V1,false,w8hGGEWKjQac5z8R3,There is a regular power supply,"[ ""Grid (e.g. Eskom)"" ]",,,xuTGawqPYaYusxnm8
TLHOKOMELO PRIMARY SCHOOL,Joseph1,false,vKNABiRyGeGX6Sv45,There is a regular power supply,"[ ""Grid (e.g. Eskom)"" ]",,,y3Rzmw2pDYqioZ8WC
PHELINDABA SECONDARY SCHOOL,Sabelo verified,false,Y5oy56FqZGauzZiQK,There is a regular power supply,"[ ""Grid (e.g. Eskom)"" ]",,,yAYPTyMxnk5pj2zT9
KENNETH MASEKELA SECONDARY SCHOOL,Pontsho7,false,JrW4ie5iBLdh7vhxJ,There is a regular power supply,"{ ""0"" : ""Grid (e.g. Eskom)"" }",,,yuLFP8PQcXB6aAAm6
REAMOHETSOE PRIMARY SCHOOL,Sabelo verified,false,QpENLrJyhNcSsEEfo,There is a regular power supply,"[ ""Grid (e.g. Eskom)"" ]",,,zpLEh72kC58ryRpxt
