school_name,survey_name,isverified,_id,electronicconnectivity,comment,version_id
NKUMBULO SECONDARY SCHOOL,Pontsho4,false,MLcuQb4xcZreQk2qv,"[ ""Telephone facilities"", ""Fax facilities"", ""RInternet facilities"" ]",,2G6DH4Aiu8dpRQyrD
UMSOBOMVU PRIMARY SCHOOL,KHOLWANI11,false,4wfvHhpTFLsznKQ6j,"[ ""Telephone facilities"", ""Fax facilities"", ""RInternet facilities"" ]",,2Qm9dY2unum62oDu7
LEEMA-MOKOTULI PRIMARY SCHOOL,Sabelo1,false,gkAroD2GaSkeQXRGn,"[ ""Telephone facilities"" ]",,2smWdy5ZETPXoRrYG
THUTO KITSO SECONDARY SCHOOL,sabelo1,false,zXhTMLJFxKDZrLr38,"[ ""Telephone facilities"", ""Fax facilities"", ""RInternet facilities"", ""An intercom or public address system"" ]",,2zRbjDBfz4zB8Tv6q
REAGILE PRIMARY SCHOOL,Freddy11,false,AnirYe5LP9QtosCdD,"[ ""Fax facilities"", ""RInternet facilities"" ]",there are telephone facilities but they not working,3CZM6LyxfbGxQ676w
MABOELLENG PRIMARY SCHOOL,Joseph,false,qfMBRGA7RnDJqiriY,"[ ""Telephone facilities"", ""Fax facilities"", ""RInternet facilities"" ]",,3XdLNoiuCRA5T5Dfc
MICHAEL ZULU PRIMARY SCHOOL,Sympathy varified,false,zErtcWgBuWusj6Zv2,"[ ""Telephone facilities"", ""Fax facilities"", ""RInternet facilities"", ""An intercom or public address system"" ]",Functional electronic connectivity,3tbjfT8zZ2fPGfiwc
LANGAVILLE PRIMARY SCHOOL,Sympathy varified,false,6DEohz28JgXgS9xJq,"[ ""Telephone facilities"" ]",principal uses his own phone,3uXaw9N4tJkFZKXSt
VULAMAZIBUKO PRIMARY SCHOOL,KHOLWANI20,false,64SuFuogEbZxTuQJX,"[ ""Telephone facilities"" ]",,4F5Qwq5cmL34WsvHP
TEMBISA WEST SECONDARY SCHOOL,Freddy10,false,zE4xWh3mQzDtf4zmw,"[ ""Fax facilities"", ""RInternet facilities"", ""An intercom or public address system"" ]",,4avNjjRgrzrEpwKMN
FUNUKUKHANYA PRIMARY SCHOOL,KHOLWANI3,false,rXudBaTvL34GufK3W,"[ ""Telephone facilities"", ""Fax facilities"", ""RInternet facilities"", ""An intercom or public address system"" ]",GOOD OPERATIONAL SYSTEM,55foHoJLBDfwGwTWD
AHA-THUTO SECONDARY SCHOOL,Sabelo verified,false,ZAhZnbuBqN4vGgZ5K,"[ ""Telephone facilities"", ""Fax facilities"", ""RInternet facilities"" ]",,5PhvChXDzSoaBymWp
LEFA-IFA SECONDARY SCHOOL,KHOLWANE13,false,s3eYdbbkfgkbrzrbo,"[ ""Telephone facilities"", ""Fax facilities"", ""RInternet facilities"" ]",,5QzLWMPF8grmhh3G5
NCHABELENG PRIMARY SCHOOL,KHOLWANI9,false,4jdXs4deGRzpimFkD,"[ ""Telephone facilities"", ""Fax facilities"", ""RInternet facilities"" ]",,5iHufHeS6B2XBsHTB
MABUYA SECONDARY SCHOOL,Joseph1,false,hAo6BwEcEnKbhn5JJ,,,656hyBavtd4QHF6yx
MQINISWA PRIMARY SCHOOL,Joseph verified,false,P9qu4exm7z2JhGs36,"[ ""Telephone facilities"", ""Fax facilities"", ""RInternet facilities"" ]",,6XmRH2cDbjXJd8Zri
PHUTHUMANI PRIMARY SCHOOL,Sympathy Varified,false,XK8p4T2bkFh7onSkp,"[ ""Telephone facilities"", ""RInternet facilities"" ]",,6ZNqRnThWfJTjmtzh
NYIKO PRIMARY SCHOOL,Freddy9,false,kDbqrDMwdmyuysQFT,"[ ""Telephone facilities"", ""Fax facilities"", ""RInternet facilities"" ]",,6cFA5fAxPtQzaP5bz
REALO  SECONDARY SCHOOL,SABELO VERIFIED,false,uGnnxgGatYAw4hKJh,"[ ""Telephone facilities"", ""Fax facilities"", ""RInternet facilities"" ]",,6iixm3MYropadAMjX
MELODI PRIMARY SCHOOL,Tshepo1,false,qvxRE8AaCkDwHzS4F,"[ ""Telephone facilities"", ""Fax facilities"", ""RInternet facilities"", ""An intercom or public address system"" ]",,6nyrh8pzbNxMHyu4J
SOZIZWE PRIMARY SCHOOL,Tshepo3,false,cmiZwoTfdyh7GW5CJ,"[ ""Telephone facilities"", ""Fax facilities"", ""RInternet facilities"" ]",,6yXgt6quvcZfmQiWf
MATSIE STEYN PRIMARY SCHOOL,Joseph verified,false,oA9g8kuCmiv3eGBj8,"[ ""Telephone facilities"", ""Fax facilities"", ""RInternet facilities"" ]",,74LtY73iZk5nAgKN4
JOB MASEKO PRIMARY SCHOOL,KHOLWANI12,false,xCLXWJ6XzSYWppYSo,"[ ""Telephone facilities"", ""Fax facilities"" ]",,7Lt26udxHfpKtyAwY
SAKHELWE PRIMARY SCHOOL,Pontsho 10,false,EMTDphZSGNqEShwAk,"[ ""Telephone facilities"", ""Fax facilities"" ]",,7jdhLaYzWcCtFduQg
SHADRACK MBAMBO PRIMARY SCHOOL,Sympathy Varified,false,QAiXJhBoLFBjm3mC2,"[ ""Telephone facilities"", ""Fax facilities"" ]",,7sAKJvmox8vK6GJBv
SIPHIWE PRIMARY SCHOOL,Zanele V1,false,9w6b2hoRNKdWo2fZY,"[ ""Telephone facilities"", ""Fax facilities"", ""RInternet facilities"", ""An intercom or public address system"" ]",,8EkWbb3qMosGvaWyT
VEZUKHONO SECONDARY SCHOOL,Joseph,false,eQ42GkPFWPkxcpovm,"[ ""Telephone facilities"", ""Fax facilities"", ""An intercom or public address system"" ]",There is a computer centre but not everyone is allowed to use it,8FucY8f4FTzL2XmhY
LERATONG PRIMARY SCHOOL,sfisov1,false,PiEYyu8LPhfMRreaw,"[ ""Telephone facilities"" ]",,8Q8hLajqT7vMWrbeA
EMFUNDISWENI PRIMARY SCHOOL,Zanele V1,false,FYnf9GyCeWzc7DXYE,"[ ""Telephone facilities"", ""Fax facilities"", ""RInternet facilities"", ""An intercom or public address system"" ]",,8TjXzm5mqedTkvZ5n
SEDIBENG PRIMARY SCHOOL,Zanele V1,false,ispMKbvDe3EJvxM8h,"[ ""Telephone facilities"", ""Fax facilities"" ]",There is a problem of internet connection which they are busy fixing.,8pdqiKPuW9emmvdMA
LABAN MOTLHABI COMPREHENSIVE SCHOOL,Pontsho6,false,faf6QTxX4NJc83mbv,"[ ""Telephone facilities"", ""Fax facilities"", ""RInternet facilities"", ""An intercom or public address system"" ]",,922NEXkq8CZy6PH7L
TSHIRELA PRIMARY SCHOOL,Joseph verified,false,q3LHghNPmuJYGeFFj,"[ ""Telephone facilities"", ""Fax facilities"", ""RInternet facilities"", ""An intercom or public address system"" ]",,93KanXF8i8wGs4YKw
NTSIKANA PRIMARY SCHOOL,Sympathy Varified,false,wH5iBMph2QiTjhPfB,"[ ""Telephone facilities"", ""Fax facilities"", ""RInternet facilities"", ""An intercom or public address system"" ]",,95AYoAp6AiYz3KZ2t
REKGUTLILE PRIMARY SCHOOL,SABELO VERIFEID,false,w3cXDbYmbsXguBYJp,,They don't have,9NYELJLrE2z96eKGu
REKGUTLILE PRIMARY SCHOOL,SABELO VERIFEID,false,txn6WWd5TQrFY94Yj,,They don't have,9NYELJLrE2z96eKGu
ZITIKENI SECONDARY SCHOOL,SABELO VERIFIED,false,5asGkimyneF6B7TwT,"[ ""Telephone facilities"", ""Fax facilities"", ""RInternet facilities"" ]",,A7HS55Lmpv7eWduhv
HLABANGANE PRIMARY SCHOOL,Joseph verified,false,gGoCwZjAvsTNk3wQg,"[ ""Telephone facilities"", ""Fax facilities"", ""RInternet facilities"" ]",,A9g2JXbafa9hggA23
MOSIOA PRIMARY SCHOOL,Joseph verified,false,WgaY2mWkGQfn7JF2k,"[ ""Telephone facilities"", ""Fax facilities"" ]",,AGiLx4gigQqYMN4fT
THEMBALIHLE PRIMARY SCHOOL,SABELO1,false,eHHep4MPv37quSNaT,"[ ""Telephone facilities"", ""Fax facilities"", ""RInternet facilities"" ]",,AHHiQixZscHdnSQpM
BOPHELONG SECONDARY SCHOOL,Sabelo1,false,8RE9DBG4fFLnzfkn2,"[ ""Telephone facilities"", ""Fax facilities"", ""RInternet facilities"" ]",,AQmqsTKLbbQgfAmzP
Radibapi Primary,sabelo,false,dAeYjYmfNvAcf76h7,"[ ""Telephone facilities"", ""Fax facilities"", ""RInternet facilities"" ]",,Acd6f7D8RbhpthZHN
SELELEKELA SECONDARY SCHOOL,SABELO 1,false,aA73QGTYS8ztWnW7P,"[ ""Telephone facilities"", ""Fax facilities"" ]",,Ayck7PmsY3mNr3gZQ
LESEDI LA KRESTE ANGLICAN PRIMARY SCHOOL,Pontsho16,false,exbfoxZ9EbYsLAsFK,"[ ""Telephone facilities"", ""RInternet facilities"" ]",,BL89Y49hLjtAgtj9C
testing,test,false,Fy3BfF3hR4BopQgFd,"[ ""Telephone facilities"", ""An intercom or public address system"" ]",,BQfg3z63ZB9CEwvQ8
DAVID HELLEN PETA SECONDARY SCHOOL,Joseph verified,false,3Pph9BS5aFPSiB8jv,"[ ""Telephone facilities"", ""Fax facilities"", ""RInternet facilities"" ]",,BpGigPup4eyijh28x
THUTOLORE SECONDARY SCHOOL,Joseph verified,false,6AToHcsTAPMz8xZF2,"[ ""Telephone facilities"", ""Fax facilities"", ""RInternet facilities"" ]",,BwK89vufnm6iCSJhQ
BUHLEBEMFUNDO SECONDARY SCHOOL,Joseph verified,false,4paPatNxYZeRZNjKF,"[ ""Telephone facilities"", ""Fax facilities"", ""RInternet facilities"" ]",,Ch6HJ6DZmFCYxKkww
ESIKHISINI PRIMARY SCHOOL,Joseph verified,false,DsxqhLEYZgdyhwznE,"[ ""Telephone facilities"", ""Fax facilities"", ""RInternet facilities"" ]",,CoWKa7AHpYehwgjN4
TSWELELANG PRIMARY SCHOOL,Joseph verified,false,AsYcKjfq8GWMe3p4g,"[ ""Telephone facilities"", ""Fax facilities"", ""RInternet facilities"" ]",,Dddj3YJBuiuGmAQFQ
EMMANUEL PRIMARY SCHOOL,Joseph1,false,T3CTsTTggAC5sqktz,"[ ""Telephone facilities"", ""Fax facilities"", ""RInternet facilities"", ""An intercom or public address system"" ]",,DwG2tAAFC8W79Ckxx
MASIMINI PRIMARY SCHOOL,KHOLWANI17,false,PR6ff6XqcLLAmnraq,"[ ""Telephone facilities"", ""Fax facilities"", ""RInternet facilities"" ]",,E7KSgcfSqaoDb5BEE
EKUKHANYISWENI PRIMARY SCHOOL,Zanele V1,false,6dRgPYkRvviJfh4hz,"[ ""Telephone facilities"", ""Fax facilities"", ""RInternet facilities"" ]",,EbrJ8dHAyrQTpSaNj
NTOKOZWENI PRIMARY SCHOOL,Pontsho12,false,Mpa4daqDkyd9bc6sj,"[ ""Telephone facilities"", ""Fax facilities"" ]",,EtHDHYs97BCxasggi
LEJOELEPUTSOA PRIMARY SCHOOL,Freddy4,false,oPrWBBGjMoL4ZxjPt,"[ ""Telephone facilities"", ""Fax facilities"", ""RInternet facilities"" ]",,EtsNuLzuvqcqdM943
DIEPDALE SECONDARY SCHOOL,Tracey v1,false,aKPRyexdxLmDhz6oq,"[ ""Telephone facilities"" ]",,EyHGQ2ctZRGcPQ4Lc
BATLOUNG INTERMEDIATE SCHOOL,Symps,false,fwEPef67h3LzWKrnD,"[ ""Telephone facilities"", ""Fax facilities"" ]",,FEAD8jBu7LbHezy2j
DR KNAK PRIMARY SCHOOL,"SABELO VERIFIED
pontsho 20",false,k7uKhsqA2zCEbcp6R,"[ ""Telephone facilities"", ""Fax facilities"", ""RInternet facilities"" ]",,FkDMg4ekjDHWExDuv
BOTLEHADI PRIMARY SCHOOL,Sabelo1,false,78nCFiwu9DKEcM2kr,"[ ""Telephone facilities"", ""Fax facilities"", ""RInternet facilities"", ""An intercom or public address system"" ]",,FpTsqHm4D3ttwK8dY
SIBONELO PRIMARY SCHOOL,Sympathy verified,false,rFHJaBuohqwX9E5Di,"[ ""Telephone facilities"", ""RInternet facilities"" ]",,GQPE7rurt9bb7DM5a
JABULILE SECONDARY SCHOOL,Zanele V1,false,Q8e9LDCrqAvNHMaJR,"[ ""Telephone facilities"", ""Fax facilities"", ""RInternet facilities"" ]",,GdT4e3QnaH2fX4vAA
O.R TAMBO SECONDARY SCHOOL,Zanele V1,false,QdLNHffAF7cqjagyC,"[ ""Telephone facilities"", ""Fax facilities"", ""RInternet facilities"" ]",,Gfj3WRS3Y8w4dmyph
BOKAMOSO PRIMARY SCHOOL,Zanele V1,false,Ph6pqKkWqL4pSLg39,"[ ""Telephone facilities"", ""Fax facilities"", ""RInternet facilities"", ""An intercom or public address system"" ]",,H2wSN9EFbKzeSGjCh
ZIFUNELENI JUNIOR SECONDARY  (COMB. PRIMARY) SCHOOL,SABELO VERIFIED,false,JSaX3Z4W2HsFJS7eL,"[ ""Telephone facilities"", ""Fax facilities"", ""RInternet facilities"" ]",,HE7QyZrdjZD4TwigW
ZAKHENI PRIMARY SCHOOL,Sympathy varified,false,Gy6pYAxBdE5GctCr3,"[ ""Telephone facilities"", ""Fax facilities"", ""RInternet facilities"" ]",,HKHTs5NYM9YcNKmA3
CHARLOTTE MAXEKE SECONDARY SCHOOL,V1,false,sinLKoj4YKyeJho4G,"[ ""Telephone facilities"", ""Fax facilities"" ]",The school uses the admin's cellphone as a telephone.,HMfiK9msnxvBpZRTv
MANGWELE PRIMARY SCHOOL,SABELO VERIFIED,false,4qofuuGEdxcDK9ak8,"[ ""Telephone facilities"", ""Fax facilities"", ""RInternet facilities"" ]",,HZFjNDTejF5ga78Sx
DR NHLAPO INTERMEDIATE SCHOOL,Joseph verified,false,BfJa9XbMCDZ4vbgnb,"[ ""Telephone facilities"", ""Fax facilities"", ""RInternet facilities"" ]",,Hjqy94n4PwNqwN5uA
KUZIMISELA PRIMARY SCHOOL,Tshepo,false,JEMC5nFZShLct6ZDd,"[ ""Telephone facilities"", ""RInternet facilities"" ]",,HushLZncKDsTyJhfN
PHOMOLONG PRIMARY SCHOOL,Sfiso v1,false,BLriRNvFPRmtFFs5W,"[ ""Telephone facilities"", ""Fax facilities"", ""RInternet facilities"" ]",,J8iGazpt3MwprEvbp
BOVET PRIMARY SCHOOL,Joseph verified,false,gukoPu9fa4DdAgnrE,"[ ""Telephone facilities"", ""Fax facilities"", ""RInternet facilities"" ]",,JMwctXTYdunvweNYD
SIVUSE PRIMARY SCHOOL,SABELO1,false,zom23SjRNcti68yKK,"[ ""Telephone facilities"", ""Fax facilities"" ]",,JeGKrkaqdgboxbxAd
BHEKIMFUNDO PRIMARY SCHOOL,Tshepo2,false,pLMZi2Kd9SkJJfLgZ,"[ ""Telephone facilities"", ""Fax facilities"", ""RInternet facilities"" ]",,JpDqQfLuuC9qJrici
KHANGEZILE PRIMARY SCHOOL,Pontsho9,false,rifuY36ZA9de56vrg,"[ ""Telephone facilities"", ""Fax facilities"" ]",,KDmkojmtPfcEEQ3vv
LEBOWA PRIMARY SCHOOL,Joseph,false,StyQk7Gt6w8wJkZxR,"[ ""Telephone facilities"", ""RInternet facilities"" ]",,KhtEcF9mnhkNyqnW3
SELOPE-THEMA PRIMARY SCHOOL,SABELO VERIFIED,false,tZWRzbK4FjgjDbiSA,"[ ""Telephone facilities"", ""Fax facilities"" ]",,Kqq9XsRqsRQM6PjGn
LEBOHANG SECONDARY SCHOOL,Sabelo1,false,F6MninvHDq2xJxck2,"[ ""Telephone facilities"", ""Fax facilities"", ""RInternet facilities"" ]",,KrNZ7H2XmHuPpHRrN
DITAWANA PRIMARY SCHOOL,pontsho 21,false,aKmrCEPDGGyJ4Z4HP,"[ ""Telephone facilities"", ""Fax facilities"", ""RInternet facilities"" ]",,LBujyFwCgPkGzWSZy
EAST BANK HIGH SCHOOL,Sympathy varified,false,FXQMWGXfrkYHuY4Fp,"[ ""Telephone facilities"", ""Fax facilities"", ""RInternet facilities"" ]",,LD7hazozFmAuLNBgP
TEMBISA SECONDARY SCHOOL,V1,false,tT3fXiokofmhJvEpv,"[ ""Telephone facilities"", ""Fax facilities"", ""RInternet facilities"", ""An intercom or public address system"" ]",,LTccQvtsRbQdnvd4x
SEEISO PRIMARY SCHOOL,Joseph verified,false,YjjTfFn93aGnCnAFQ,"[ ""Telephone facilities"", ""Fax facilities"", ""RInternet facilities"" ]",,LZ7sJWsXTML9asLdD
NKABINDE PRIMARY SCHOOL,KHOLWANI16,false,owdpKtnmfmyhXy7Bw,"[ ""Telephone facilities"", ""Fax facilities"", ""RInternet facilities"" ]",,LrmX8FAuJMKckWE6c
KGOMOCO PRIMARY SCHOOL,Joseph1,false,6hqAEnTFwvSDhTqb9,"[ ""Telephone facilities"", ""Fax facilities"", ""RInternet facilities"" ]",,METTMMRQRhoWxKdRt
TSAKANE PRIMARY SCHOOL,Sympathy Varified,false,6MfYXqdubDTAqqTir,"[ ""Telephone facilities"" ]",,MYuCFef7Fjt8yRX8d
KGALEMA PRIMARY SCHOOL,Tshepo3,false,5DrQ2EJNfTebDDtHQ,"[ ""Telephone facilities"", ""Fax facilities"", ""RInternet facilities"", ""An intercom or public address system"" ]",,MYybcL4ntNLDfPjZt
JABULANI THABANG PRIMARY SCHOOL,Sabelo1,false,a7MrKhxyXpKSwnNyn,"[ ""Telephone facilities"", ""Fax facilities"", ""RInternet facilities"" ]",,MtKWmrDmPtx6hTjXm
MUZOMSHA PRIMARY SCHOOL,KHOLWANI18,false,tGDscdFr5kNmB2Jkk,,,NTo8EK8jnLkjB93Hd
IKAGE PRIMARY SCHOOL,Sympathy varified,false,iKsN8RxxvxQns5RWB,"[ ""Telephone facilities"", ""Fax facilities"", ""RInternet facilities"" ]",,NY3CpQoLXKGkXkq8b
BATHOKWA PRIMARY SCHOOL,SABELO VERIFIED,false,FcBaeyXvw9YmxhWeS,"[ ""Telephone facilities"", ""Fax facilities"", ""RInternet facilities"" ]",,P4wqK6rnJQahfhFTr
LIVHUWANI PRIMARY SCHOOL,SABELO VERIFIED,false,GYivhZJAeLN2xocPw,"[ ""Telephone facilities"" ]","It terms of faxing and internet, they usually outside the. School",PySjA6yQMoXAyS2z8
MOHLOLI SECONDARY SCHOOL,symps,false,ao4Y2bSHoxHoNKf3e,"[ ""Telephone facilities"", ""Fax facilities"", ""RInternet facilities"" ]",,Pye3fvQETS2TCPKyt
MODUOPO PRIMARY SCHOOL,Zanele V1,false,gGmQF7duqz6ZPPi52,"[ ""Telephone facilities"", ""Fax facilities"", ""RInternet facilities"" ]",,Q2SemXMcpEX5NfYsD
MOKGOME SECONDARY SCHOOL,Joseph verified,false,BR86gZHYnKLkRsQbo,"[ ""Telephone facilities"" ]",they usually use emails,QBmBALzw89kwmHz2B
SEOTLOANA PRIMARY SCHOOL,Zanele V1,false,LYu3tA9oZg78egb7A,"[ ""Telephone facilities"", ""Fax facilities"", ""RInternet facilities"" ]",,Qmhp6bLYHrRTc42wc
ROLIHLAHLA PRIMARY SCHOOL,Tshepo2,false,TGZcN27vQNDoWmtEJ,,,Qzm8u4imxajBRWLE5
SELIBA PRIMARY SCHOOL,Joseph verified,false,MQW9krfKJ3PdnECed,"[ ""Telephone facilities"", ""Fax facilities"" ]",,RHG8484wnsaqifrig
JET NTEO SECONDARY SCHOOL,Sabelo1,false,9sox23puXcqWTBM7r,"[ ""Telephone facilities"", ""Fax facilities"", ""RInternet facilities"", ""An intercom or public address system"" ]",,RKz4SAhiQgbHCmTpZ
PATOGENG PRIMARY SCHOOL,Joseph verified,false,iqBuMATZPn2n9ST7v,"[ ""Telephone facilities"", ""RInternet facilities"" ]",,Rvf9JkpRBRozBsyiq
POELANO SECONDARY SCHOOL,Joseph verified,false,aqiJ4qCShNSmHbD3E,"[ ""RInternet facilities"" ]",,S3LbwsmZGkiiekXEX
N'WA MHINGA PRIMARY SCHOOL,Freddy8,false,wwe6Kj24GjuBAkvom,"[ ""Telephone facilities"", ""Fax facilities"", ""RInternet facilities"" ]",,S47bpHzXts94zC2ke
DITAU PRIMARY SCHOOL,Sympathy varified,false,ZSiGto3wM6gdfWXb8,"[ ""Telephone facilities"", ""Fax facilities"", ""RInternet facilities"" ]",,SDQzcRxtroyWa7uGB
DR HARRY GWALA SECONDARY SCHOOL,Tshepo3,false,nfNGL2PZC6bDbwSaN,"[ ""Telephone facilities"" ]",Vandalism and theft,SNuf4DBJszmQrAzS4
RESIDENSIA SECONDARY SCHOOL,Symps,false,o5YMhyN9CWh8ayKrE,"[ ""Telephone facilities"", ""Fax facilities"", ""RInternet facilities"" ]",,Sa8QfeRArxjpbStqt
EMMANGWENI PRIMARY SCHOOL,Zanele v1,false,SeC4sEXpQNEBtFeDX,"[ ""Telephone facilities"", ""Fax facilities"", ""RInternet facilities"" ]",They only don't have intercom but also to note that the computer lab is not easily accessible to learners.,SeRiR2xnt35DWtRzX
NOMINI PRIMARY SCHOOL,Sabelo verified,false,4Gea58zRie3MeEDEf,"[ ""Telephone facilities"", ""RInternet facilities"" ]",,Sue8DWeGKHPKAyQBi
HULWAZI SECONDARY SCHOOL,Tshepo1,false,iPT55ojWG3deqKD8K,"[ ""Telephone facilities"", ""Fax facilities"", ""RInternet facilities"", ""An intercom or public address system"" ]",,Tnm69CSqqbdHg9obr
GAHLANSO PRIMARY SCHOOL,Zanele V1,false,CHBAd283KpfBfQgMA,"[ ""Telephone facilities"", ""Fax facilities"", ""RInternet facilities"" ]",,WeXHdZMumEMFyckHq
TOKELO SECONDARY SCHOOL,Joseph verified,false,iL2uzcj6WPDjvCHBa,"[ ""Telephone facilities"", ""Fax facilities"", ""RInternet facilities"", ""An intercom or public address system"" ]",,WszeF9gAuQuHMNHLC
MAKAPANE PRIMARY SCHOOL,Joseph verified,false,oWJqLjx3DCTLnXbZL,"[ ""Telephone facilities"", ""Fax facilities"", ""RInternet facilities"" ]",,X4uSNwu6z2y2MdNwA
ORLANDO SECONDARY SCHOOL,SABELO VERIFIED,false,RzJ6CNwrxWMfC5s5A,"[ ""Telephone facilities"", ""Fax facilities"" ]",,XKxt23fR8Fujkyiim
MOYISELA PRIMARY SCHOOL,Sabelo verified,false,CHC4Yquq2EYbo9fBJ,"[ ""Telephone facilities"", ""RInternet facilities"", ""An intercom or public address system"" ]",,XTL9gvLr9S2MmMsjJ
BOITUMELONG SECONDARY SCHOOL,Zanele V1,false,XexosPsuSzXqEPhJt,"[ ""Telephone facilities"", ""Fax facilities"", ""RInternet facilities"" ]",,XYLgc3p2tmFJ6nGJb
MAHLAHLE PRIMARY SCHOOL,SABELO VERIFIED,false,XZzzXM9tx9XR8ByPQ,"[ ""Telephone facilities"", ""Fax facilities"", ""RInternet facilities"" ]",,YLYWLt3BFmbGuRHBQ
HOFMEYR SECONDARY SCHOOL,Joseph verified,false,Sem2XBzxkfHNshTv3,"[ ""Telephone facilities"" ]",,Z9wz3QcLwmRfGuaeT
FADIMEHA PRIMARY SCHOOL,Joseph verified,false,ZyAgBr59B9Yrjtuv9,"[ ""Telephone facilities"", ""Fax facilities"", ""RInternet facilities"" ]",,ZMuo7tqss7QrYPuwZ
LETSEMA-ILIMA PRIMARY SCHOOL,Symps,false,uNabzr8KSR4MYz68r,"[ ""Telephone facilities"", ""Fax facilities"", ""RInternet facilities"" ]",,ZNXsgBEk2evJkTYso
DITAWANE,Joseph verified,false,SyYmpx7vpydu9NRZq,"[ ""Telephone facilities"", ""Fax facilities"", ""RInternet facilities"" ]",,ZQpQXXcpAjvZC2ony
JORDAN SECONDARY SCHOOL,Sabelo1,false,obqXZTTp42236tF3e,"[ ""Telephone facilities"", ""Fax facilities"", ""RInternet facilities"", ""An intercom or public address system"" ]",,ZQvS49GgfM6XNnqij
SAULRIDGE SECONDARY SCHOOL,Sabelo verified,false,29xs2A2ZaNQcahpuW,"[ ""Telephone facilities"", ""Fax facilities"", ""RInternet facilities"" ]",,ZgR4zqFothSycL9hz
TSOELOPELE PRIMARY SCHOOL,Joseph verified,false,tK2EQ2AXj7T5nZ2y3,"[ ""Telephone facilities"", ""Fax facilities"", ""RInternet facilities"" ]",,ZrghZT93L2bSWSofg
INKONJANE JUNIOR SECONDARY SCHOOL,Freddy3,false,hi3vcqKDEQatKtTge,"[ ""Telephone facilities"", ""Fax facilities"", ""RInternet facilities"" ]",,Zyuc4wPBmxQPcNyjF
MVELAPHANDA PRIMARY SCHOOL,Freddy9,false,TDc3Rmu3djCZGicHL,"[ ""Telephone facilities"", ""Fax facilities"", ""RInternet facilities"" ]",,aMRD37JGNEmrz9FZ9
NTSELE PRIMARY SCHOOL,Sabelo1,false,SqP7qv66N8C7Ftic2,"[ ""Telephone facilities"" ]",,aQ4BMeoFWmo4HrHqF
test,Test,false,BYGNzrRQxJvQCPmrb,"[ ""Telephone facilities"", ""Fax facilities"", ""An intercom or public address system"" ]",,aiBSX6cmH9icpEn7C
KHULA SIZWE PRIMARY SCHOOL,Freddy7,false,6NZrgJqtd5N69gxd2,"[ ""Telephone facilities"", ""Fax facilities"", ""RInternet facilities"" ]",,ayNNoGKj3iCnECzSg
ITSEBENG PRIMARY SCHOOL,SABELO1,false,bb2bWqracqBRecDA4,"[ ""Telephone facilities"", ""Fax facilities"" ]",,bAExKd8RN5BhHzb3z
ZIMISELE SECONDARY SCHOOL,Pontsho3,false,Hyndh9w25vmkRR7zT,"[ ""Telephone facilities"", ""Fax facilities"", ""RInternet facilities"" ]",,bEf9GjYAyqAqY3bhw
TSWELOPELE SECONDARY SCHOOL,Zanele V1,false,o6fcunbWcAs4tzyoX,,"There are no telephone, Fax or Internet facilities at the school.They just have copying machine.",bHZpmA7SpQzx29CQk
TSWELOPELE SECONDARY SCHOOL,Zanele V1,false,MbHNj2qGNAK536Fgi,,"There are no telephone, Fax or Internet facilities at the school.They just have copying machine.",bHZpmA7SpQzx29CQk
GEORGE MBILASE PRIMARY SCHOOL,Joseph,false,6rfXFChrScydq7EhM,"[ ""Telephone facilities"", ""Fax facilities"", ""RInternet facilities"" ]","There is a telefax but it is not working.
The school is still waiting for technicians",bMEYkfLEMjEHiTFux
TLHOLO INTERMEDIATE SCHOOL,Joseph1,false,eGqDBknabzrsw2Cm8,"[ ""Telephone facilities"", ""Fax facilities"", ""RInternet facilities"" ]",,bPfY5thaXn4EAdkXw
BUD MBELLE PRIMARY SCHOOL,SABELO VERIFIED,false,PmqRjYEas4CC44BBd,"[ ""Telephone facilities"", ""Fax facilities"", ""RInternet facilities"" ]",,bf5Ltec4dXsz7pEX9
BOPASENATLA SECONDARY SCHOOL,Joseph verified,false,Xso5jKfRxwTjBz8RF,"[ ""RInternet facilities"" ]",They all need electronic connectivity,cDYo2z98FGZzNHPMM
QUANTUM SECONDARY SCHOOL,Tshepo2,false,yfqsNvxQWrZ7BsSt2,"[ ""Telephone facilities"", ""Fax facilities"" ]",,cQQF5juB8JG3jNbNs
GOVAN MBEKI PRIMARY SCHOOL,Sabelo verified,false,gKkbchWDYeSd6xyGx,"[ ""Fax facilities"", ""RInternet facilities"" ]",,dBu8rGN6ZLKj4rb4e
CAIPHUS NYOKA SECONDARY SCHOOL,Tshepo4,false,emyuPgeLdYQo3hXRG,"[ ""RInternet facilities"" ]","No landline. Telephone  service,no fax,no intercom",dLHdmSdFbLWF2kJqy
THETHA SECONDARY SCHOOL,SABELO VERFIED,false,sXvtykbQZaqQHw59Y,"[ ""Telephone facilities"", ""An intercom or public address system"" ]",,dnFyeB4sC6kfmj2Q6
LEBONE PRIMARY SCHOOL,KHOLWANI7,false,kEssaSmreQGLzZywi,"[ ""Telephone facilities"", ""Fax facilities"", ""RInternet facilities"" ]",,drsWF9n9G7CxbrANB
MASIQHAKAZE SECONDARY SCHOOL,V1,false,fvZ8cYEWroTSkk8zF,"[ ""An intercom or public address system"" ]",,e6s5EEf389EeLo6Tz
THOPODI PRIMARY SCHOOL,SABELO VERIFIED,false,5z82KFfeeo4YTvDJ3,"[ ""Telephone facilities"" ]",,eaN2HpTXfZTyuJHLY
LEHLASEDI PRIMARY SCHOOL,Sabelo1,false,9AeC29djrfmSCcAgF,"[ ""Telephone facilities"", ""Fax facilities"", ""RInternet facilities"" ]",,efr9txWNfPHw3AhD7
PHAMEHLO PRIMARY SCHOOL,Symps,false,69zM5EmXF5hahP4cR,"[ ""Telephone facilities"", ""Fax facilities"", ""RInternet facilities"" ]",,eg2P5ZFGTcwctmdcA
MENZI PRIMARY SCHOOL,Sympathy varified,false,F3qcoFTgdfR8ch5af,"[ ""Telephone facilities"" ]",PRIVATE PHONE BEING USED BY PRINCIPAL GIVEN BY DEPARTMENT,eqJ28tbWRDYX6YPkp
GOROGANG PRIMARY SCHOOL,Pontsho5,false,eo48zorNYdTF4PSkT,"{ ""0"" : ""Telephone facilities"" }",The school needs internet facilities for learners to do their assignments,fkuEy7WKs5HL2NM6z
GOROGANG PRIMARY SCHOOL,Pontsho5,false,dPxum5aRHKk9d5a5W,,The school needs internet facilities for learners to do their assignments,fkuEy7WKs5HL2NM6z
INXIWENI PRIMARY SCHOOL,Freddy8,false,zuXMhzJvHrJhHKNDe,"[ ""Telephone facilities"", ""Fax facilities"", ""RInternet facilities"", ""An intercom or public address system"" ]",,g2zngXhSLP6Xe7qtg
STEVE BIKO PRIMARY SCHOOL,Zanele V1,false,t73roXFb3L9ezT3z7,"[ ""Telephone facilities"", ""Fax facilities"", ""RInternet facilities"" ]",,g6orxjw6EmCqYup83
LETSIE PRIMARY SCHOOL,KHOLWANI8,false,H4X8ec6jkSB4mN4Wn,"[ ""Telephone facilities"", ""Fax facilities"" ]",,gPuKrSrjRHYQAhofp
TIYANI Junior secondary SCHOOL,SABELO VERIFIED,false,BFs65zWixhN2uMMbT,"[ ""Telephone facilities"" ]",,gZKefKr3T7kQ7yZdd
WESTFIELDS PRIMARY SCHOOL,SABELO 1,false,4tCJfpxMdvvJuFszf,"[ ""Telephone facilities"", ""Fax facilities"", ""RInternet facilities"", ""An intercom or public address system"" ]",,ghEZdTPoThhpWNWiw
LERESCHE PRIMARY SCHOOL,Joseph verified,false,hjgECNAAD3ac6rtB7,"[ ""Telephone facilities"", ""RInternet facilities"" ]",,giGaTXuXxZQxCGaMd
LUKHOLWENI PRIMARY SCHOOL,Joseph verified,false,Mpf9ASDzWFhkbjyBo,"[ ""Telephone facilities"", ""Fax facilities"", ""An intercom or public address system"" ]",,gpABZNKAeZxGARLNE
LETSATSING COMBINED SCHOOL,SABELO 1,false,H2prmYe34jrFJrQcu,"[ ""Telephone facilities"", ""Fax facilities"", ""RInternet facilities"", ""An intercom or public address system"" ]",,hBG3H9epZYnScCbtp
LOTUS GARDENS PRIMARY SCHOOL,Joseph verified,false,AyaoAttcTKqfmtdY7,"[ ""Telephone facilities"" ]",,hJppCjP9YgzQPhsxp
ZENZELENI PRIMARY SCHOOL,Sympathy Varification,false,J5apL2h3oyJuYGNy5,"[ ""Telephone facilities"", ""Fax facilities"", ""RInternet facilities"" ]",,hTroeBPPurCSNxDGe
KAMOHELO PUBLIC SCHOOL,Joseph,false,zsMAN9vXrRXnKbkRg,"[ ""Telephone facilities"", ""Fax facilities"", ""RInternet facilities"" ]",,hk4XMrnHxTastfL7s
TSITSIBOGA PRIMARY SCHOOL,SABELO1,false,Jepy5CQA6SyZnM2rP,"[ ""Telephone facilities"", ""Fax facilities"", ""RInternet facilities"" ]",,hrfAaJLuuBvdukdf9
TSIMONG PRIMARY SCHOOL,KHOLWANI19,false,3Dp2eWRMvAdQHHk54,"[ ""Telephone facilities"", ""Fax facilities"", ""RInternet facilities"" ]",,jR3LMPDnnHi7xvLcp
THEMBALIKAZULU PRIMARY SCHOOL,KHOLWANI10,false,QsikcDY6oMaQiB5Eu,"[ ""Telephone facilities"", ""Fax facilities"" ]",,jSDZSbr7cMPKgibe7
zitha primary,sabelo1,false,XM2xS77BuYbbQfjN6,"[ ""Telephone facilities"", ""Fax facilities"", ""RInternet facilities"" ]",,k652o58moXsybbDfm
NQUBELA PRIMARY SCHOOL,Sympathy Varified,false,9pF2hs3B4ikPsRBDv,"[ ""Telephone facilities"" ]",,mobhBo8uKGxkvNsjR
SAPPHIRE SECONDARY SCHOOL,Joseph verified,false,ep2CNJFgNc9nxiNJ6,"[ ""Telephone facilities"", ""Fax facilities"", ""RInternet facilities"" ]",,mu6wNPMzZ754NLLnE
KHOMANANI PRIMARY SCHOOL,SABELO VERIFIED,false,sji9G2Y2A2toRDzom,"[ ""Telephone facilities"", ""Fax facilities"", ""RInternet facilities"" ]",,myEbntbNmwtRJAXXn
TSIETSI MASHININI PRIMARY SCHOOL,Sympathy varified,false,qR3vZypkP8oDtZW7Y,"[ ""Telephone facilities"", ""Fax facilities"" ]",,n9gEojJ6K5eKYJ4c2
KGOLAGANO PRIMARY SCHOOL,Joseph verified,false,qYQFaG3Ksuwm3bNBk,"[ ""Telephone facilities"", ""Fax facilities"", ""RInternet facilities"", ""An intercom or public address system"" ]",,o6KRqZ8m5YyPCmxEu
ENDULWENI PRIMARY SCHOOL,Joseph verified,false,TpQSf7NYCkFbfoTnQ,"[ ""Telephone facilities"", ""Fax facilities"", ""RInternet facilities"" ]",,ocFaNqXzeBvD5hiAZ
PHUTHADITSHABA PRIMARY SCHOOL,SABELO VERIFIED,false,Xxn4kR9hjGmYbWE4T,"[ ""Telephone facilities"", ""Fax facilities"", ""RInternet facilities"" ]",,ojqksxwnmxWXpM8n6
LESHATA SECONDARY SCHOOL,Sabelo verified,false,h9YbJJXeXDTdmRdQj,"[ ""Telephone facilities"", ""Fax facilities"", ""RInternet facilities"" ]",,opzRuPL9N8RSzCNsi
PHUTHULLA PRIMARY SCHOOL,Sabelo1,false,GSGz8C4a6axuLzQyx,"[ ""Telephone facilities"", ""Fax facilities"", ""RInternet facilities"" ]",,pRKnFJGLubdAiTZEy
DINOTO TECHNICAL SECONDARY SCHOOL,Tshepo3,false,aSH8rzSSzN86bzQwm,"[ ""Telephone facilities"", ""Fax facilities"", ""RInternet facilities"" ]",All of them are working in good condition,pqm6NksjcwAhrDwyH
THUTHUKA PRIMARY SCHOOL,SABELO VERIFIED,false,vyYsXMY6WzcWdN6KE,"[ ""Telephone facilities"", ""Fax facilities"", ""RInternet facilities"" ]",,q7rLbRb4nxtPxfoSc
THOHO-YA-NDOU PRIMARY SCHOOL,Joseph verified,false,LGLj7rg5JHw5BY2cE,"[ ""Telephone facilities"", ""Fax facilities"", ""RInternet facilities"" ]",,q7vvj7t7uptnim45G
FRED HABEDI PRIMARY SCHOOL,Pontsho11,false,4bXajD3iL9hFPg5NR,"[ ""Telephone facilities"", ""Fax facilities"", ""RInternet facilities"" ]",,qCqx8rN4JLCHpEwF4
ENTSHONALANGA PRIMARY SCHOOL,SABELO VERIFIED,false,b7WiXdaQR7DrfQ2er,"[ ""Telephone facilities"", ""Fax facilities"", ""RInternet facilities"", ""An intercom or public address system"" ]",,qYqekSfSRExjXJrGM
WINNIE MANDELA PRIMARY SCHOOL,SABELO VERIFIED,false,9zJR5eZiiGwmgrT5X,"[ ""Telephone facilities"", ""RInternet facilities"" ]",There are no fax facilities.,qqTGPEnmDQRrarBSw
PHORORONG PRIMARY SCHOOL,Joseph,false,rovPYWp9g24esD8e7,"[ ""Telephone facilities"", ""Fax facilities"", ""RInternet facilities"" ]",,qs4DrHmATWN59Tptg
GORDON PRIMARY SCHOOL,SFISO V1,false,mTo3MuGfJ2HGw2Wkd,"[ ""Telephone facilities"", ""Fax facilities"", ""RInternet facilities"", ""An intercom or public address system"" ]",,qsXPNNQE3pWkdTbfb
MADUME PRIMARY SCHOOL,SABELO VERIFIED,false,xZCKdMHcJKrznYhCM,"[ ""Telephone facilities"", ""Fax facilities"", ""RInternet facilities"", ""An intercom or public address system"" ]",,r5bdwdb45e7jr6JZB
AB XUMA PRIMARY SCHOOL,Tracey v1,false,3FpjzKLeX3EzDMaZB,"[ ""Fax facilities"", ""RInternet facilities"" ]",,r8FrZJWZGiB9zPmmc
MONTSOSI PRIMARY SCHOOL,SABELO1,false,qj6fHthTRGJDud9Dz,"[ ""Fax facilities"", ""RInternet facilities"" ]",,rCApJ97XLJY5xuoJY
ISEKELO PRIMARY SCHOOL,Joseph verified,false,H3Twyqwy7jFTPTnYb,"[ ""Telephone facilities"", ""RInternet facilities"", ""An intercom or public address system"" ]",,rRCnvnKF3KB68xQfw
AMOS MAPHANGA SECONDARY,Tshepo3,false,ksRtiisRnnj9C3J6W,"[ ""RInternet facilities"" ]",,ra2zX3jjBPguj6bc3
MOGOGODI PRIMARY SCHOOL,Joseph1,false,4XTL2r9G3j5zTdRcn,"[ ""Telephone facilities"" ]",,rgipwMLK9skQK2EuA
ZITHATHELE PRIMARY SCHOOL,Joseph verified,false,PmAD7XuqjxXB9gCBQ,"[ ""Telephone facilities"" ]",,sXauHMaoiXsoSamWK
ZAMANI PRIMARY SCHOOL,Sympathy Varified,false,6mEMZnr3L8GPRZdme,"[ ""Telephone facilities"" ]",But the phones are broken,sfN5HAvKti5hRvPxZ
KOKOSI PRIMARY SCHOOL,Symps,false,KDX4hEuF4f6JE2uhb,"[ ""Telephone facilities"", ""Fax facilities"", ""RInternet facilities"" ]",,sfgS3CrJFoTBvFQ72
KING DAVID HIGH SCHOOL (VICTORY PARK),Version 2,false,9picPmwd2jvzZY2oT,,,siZhhkH29MMEnswvu
INKATHA KA ZULU PRIMARY SCHOOL,Tshepo1,false,n4JSs2JzGxv486xT2,"[ ""Telephone facilities"", ""Fax facilities"", ""RInternet facilities"" ]",,srdTLx3pxML3nwKPr
TSHIRELETSO PRIMARY SCHOOL,Joseph1,false,QmmTBC9eX3BoXsot3,"[ ""Telephone facilities"", ""Fax facilities"", ""RInternet facilities"" ]",,syBSsyuaG3J2rk8ky
QEDUSIZI PRIMARY SCHOOL,Pontsho8,false,hCH9WpTcSYqmTmDG5,"[ ""Telephone facilities"", ""Fax facilities"", ""RInternet facilities"", ""An intercom or public address system"" ]",,tC7ee9TXmJ8oDEcRe
KING DAVID HIGH SCHOOL (VICTORY PARK),Version 1,false,Y5T9byWymi55YjP7r,,,tCtKh6DnzT7ZXMeHw
PHANDIMFUNDO SECONDARY SCHOOL,SABELO VERIFIED,false,oqfmtGG6NxcPCXBB8,"[ ""Telephone facilities"", ""Fax facilities"", ""RInternet facilities"", ""An intercom or public address system"" ]",,tDKj5hfjzok3tbGs9
TOTOMENG PRIMARY SCHOOL,Joseph verified,false,fWK5sxhK3zBRdfR3P,"[ ""Telephone facilities"", ""Fax facilities"" ]",,tMjiiRvEEAsNmSJGx
CARTER PRIMARY SCHOOL,Joseph verified,false,zoMKbYeK2pJgYQwHm,"[ ""Telephone facilities"", ""Fax facilities"", ""RInternet facilities"" ]",,tdRzrm36MQJ2raFea
ITHUTE PRIMARY SCHOOL,Sympathy Varified,false,FKFwjGrL8YP6egGpW,"[ ""Telephone facilities"", ""Fax facilities"", ""RInternet facilities"" ]",,tkbM3Jp4KjPx4H5qC
IPHUTHENG PRIMARY SCHOOL,Sympathy varified,false,x2CJJXpSGXxzbmmAY,"[ ""Telephone facilities"", ""Fax facilities"", ""RInternet facilities"" ]",,tqMTBWRbAuYsAqATz
DR WF NKOMO SECONDARY SCHOOL,Sympathy Varified,false,sT9m94vwLoQAfaEba,"[ ""Telephone facilities"", ""Fax facilities"", ""RInternet facilities"" ]",,u2mAvGSYipuFCETW2
SECHABA PRIMARY SCHOOL,KHOLWANI14,false,9EJ2vkXXa2JD9YeCt,"[ ""Telephone facilities"", ""Fax facilities"" ]",,ufaeHuMMa97ge5aCK
TLAKULA SECONDARY SCHOOL,Sympathy Varified,false,5xgpGtfdJgDbjCqhf,"[ ""Fax facilities"" ]",,uiiC6LpdXHBickDqX
DUMEHLEZI INTERMEDIATE SCHOOL,Joseph verified,false,myz8BuyJGGBzPFdZJ,"[ ""Telephone facilities"", ""Fax facilities"", ""An intercom or public address system"" ]",,uvAsG8PGNZNED5pxz
HLANGABEZA PRIMARY SCHOOL,Symps,false,whEZRAZs7QmtchQbr,"[ ""Telephone facilities"", ""Fax facilities"", ""RInternet facilities"", ""An intercom or public address system"" ]",Intercom needs to be fixed,uyB7xpWYkTuuhsLzS
MOSHOESHOE PRIMARY SCHOOL,Joseph verified,false,k7MNdakFtAnybuueu,"[ ""Telephone facilities"", ""Fax facilities"", ""RInternet facilities"" ]",,vPSPXjGpC6ABc9Szc
MASISEBENZE COMPREHENSIVE SCHOOL,Zanele V1,false,xn93ExNpdPijhFwXy,"[ ""Telephone facilities"", ""Fax facilities"", ""RInternet facilities"" ]",,vQsgY2cMuHRHHxN5X
ISIZIBA PRIMARY SCHOOL,V1,false,oxTWgTfTShciCpw9d,"[ ""Telephone facilities"", ""Fax facilities"", ""RInternet facilities"", ""An intercom or public address system"" ]",,vZkChYaMACHarXWxC
MASHEMONG PRIMARY SCHOOL,Joseph verified,false,pLkQ54Ep63JT54CnJ,"[ ""Telephone facilities"", ""Fax facilities"", ""RInternet facilities"", ""An intercom or public address system"" ]",,wfdMKsnKg56v7y6uJ
IPONTSHE PRIMARY SCHOOL,V1,false,e3FL3LTXbgkM2ZdZD,"[ ""Telephone facilities"", ""Fax facilities"", ""RInternet facilities"", ""An intercom or public address system"" ]",,x39JZC9Q749pXeEbY
OR TAMBO PRIMARY SCHOOL,Sympathy verified,false,gbgBKCJGziM9BrASt,"[ ""Telephone facilities"", ""Fax facilities"", ""RInternet facilities"" ]",,xp2bxhMm4Yoeu9jho
BONA COMPREHENSIVE SCHOOL,SABELO VERIFIED,false,37BcLbvLa7qvkEkP9,,,xsLXqpcynPeYTwiXE
PHOMOLONG SECONDARY SCHOOL,V1,false,ea5tvkt7867j7XRcm,"[ ""Telephone facilities"", ""Fax facilities"", ""RInternet facilities"", ""An intercom or public address system"" ]",Internet and intercom facilities are not working.,xuTGawqPYaYusxnm8
TLHOKOMELO PRIMARY SCHOOL,Joseph1,false,Mazuqik3nDxkw9PFp,"[ ""Telephone facilities"", ""Fax facilities"", ""RInternet facilities"" ]",,y3Rzmw2pDYqioZ8WC
PHELINDABA SECONDARY SCHOOL,Sabelo verified,false,dWkcJHwgniBA7cSoM,"[ ""Telephone facilities"", ""Fax facilities"", ""RInternet facilities"", ""An intercom or public address system"" ]",,yAYPTyMxnk5pj2zT9
KENNETH MASEKELA SECONDARY SCHOOL,Pontsho7,false,mjuZ68rD66ZwNkJnQ,"[ ""Telephone facilities"", ""Fax facilities"" ]",,yuLFP8PQcXB6aAAm6
REAMOHETSOE PRIMARY SCHOOL,Sabelo verified,false,u8bRYPmYaMQgKh6j3,"[ ""RInternet facilities"" ]","No land line, e-mail",zpLEh72kC58ryRpxt
