school_name,survey_name,isverified,_id,haslab,numberoflabs,version_id
NKUMBULO SECONDARY SCHOOL,Pontsho4,false,uQXhSgZCvy3wKXRs2,Yes,2,2G6DH4Aiu8dpRQyrD
UMSOBOMVU PRIMARY SCHOOL,KHOLWANI11,false,yosPEwbpHXKzDcu9H,Yes,,2Qm9dY2unum62oDu7
LEEMA-MOKOTULI PRIMARY SCHOOL,Sabelo1,false,Goq3paFKenCPyfRtn,No,,2smWdy5ZETPXoRrYG
THUTO KITSO SECONDARY SCHOOL,sabelo1,false,yy97AivS3xQ8wjX8x,Yes,,2zRbjDBfz4zB8Tv6q
REAGILE PRIMARY SCHOOL,Freddy11,false,GufmLsEooqNFf93yx,No,,3CZM6LyxfbGxQ676w
MABOELLENG PRIMARY SCHOOL,Joseph,false,mMDuNp3Yan7SoXTZ7,No,,3XdLNoiuCRA5T5Dfc
MICHAEL ZULU PRIMARY SCHOOL,Sympathy varified,false,g8ggTCkmnbyhZmFG9,No,0,3tbjfT8zZ2fPGfiwc
LANGAVILLE PRIMARY SCHOOL,Sympathy varified,false,XcXZ4xKD2okDYeX32,,,3uXaw9N4tJkFZKXSt
VULAMAZIBUKO PRIMARY SCHOOL,KHOLWANI20,false,vknGLpn9QP4w3JSKv,Yes,1,4F5Qwq5cmL34WsvHP
JOB RATHEBE PRIMARY SCHOOL,Sabelo verified,false,kcnxrSdStmkZxgwNS,No,,4z6ESappfnPWNQ98D
STRETFORD EXT 8 PRIMARY SCHOOL,Sfiso v1,false,fL6Ed2EdwFCkgQ6Jy,No,,4zo5MNwbBvTPykbFg
FUNUKUKHANYA PRIMARY SCHOOL,KHOLWANI3,false,hGJ3yEHpJoSnbepm7,No,0,55foHoJLBDfwGwTWD
AHA-THUTO SECONDARY SCHOOL,Sabelo verified,false,5aepNQJjL2FM9SJjf,Yes,1,5PhvChXDzSoaBymWp
LEFA-IFA SECONDARY SCHOOL,KHOLWANE13,false,q6oJkPoaWequuH2e7,Yes,1,5QzLWMPF8grmhh3G5
NCHABELENG PRIMARY SCHOOL,KHOLWANI9,false,3LGATcnDD7ffLMcq8,,,5iHufHeS6B2XBsHTB
MABUYA SECONDARY SCHOOL,Joseph1,false,QgfYRujfKyJpt6nFC,No,,656hyBavtd4QHF6yx
MQINISWA PRIMARY SCHOOL,Joseph verified,false,hRnXKqFLEWAGaaxx8,No,,6XmRH2cDbjXJd8Zri
PHUTHUMANI PRIMARY SCHOOL,Sympathy Varified,false,z8boto8r3Bu6zA2sF,No,0,6ZNqRnThWfJTjmtzh
REALO  SECONDARY SCHOOL,SABELO VERIFIED,false,udM6k28NaNDcCqxbP,No,,6iixm3MYropadAMjX
MELODI PRIMARY SCHOOL,Tshepo1,false,bmcc8CPu6bCA53H9S,No,,6nyrh8pzbNxMHyu4J
SOZIZWE PRIMARY SCHOOL,Tshepo3,false,J79LJJCfJsZPpsmyv,No,,6yXgt6quvcZfmQiWf
MATSIE STEYN PRIMARY SCHOOL,Joseph verified,false,jFZuWxuFm2fd9MK94,No,0,74LtY73iZk5nAgKN4
JOB MASEKO PRIMARY SCHOOL,KHOLWANI12,false,K3nFrncu9c6fAv37x,No,0,7Lt26udxHfpKtyAwY
SAKHELWE PRIMARY SCHOOL,Pontsho 10,false,3Btzf38Bsd2vvjyGn,No,,7jdhLaYzWcCtFduQg
SHADRACK MBAMBO PRIMARY SCHOOL,Sympathy Varified,false,Sexbn7BXLM3DKnq8e,No,0,7sAKJvmox8vK6GJBv
SIPHIWE PRIMARY SCHOOL,Zanele V1,false,NFqoT3gpGpxGAc3Rq,No,,8EkWbb3qMosGvaWyT
VEZUKHONO SECONDARY SCHOOL,Joseph,false,SAq2zoweFf5yyW77P,Yes,1,8FucY8f4FTzL2XmhY
LERATONG PRIMARY SCHOOL,sfisov1,false,sN4Hgxu8tpfzCvqgX,No,,8Q8hLajqT7vMWrbeA
SEDIBENG PRIMARY SCHOOL,Zanele V1,false,YhNFuH8m5BQb6Dcy6,No,,8pdqiKPuW9emmvdMA
LABAN MOTLHABI COMPREHENSIVE SCHOOL,Pontsho6,false,4EnbhRyLcxAEHbRju,Yes,2,922NEXkq8CZy6PH7L
TSHIRELA PRIMARY SCHOOL,Joseph verified,false,w5mNNeTmXKFp5vsH6,No,,93KanXF8i8wGs4YKw
NTSIKANA PRIMARY SCHOOL,Sympathy Varified,false,iurwhdLzJteTrpbGb,No,,95AYoAp6AiYz3KZ2t
ZITIKENI SECONDARY SCHOOL,SABELO VERIFIED,false,EoGvfyd9kbdmQwvaL,Yes,1,A7HS55Lmpv7eWduhv
HLABANGANE PRIMARY SCHOOL,Joseph verified,false,SJ7AN8R2WKMh9jrhR,No,,A9g2JXbafa9hggA23
MOSIOA PRIMARY SCHOOL,Joseph verified,false,uCcF9HAsbwL7nz7yB,No,,AGiLx4gigQqYMN4fT
THEMBALIHLE PRIMARY SCHOOL,SABELO1,false,pzrbXcPDg5bQnGZ33,No,,AHHiQixZscHdnSQpM
Radibapi Primary,sabelo,false,YKc3GM8S2QK5ZvDj9,No,,Acd6f7D8RbhpthZHN
SELELEKELA SECONDARY SCHOOL,SABELO 1,false,dnHwtuPP5KkmYfEmF,Yes,2,Ayck7PmsY3mNr3gZQ
LESEDI LA KRESTE ANGLICAN PRIMARY SCHOOL,Pontsho16,false,YzqMyFQyK2PQ7WHqs,No,,BL89Y49hLjtAgtj9C
DAVID HELLEN PETA SECONDARY SCHOOL,Joseph verified,false,TfCM5snxJGK4sncZh,Yes,1,BpGigPup4eyijh28x
THUTOLORE SECONDARY SCHOOL,Joseph verified,false,ttNTac6gjc3stqdnP,No,,BwK89vufnm6iCSJhQ
BUHLEBEMFUNDO SECONDARY SCHOOL,Joseph verified,false,2S2wmhAbWFzEJBgqq,Yes,,Ch6HJ6DZmFCYxKkww
ESIKHISINI PRIMARY SCHOOL,Joseph verified,false,ZzHrnoDQLXmfNMnHk,No,,CoWKa7AHpYehwgjN4
TSWELELANG PRIMARY SCHOOL,Joseph verified,false,xPsrtLbxDLREMx8NC,No,,Dddj3YJBuiuGmAQFQ
EMMANUEL PRIMARY SCHOOL,Joseph1,false,5SXzuiGPqmTLMo3zd,No,,DwG2tAAFC8W79Ckxx
MASIMINI PRIMARY SCHOOL,KHOLWANI17,false,jnPBseT4kdQTArapC,No,,E7KSgcfSqaoDb5BEE
EKUKHANYISWENI PRIMARY SCHOOL,Zanele V1,false,B2GhvBPB9fFdDR3Jm,No,,EbrJ8dHAyrQTpSaNj
NTOKOZWENI PRIMARY SCHOOL,Pontsho12,false,FbqmLaNnA89FaLRHM,No,,EtHDHYs97BCxasggi
LEJOELEPUTSOA PRIMARY SCHOOL,Freddy4,false,APjzZg2Lmw9tvGCSq,No,,EtsNuLzuvqcqdM943
DIEPDALE SECONDARY SCHOOL,Tracey v1,false,T6ADg2FX5JCdw4Wgd,Yes,1,EyHGQ2ctZRGcPQ4Lc
BATLOUNG INTERMEDIATE SCHOOL,Symps,false,TgHLRu6LxXHbG7kuN,Yes,1,FEAD8jBu7LbHezy2j
DR KNAK PRIMARY SCHOOL,"SABELO VERIFIED
pontsho 20",false,nXBMusExn5omehD3E,No,,FkDMg4ekjDHWExDuv
BOTLEHADI PRIMARY SCHOOL,Sabelo1,false,AdpQzhFCSfCkqWLN5,No,,FpTsqHm4D3ttwK8dY
SIBONELO PRIMARY SCHOOL,Sympathy verified,false,NxYkghZYPWMsYqTSw,No,,GQPE7rurt9bb7DM5a
JABULILE SECONDARY SCHOOL,Zanele V1,false,FktaZJQEa2yRirPdp,Yes,1,GdT4e3QnaH2fX4vAA
O.R TAMBO SECONDARY SCHOOL,Zanele V1,false,LnNRWBgxzPvDhZL6n,Yes,1,Gfj3WRS3Y8w4dmyph
BOKAMOSO PRIMARY SCHOOL,Zanele V1,false,ZcG9AepCaeoHWhuxm,Yes,1,H2wSN9EFbKzeSGjCh
ZAKHENI PRIMARY SCHOOL,Sympathy varified,false,ySLh24LcPvavKTERL,No,,HKHTs5NYM9YcNKmA3
CHARLOTTE MAXEKE SECONDARY SCHOOL,V1,false,8v34prERpigfaDLTz,Yes,,HMfiK9msnxvBpZRTv
MANGWELE PRIMARY SCHOOL,SABELO VERIFIED,false,wr3hsPSwH3drghCig,No,,HZFjNDTejF5ga78Sx
DR NHLAPO INTERMEDIATE SCHOOL,Joseph verified,false,LnzyHktEe5W7frwsM,No,,Hjqy94n4PwNqwN5uA
KUZIMISELA PRIMARY SCHOOL,Tshepo,false,4zhThZYeHfyTj2QcC,No,0,HushLZncKDsTyJhfN
PHOMOLONG PRIMARY SCHOOL,Sfiso v1,false,kYqtpoXe5acCgDpjp,Yes,1,J8iGazpt3MwprEvbp
BOVET PRIMARY SCHOOL,Joseph verified,false,7jTwoqsWHSisSS2tn,No,,JMwctXTYdunvweNYD
SIVUSE PRIMARY SCHOOL,SABELO1,false,ZREHTZKXgFs9WEq4P,No,,JeGKrkaqdgboxbxAd
BHEKIMFUNDO PRIMARY SCHOOL,Tshepo2,false,v9NYZ3L5R4i9KvEHd,No,,JpDqQfLuuC9qJrici
KHANGEZILE PRIMARY SCHOOL,Pontsho9,false,JuhdXLzRY3WsLWdBo,No,,KDmkojmtPfcEEQ3vv
LEBOWA PRIMARY SCHOOL,Joseph,false,9ZP5KGcfG4HjvTv7S,No,,KhtEcF9mnhkNyqnW3
SELOPE-THEMA PRIMARY SCHOOL,SABELO VERIFIED,false,zQrPiFaBbM7WiLfgp,No,,Kqq9XsRqsRQM6PjGn
LEBOHANG SECONDARY SCHOOL,Sabelo1,false,JAnoT6aspbf3axkWZ,,,KrNZ7H2XmHuPpHRrN
DITAWANA PRIMARY SCHOOL,pontsho 21,false,KACd48YLDDj8Toieu,No,,LBujyFwCgPkGzWSZy
EAST BANK HIGH SCHOOL,Sympathy varified,false,LRHuEa7PA5nBhk4rm,No,,LD7hazozFmAuLNBgP
TEMBISA SECONDARY SCHOOL,V1,false,c9KK3cLRgR6o97bLT,Yes,2,LTccQvtsRbQdnvd4x
SEEISO PRIMARY SCHOOL,Joseph verified,false,WvuHH9HrsZtHEAXrQ,No,,LZ7sJWsXTML9asLdD
NKABINDE PRIMARY SCHOOL,KHOLWANI16,false,yFrq9TYeMfyaAja5W,No,0,LrmX8FAuJMKckWE6c
KGOMOCO PRIMARY SCHOOL,Joseph1,false,TbpxYJR6iZbbFKECM,No,,METTMMRQRhoWxKdRt
TSAKANE PRIMARY SCHOOL,Sympathy Varified,false,fKbp5C6qwTvc3hwth,No,0,MYuCFef7Fjt8yRX8d
KGALEMA PRIMARY SCHOOL,Tshepo3,false,bWGfJhzywnJqZx9jy,No,,MYybcL4ntNLDfPjZt
UMTHAMBEKA PRIMARY SCHOOL,Freddy12,false,iGTZbHQvsd2gkoGA6,No,,MrCRY4JkG2RtXRzjf
JABULANI THABANG PRIMARY SCHOOL,Sabelo1,false,LuYas2Dqb2WgWRi8D,No,,MtKWmrDmPtx6hTjXm
MUZOMSHA PRIMARY SCHOOL,KHOLWANI18,false,hvngFLEvygLhPkfng,No,,NTo8EK8jnLkjB93Hd
IKAGE PRIMARY SCHOOL,Sympathy varified,false,EYqkvNNt97QLN4pic,No,,NY3CpQoLXKGkXkq8b
BATHOKWA PRIMARY SCHOOL,SABELO VERIFIED,false,9zTg6sdmpmcLC37Mo,No,,P4wqK6rnJQahfhFTr
LIVHUWANI PRIMARY SCHOOL,SABELO VERIFIED,false,fGrkjdmKGACisM2tF,No,,PySjA6yQMoXAyS2z8
MOHLOLI SECONDARY SCHOOL,symps,false,yYADev9PGHe7Qmgwk,Yes,,Pye3fvQETS2TCPKyt
MODUOPO PRIMARY SCHOOL,Zanele V1,false,Cm4aMRAW2jgbqx48z,No,,Q2SemXMcpEX5NfYsD
MOKGOME SECONDARY SCHOOL,Joseph verified,false,e3HNcyvzdD5MCFWTL,Yes,3,QBmBALzw89kwmHz2B
ROLIHLAHLA PRIMARY SCHOOL,Tshepo2,false,RZL6fQ9HEqr3x5A3t,No,,Qzm8u4imxajBRWLE5
SELIBA PRIMARY SCHOOL,Joseph verified,false,KExiGRsQKKm9ys37f,No,,RHG8484wnsaqifrig
PATOGENG PRIMARY SCHOOL,Joseph verified,false,9re8EBARKhMNTMgLD,No,,Rvf9JkpRBRozBsyiq
POELANO SECONDARY SCHOOL,Joseph verified,false,x8WhgNCu9qGKqiRBd,Yes,1,S3LbwsmZGkiiekXEX
N'WA MHINGA PRIMARY SCHOOL,Freddy8,false,8ubcW4jy3rAJb2RJx,No,,S47bpHzXts94zC2ke
DITAU PRIMARY SCHOOL,Sympathy varified,false,qGsChQZBsyWCCgxrA,No,,SDQzcRxtroyWa7uGB
DR HARRY GWALA SECONDARY SCHOOL,Tshepo3,false,PnXN2AqdArCcBwGKQ,Yes,1,SNuf4DBJszmQrAzS4
RESIDENSIA SECONDARY SCHOOL,Symps,false,r4LzFB6L5QrYWHwbi,Yes,2,Sa8QfeRArxjpbStqt
EMMANGWENI PRIMARY SCHOOL,Zanele v1,false,fJpMeWhdRY8onMRJd,No,,SeRiR2xnt35DWtRzX
NOMINI PRIMARY SCHOOL,Sabelo verified,false,h6G3f3aCT6Mc7TMYp,No,,Sue8DWeGKHPKAyQBi
HULWAZI SECONDARY SCHOOL,Tshepo1,false,w7JBwQn8sLnRGGj6N,Yes,4,Tnm69CSqqbdHg9obr
GAHLANSO PRIMARY SCHOOL,Zanele V1,false,X4eevqxhWWm2tiMPb,No,,WeXHdZMumEMFyckHq
TOKELO SECONDARY SCHOOL,Joseph verified,false,HbMLuapaMNodADNqD,Yes,3,WszeF9gAuQuHMNHLC
MAKAPANE PRIMARY SCHOOL,Joseph verified,false,zZ5QNhNNPq95i9sKT,No,,X4uSNwu6z2y2MdNwA
MOYISELA PRIMARY SCHOOL,Sabelo verified,false,EJbw4XHPjuFQKTg88,Yes,,XTL9gvLr9S2MmMsjJ
BOITUMELONG SECONDARY SCHOOL,Zanele V1,false,vrrC7GRs7dDeZr2Wz,Yes,2,XYLgc3p2tmFJ6nGJb
HOFMEYR SECONDARY SCHOOL,Joseph verified,false,Ndd7kqG7NnToKJxrw,Yes,,Z9wz3QcLwmRfGuaeT
FADIMEHA PRIMARY SCHOOL,Joseph verified,false,MP5Kr3y2dF5LWKHtc,,,ZMuo7tqss7QrYPuwZ
LETSEMA-ILIMA PRIMARY SCHOOL,Symps,false,eognzr8hzvQ3foin5,No,,ZNXsgBEk2evJkTYso
DITAWANE,Joseph verified,false,2Ay8F4NtoSsXJJsT4,No,,ZQpQXXcpAjvZC2ony
JORDAN SECONDARY SCHOOL,Sabelo1,false,PETDcjYgdEmQaM8GM,Yes,,ZQvS49GgfM6XNnqij
TSOELOPELE PRIMARY SCHOOL,Joseph verified,false,upet7qRrevmP5YswA,No,,ZrghZT93L2bSWSofg
INKONJANE JUNIOR SECONDARY SCHOOL,Freddy3,false,iQYteTYuh4mRTAByL,No,,Zyuc4wPBmxQPcNyjF
NTSELE PRIMARY SCHOOL,Sabelo1,false,GZT4vCTGD7mS92aQx,No,,aQ4BMeoFWmo4HrHqF
KHULA SIZWE PRIMARY SCHOOL,Freddy7,false,xsJWR7HDtzcKaQTkP,No,,ayNNoGKj3iCnECzSg
ITSEBENG PRIMARY SCHOOL,SABELO1,false,8RsDnEYBZA5WkxwZD,No,,bAExKd8RN5BhHzb3z
ZIMISELE SECONDARY SCHOOL,Pontsho3,false,N6AM4QSq7KpR3e33u,Yes,2,bEf9GjYAyqAqY3bhw
TSWELOPELE SECONDARY SCHOOL,Zanele V1,false,Cda3YNGoKhu86j5TY,Yes,1,bHZpmA7SpQzx29CQk
GEORGE MBILASE PRIMARY SCHOOL,Joseph,false,L7H5eorXjhkXgdLG9,Yes,1,bMEYkfLEMjEHiTFux
TLHOLO INTERMEDIATE SCHOOL,Joseph1,false,AZfm4LgKJAjmuNBZC,Yes,,bPfY5thaXn4EAdkXw
BUD MBELLE PRIMARY SCHOOL,SABELO VERIFIED,false,omrGuBfY4SXRQH2L9,No,,bf5Ltec4dXsz7pEX9
BOPASENATLA SECONDARY SCHOOL,Joseph verified,false,KDjA2CseHDxXnwPGd,Yes,1,cDYo2z98FGZzNHPMM
QUANTUM SECONDARY SCHOOL,Tshepo2,false,daNDQbb4oszvN7rif,No,,cQQF5juB8JG3jNbNs
GOVAN MBEKI PRIMARY SCHOOL,Sabelo verified,false,4qPath7Co2bAAF9FW,Yes,,dBu8rGN6ZLKj4rb4e
CAIPHUS NYOKA SECONDARY SCHOOL,Tshepo4,false,x4w7XBNKXyn9i9Wdm,Yes,,dLHdmSdFbLWF2kJqy
THETHA SECONDARY SCHOOL,SABELO VERFIED,false,vzs5qjTqfv2ZuMWSQ,No,,dnFyeB4sC6kfmj2Q6
LEBONE PRIMARY SCHOOL,KHOLWANI7,false,AduFxRKqkdjkdAGhT,Yes,1,drsWF9n9G7CxbrANB
MASIQHAKAZE SECONDARY SCHOOL,V1,false,hBhq8k8xnRkhYhsv5,Yes,1,e6s5EEf389EeLo6Tz
THOPODI PRIMARY SCHOOL,SABELO VERIFIED,false,MtQZjTeoN5egKWerx,Yes,1,eaN2HpTXfZTyuJHLY
LEHLASEDI PRIMARY SCHOOL,Sabelo1,false,pe7wThcNogKTcqAWL,No,,efr9txWNfPHw3AhD7
PHAMEHLO PRIMARY SCHOOL,Symps,false,b7fMc6rQTCvGH6RmH,Yes,,eg2P5ZFGTcwctmdcA
MENZI PRIMARY SCHOOL,Sympathy varified,false,Tc3kwkSzPd4SpnWrW,No,,eqJ28tbWRDYX6YPkp
GOROGANG PRIMARY SCHOOL,Pontsho5,false,LWttEmWNNyDaNBBLh,No,,fkuEy7WKs5HL2NM6z
INXIWENI PRIMARY SCHOOL,Freddy8,false,iWAnsZEZPeE2t5hA2,No,,g2zngXhSLP6Xe7qtg
STEVE BIKO PRIMARY SCHOOL,Zanele V1,false,YyfnQmGWFTbbFwfmd,No,,g6orxjw6EmCqYup83
TIYANI Junior secondary SCHOOL,SABELO VERIFIED,false,niQ3MLvAfLncYKGqs,No,,gZKefKr3T7kQ7yZdd
WESTFIELDS PRIMARY SCHOOL,SABELO 1,false,MR8ARDJ4rP2WaerQT,No,,ghEZdTPoThhpWNWiw
LERESCHE PRIMARY SCHOOL,Joseph verified,false,2GrTgoBu2W5v6v2hs,No,,giGaTXuXxZQxCGaMd
LUKHOLWENI PRIMARY SCHOOL,Joseph verified,false,6FAr6rwo5rFBSXNpF,No,,gpABZNKAeZxGARLNE
LETSATSING COMBINED SCHOOL,SABELO 1,false,QgrH6dStWKdBmSgbR,Yes,,hBG3H9epZYnScCbtp
LOTUS GARDENS PRIMARY SCHOOL,Joseph verified,false,myso7SCBKz4W832WM,No,,hJppCjP9YgzQPhsxp
ZENZELENI PRIMARY SCHOOL,Sympathy Varification,false,K9icYYFbFvGLdiv2C,No,,hTroeBPPurCSNxDGe
KAMOHELO PUBLIC SCHOOL,Joseph,false,sosZZQiS7gB2omu7Z,No,,hk4XMrnHxTastfL7s
TSITSIBOGA PRIMARY SCHOOL,SABELO1,false,XoWBaaEWmE2Pndafw,No,,hrfAaJLuuBvdukdf9
TSIMONG PRIMARY SCHOOL,KHOLWANI19,false,fbt3ZzyKMbnRnzrTG,No,,jR3LMPDnnHi7xvLcp
THEMBALIKAZULU PRIMARY SCHOOL,KHOLWANI10,false,Tb95oJXGACRR8CxKT,No,0,jSDZSbr7cMPKgibe7
zitha primary,sabelo1,false,MvipqKbDxd8KxxfH5,No,,k652o58moXsybbDfm
NQUBELA PRIMARY SCHOOL,Sympathy Varified,false,iNfFtzXgoMfXPNZfW,No,,mobhBo8uKGxkvNsjR
SAPPHIRE SECONDARY SCHOOL,Joseph verified,false,tGnAsJc98yDB2yJ96,Yes,,mu6wNPMzZ754NLLnE
KHOMANANI PRIMARY SCHOOL,SABELO VERIFIED,false,WLt3Zs5QzXYfoc8uX,No,,myEbntbNmwtRJAXXn
TSIETSI MASHININI PRIMARY SCHOOL,Sympathy varified,false,dD26F44JqbkpTAtFB,No,,n9gEojJ6K5eKYJ4c2
KGOLAGANO PRIMARY SCHOOL,Joseph verified,false,XKHuDDbtfw4qsmTYj,No,,o6KRqZ8m5YyPCmxEu
ENDULWENI PRIMARY SCHOOL,Joseph verified,false,Qp4gq2TGJSktoQ7sT,No,,ocFaNqXzeBvD5hiAZ
PHUTHADITSHABA PRIMARY SCHOOL,SABELO VERIFIED,false,dW6tdNg3w7YC3qNhp,No,,ojqksxwnmxWXpM8n6
LESHATA SECONDARY SCHOOL,Sabelo verified,false,ynxgyZfifzvRFkwCH,Yes,1,opzRuPL9N8RSzCNsi
DINOTO TECHNICAL SECONDARY SCHOOL,Tshepo3,false,phA7f4R9mEsWDhZEC,Yes,2,pqm6NksjcwAhrDwyH
THUTHUKA PRIMARY SCHOOL,SABELO VERIFIED,false,LY6JAEYdTNoHn2Cck,No,,q7rLbRb4nxtPxfoSc
THOHO-YA-NDOU PRIMARY SCHOOL,Joseph verified,false,9zfvaeh9PRphJGAcW,No,,q7vvj7t7uptnim45G
FRED HABEDI PRIMARY SCHOOL,Pontsho11,false,fzyS2ax3KyDmRAToK,Yes,1,qCqx8rN4JLCHpEwF4
ENTSHONALANGA PRIMARY SCHOOL,SABELO VERIFIED,false,J2ZPERzkssNe4s4Ry,No,,qYqekSfSRExjXJrGM
WINNIE MANDELA PRIMARY SCHOOL,SABELO VERIFIED,false,YsfmLu8aXoAoay5R3,Yes,1,qqTGPEnmDQRrarBSw
PHORORONG PRIMARY SCHOOL,Joseph,false,GZMSxf5xdCGKqsGZu,No,,qs4DrHmATWN59Tptg
GORDON PRIMARY SCHOOL,SFISO V1,false,Rp2gfQNiPi456fb5u,No,,qsXPNNQE3pWkdTbfb
MADUME PRIMARY SCHOOL,SABELO VERIFIED,false,dLZPavQyHH7Lg8YLz,Yes,1,r5bdwdb45e7jr6JZB
MONTSOSI PRIMARY SCHOOL,SABELO1,false,NjCBpEtAS8QydWcuX,No,,rCApJ97XLJY5xuoJY
ISEKELO PRIMARY SCHOOL,Joseph verified,false,aCmC5yP9xSXRCDzeC,No,,rRCnvnKF3KB68xQfw
AMOS MAPHANGA SECONDARY,Tshepo3,false,c3zppqSArNY2AhDnC,No,,ra2zX3jjBPguj6bc3
MOGOGODI PRIMARY SCHOOL,Joseph1,false,BGrWE92uctBWvw5yc,No,,rgipwMLK9skQK2EuA
ZITHATHELE PRIMARY SCHOOL,Joseph verified,false,EG9oHfZ9Dg7QCzdh5,No,,sXauHMaoiXsoSamWK
ZAMANI PRIMARY SCHOOL,Sympathy Varified,false,4GHvEohBq5r7gc6oH,Yes,1,sfN5HAvKti5hRvPxZ
KOKOSI PRIMARY SCHOOL,Symps,false,PjX2yjE6NaMs7BWR7,No,,sfgS3CrJFoTBvFQ72
INKATHA KA ZULU PRIMARY SCHOOL,Tshepo1,false,agi4ccojmTYjxbGzc,No,0,srdTLx3pxML3nwKPr
TSHIRELETSO PRIMARY SCHOOL,Joseph1,false,TK6HXkiP8NH3EznSk,No,,syBSsyuaG3J2rk8ky
QEDUSIZI PRIMARY SCHOOL,Pontsho8,false,K3g45hgHEXysgaNqB,No,,tC7ee9TXmJ8oDEcRe
PHANDIMFUNDO SECONDARY SCHOOL,SABELO VERIFIED,false,mnDs6B36ntyceuRjk,Yes,,tDKj5hfjzok3tbGs9
TOTOMENG PRIMARY SCHOOL,Joseph verified,false,FXvjxxFksPcvfvLQb,No,,tMjiiRvEEAsNmSJGx
CARTER PRIMARY SCHOOL,Joseph verified,false,nfpY9djia9R8Eh5ST,Unsure,,tdRzrm36MQJ2raFea
IPHUTHENG PRIMARY SCHOOL,Sympathy varified,false,DigGBpGaefbvTC2uL,No,,tqMTBWRbAuYsAqATz
DR WF NKOMO SECONDARY SCHOOL,Sympathy Varified,false,eYheRaWhT5XzYzDFb,Yes,1,u2mAvGSYipuFCETW2
TLAKULA SECONDARY SCHOOL,Sympathy Varified,false,LwddLRdGKKn6kdQTj,Yes,1,uiiC6LpdXHBickDqX
DUMEHLEZI INTERMEDIATE SCHOOL,Joseph verified,false,eEJdfgw5rGmHjwe2B,,,uvAsG8PGNZNED5pxz
HLANGABEZA PRIMARY SCHOOL,Symps,false,p56ZrQEEy39CWsfPT,No,,uyB7xpWYkTuuhsLzS
MOSHOESHOE PRIMARY SCHOOL,Joseph verified,false,vMJm8YPhZxnZz5pup,Yes,,vPSPXjGpC6ABc9Szc
MASHEMONG PRIMARY SCHOOL,Joseph verified,false,xMXWnoo7yLE8nnrWh,No,,wfdMKsnKg56v7y6uJ
IPONTSHE PRIMARY SCHOOL,V1,false,2YqMRgMNtE7g7Kh4Y,No,,x39JZC9Q749pXeEbY
OR TAMBO PRIMARY SCHOOL,Sympathy verified,false,5sQvpKNDiaRYFrLPh,Yes,1,xp2bxhMm4Yoeu9jho
BONA COMPREHENSIVE SCHOOL,SABELO VERIFIED,false,yY4eS3trG7Wc6W3DK,Yes,1,xsLXqpcynPeYTwiXE
TLHOKOMELO PRIMARY SCHOOL,Joseph1,false,nvqYYz7qsByp72BTp,No,,y3Rzmw2pDYqioZ8WC
PHELINDABA SECONDARY SCHOOL,Sabelo verified,false,oY3ujFgkN9M5A2cef,Yes,1,yAYPTyMxnk5pj2zT9
KENNETH MASEKELA SECONDARY SCHOOL,Pontsho7,false,Mk7EuHSkzSDEFdYce,Yes,2,yuLFP8PQcXB6aAAm6
REAMOHETSOE PRIMARY SCHOOL,Sabelo verified,false,F2ZJBuvYew5rzBoqm,No,,zpLEh72kC58ryRpxt
