school_name,survey_name,isverified,_id,haslibrary,hasmediacentre,librarians,hascomputertracking,hascomputerforgeneraluse,totalnumberofcomputers,totalnumberofcomputersthatconnecttotheinternet,hasbooks,hasfictionsection,comment,version_id
NKUMBULO SECONDARY SCHOOL,Pontsho4,false,AQRBypbsaqgq5x28g,School's own,Shared with other school,"{ ""0"" : ""Dedicated librarian"", ""1"" : ""No librarian"" }",Yes,No,40,40,Yes,Yes,,2G6DH4Aiu8dpRQyrD
UMSOBOMVU PRIMARY SCHOOL,KHOLWANI11,false,WzCtRFADvpLpnJ8Sk,School's own,School's own,"[ ""No librarian"" ]",No,No,,,No,Yes,,2Qm9dY2unum62oDu7
LEEMA-MOKOTULI PRIMARY SCHOOL,Sabelo1,false,wc82saubLovvJXkDr,None,None,,,,,,,,,2smWdy5ZETPXoRrYG
THUTO KITSO SECONDARY SCHOOL,sabelo1,false,mH8sk5AXmEmz9gGR3,School's own,School's own,"[ ""Dedicated librarian"" ]",Yes,Yes,,,Yes,Yes,,2zRbjDBfz4zB8Tv6q
REAGILE PRIMARY SCHOOL,Freddy11,false,wkHRq57JJvXa5K3cx,,,"[ ""No librarian"" ]",Yes,Yes,5,30,Yes,Yes,,3CZM6LyxfbGxQ676w
MABOELLENG PRIMARY SCHOOL,Joseph,false,G4Y8WvJMxEopRbLbP,School's own,School's own,"[ ""No librarian"" ]",No,No,25,10,Yes,Yes,,3XdLNoiuCRA5T5Dfc
MICHAEL ZULU PRIMARY SCHOOL,Sympathy varified,false,kF3PJMyMCENpupgaQ,None,School's own,,No,No,24,0,No,No,,3tbjfT8zZ2fPGfiwc
LANGAVILLE PRIMARY SCHOOL,Sympathy varified,false,5WG3w56TD8oTdPL7o,School's own,School's own,"[ ""Teacher assigned as a librarian"" ]",No,No,25,25,Yes,Yes,,3uXaw9N4tJkFZKXSt
VULAMAZIBUKO PRIMARY SCHOOL,KHOLWANI20,false,F4Mdo8qW3ozvsfNw8,School's own,School's own,"[ ""Teacher assigned as a librarian"" ]",No,No,25,25,Yes,Yes,,4F5Qwq5cmL34WsvHP
TEMBISA WEST SECONDARY SCHOOL,Freddy10,false,m5MQQxDuHXYe9mN3v,None,None,,,,,,,,,4avNjjRgrzrEpwKMN
JOB RATHEBE PRIMARY SCHOOL,Sabelo verified,false,khykrrETWrjbJFgex,School's own,School's own,"[ ""Teacher assigned as a librarian"" ]",,No,,,Yes,Yes,,4z6ESappfnPWNQ98D
STRETFORD EXT 8 PRIMARY SCHOOL,Sfiso v1,false,shPyH94gbjMJrpJeG,School's own,None,"{ ""0"" : ""Teacher assigned as a librarian"" }",Yes,No,1,0,Yes,Yes,,4zo5MNwbBvTPykbFg
FUNUKUKHANYA PRIMARY SCHOOL,KHOLWANI3,false,zZwqj66W7bAMmA4EC,School's own,,"{ ""0"" : ""Teacher assigned as a librarian"" }",No,Yes,24,20,Yes,Yes,,55foHoJLBDfwGwTWD
AHA-THUTO SECONDARY SCHOOL,Sabelo verified,false,9kMD29ob7JzQu5KvK,School's own,School's own,"[ ""No librarian"" ]",No,No,,,Yes,Yes,,5PhvChXDzSoaBymWp
LEFA-IFA SECONDARY SCHOOL,KHOLWANE13,false,zNKa8wPQiG9uHKEWp,,,"[ ""Dedicated librarian"" ]",No,No,9,9,No,No,,5QzLWMPF8grmhh3G5
NCHABELENG PRIMARY SCHOOL,KHOLWANI9,false,kgvj58Y2cJpMoyWQ9,School's own,None,"{ ""0"" : ""Teacher assigned as a librarian"" }",No,Yes,29,,Yes,Yes,,5iHufHeS6B2XBsHTB
MABUYA SECONDARY SCHOOL,Joseph1,false,xwWDv5mjZH4bcexTH,,School's own,,,,75,,,,,656hyBavtd4QHF6yx
MQINISWA PRIMARY SCHOOL,Joseph verified,false,b7TxBoomxepRxahpR,None,School's own,,,,25,0,,,,6XmRH2cDbjXJd8Zri
PHUTHUMANI PRIMARY SCHOOL,Sympathy Varified,false,fzgZ8v5HBuZmzEgY2,School's own,,,,,,,,,,6ZNqRnThWfJTjmtzh
REALO  SECONDARY SCHOOL,SABELO VERIFIED,false,hYB8uxSdsfe3hzsLP,School's own,School's own,"[ ""Teacher assigned as a librarian"" ]",Yes,,,,Yes,Yes,,6iixm3MYropadAMjX
MELODI PRIMARY SCHOOL,Tshepo1,false,kHYTomzRKMkazsry8,School's own,,,No,No,25,15,Yes,,,6nyrh8pzbNxMHyu4J
SOZIZWE PRIMARY SCHOOL,Tshepo3,false,qk99aspZ7Kb33MAtd,School's own,School's own,"[ ""Dedicated librarian"" ]",,No,1,,Yes,Yes,,6yXgt6quvcZfmQiWf
MATSIE STEYN PRIMARY SCHOOL,Joseph verified,false,f2LkkQtJ3NR8LMMTy,None,School's own,,,,25,0,,,,74LtY73iZk5nAgKN4
JOB MASEKO PRIMARY SCHOOL,KHOLWANI12,false,eZPFxSD3wKrTi9XKg,School's own,School's own,"[ ""Teacher assigned as a librarian"" ]",Yes,Yes,,,Yes,Yes,,7Lt26udxHfpKtyAwY
SAKHELWE PRIMARY SCHOOL,Pontsho 10,false,TzYrke99CbKK5iPxk,School's own,None,"[ ""No librarian"" ]",No,Yes,2,2,Yes,Yes,,7jdhLaYzWcCtFduQg
SHADRACK MBAMBO PRIMARY SCHOOL,Sympathy Varified,false,6wEg9qAcNQLkwtnAA,School's own,,"[ ""Teacher assigned as a librarian"" ]",No,No,25,0,No,No,,7sAKJvmox8vK6GJBv
SIPHIWE PRIMARY SCHOOL,Zanele V1,false,ETXpeCBPaWCTv2ygW,School's own,,"{ ""0"" : ""Teacher assigned as a librarian"" }",No,No,27,0,Yes,Yes,,8EkWbb3qMosGvaWyT
VEZUKHONO SECONDARY SCHOOL,Joseph,false,eFAc5bqQQ5NHTnXQM,School's own,School's own,,,,,,,,,8FucY8f4FTzL2XmhY
LERATONG PRIMARY SCHOOL,sfisov1,false,JxDdXogGCnvsuL4Aa,None,School's own,,,,25,25,,,,8Q8hLajqT7vMWrbeA
EMFUNDISWENI PRIMARY SCHOOL,Zanele V1,false,Y6kefCYXirGZ3dgRp,None,School's own,,,,25,0,,,,8TjXzm5mqedTkvZ5n
SEDIBENG PRIMARY SCHOOL,Zanele V1,false,xLtPAJZbmKkwMnABY,None,,"[ ""No librarian"" ]",No,No,0,0,No,No,,8pdqiKPuW9emmvdMA
LABAN MOTLHABI COMPREHENSIVE SCHOOL,Pontsho6,false,SSjmPy5rEH5RSdZQ7,None,None,,,,,,,,School doesn't have library or media centre,922NEXkq8CZy6PH7L
TSHIRELA PRIMARY SCHOOL,Joseph verified,false,ZsLDYiPF3LY5dCzcR,School's own,School's own,,No,No,1,1,No,No,,93KanXF8i8wGs4YKw
NTSIKANA PRIMARY SCHOOL,Sympathy Varified,false,pB8PsnEGYC3hsEu2p,School's own,,,Yes,No,1,0,Yes,Yes,,95AYoAp6AiYz3KZ2t
REKGUTLILE PRIMARY SCHOOL,SABELO VERIFEID,false,5FugqpmPmuYrezTjr,,School's own,"[ ""Teacher assigned as a librarian"" ]",No,No,1,1,Yes,Yes,,9NYELJLrE2z96eKGu
ZITIKENI SECONDARY SCHOOL,SABELO VERIFIED,false,hXyRy29jybZ7XHRxG,School's own,School's own,"[ ""No librarian"" ]",No,No,47,1,Yes,No,The media centre has been assigned a dedicated coordinator,A7HS55Lmpv7eWduhv
HLABANGANE PRIMARY SCHOOL,Joseph verified,false,enxsCKqhu68TaGkBm,,School's own,"[ ""Dedicated librarian"" ]",No,No,24,24,Yes,Yes,,A9g2JXbafa9hggA23
MOSIOA PRIMARY SCHOOL,Joseph verified,false,BSNvcXatDBL7mMsXv,None,School's own,,,,,,No,No,,AGiLx4gigQqYMN4fT
THEMBALIHLE PRIMARY SCHOOL,SABELO1,false,qPueMBviXnDzNyTKJ,None,School's own,,,,24,0,No,No,the computers are not working and the computer room is used as class,AHHiQixZscHdnSQpM
BOPHELONG SECONDARY SCHOOL,Sabelo1,false,7KMzjkq4CDANXHxKj,School's own,School's own,"[ ""No librarian"" ]",No,No,,,Yes,Yes,,AQmqsTKLbbQgfAmzP
SELELEKELA SECONDARY SCHOOL,SABELO 1,false,yAdFDDPitJ9AjmnmC,School's own,School's own,,,,23,,,,,Ayck7PmsY3mNr3gZQ
LESEDI LA KRESTE ANGLICAN PRIMARY SCHOOL,Pontsho16,false,tdoQR9xyw9D9cWJTD,School's own,,"[ ""Dedicated librarian"" ]",Yes,No,,,Yes,Yes,,BL89Y49hLjtAgtj9C
DAVID HELLEN PETA SECONDARY SCHOOL,Joseph verified,false,9JR5e5X6E4YXzCXYi,School's own,None,"[ ""Teacher assigned as a librarian"" ]",No,No,0,0,No,No,The school doesn't have a good library that is well operating and no computers.,BpGigPup4eyijh28x
THUTOLORE SECONDARY SCHOOL,Joseph verified,false,3B7sbGu8aCa3sestL,None,None,,,,,,,,,BwK89vufnm6iCSJhQ
BUHLEBEMFUNDO SECONDARY SCHOOL,Joseph verified,false,Mr6Mb3mxHQtW43dz8,Unsure,,"[ ""No librarian"" ]",No,No,1,1,Yes,No,,Ch6HJ6DZmFCYxKkww
BUHLEBEMFUNDO SECONDARY SCHOOL,Joseph verified,false,HMj68t2GJPfz4XXng,,,"[ ""No librarian"" ]",No,No,1,,Yes,No,,Ch6HJ6DZmFCYxKkww
ESIKHISINI PRIMARY SCHOOL,Joseph verified,false,h4guoxvjRzvhiP55h,School's own,School's own,"[ ""Dedicated librarian"" ]",Yes,No,25,0,Yes,Yes,Computers lack connectivity,CoWKa7AHpYehwgjN4
TSWELELANG PRIMARY SCHOOL,Joseph verified,false,HSwmGQi2xXbvfatSH,None,None,,,,,,,,,Dddj3YJBuiuGmAQFQ
EMMANUEL PRIMARY SCHOOL,Joseph1,false,EmhW3yiig8snJccnq,School's own,School's own,,,,20,20,,,,DwG2tAAFC8W79Ckxx
MASIMINI PRIMARY SCHOOL,KHOLWANI17,false,azsNFJ3vsqeDegXAP,School's own,School's own,"[ ""No librarian"" ]",No,Yes,25,0,Yes,Yes,,E7KSgcfSqaoDb5BEE
EKUKHANYISWENI PRIMARY SCHOOL,Zanele V1,false,tgae5prMPJiPe4YpA,None,School's own,,,,25,,,,,EbrJ8dHAyrQTpSaNj
NTOKOZWENI PRIMARY SCHOOL,Pontsho12,false,pQ4BKsEDwYGDZadqm,School's own,School's own,"[ ""No librarian"" ]",Yes,Yes,,27,Yes,Yes,,EtHDHYs97BCxasggi
LEJOELEPUTSOA PRIMARY SCHOOL,Freddy4,false,aitqk75BanwDrvHpz,,School's own,,No,No,0,0,Yes,Yes,,EtsNuLzuvqcqdM943
DIEPDALE SECONDARY SCHOOL,Tracey v1,false,oYFxcDYbCbT2v6aNN,None,School's own,"[ ""Dedicated librarian"" ]",No,No,,,No,No,,EyHGQ2ctZRGcPQ4Lc
BATLOUNG INTERMEDIATE SCHOOL,Symps,false,qcKmArcFR3kJuPiem,,School's own,"[ ""No librarian"" ]",No,No,20,20,,,,FEAD8jBu7LbHezy2j
DR KNAK PRIMARY SCHOOL,"SABELO VERIFIED
pontsho 20",false,7HQWWBGYYZxjipQSX,School's own,,,,,,,,,school doesnt have media centre or library,FkDMg4ekjDHWExDuv
BOTLEHADI PRIMARY SCHOOL,Sabelo1,false,jNXHGbRuSeHLaWPwe,School's own,School's own,"[ ""Dedicated librarian"" ]",No,No,25,25,Yes,Yes,,FpTsqHm4D3ttwK8dY
SIBONELO PRIMARY SCHOOL,Sympathy verified,false,TLJB3bujXHYd9DmJa,School's own,School's own,"[ ""Dedicated librarian"" ]",No,No,23,23,Yes,Yes,,GQPE7rurt9bb7DM5a
JABULILE SECONDARY SCHOOL,Zanele V1,false,87piH5kiWwrFfj2z5,School's own,School's own,"[ ""Teacher assigned as a librarian"" ]",No,No,0,0,Yes,Yes,,GdT4e3QnaH2fX4vAA
O.R TAMBO SECONDARY SCHOOL,Zanele V1,false,DgjdYqDgmZtJkpXqi,School's own,,"{ ""0"" : ""Dedicated librarian"" }",No,Yes,7,7,Yes,Yes,The library works well and is in good condition.,Gfj3WRS3Y8w4dmyph
BOKAMOSO PRIMARY SCHOOL,Zanele V1,false,f77RNvY5ujpjrc7Jm,School's own,School's own,"[ ""Dedicated librarian"" ]",No,No,25,25,Yes,Yes,,H2wSN9EFbKzeSGjCh
ZIFUNELENI JUNIOR SECONDARY  (COMB. PRIMARY) SCHOOL,SABELO VERIFIED,false,buN4ZDsC57gu9tafk,None,None,,,,,,,,,HE7QyZrdjZD4TwigW
ZAKHENI PRIMARY SCHOOL,Sympathy varified,false,zbodYLksRjRjkvMWP,,School's own,"[ ""Teacher assigned as a librarian"", ""No librarian"" ]",No,Yes,21,1,Yes,Yes,,HKHTs5NYM9YcNKmA3
CHARLOTTE MAXEKE SECONDARY SCHOOL,V1,false,dMyxKqkLEkZcNWrwg,None,None,,,,,,,,,HMfiK9msnxvBpZRTv
MANGWELE PRIMARY SCHOOL,SABELO VERIFIED,false,daXNhdPsyD8w55ibn,None,None,,,,,,,,,HZFjNDTejF5ga78Sx
DR NHLAPO INTERMEDIATE SCHOOL,Joseph verified,false,3wNqCWufWGR77qdJY,None,School's own,,,,60,30,Yes,,The library is a converted class,Hjqy94n4PwNqwN5uA
KUZIMISELA PRIMARY SCHOOL,Tshepo,false,AkQihpMJMzNHCs73a,None,,,,,,,,,,HushLZncKDsTyJhfN
PHOMOLONG PRIMARY SCHOOL,Sfiso v1,false,Yh4E6dMWcz8x9z4tX,School's own,,"{ ""0"" : ""Teacher assigned as a librarian"", ""1"" : ""Teacher assigned as a librarian"" }",Yes,Yes,20,20,Yes,No,,J8iGazpt3MwprEvbp
BOVET PRIMARY SCHOOL,Joseph verified,false,tDYt6jJ7CrCuh7Nii,None,School's own,,,,25,25,,,,JMwctXTYdunvweNYD
SIVUSE PRIMARY SCHOOL,SABELO1,false,SfiypKdeMdF79WkqM,School's own,School's own,,,,,,,,,JeGKrkaqdgboxbxAd
BHEKIMFUNDO PRIMARY SCHOOL,Tshepo2,false,wNXuJnpm6w6RxnEEp,School's own,,"{ ""0"" : ""Teacher assigned as a librarian"" }",No,No,25,25,Yes,Yes,,JpDqQfLuuC9qJrici
KHANGEZILE PRIMARY SCHOOL,Pontsho9,false,vkzaAcmcdfqsLAwjT,School's own,None,"[ ""No librarian"" ]",Yes,Yes,1,0,Yes,Yes,,KDmkojmtPfcEEQ3vv
LEBOWA PRIMARY SCHOOL,Joseph,false,GTELmuPfdYkiDnqeG,None,,,,,,,,,,KhtEcF9mnhkNyqnW3
SELOPE-THEMA PRIMARY SCHOOL,SABELO VERIFIED,false,qgXe94mD5AkqHjXhw,School's own,School's own,"[ ""No librarian"" ]",No,No,,,Yes,Yes,,Kqq9XsRqsRQM6PjGn
LEBOHANG SECONDARY SCHOOL,Sabelo1,false,PDXRhFvsmCPqjJmcE,,,"[ ""No librarian"" ]",Yes,Yes,25,,Yes,Yes,,KrNZ7H2XmHuPpHRrN
DITAWANA PRIMARY SCHOOL,pontsho 21,false,a64cx5pJWRyRrHFa3,None,School's own,,,,,,,,,LBujyFwCgPkGzWSZy
EAST BANK HIGH SCHOOL,Sympathy varified,false,rpoGX6ufsvS9JKQAM,School's own,School's own,,,,,,,,NOT SURE BUT THE LIBRARY AND FOR MEDIA CENTER IS BEING USED SOMETIMES,LD7hazozFmAuLNBgP
TEMBISA SECONDARY SCHOOL,V1,false,CpyEKJ3WwJgxNGD2L,School's own,School's own,"[ ""Dedicated librarian"" ]",Yes,Yes,40,40,Yes,Yes,,LTccQvtsRbQdnvd4x
SEEISO PRIMARY SCHOOL,Joseph verified,false,GvJn6MEwRxqrQsQhy,None,School's own,,Yes,,25,0,,,,LZ7sJWsXTML9asLdD
NKABINDE PRIMARY SCHOOL,KHOLWANI16,false,DXc5ggxxDwNABchhL,School's own,School's own,"[ ""Teacher assigned as a librarian"" ]",No,Yes,1,,Yes,Yes,,LrmX8FAuJMKckWE6c
KGOMOCO PRIMARY SCHOOL,Joseph1,false,S7ftGCpCzK85Ba6dQ,None,None,"[ ""No librarian"" ]",No,No,,,No,No,,METTMMRQRhoWxKdRt
TSAKANE PRIMARY SCHOOL,Sympathy Varified,false,bZRM4wv4mri39vEFJ,Unsure,Unsure,"[ ""Dedicated librarian"" ]",No,Yes,25,19,Yes,Yes,,MYuCFef7Fjt8yRX8d
KGALEMA PRIMARY SCHOOL,Tshepo3,false,tWwQXe8zfc6ucQyDu,School's own,,,Yes,Yes,25,25,Yes,Yes,,MYybcL4ntNLDfPjZt
UMTHAMBEKA PRIMARY SCHOOL,Freddy12,false,Kz5zY6r2MKbYi3Mct,None,School's own,"[ ""No librarian"" ]",No,No,23,1,No,No,the school has no library,MrCRY4JkG2RtXRzjf
JABULANI THABANG PRIMARY SCHOOL,Sabelo1,false,FsbzcDthjRBqN7Zsg,None,None,,,,,,,,,MtKWmrDmPtx6hTjXm
MUZOMSHA PRIMARY SCHOOL,KHOLWANI18,false,8atDX5Lcfa8jyGzq9,,,,,,,,,,,NTo8EK8jnLkjB93Hd
IKAGE PRIMARY SCHOOL,Sympathy varified,false,RDrQLu8Pbzx2kf4Bq,None,School's own,,,,,,,,,NY3CpQoLXKGkXkq8b
BATHOKWA PRIMARY SCHOOL,SABELO VERIFIED,false,MziTaiLiQywytyNBW,School's own,School's own,"[ ""Teacher assigned as a librarian"" ]",Yes,Yes,,,Yes,Yes,,P4wqK6rnJQahfhFTr
LIVHUWANI PRIMARY SCHOOL,SABELO VERIFIED,false,7o82z6EwxsfgeCGKh,School's own,School's own,"[ ""No librarian"" ]",No,No,25,9,Yes,No,,PySjA6yQMoXAyS2z8
MOHLOLI SECONDARY SCHOOL,symps,false,hfQL8cGy5SD8ofHse,,School's own,,,,25,0,,,,Pye3fvQETS2TCPKyt
MODUOPO PRIMARY SCHOOL,Zanele V1,false,cjNtxHkjATfdW6W8X,School's own,School's own,"{ ""0"" : ""No librarian"" }",Yes,No,33,1,Yes,Yes,,Q2SemXMcpEX5NfYsD
MOKGOME SECONDARY SCHOOL,Joseph verified,false,raJvCXae3PuqRJdas,School's own,School's own,,No,No,56,,Yes,Yes,,QBmBALzw89kwmHz2B
SEOTLOANA PRIMARY SCHOOL,Zanele V1,false,EEoovc2KLMi5C4pdh,School's own,School's own,"[ ""No librarian"" ]",No,No,25,25,No,No,,Qmhp6bLYHrRTc42wc
SELIBA PRIMARY SCHOOL,Joseph verified,false,2XQP7jxrKecasvHt8,None,Unsure,,,,,,,,,RHG8484wnsaqifrig
JET NTEO SECONDARY SCHOOL,Sabelo1,false,pPXFmncvGFJ7f2k6Y,None,None,"[ ""No librarian"" ]",Yes,Yes,,,No,No,,RKz4SAhiQgbHCmTpZ
PATOGENG PRIMARY SCHOOL,Joseph verified,false,Z8eXrixt2Q2mt5wFc,School's own,None,,,,1,,,,,Rvf9JkpRBRozBsyiq
POELANO SECONDARY SCHOOL,Joseph verified,false,QW2Xkda7vxKNGbXCr,School's own,School's own,"[ ""Dedicated librarian"" ]",Yes,No,25,23,Yes,Yes,,S3LbwsmZGkiiekXEX
N'WA MHINGA PRIMARY SCHOOL,Freddy8,false,9jSBPmZafhpqhfaeM,None,School's own,,,,,,,,,S47bpHzXts94zC2ke
DITAU PRIMARY SCHOOL,Sympathy varified,false,bxjbMtkzYW2c3tEdM,School's own,None,"[ ""No librarian"" ]",No,No,,,No,No,,SDQzcRxtroyWa7uGB
DR HARRY GWALA SECONDARY SCHOOL,Tshepo3,false,qNDr439vJfkw7SPkx,None,,"[ ""No librarian"" ]",,,26,0,No,No,There is a library but its not functioning. It has been turned into a storage room,SNuf4DBJszmQrAzS4
RESIDENSIA SECONDARY SCHOOL,Symps,false,5TqkWyZtpZvWzFw6m,,School's own,"[ ""No librarian"" ]",No,No,27,27,Yes,Yes,,Sa8QfeRArxjpbStqt
EMMANGWENI PRIMARY SCHOOL,Zanele v1,false,9JM3sZLJPwRGE6eBy,School's own,None,"{ ""0"" : ""No librarian"" }",No,No,0,0,No,No,The library is combined with a grade 5 class and the books there are not used.,SeRiR2xnt35DWtRzX
NOMINI PRIMARY SCHOOL,Sabelo verified,false,QFHDRWkj5onwQmRAm,None,None,"[ ""No librarian"" ]",No,No,,,No,No,,Sue8DWeGKHPKAyQBi
HULWAZI SECONDARY SCHOOL,Tshepo1,false,Es6hBQqXjNvHbpstf,School's own,,,No,No,40,40,No,No,,Tnm69CSqqbdHg9obr
GAHLANSO PRIMARY SCHOOL,Zanele V1,false,WB3Fhqh9aXbQxm6eW,School's own,School's own,"{ ""0"" : ""Dedicated librarian"" }",No,Yes,26,0,Yes,No,,WeXHdZMumEMFyckHq
TOKELO SECONDARY SCHOOL,Joseph verified,false,iYCMjbDfdzaXvvXHb,School's own,,,,,25,,,No,The library has old books,WszeF9gAuQuHMNHLC
MAKAPANE PRIMARY SCHOOL,Joseph verified,false,7MsSrBcLvHsBaQMTs,None,,,,,26,26,,,,X4uSNwu6z2y2MdNwA
ORLANDO SECONDARY SCHOOL,SABELO VERIFIED,false,obrXAbrSoYwZn52nY,School's own,School's own,"[ ""Teacher assigned as a librarian"" ]",No,No,24,,Yes,Yes,,XKxt23fR8Fujkyiim
MOYISELA PRIMARY SCHOOL,Sabelo verified,false,LXaAcPHZ6q9FpPkkw,,School's own,"[ ""No librarian"" ]",No,No,,,Yes,Yes,,XTL9gvLr9S2MmMsjJ
BOITUMELONG SECONDARY SCHOOL,Zanele V1,false,QuButSFGHh9Drzen4,School's own,None,,No,No,50,50,Yes,No,It is used as a class.,XYLgc3p2tmFJ6nGJb
MAHLAHLE PRIMARY SCHOOL,SABELO VERIFIED,false,eh9cTpDbejPNcR4Sd,School's own,School's own,"[ ""No librarian"" ]",No,,,,,,,YLYWLt3BFmbGuRHBQ
HOFMEYR SECONDARY SCHOOL,Joseph verified,false,mvpjQpzQBH3Gyu87Y,School's own,School's own,"[ ""Dedicated librarian"" ]",No,No,24,0,Yes,No,,Z9wz3QcLwmRfGuaeT
FADIMEHA PRIMARY SCHOOL,Joseph verified,false,zay52JSEA8ZnRazf3,Unsure,Unsure,,,,25,,,,All computers don't have network,ZMuo7tqss7QrYPuwZ
LETSEMA-ILIMA PRIMARY SCHOOL,Symps,false,J72XRzhPoxYxrzoq9,School's own,,"[ ""Dedicated librarian"" ]",Yes,Yes,1,0,Yes,Yes,,ZNXsgBEk2evJkTYso
DITAWANE,Joseph verified,false,4ZZFgPYNPatxcYjzv,School's own,None,,,,,,,,,ZQpQXXcpAjvZC2ony
JORDAN SECONDARY SCHOOL,Sabelo1,false,mWXRS8huMNjwstSKe,None,None,"[ ""No librarian"" ]",No,No,,,No,No,,ZQvS49GgfM6XNnqij
SAULRIDGE SECONDARY SCHOOL,Sabelo verified,false,KCnBPmYF6NK6Fsdja,School's own,School's own,,,,,,,,,ZgR4zqFothSycL9hz
TSOELOPELE PRIMARY SCHOOL,Joseph verified,false,9T7fBAf4YR7ZXRHeJ,School's own,School's own,"[ ""No librarian"" ]",No,No,25,25,No,Yes,,ZrghZT93L2bSWSofg
INKONJANE JUNIOR SECONDARY SCHOOL,Freddy3,false,A8hTwtFwF6heLaC5R,None,None,"[ ""Teacher assigned as a librarian"" ]",No,No,,,Yes,Yes,,Zyuc4wPBmxQPcNyjF
NTSELE PRIMARY SCHOOL,Sabelo1,false,4qGmGASjtzC73oxTN,None,None,,,,,,,,,aQ4BMeoFWmo4HrHqF
KHULA SIZWE PRIMARY SCHOOL,Freddy7,false,ENJnzD5rBKvEM2mzm,None,None,,,,,,,,,ayNNoGKj3iCnECzSg
ITSEBENG PRIMARY SCHOOL,SABELO1,false,cYC77Ety2yi4uaD6m,,,"[ ""No librarian"" ]",No,No,,,No,No,,bAExKd8RN5BhHzb3z
ZIMISELE SECONDARY SCHOOL,Pontsho3,false,cusvDPdE4dcbLnb4o,None,School's own,"{ ""0"" : ""No librarian"" }",No,Yes,,,No,No,,bEf9GjYAyqAqY3bhw
TSWELOPELE SECONDARY SCHOOL,Zanele V1,false,vsQCjrd2R9f9RKt35,School's own,,"[ ""Teacher assigned as a librarian"" ]",No,No,0,0,Yes,No,Limited books,bHZpmA7SpQzx29CQk
GEORGE MBILASE PRIMARY SCHOOL,Joseph,false,wkmP4ZkuD4mg2Ns67,School's own,None,"[ ""Teacher assigned as a librarian"" ]",No,No,,,Yes,Yes,,bMEYkfLEMjEHiTFux
TLHOLO INTERMEDIATE SCHOOL,Joseph1,false,uTHvZKzmRGeiaFAQr,School's own,School's own,"[ ""Teacher assigned as a librarian"" ]",No,No,15,15,Yes,Yes,,bPfY5thaXn4EAdkXw
BUD MBELLE PRIMARY SCHOOL,SABELO VERIFIED,false,gnz69GqjyfGs28psr,None,None,,,,,,,,,bf5Ltec4dXsz7pEX9
BOPASENATLA SECONDARY SCHOOL,Joseph verified,false,6r6mP3os62tskRFaQ,School's own,School's own,"[ ""Teacher assigned as a librarian"" ]",No,No,25,18,Yes,Yes,,cDYo2z98FGZzNHPMM
QUANTUM SECONDARY SCHOOL,Tshepo2,false,mheAvmab8LTrNa7Zw,School's own,None,"{ ""0"" : ""No librarian"" }",No,No,0,0,Yes,No,,cQQF5juB8JG3jNbNs
GOVAN MBEKI PRIMARY SCHOOL,Sabelo verified,false,7eLeRJ3hFLxn6xNyh,School's own,School's own,,,Yes,,25,Yes,Yes,,dBu8rGN6ZLKj4rb4e
CAIPHUS NYOKA SECONDARY SCHOOL,Tshepo4,false,3qHfLdSykWcjzw5u2,School's own,School's own,"[ ""No librarian"" ]",Yes,No,25,,Yes,Yes,,dLHdmSdFbLWF2kJqy
THETHA SECONDARY SCHOOL,SABELO VERFIED,false,bHo3zCjkPw5r2Hpao,,,"[ ""No librarian"" ]",No,No,,,Yes,Yes,,dnFyeB4sC6kfmj2Q6
LEBONE PRIMARY SCHOOL,KHOLWANI7,false,zRoQzJpRmyySAqMDo,School's own,School's own,"{ ""0"" : ""Teacher assigned as a librarian"" }",Yes,Yes,25,0,Yes,No,,drsWF9n9G7CxbrANB
MASIQHAKAZE SECONDARY SCHOOL,V1,false,fCFhKx6B39cC56vQF,None,School's own,"{ ""0"" : ""No librarian"" }",No,Yes,11,11,No,No,,e6s5EEf389EeLo6Tz
THOPODI PRIMARY SCHOOL,SABELO VERIFIED,false,7NRdyCsgeJrJytbyv,,,"[ ""Dedicated librarian"" ]",Yes,No,1,1,Yes,Yes,,eaN2HpTXfZTyuJHLY
LEHLASEDI PRIMARY SCHOOL,Sabelo1,false,zZ5GWBoNLrLxW2he8,None,None,,,,,,,,,efr9txWNfPHw3AhD7
PHAMEHLO PRIMARY SCHOOL,Symps,false,Z7HWQsDZJMvcGznxN,School's own,,"[ ""Teacher assigned as a librarian"" ]",,No,25,0,Yes,Yes,,eg2P5ZFGTcwctmdcA
MENZI PRIMARY SCHOOL,Sympathy varified,false,hum4hpCwCbQd8TYw2,Unsure,Unsure,"[ ""Teacher assigned as a librarian"" ]",No,Yes,1,0,Yes,Yes,"Ok, only computer is used for admin",eqJ28tbWRDYX6YPkp
GOROGANG PRIMARY SCHOOL,Pontsho5,false,DQQbCLcJagvotKrHe,School's own,School's own,"{ ""0"" : ""Teacher assigned as a librarian"" }",No,No,25,0,Yes,Yes,The school doesn't have internet connection,fkuEy7WKs5HL2NM6z
INXIWENI PRIMARY SCHOOL,Freddy8,false,c9TT7mWcaML7nFihp,,,"[ ""Dedicated librarian"" ]",Yes,Yes,,,Yes,Yes,,g2zngXhSLP6Xe7qtg
STEVE BIKO PRIMARY SCHOOL,Zanele V1,false,4duDfi58MQqMmz56a,None,None,,,,,,,,,g6orxjw6EmCqYup83
LETSIE PRIMARY SCHOOL,KHOLWANI8,false,FcgMpSQBfR37xRiXT,,,,,,,,,,,gPuKrSrjRHYQAhofp
TIYANI Junior secondary SCHOOL,SABELO VERIFIED,false,PKpqpsrfTb4wL5dRt,None,None,,No,No,,,No,No,,gZKefKr3T7kQ7yZdd
WESTFIELDS PRIMARY SCHOOL,SABELO 1,false,QMroZbmcvywsj6W8x,School's own,None,,No,,19,0,,,,ghEZdTPoThhpWNWiw
LERESCHE PRIMARY SCHOOL,Joseph verified,false,pNyRP7GWjefzBAssP,School's own,School's own,,,,24,,,,,giGaTXuXxZQxCGaMd
LUKHOLWENI PRIMARY SCHOOL,Joseph verified,false,ijrCarEgrPBQgezLA,None,None,,,,,,,,,gpABZNKAeZxGARLNE
LETSATSING COMBINED SCHOOL,SABELO 1,false,q8mvBvEG9u9gyqd5w,School's own,School's own,"[ ""Teacher assigned as a librarian"" ]",No,No,,,No,No,,hBG3H9epZYnScCbtp
LOTUS GARDENS PRIMARY SCHOOL,Joseph verified,false,hygyd4xxFC3Jkp2qw,School's own,None,"[ ""Dedicated librarian"" ]",No,No,,,Yes,No,,hJppCjP9YgzQPhsxp
ZENZELENI PRIMARY SCHOOL,Sympathy Varification,false,4HEFZaNYckY9MK5Hy,None,School's own,,,,,,,,,hTroeBPPurCSNxDGe
KAMOHELO PUBLIC SCHOOL,Joseph,false,k3cmfHyFjxNkp4P8p,None,School's own,,,,25,25,,,,hk4XMrnHxTastfL7s
TSITSIBOGA PRIMARY SCHOOL,SABELO1,false,8brvZ5dubEx3oeAH7,None,None,,,,25,25,,,,hrfAaJLuuBvdukdf9
HLANGANANI PRIMARY SCHOOL,Test Adam,false,uDMXmA6Mw6qCBeFYo,,,,,,,,,,,ieCAKYPDiJ8dGueXc
TSIMONG PRIMARY SCHOOL,KHOLWANI19,false,dLJZy3LRadpgaP3Zd,,,"[ ""No librarian"" ]",No,Yes,,,Yes,Yes,,jR3LMPDnnHi7xvLcp
THEMBALIKAZULU PRIMARY SCHOOL,KHOLWANI10,false,y8ji48g98D3g2STBo,None,School's own,"{ ""0"" : ""Dedicated librarian"", ""1"" : ""Teacher assigned as a librarian"" }",Yes,Yes,1,0,Yes,Yes,,jSDZSbr7cMPKgibe7
zitha primary,sabelo1,false,fkNdLireGrr5frHrh,School's own,School's own,"[ ""Dedicated librarian"" ]",Yes,Yes,40,,Yes,Yes,,k652o58moXsybbDfm
NQUBELA PRIMARY SCHOOL,Sympathy Varified,false,75DPoihuipw4WME5E,School's own,School's own,"[ ""No librarian"" ]",No,No,0,0,Yes,No,,mobhBo8uKGxkvNsjR
SAPPHIRE SECONDARY SCHOOL,Joseph verified,false,G4QqtDcxPGEDtWMgt,School's own,School's own,"[ ""Teacher assigned as a librarian"" ]",Yes,No,25,0,Yes,Yes,,mu6wNPMzZ754NLLnE
KHOMANANI PRIMARY SCHOOL,SABELO VERIFIED,false,o7k9cyYm2n8ZbLu3b,School's own,School's own,"[ ""Dedicated librarian"" ]",,,25,,Yes,Yes,,myEbntbNmwtRJAXXn
TSIETSI MASHININI PRIMARY SCHOOL,Sympathy varified,false,vWQHZLyemumny5qDs,School's own,School's own,"[ ""Teacher assigned as a librarian"" ]",Yes,No,25,25,Yes,Yes,,n9gEojJ6K5eKYJ4c2
KGOLAGANO PRIMARY SCHOOL,Joseph verified,false,STEid29a4tYHAxsrk,School's own,School's own,"[ ""Teacher assigned as a librarian"" ]",No,Yes,29,20,Yes,Yes,,o6KRqZ8m5YyPCmxEu
ENDULWENI PRIMARY SCHOOL,Joseph verified,false,M5pNe4FkhjhD3fZhd,School's own,None,"[ ""Unsure"" ]",No,Yes,,,Yes,Yes,,ocFaNqXzeBvD5hiAZ
PHUTHADITSHABA PRIMARY SCHOOL,SABELO VERIFIED,false,pFjFrA3RWGvxXf6tY,School's own,School's own,"[ ""Dedicated librarian"" ]",No,No,25,25,Yes,Yes,,ojqksxwnmxWXpM8n6
LESHATA SECONDARY SCHOOL,Sabelo verified,false,T5z8EE4XM7tQtsA62,,School's own,"[ ""Teacher assigned as a librarian"" ]",No,No,,,Yes,Yes,,opzRuPL9N8RSzCNsi
PHUTHULLA PRIMARY SCHOOL,Sabelo1,false,bLfJRamaA9SLG5YPp,,,,,,,,,,,pRKnFJGLubdAiTZEy
DINOTO TECHNICAL SECONDARY SCHOOL,Tshepo3,false,MkTootwL5qpaisQXC,School's own,School's own,"[ ""Dedicated librarian"" ]",No,No,24,24,Yes,Yes,,pqm6NksjcwAhrDwyH
THUTHUKA PRIMARY SCHOOL,SABELO VERIFIED,false,fafSA3SMaQtEqhPhK,School's own,School's own,"[ ""Dedicated librarian"" ]",No,No,25,25,Yes,Yes,,q7rLbRb4nxtPxfoSc
THOHO-YA-NDOU PRIMARY SCHOOL,Joseph verified,false,JHPtcEaDE6RxjydME,School's own,School's own,"[ ""Teacher assigned as a librarian"" ]",No,No,25,25,Yes,Yes,,q7vvj7t7uptnim45G
FRED HABEDI PRIMARY SCHOOL,Pontsho11,false,7ZY2JdumGhBsYpxBX,School's own,School's own,"[ ""Dedicated librarian"" ]",Yes,Yes,1,1,Yes,Yes,The number of computers allocated there they are only used at the library.,qCqx8rN4JLCHpEwF4
ENTSHONALANGA PRIMARY SCHOOL,SABELO VERIFIED,false,uHsPYYBdxd8bHybu9,School's own,School's own,,No,Yes,,,Yes,Yes,,qYqekSfSRExjXJrGM
WINNIE MANDELA PRIMARY SCHOOL,SABELO VERIFIED,false,5ziRzheYMeuXyop8w,,,,,,,,,,,qqTGPEnmDQRrarBSw
PHORORONG PRIMARY SCHOOL,Joseph,false,JwrhuSJkyxWm8CifD,None,Shared with other school,,,,26,26,,,,qs4DrHmATWN59Tptg
GORDON PRIMARY SCHOOL,SFISO V1,false,pR4v4Dia6cLJ4sKAD,School's own,,"{ ""0"" : ""Dedicated librarian"" }",No,Yes,52,24,Yes,Yes,,qsXPNNQE3pWkdTbfb
MADUME PRIMARY SCHOOL,SABELO VERIFIED,false,ut4som53nNyagHjoM,,School's own,"[ ""No librarian"" ]",No,Yes,20,17,Yes,Yes,,r5bdwdb45e7jr6JZB
MONTSOSI PRIMARY SCHOOL,SABELO1,false,CB5LiWQ2By6Z52KqK,School's own,School's own,,,,24,,,,,rCApJ97XLJY5xuoJY
ISEKELO PRIMARY SCHOOL,Joseph verified,false,MmwzGXo5W7XSRQkJZ,None,None,,,,,,,,,rRCnvnKF3KB68xQfw
AMOS MAPHANGA SECONDARY,Tshepo3,false,4q43jPLsKXEXwTrrR,None,,,,,,,,,,ra2zX3jjBPguj6bc3
ZITHATHELE PRIMARY SCHOOL,Joseph verified,false,uAmhDXJEwPrMLXPbd,School's own,School's own,"[ ""No librarian"" ]",No,Unsure,23,,Yes,Yes,,sXauHMaoiXsoSamWK
ZAMANI PRIMARY SCHOOL,Sympathy Varified,false,YNeYtgTBRN2hNbMBE,School's own,School's own,"[ ""Teacher assigned as a librarian"" ]",No,No,,,Yes,Yes,,sfN5HAvKti5hRvPxZ
KOKOSI PRIMARY SCHOOL,Symps,false,y9bmeXt5YtpBDnrxr,,,,,,,,,,,sfgS3CrJFoTBvFQ72
INKATHA KA ZULU PRIMARY SCHOOL,Tshepo1,false,PrNPK2EsdjvWmE4TA,School's own,,"{ ""0"" : ""Dedicated librarian"" }",No,No,26,26,Yes,Yes,,srdTLx3pxML3nwKPr
TSHIRELETSO PRIMARY SCHOOL,Joseph1,false,fzEEzxm9wqPYQv93B,None,None,,,,,,,,,syBSsyuaG3J2rk8ky
QEDUSIZI PRIMARY SCHOOL,Pontsho8,false,FJ2X93knx9tsnYDer,School's own,School's own,"{ ""0"" : ""Dedicated librarian"" }",Yes,Yes,24,0,Yes,Yes,,tC7ee9TXmJ8oDEcRe
PHANDIMFUNDO SECONDARY SCHOOL,SABELO VERIFIED,false,wrXSasfLQDSb39g6E,School's own,School's own,"[ ""No librarian"" ]",No,No,,40,Yes,Yes,,tDKj5hfjzok3tbGs9
TOTOMENG PRIMARY SCHOOL,Joseph verified,false,YRBMrFSZq8o95nzLb,School's own,School's own,,No,No,25,25,No,No,The library is not yet functional.,tMjiiRvEEAsNmSJGx
CARTER PRIMARY SCHOOL,Joseph verified,false,PTxctXSAT8C5TXvxJ,School's own,None,"[ ""Unsure"" ]",Unsure,Unsure,,,Yes,Yes,,tdRzrm36MQJ2raFea
ITHUTE PRIMARY SCHOOL,Sympathy Varified,false,F6ERPCMBgFsCMjfTX,School's own,,,Unsure,Unsure,,,Yes,Unsure,,tkbM3Jp4KjPx4H5qC
IPHUTHENG PRIMARY SCHOOL,Sympathy varified,false,viG6tFdrWCYFPkkZj,School's own,,"[ ""Teacher assigned as a librarian"" ]",Yes,Yes,,,Yes,Yes,,tqMTBWRbAuYsAqATz
DR WF NKOMO SECONDARY SCHOOL,Sympathy Varified,false,CnbamZ3cND3F4y7K8,School's own,School's own,"[ ""Teacher assigned as a librarian"" ]",Yes,No,,,Yes,No,,u2mAvGSYipuFCETW2
SECHABA PRIMARY SCHOOL,KHOLWANI14,false,3weY5T8MDfp5LisgP,None,None,,,,,,,,,ufaeHuMMa97ge5aCK
TLAKULA SECONDARY SCHOOL,Sympathy Varified,false,W7r8wrmkNE7Net74f,School's own,School's own,"[ ""Teacher assigned as a librarian"" ]",No,Yes,17,0,Yes,Yes,MOST OF THE BOOKS IN THE LIBRARY ARE OLD AND SOME ARE WRITTEN IN AFRIKAANS,uiiC6LpdXHBickDqX
DUMEHLEZI INTERMEDIATE SCHOOL,Joseph verified,false,DKa3kRgDHArvE6vvZ,,,,,,1,0,,,,uvAsG8PGNZNED5pxz
HLANGABEZA PRIMARY SCHOOL,Symps,false,44nvaqmsy4vnSNjbB,,,,No,Yes,,,Yes,Yes,,uyB7xpWYkTuuhsLzS
MOSHOESHOE PRIMARY SCHOOL,Joseph verified,false,kxFsMTnrpRtLZebvN,School's own,School's own,,Yes,Yes,2,24,Yes,Yes,,vPSPXjGpC6ABc9Szc
MASISEBENZE COMPREHENSIVE SCHOOL,Zanele V1,false,P5AyWHnjhHFmD8aFE,School's own,,"[ ""Teacher assigned as a librarian"" ]",No,No,0,0,Yes,Yes,,vQsgY2cMuHRHHxN5X
ISIZIBA PRIMARY SCHOOL,V1,false,D6CghzEBiAbyuhqxZ,School's own,School's own,"{ ""0"" : ""No librarian"" }",Yes,No,45,45,Yes,Yes,,vZkChYaMACHarXWxC
MASHEMONG PRIMARY SCHOOL,Joseph verified,false,fhNjHrSajquDGaLkf,Unsure,School's own,,No,No,,,No,No,The library has been converted into a classroom.the library was converted to a class.,wfdMKsnKg56v7y6uJ
IPONTSHE PRIMARY SCHOOL,V1,false,EKmRjqKRZEFDu86Md,School's own,School's own,"[ ""Teacher assigned as a librarian"" ]",Yes,Yes,,,Yes,Yes,,x39JZC9Q749pXeEbY
OR TAMBO PRIMARY SCHOOL,Sympathy verified,false,xRT8YJd9oxs985zBJ,School's own,School's own,"[ ""Dedicated librarian"" ]",Yes,Yes,7,7,Yes,Yes,The library is in a good condition and  working well.,xp2bxhMm4Yoeu9jho
BONA COMPREHENSIVE SCHOOL,SABELO VERIFIED,false,kC9iquLSRCTKvaatg,School's own,School's own,"[ ""No librarian"" ]",No,No,0,0,Yes,Yes,,xsLXqpcynPeYTwiXE
PHOMOLONG SECONDARY SCHOOL,V1,false,2Q3gJ22ZdSwAeiC8s,School's own,School's own,"[ ""Dedicated librarian"" ]",No,,24,24,Yes,Yes,,xuTGawqPYaYusxnm8
TLHOKOMELO PRIMARY SCHOOL,Joseph1,false,ghstvXoejXptm3bwW,None,,,,,,,,,,y3Rzmw2pDYqioZ8WC
PHELINDABA SECONDARY SCHOOL,Sabelo verified,false,MvqxK989Q43h7cQw8,School's own,School's own,"[ ""Dedicated librarian"" ]",Yes,Yes,24,16,Yes,Yes,,yAYPTyMxnk5pj2zT9
KENNETH MASEKELA SECONDARY SCHOOL,Pontsho7,false,DaNmCmv8epzTgYNKT,School's own,School's own,"{ ""0"" : ""No librarian"" }",No,No,80,40,Yes,No,The school library is no longer working sometimes used as class,yuLFP8PQcXB6aAAm6
REAMOHETSOE PRIMARY SCHOOL,Sabelo verified,false,2QDxhnB8DYDyxsk72,None,None,"[ ""Teacher assigned as a librarian"" ]",No,No,,,Yes,Yes,,zpLEh72kC58ryRpxt
