school_name,survey_name,isverified,_id,hasnutritioncentre,nutritionprogram,comment,version_id
NKUMBULO SECONDARY SCHOOL,Pontsho4,false,wqEAjEpDQfdDyYXy2,Yes,Works well,,2G6DH4Aiu8dpRQyrD
UMSOBOMVU PRIMARY SCHOOL,KHOLWANI11,false,GCmtWekHjXpR9YeZb,Yes,Works well,,2Qm9dY2unum62oDu7
LEEMA-MOKOTULI PRIMARY SCHOOL,Sabelo1,false,g5hz3ejR9ZAGd3WBd,No,Works well,,2smWdy5ZETPXoRrYG
THUTO KITSO SECONDARY SCHOOL,sabelo1,false,C2yQTNAt488b6MkE9,Yes,Works well,,2zRbjDBfz4zB8Tv6q
REAGILE PRIMARY SCHOOL,Freddy11,false,exDjufifFrbW7tA7f,Yes,Works well,,3CZM6LyxfbGxQ676w
MABOELLENG PRIMARY SCHOOL,Joseph,false,KGuehx2pJbNy5HJXu,Yes,Works well,,3XdLNoiuCRA5T5Dfc
MICHAEL ZULU PRIMARY SCHOOL,Sympathy varified,false,hqA9eDNdHvWbJwaqa,Yes,Works well,Load shedding is barrier,3tbjfT8zZ2fPGfiwc
LANGAVILLE PRIMARY SCHOOL,Sympathy varified,false,5rqnLj7yMXeFbWpes,Yes,Works well,"CLEAN,HEALTHY",3uXaw9N4tJkFZKXSt
VULAMAZIBUKO PRIMARY SCHOOL,KHOLWANI20,false,newXn9dvEX7LQkRNH,Yes,Works well,,4F5Qwq5cmL34WsvHP
TEMBISA WEST SECONDARY SCHOOL,Freddy10,false,MQm3JWMJDXarPypoF,Yes,Works well,,4avNjjRgrzrEpwKMN
STRETFORD EXT 8 PRIMARY SCHOOL,Sfiso v1,false,pv2tk6wFAfP3wMfxu,Yes,Works well,,4zo5MNwbBvTPykbFg
FUNUKUKHANYA PRIMARY SCHOOL,KHOLWANI3,false,3mpwNG7ZaJ7T8Crt3,Yes,Works well,,55foHoJLBDfwGwTWD
AHA-THUTO SECONDARY SCHOOL,Sabelo verified,false,P9uwrcyie3FA7squR,Yes,Sometimes or rarely works well,,5PhvChXDzSoaBymWp
LEFA-IFA SECONDARY SCHOOL,KHOLWANE13,false,pCL9nw8Z5ZnkZYxEm,No,No nutrition program but school needs one,,5QzLWMPF8grmhh3G5
NCHABELENG PRIMARY SCHOOL,KHOLWANI9,false,vKGmCo5zuB2uGXf8N,Yes,Works well,,5iHufHeS6B2XBsHTB
MQINISWA PRIMARY SCHOOL,Joseph verified,false,rmNGoWpbTRBX5thbG,Yes,Works well,,6XmRH2cDbjXJd8Zri
PHUTHUMANI PRIMARY SCHOOL,Sympathy Varified,false,guxR3dSGurLkC932q,Yes,Works well,,6ZNqRnThWfJTjmtzh
NYIKO PRIMARY SCHOOL,Freddy9,false,2ggqPaZ8n4LLxMCPH,Yes,Works well,The nutrition centre is very clean,6cFA5fAxPtQzaP5bz
REALO  SECONDARY SCHOOL,SABELO VERIFIED,false,QMEqn2GsBJRTogNFN,Yes,Works well,,6iixm3MYropadAMjX
MELODI PRIMARY SCHOOL,Tshepo1,false,bGbp5WxTQdQapyvZ8,Yes,Works well,,6nyrh8pzbNxMHyu4J
SOZIZWE PRIMARY SCHOOL,Tshepo3,false,ZqTmteYPxoDtGjTBY,Yes,Works well,,6yXgt6quvcZfmQiWf
MATSIE STEYN PRIMARY SCHOOL,Joseph verified,false,4ZQHsJ9s4oRSqSwYk,Yes,Works well,,74LtY73iZk5nAgKN4
JOB MASEKO PRIMARY SCHOOL,KHOLWANI12,false,i2ua7YrKi3NXymYZt,Yes,Works well,,7Lt26udxHfpKtyAwY
SAKHELWE PRIMARY SCHOOL,Pontsho 10,false,ZD7qQSt7hBuDMmLyN,Yes,Works well,,7jdhLaYzWcCtFduQg
SHADRACK MBAMBO PRIMARY SCHOOL,Sympathy Varified,false,e7c2DspWe8T5XadKc,Yes,Works well,,7sAKJvmox8vK6GJBv
SIPHIWE PRIMARY SCHOOL,Zanele V1,false,dQTkjkRx3N6GztKPa,Yes,Works well,,8EkWbb3qMosGvaWyT
VEZUKHONO SECONDARY SCHOOL,Joseph,false,5J7sLRk8aCwqzghyQ,Yes,Works well,,8FucY8f4FTzL2XmhY
EMFUNDISWENI PRIMARY SCHOOL,Zanele V1,false,kXH2KpkWLrogfmkPh,Yes,Works well,,8TjXzm5mqedTkvZ5n
SEDIBENG PRIMARY SCHOOL,Zanele V1,false,NEisPH8WB8oaaE2De,Yes,Works well,,8pdqiKPuW9emmvdMA
LABAN MOTLHABI COMPREHENSIVE SCHOOL,Pontsho6,false,4duhFrfXFgjZowepD,Yes,Works well,,922NEXkq8CZy6PH7L
TSHIRELA PRIMARY SCHOOL,Joseph verified,false,T8T7ww3jBGder2ZYd,Yes,Works well,,93KanXF8i8wGs4YKw
REKGUTLILE PRIMARY SCHOOL,SABELO VERIFEID,false,WsXuFjaWS27aaS5s4,Yes,Works well,,9NYELJLrE2z96eKGu
ZITIKENI SECONDARY SCHOOL,SABELO VERIFIED,false,xMSGQPJHmRm77Ff8x,Yes,Works well,Their nutrition programme includes a variety of vegetable and fruit.,A7HS55Lmpv7eWduhv
HLABANGANE PRIMARY SCHOOL,Joseph verified,false,Bp7LCTsHJh2oHDCu9,Yes,Works well,,A9g2JXbafa9hggA23
MOSIOA PRIMARY SCHOOL,Joseph verified,false,6s5yXTappsceWwEeQ,No,Unsure,,AGiLx4gigQqYMN4fT
THEMBALIHLE PRIMARY SCHOOL,SABELO1,false,7sm4LtYxMGrDqHTke,Yes,Works well,,AHHiQixZscHdnSQpM
Radibapi Primary,sabelo,false,gvyKEiPwSc5TF3noM,Yes,Works well,,Acd6f7D8RbhpthZHN
SELELEKELA SECONDARY SCHOOL,SABELO 1,false,Zopzke3rCYFWtyo3R,Yes,Works well,,Ayck7PmsY3mNr3gZQ
LESEDI LA KRESTE ANGLICAN PRIMARY SCHOOL,Pontsho16,false,J7RdC9SPBeQPiepsT,Yes,Works well,,BL89Y49hLjtAgtj9C
DAVID HELLEN PETA SECONDARY SCHOOL,Joseph verified,false,RsARPazAftePEL78S,Yes,Works well,The nutrition centre is as an office one as a store.,BpGigPup4eyijh28x
THUTOLORE SECONDARY SCHOOL,Joseph verified,false,8krcvjZ3TsnAonRRP,Yes,Works well,,BwK89vufnm6iCSJhQ
BUHLEBEMFUNDO SECONDARY SCHOOL,Joseph verified,false,qpPqpyxyDNrwHdxCa,,,,Ch6HJ6DZmFCYxKkww
ESIKHISINI PRIMARY SCHOOL,Joseph verified,false,bYiAqRvmSXLPauW89,Yes,Works well,,CoWKa7AHpYehwgjN4
TSWELELANG PRIMARY SCHOOL,Joseph verified,false,gPuZzWitGjTGaSDLz,Yes,Works well,,Dddj3YJBuiuGmAQFQ
EMMANUEL PRIMARY SCHOOL,Joseph1,false,6KaH6yCKftzRD4Kpg,Yes,Works well,,DwG2tAAFC8W79Ckxx
MASIMINI PRIMARY SCHOOL,KHOLWANI17,false,jDLH8qea84Nhws8zL,Yes,Works well,,E7KSgcfSqaoDb5BEE
EKUKHANYISWENI PRIMARY SCHOOL,Zanele V1,false,qdNaZ2wwiFbp6vK4n,Yes,Works well,,EbrJ8dHAyrQTpSaNj
NTOKOZWENI PRIMARY SCHOOL,Pontsho12,false,4ytoP29s3eeBBjrH8,Yes,Works well,,EtHDHYs97BCxasggi
LEJOELEPUTSOA PRIMARY SCHOOL,Freddy4,false,bYaYH69Qrv9aduCCL,Yes,Works well,,EtsNuLzuvqcqdM943
DIEPDALE SECONDARY SCHOOL,Tracey v1,false,n3SuseDDQWELorXCm,Yes,Sometimes or rarely works well,,EyHGQ2ctZRGcPQ4Lc
BATLOUNG INTERMEDIATE SCHOOL,Symps,false,h7QkfZWi7CDrmWaiP,Yes,Sometimes or rarely works well,,FEAD8jBu7LbHezy2j
DR KNAK PRIMARY SCHOOL,"SABELO VERIFIED
pontsho 20",false,AcPi9eGk49itrfdEv,Yes,Works well,,FkDMg4ekjDHWExDuv
BOTLEHADI PRIMARY SCHOOL,Sabelo1,false,h2uSRfZiwomYwi4LL,No,No nutrition program but school needs one,,FpTsqHm4D3ttwK8dY
SIBONELO PRIMARY SCHOOL,Sympathy verified,false,nFcS2E5fadZYjgAH2,Yes,Works well,,GQPE7rurt9bb7DM5a
JABULILE SECONDARY SCHOOL,Zanele V1,false,Bp4wbftK2oCv5r3up,Yes,Sometimes or rarely works well,,GdT4e3QnaH2fX4vAA
O.R TAMBO SECONDARY SCHOOL,Zanele V1,false,D89RFqJiEcKQavCSk,Yes,Works well,The condition of the nutrition centre is very good and clean but they use a class.,Gfj3WRS3Y8w4dmyph
BOKAMOSO PRIMARY SCHOOL,Zanele V1,false,ngATpqWPhzFAkvA7h,Yes,Works well,,H2wSN9EFbKzeSGjCh
ZIFUNELENI JUNIOR SECONDARY  (COMB. PRIMARY) SCHOOL,SABELO VERIFIED,false,tJqGmR5FJo7yrz67q,Yes,Works well,,HE7QyZrdjZD4TwigW
ZAKHENI PRIMARY SCHOOL,Sympathy varified,false,HnuypgvTRBHNs8vLh,Yes,Works well,,HKHTs5NYM9YcNKmA3
CHARLOTTE MAXEKE SECONDARY SCHOOL,V1,false,BnTu492buQrSb9H58,Yes,Works well,The environment used is not conducive for a nutrition centre.,HMfiK9msnxvBpZRTv
MANGWELE PRIMARY SCHOOL,SABELO VERIFIED,false,xt8ei9e5qnMYjLasc,No,Works well,,HZFjNDTejF5ga78Sx
DR NHLAPO INTERMEDIATE SCHOOL,Joseph verified,false,CF3okYBX7LBMT694w,Yes,Works well,,Hjqy94n4PwNqwN5uA
KUZIMISELA PRIMARY SCHOOL,Tshepo,false,YPzYvH9ETNTgvKBEt,Yes,Works well,,HushLZncKDsTyJhfN
PHOMOLONG PRIMARY SCHOOL,Sfiso v1,false,wts3tHCumkygcttYv,Yes,Works well,,J8iGazpt3MwprEvbp
BOVET PRIMARY SCHOOL,Joseph verified,false,32CAeuCqxF5fPAqFk,Yes,Works well,,JMwctXTYdunvweNYD
SIVUSE PRIMARY SCHOOL,SABELO1,false,iiz893W4RtHchRfYb,Yes,Works well,,JeGKrkaqdgboxbxAd
BHEKIMFUNDO PRIMARY SCHOOL,Tshepo2,false,QBn2eH2iCNXYkz2hn,Yes,Works well,,JpDqQfLuuC9qJrici
KHANGEZILE PRIMARY SCHOOL,Pontsho9,false,tFWtS4L5MNWjCpFPz,Yes,Works well,,KDmkojmtPfcEEQ3vv
LEBOWA PRIMARY SCHOOL,Joseph,false,ij3mGE73K97HvauSs,Yes,Works well,,KhtEcF9mnhkNyqnW3
SELOPE-THEMA PRIMARY SCHOOL,SABELO VERIFIED,false,pduKtfrve9cLWBL4z,Yes,Works well,,Kqq9XsRqsRQM6PjGn
LEBOHANG SECONDARY SCHOOL,Sabelo1,false,62rDBj5sy97DkRqY4,Yes,Works well,,KrNZ7H2XmHuPpHRrN
DITAWANA PRIMARY SCHOOL,pontsho 21,false,Jou6WdCmtqtaqNLpX,Yes,Works well,,LBujyFwCgPkGzWSZy
EAST BANK HIGH SCHOOL,Sympathy varified,false,zZqLmqiSABs9CBroY,Yes,Works well,,LD7hazozFmAuLNBgP
TEMBISA SECONDARY SCHOOL,V1,false,NzX5menszhLKvzA9y,Yes,Works well,,LTccQvtsRbQdnvd4x
SEEISO PRIMARY SCHOOL,Joseph verified,false,5utonA8qR2wZmfBer,Yes,Works well,,LZ7sJWsXTML9asLdD
NKABINDE PRIMARY SCHOOL,KHOLWANI16,false,opioNMzmKic3tHpfE,Yes,Works well,,LrmX8FAuJMKckWE6c
KGOMOCO PRIMARY SCHOOL,Joseph1,false,7e84SdnjtDw64diBC,Yes,Works well,,METTMMRQRhoWxKdRt
TSAKANE PRIMARY SCHOOL,Sympathy Varified,false,XwtzRxQaZw3evQSwo,Yes,Works well,,MYuCFef7Fjt8yRX8d
KGALEMA PRIMARY SCHOOL,Tshepo3,false,uuyQBGDgPNKkrCBy7,Yes,Works well,,MYybcL4ntNLDfPjZt
JABULANI THABANG PRIMARY SCHOOL,Sabelo1,false,wSd7WdBvsGMk7a3k4,Yes,Works well,,MtKWmrDmPtx6hTjXm
MUZOMSHA PRIMARY SCHOOL,KHOLWANI18,false,8TCk2GFaAZZj3cB2S,Yes,Works well,,NTo8EK8jnLkjB93Hd
IKAGE PRIMARY SCHOOL,Sympathy varified,false,4ZPdnFAXjhDrzrqaH,Yes,Works well,,NY3CpQoLXKGkXkq8b
LIVHUWANI PRIMARY SCHOOL,SABELO VERIFIED,false,fyLWGnDBp5MoNTQzk,Yes,Works well,,PySjA6yQMoXAyS2z8
MOHLOLI SECONDARY SCHOOL,symps,false,NwEarHur4W8s3qjYr,Yes,Works well,,Pye3fvQETS2TCPKyt
MODUOPO PRIMARY SCHOOL,Zanele V1,false,DtNYvTdt5hP2AsXut,Yes,Works well,They have  nutrition programme for everyday of the week.,Q2SemXMcpEX5NfYsD
MOKGOME SECONDARY SCHOOL,Joseph verified,false,u2LturDS4wE6bBogJ,Yes,Works well,,QBmBALzw89kwmHz2B
SEOTLOANA PRIMARY SCHOOL,Zanele V1,false,T2TGSnMgQGEQXTeAW,Yes,Works well,,Qmhp6bLYHrRTc42wc
ROLIHLAHLA PRIMARY SCHOOL,Tshepo2,false,oXWPa7PMu3YjhAwv8,Yes,Works well,,Qzm8u4imxajBRWLE5
SELIBA PRIMARY SCHOOL,Joseph verified,false,RNbA6Geapx5Azk5Yc,Yes,Works well,,RHG8484wnsaqifrig
JET NTEO SECONDARY SCHOOL,Sabelo1,false,w3LB5tJQCaXJzTLyM,No,,,RKz4SAhiQgbHCmTpZ
PATOGENG PRIMARY SCHOOL,Joseph verified,false,CMDq7PsY7zv8B4Qsw,Yes,Works well,,Rvf9JkpRBRozBsyiq
POELANO SECONDARY SCHOOL,Joseph verified,false,H68ncArp8areAfsjf,Yes,Works well,,S3LbwsmZGkiiekXEX
N'WA MHINGA PRIMARY SCHOOL,Freddy8,false,AK39XqMhmj3hfznv8,Yes,Sometimes or rarely works well,,S47bpHzXts94zC2ke
DITAU PRIMARY SCHOOL,Sympathy varified,false,o2ye7dsFPfoSBSTq4,No,Works well,,SDQzcRxtroyWa7uGB
DR HARRY GWALA SECONDARY SCHOOL,Tshepo3,false,9BhSKHyRgbeG2mz2p,Yes,Works well,,SNuf4DBJszmQrAzS4
RESIDENSIA SECONDARY SCHOOL,Symps,false,e3REbaYCiadSWNhcB,Yes,Works well,,Sa8QfeRArxjpbStqt
EMMANGWENI PRIMARY SCHOOL,Zanele v1,false,XJ2pmhRLGumD279S6,Yes,Works well,The nutrition is in a good condition at its own separate place and it works well.,SeRiR2xnt35DWtRzX
NOMINI PRIMARY SCHOOL,Sabelo verified,false,HoJyeDomjiQeQ3pfX,Yes,,,Sue8DWeGKHPKAyQBi
HULWAZI SECONDARY SCHOOL,Tshepo1,false,ic79AKKoKs9HLzSNC,Yes,Works well,,Tnm69CSqqbdHg9obr
GAHLANSO PRIMARY SCHOOL,Zanele V1,false,pSBt2qbMNho5sf4SN,Yes,Works well,,WeXHdZMumEMFyckHq
TOKELO SECONDARY SCHOOL,Joseph verified,false,KgF4pNuDNdQXgsa2X,Yes,Works well,,WszeF9gAuQuHMNHLC
MAKAPANE PRIMARY SCHOOL,Joseph verified,false,QzTkXT4jgwnkqFDQh,Yes,Works well,,X4uSNwu6z2y2MdNwA
ORLANDO SECONDARY SCHOOL,SABELO VERIFIED,false,QvWksFuRkEz9wWT63,Yes,Works well,,XKxt23fR8Fujkyiim
MOYISELA PRIMARY SCHOOL,Sabelo verified,false,MjsQfJiKLkudQdmJH,Yes,Works well,,XTL9gvLr9S2MmMsjJ
BOITUMELONG SECONDARY SCHOOL,Zanele V1,false,hJ2x3rjTrb9Kght3n,Yes,Sometimes or rarely works well,,XYLgc3p2tmFJ6nGJb
MAHLAHLE PRIMARY SCHOOL,SABELO VERIFIED,false,bbi9kupvyHCmfRHuL,Yes,Works well,,YLYWLt3BFmbGuRHBQ
HOFMEYR SECONDARY SCHOOL,Joseph verified,false,mEj87ShutkNv8P6Kn,No,No nutrition program but school needs one,,Z9wz3QcLwmRfGuaeT
FADIMEHA PRIMARY SCHOOL,Joseph verified,false,kd8rH85f3yK4ntvBR,Yes,Works well,"It's clean, but has no kitchen and sink",ZMuo7tqss7QrYPuwZ
LETSEMA-ILIMA PRIMARY SCHOOL,Symps,false,ucbvgzG2MsiHnXQXJ,Yes,Works well,,ZNXsgBEk2evJkTYso
DITAWANE,Joseph verified,false,oa2MSweamqzPtgYFL,Yes,Works well,,ZQpQXXcpAjvZC2ony
JORDAN SECONDARY SCHOOL,Sabelo1,false,C4guMF9JsbjjLKz2n,Yes,Works well,,ZQvS49GgfM6XNnqij
SAULRIDGE SECONDARY SCHOOL,Sabelo verified,false,C7cR58r2TqvnFXpcB,Yes,Works well,,ZgR4zqFothSycL9hz
TSOELOPELE PRIMARY SCHOOL,Joseph verified,false,qiTPepFLN9uGECfcy,Yes,Works well,,ZrghZT93L2bSWSofg
INKONJANE JUNIOR SECONDARY SCHOOL,Freddy3,false,75M5ibvLhwwjJ5wLH,Yes,Works well,,Zyuc4wPBmxQPcNyjF
MVELAPHANDA PRIMARY SCHOOL,Freddy9,false,97aMqK2qfMZrDSHB9,Yes,Works well,,aMRD37JGNEmrz9FZ9
NTSELE PRIMARY SCHOOL,Sabelo1,false,HAvz2XGDgAXNS6xzz,Yes,Sometimes or rarely works well,,aQ4BMeoFWmo4HrHqF
KHULA SIZWE PRIMARY SCHOOL,Freddy7,false,guT6p5pPdwr3FDYYW,Yes,Works well,,ayNNoGKj3iCnECzSg
ITSEBENG PRIMARY SCHOOL,SABELO1,false,5XRMNdW4niiJkrxLF,Yes,Works well,,bAExKd8RN5BhHzb3z
ZIMISELE SECONDARY SCHOOL,Pontsho3,false,KXv9QpE52myapphqT,No,Works well,,bEf9GjYAyqAqY3bhw
GEORGE MBILASE PRIMARY SCHOOL,Joseph,false,bXEKBA8WswYbuMsuz,Yes,Works well,,bMEYkfLEMjEHiTFux
TLHOLO INTERMEDIATE SCHOOL,Joseph1,false,MLuAgti6vArbn8ZN2,Yes,Works well,,bPfY5thaXn4EAdkXw
BUD MBELLE PRIMARY SCHOOL,SABELO VERIFIED,false,sGxs4Z4Dq6cqdHccm,Yes,Works well,,bf5Ltec4dXsz7pEX9
BOPASENATLA SECONDARY SCHOOL,Joseph verified,false,S3piyMJrFPdputFTE,Yes,Sometimes or rarely works well,,cDYo2z98FGZzNHPMM
QUANTUM SECONDARY SCHOOL,Tshepo2,false,FMgntr8msMzc6mKq7,Yes,No nutrition program necessary,,cQQF5juB8JG3jNbNs
GOVAN MBEKI PRIMARY SCHOOL,Sabelo verified,false,gvLfft4qFzAwhN5gs,Yes,Works well,,dBu8rGN6ZLKj4rb4e
CAIPHUS NYOKA SECONDARY SCHOOL,Tshepo4,false,aJW6K9FcgzSX67qq3,Yes,Works well,,dLHdmSdFbLWF2kJqy
THETHA SECONDARY SCHOOL,SABELO VERFIED,false,GFxkuzKGKZf5YRHFh,Yes,Sometimes or rarely works well,,dnFyeB4sC6kfmj2Q6
LEBONE PRIMARY SCHOOL,KHOLWANI7,false,3aaaA5oXBpPyyCiYg,Yes,Works well,,drsWF9n9G7CxbrANB
MASIQHAKAZE SECONDARY SCHOOL,V1,false,PQcesLSBri7tYLjQF,Yes,Works well,,e6s5EEf389EeLo6Tz
THOPODI PRIMARY SCHOOL,SABELO VERIFIED,false,EkCrHeJPuCA9G4tKR,Yes,Works well,,eaN2HpTXfZTyuJHLY
LEHLASEDI PRIMARY SCHOOL,Sabelo1,false,rEGkioico7Bq4LYLp,Yes,Works well,,efr9txWNfPHw3AhD7
PHAMEHLO PRIMARY SCHOOL,Symps,false,vwF2GFZucuaMJ9SK4,Yes,No nutrition program but school needs one,,eg2P5ZFGTcwctmdcA
MENZI PRIMARY SCHOOL,Sympathy varified,false,FL9RoEn4ce6wMdmF7,Yes,Works well,,eqJ28tbWRDYX6YPkp
GOROGANG PRIMARY SCHOOL,Pontsho5,false,mxRLKQeStZshNESKr,Yes,Works well,,fkuEy7WKs5HL2NM6z
INXIWENI PRIMARY SCHOOL,Freddy8,false,LwJhJRjMRHAZ34yxw,Yes,Works well,,g2zngXhSLP6Xe7qtg
STEVE BIKO PRIMARY SCHOOL,Zanele V1,false,qP8eFRLohEyGQgRCr,Yes,Works well,,g6orxjw6EmCqYup83
LETSIE PRIMARY SCHOOL,KHOLWANI8,false,GGm5WZKwjJkfsy2WC,Yes,Works well,,gPuKrSrjRHYQAhofp
TIYANI Junior secondary SCHOOL,SABELO VERIFIED,false,9z7zN2MrhHD9hHYsW,Yes,Works well,,gZKefKr3T7kQ7yZdd
WESTFIELDS PRIMARY SCHOOL,SABELO 1,false,pPrFXtJquxcf54LxS,No,No nutrition program necessary,,ghEZdTPoThhpWNWiw
LERESCHE PRIMARY SCHOOL,Joseph verified,false,zfFDxxE95QHcutWjQ,Yes,Works well,,giGaTXuXxZQxCGaMd
LUKHOLWENI PRIMARY SCHOOL,Joseph verified,false,P35X245PzM7kkHLB3,Yes,Works well,,gpABZNKAeZxGARLNE
LETSATSING COMBINED SCHOOL,SABELO 1,false,XpHQ8fSKebR3rnJ4F,Yes,Works well,,hBG3H9epZYnScCbtp
LOTUS GARDENS PRIMARY SCHOOL,Joseph verified,false,ZsQEfMkJAGNKAMhNw,Yes,Works well,,hJppCjP9YgzQPhsxp
ZENZELENI PRIMARY SCHOOL,Sympathy Varification,false,KqqJpXTDNYZAkKRRw,Yes,Works well,,hTroeBPPurCSNxDGe
KAMOHELO PUBLIC SCHOOL,Joseph,false,WgdHWfTWPgeuE3wpD,Yes,Works well,,hk4XMrnHxTastfL7s
TSITSIBOGA PRIMARY SCHOOL,SABELO1,false,saEwayWtZhZbmaWi7,Yes,Works well,,hrfAaJLuuBvdukdf9
TSIMONG PRIMARY SCHOOL,KHOLWANI19,false,L7FBv7KwCH5nyCXHL,Yes,Works well,,jR3LMPDnnHi7xvLcp
THEMBALIKAZULU PRIMARY SCHOOL,KHOLWANI10,false,txcA6oQWFSaizQyC2,Yes,Works well,THEY ALWAYS COOK SOYA(FOOD IMPROVEMENTS,jSDZSbr7cMPKgibe7
NQUBELA PRIMARY SCHOOL,Sympathy Varified,false,qmdmsHsRmAD2FPsPs,Yes,Works well,,mobhBo8uKGxkvNsjR
SAPPHIRE SECONDARY SCHOOL,Joseph verified,false,F2XBuhhkm8KGcLRBh,Yes,Works well,,mu6wNPMzZ754NLLnE
KHOMANANI PRIMARY SCHOOL,SABELO VERIFIED,false,gTcwBSDH6opRkmhXK,Yes,Works well,,myEbntbNmwtRJAXXn
TSIETSI MASHININI PRIMARY SCHOOL,Sympathy varified,false,2dZXKjLorCzp6wfwe,Yes,Works well,,n9gEojJ6K5eKYJ4c2
KGOLAGANO PRIMARY SCHOOL,Joseph verified,false,hoPcXL3nbaXLPeRrf,Yes,Works well,,o6KRqZ8m5YyPCmxEu
ENDULWENI PRIMARY SCHOOL,Joseph verified,false,HuXgNkxBjqNZnfXLM,Yes,Works well,,ocFaNqXzeBvD5hiAZ
PHUTHADITSHABA PRIMARY SCHOOL,SABELO VERIFIED,false,sY6t97k7s29DZeinL,Yes,Works well,,ojqksxwnmxWXpM8n6
LESHATA SECONDARY SCHOOL,Sabelo verified,false,atXNyQgNds9TuzDQK,Yes,Sometimes or rarely works well,,opzRuPL9N8RSzCNsi
PHUTHULLA PRIMARY SCHOOL,Sabelo1,false,BJurndDgT8iGChHjg,,Works well,,pRKnFJGLubdAiTZEy
DINOTO TECHNICAL SECONDARY SCHOOL,Tshepo3,false,8pRYKeGH7tFbZz4BQ,Yes,Works well,,pqm6NksjcwAhrDwyH
THUTHUKA PRIMARY SCHOOL,SABELO VERIFIED,false,9DuNoke3Fz7jiXc5y,Yes,Works well,,q7rLbRb4nxtPxfoSc
THOHO-YA-NDOU PRIMARY SCHOOL,Joseph verified,false,aJ98Wn8hfkfeRRfhY,Yes,Works well,,q7vvj7t7uptnim45G
FRED HABEDI PRIMARY SCHOOL,Pontsho11,false,MEizEFQSH6nndgNgA,Yes,Works well,They cook everyday and they cook healthy food,qCqx8rN4JLCHpEwF4
ENTSHONALANGA PRIMARY SCHOOL,SABELO VERIFIED,false,8yhSDmbChF637upqP,Yes,Works well,,qYqekSfSRExjXJrGM
WINNIE MANDELA PRIMARY SCHOOL,SABELO VERIFIED,false,WTdYwwWzin5cz55dJ,Yes,Works well,,qqTGPEnmDQRrarBSw
PHORORONG PRIMARY SCHOOL,Joseph,false,aXRhf4coypehSEnQE,Yes,Works well,,qs4DrHmATWN59Tptg
GORDON PRIMARY SCHOOL,SFISO V1,false,Dw4TZW5QQhXSXmQYg,Yes,Works well,,qsXPNNQE3pWkdTbfb
MADUME PRIMARY SCHOOL,SABELO VERIFIED,false,3BEtuZKZGoGndoxHt,Yes,Works well,,r5bdwdb45e7jr6JZB
MONTSOSI PRIMARY SCHOOL,SABELO1,false,PDfQjyBZcdoEcx4Py,No,No nutrition program but school needs one,,rCApJ97XLJY5xuoJY
ISEKELO PRIMARY SCHOOL,Joseph verified,false,rFJKputxZMmgLXEWr,Yes,Works well,,rRCnvnKF3KB68xQfw
AMOS MAPHANGA SECONDARY,Tshepo3,false,S9zEM3CLF7Lk32twc,Yes,Works well,,ra2zX3jjBPguj6bc3
MOGOGODI PRIMARY SCHOOL,Joseph1,false,REw6QtppCbnNAb5Fc,Yes,Sometimes or rarely works well,"there's no electricity in the nutrition room, and they fetch water outside.",rgipwMLK9skQK2EuA
ZITHATHELE PRIMARY SCHOOL,Joseph verified,false,Hk9rBr7rWywurckAc,Yes,Works well,,sXauHMaoiXsoSamWK
ZAMANI PRIMARY SCHOOL,Sympathy Varified,false,W42pGoiQFj3N5z7Bc,Yes,Works well,,sfN5HAvKti5hRvPxZ
KOKOSI PRIMARY SCHOOL,Symps,false,7ws8L6G8gvhkZrbYe,Yes,Sometimes or rarely works well,It is a stark not big enough for six staff,sfgS3CrJFoTBvFQ72
INKATHA KA ZULU PRIMARY SCHOOL,Tshepo1,false,tPeyxYyM3JnEazZeN,Yes,Works well,,srdTLx3pxML3nwKPr
TSHIRELETSO PRIMARY SCHOOL,Joseph1,false,A5ciAEJyBkovhSFnD,Yes,Works well,,syBSsyuaG3J2rk8ky
QEDUSIZI PRIMARY SCHOOL,Pontsho8,false,AKt4AvBhw7oQjjxMy,Yes,Works well,,tC7ee9TXmJ8oDEcRe
PHANDIMFUNDO SECONDARY SCHOOL,SABELO VERIFIED,false,yta2ckAHJBdse369u,Yes,Works well,,tDKj5hfjzok3tbGs9
TOTOMENG PRIMARY SCHOOL,Joseph verified,false,EoA2ZsMcTvCKucnsr,Yes,Works well,The ceiling is falling,tMjiiRvEEAsNmSJGx
CARTER PRIMARY SCHOOL,Joseph verified,false,8oKyWrXqsZXZYMbBb,Yes,Works well,,tdRzrm36MQJ2raFea
ITHUTE PRIMARY SCHOOL,Sympathy Varified,false,67cuyY9xNJptQjtcw,Yes,Works well,,tkbM3Jp4KjPx4H5qC
IPHUTHENG PRIMARY SCHOOL,Sympathy varified,false,rCMnEJynET5AHECMT,Yes,Works well,,tqMTBWRbAuYsAqATz
DR WF NKOMO SECONDARY SCHOOL,Sympathy Varified,false,REZG28JuYPa44ttn9,Yes,Works well,,u2mAvGSYipuFCETW2
SECHABA PRIMARY SCHOOL,KHOLWANI14,false,zcDn5sEChSDp2d8uk,Yes,,,ufaeHuMMa97ge5aCK
TLAKULA SECONDARY SCHOOL,Sympathy Varified,false,yZ8AvkZ3476fW7ABT,Yes,Works well,THE EQUALISERS ARE HAPPY WITH THE SCHOOL NUTRIITION CENTRE,uiiC6LpdXHBickDqX
DUMEHLEZI INTERMEDIATE SCHOOL,Joseph verified,false,eiREjxYGfsxw3MaL6,Yes,Sometimes or rarely works well,,uvAsG8PGNZNED5pxz
HLANGABEZA PRIMARY SCHOOL,Symps,false,8faZTz4wLJ9xXAkoA,Yes,Works well,,uyB7xpWYkTuuhsLzS
MOSHOESHOE PRIMARY SCHOOL,Joseph verified,false,Ncc4c5C5dw4Gn4ERC,Yes,Works well,,vPSPXjGpC6ABc9Szc
MASISEBENZE COMPREHENSIVE SCHOOL,Zanele V1,false,xAE9GeTBeZk6u5XzL,No,No nutrition program but school needs one,,vQsgY2cMuHRHHxN5X
ISIZIBA PRIMARY SCHOOL,V1,false,gLxbutyX9wBm93kpM,Yes,Works well,,vZkChYaMACHarXWxC
MASHEMONG PRIMARY SCHOOL,Joseph verified,false,3NrbrFBNN89EsDg2a,Yes,Works well,,wfdMKsnKg56v7y6uJ
OR TAMBO PRIMARY SCHOOL,Sympathy verified,false,xreJ7eACZhSquxFS7,Yes,Works well,The condition is very good but they use a class as nutrition centre.,xp2bxhMm4Yoeu9jho
BONA COMPREHENSIVE SCHOOL,SABELO VERIFIED,false,22taof3nhiTcie74X,Yes,Works well,,xsLXqpcynPeYTwiXE
PHOMOLONG SECONDARY SCHOOL,V1,false,sQn7mtRveP37tMyGH,Yes,Works well,,xuTGawqPYaYusxnm8
TLHOKOMELO PRIMARY SCHOOL,Joseph1,false,d9sMwdob9wB23CoDn,Yes,Works well,,y3Rzmw2pDYqioZ8WC
PHELINDABA SECONDARY SCHOOL,Sabelo verified,false,Avsu5GbDXMAmXx55c,Yes,Works well,,yAYPTyMxnk5pj2zT9
KENNETH MASEKELA SECONDARY SCHOOL,Pontsho7,false,Xv6qcHPbqm6Dagv3k,Yes,Works well,,yuLFP8PQcXB6aAAm6
REAMOHETSOE PRIMARY SCHOOL,Sabelo verified,false,c59KfgMhXYJL9BZxn,Yes,Works well,,zpLEh72kC58ryRpxt
