school_name,survey_name,isverified,_id,totalnumberofcleaningstaff,accesstosoap,accesstotoiletpaper,accesstosanitarypads,totalnumberoftoiletblocks,disabledtoilets,watersupply,watersupplycondition,comment,version_id
LEBOHANG SECONDARY SCHOOL,Sabelo1,false,2EiAGRNmdBzZ8MAzd,,Soap is at the sink,,,,zero,,There is a regular water supply,,KrNZ7H2XmHuPpHRrN
ZIMISELE SECONDARY SCHOOL,Pontsho3,false,3gXMg8bGNFkmbMmCP,6,No access,No access,Ask a teacher or administrator,5,zero,"{ ""0"" : ""Municipal water supply"" }",There is a regular water supply,The number of maintenance staff includes 2 caretakers. There are 4 toilet blocks for students and one toilet block for teachers,bEf9GjYAyqAqY3bhw
HULWAZI SECONDARY SCHOOL,Tshepo1,false,3mpYccrhwsiepBR9L,,No access,No access,No access,2,zero,"{ ""0"" : ""Municipal water supply"" }",Sometimes there is water,,Tnm69CSqqbdHg9obr
SAPPHIRE SECONDARY SCHOOL,Joseph verified,false,3mqg7miQRPYMBWDXp,3,,,,,,"[ ""Municipal water supply"" ]",There is a regular water supply,,mu6wNPMzZ754NLLnE
NTOKOZWENI PRIMARY SCHOOL,Pontsho12,false,42AwuPC9WiCoRhMvA,,Ask a teacher or administrator,No access,Ask a teacher or administrator,3,two,"[ ""Municipal water supply"" ]",There is a regular water supply,,EtHDHYs97BCxasggi
JABULANI THABANG PRIMARY SCHOOL,Sabelo1,false,45RoEuERbqpWXsFkM,,,,,,zero,"[ ""Municipal water supply"" ]",There is a regular water supply,,MtKWmrDmPtx6hTjXm
HLABANGANE PRIMARY SCHOOL,Joseph verified,false,47Yb9tTQP7m5HzwSn,,No access,No access,No access,5,zero,"[ ""Municipal water supply"" ]",There is a regular water supply,,A9g2JXbafa9hggA23
DIEPDALE SECONDARY SCHOOL,Tracey v1,false,4WeLGzQkWXqrjwfRi,5,No access,No access,Ask a teacher or administrator,,zero,"[ ""Municipal water supply"" ]",There is a regular water supply,,EyHGQ2ctZRGcPQ4Lc
TSWELELANG PRIMARY SCHOOL,Joseph verified,false,4ijXXdh69FEHLYjpY,,,Ask a teacher or administrator,,,zero,"[ ""Municipal water supply"" ]",There is a regular water supply,,Dddj3YJBuiuGmAQFQ
MASHEMONG PRIMARY SCHOOL,Joseph verified,false,4rv274GDAXBJoqSbD,,Ask a teacher or administrator,Toilet paper is in the stall,,,,"[ ""Municipal water supply"" ]",There is a regular water supply,,wfdMKsnKg56v7y6uJ
KGOLAGANO PRIMARY SCHOOL,Joseph verified,false,4s5S5RS5s6KxyNRaj,6,No access,No access,No access,0,Unsure,"[ ""Municipal water supply"" ]",Sometimes there is water,,o6KRqZ8m5YyPCmxEu
MOSIOA PRIMARY SCHOOL,Joseph verified,false,52dq2aqG3PSy6yKXh,,Unsure,Unsure,Unsure,,zero,"[ ""Municipal water supply"" ]",There is a regular water supply,,AGiLx4gigQqYMN4fT
DINOTO TECHNICAL SECONDARY SCHOOL,Tshepo3,false,5FLLpTjc8BHhpbWrq,,No access,Ask a teacher or administrator,Ask a teacher or administrator,5,,"[ ""Municipal water supply"" ]",There is no water supply,One toilet block is opened occasionally,pqm6NksjcwAhrDwyH
MOGOGODI PRIMARY SCHOOL,Joseph1,false,5TNG9YBc5BTTN2AtE,2,No access,No access,No access,3,two,"[ ""Municipal water supply"" ]",There is a regular water supply,,rgipwMLK9skQK2EuA
PHANDIMFUNDO SECONDARY SCHOOL,SABELO VERIFIED,false,5dmD8byM6T8FraKqW,,,,,,,"[ ""Municipal water supply"" ]",There is a regular water supply,,tDKj5hfjzok3tbGs9
EKUKHANYISWENI PRIMARY SCHOOL,Zanele V1,false,5fpT2mJPGpQQB3i7K,5,,,,5,3 or more,"[ ""Municipal water supply"" ]",There is a regular water supply,,EbrJ8dHAyrQTpSaNj
FRED HABEDI PRIMARY SCHOOL,Pontsho11,false,5wYqL4X7fH3NXDEaW,5,Ask a teacher or administrator,Ask a teacher or administrator,Ask a teacher or administrator,3,zero,"[ ""Municipal water supply"" ]",There is a regular water supply,,qCqx8rN4JLCHpEwF4
THOPODI PRIMARY SCHOOL,SABELO VERIFIED,false,6yEpbgcrurKqLuXpb,,,,,5,,,,,eaN2HpTXfZTyuJHLY
LESEDI LA KRESTE ANGLICAN PRIMARY SCHOOL,Pontsho16,false,77W2rRRXoZxYbjoF3,,Ask a teacher or administrator,Ask a teacher or administrator,Ask a teacher or administrator,3,zero,"[ ""Municipal water supply"" ]",Unsure,,BL89Y49hLjtAgtj9C
EMMANGWENI PRIMARY SCHOOL,Zanele v1,false,7Awj7w7rk3Djo8PkY,6,Ask a teacher or administrator,,,6,one,"{ ""0"" : ""Municipal water supply"", ""1"" : ""Mobile tankers (jojo tank)"" }",There is no water supply,,SeRiR2xnt35DWtRzX
CAIPHUS NYOKA SECONDARY SCHOOL,Tshepo4,false,7H8NwytsgmWhyGt9e,,No access,No access,Ask a teacher or administrator,1,one,"[ ""Municipal water supply"" ]",There is a regular water supply,,dLHdmSdFbLWF2kJqy
LEJOELEPUTSOA PRIMARY SCHOOL,Freddy4,false,8o6cPsqJAaQTiDxe8,,No access,Ask a teacher or administrator,Ask a teacher or administrator,5,one,,There is a regular water supply,the toilets are very clean,EtsNuLzuvqcqdM943
TSIMONG PRIMARY SCHOOL,KHOLWANI19,false,98A6c9qEZK7Gcb5kQ,1,No access,Ask a teacher or administrator,No access,1,zero,"[ ""Municipal water supply"" ]",Sometimes there is water,,jR3LMPDnnHi7xvLcp
IPONTSHE PRIMARY SCHOOL,V1,false,9BLpv5NzqweYRh37P,3,Ask a teacher or administrator,Ask a teacher or administrator,Ask a teacher or administrator,,zero,"[ ""Municipal water supply"" ]",There is a regular water supply,,x39JZC9Q749pXeEbY
AB XUMA PRIMARY SCHOOL,Tracey v1,false,9QqeGEAYhPePDGmiM,4,No access,Ask a teacher or administrator,No access,2,one,"[ ""Municipal water supply"" ]",There is a regular water supply,,r8FrZJWZGiB9zPmmc
TLAKULA SECONDARY SCHOOL,Sympathy Varified,false,AATGCBCcwTxHM74sC,,No access,No access,Ask a teacher or administrator,2,zero,"[ ""Municipal water supply"", ""Mobile tankers (jojo tank)"", ""Borehole"" ]",Sometimes there is water,,uiiC6LpdXHBickDqX
SHADRACK MBAMBO PRIMARY SCHOOL,Sympathy Varified,false,ALGsXCeZFyBPSF64m,4,No access,Ask a teacher or administrator,No access,4,zero,"[ ""Municipal water supply"" ]",There is a regular water supply,,7sAKJvmox8vK6GJBv
MABUYA SECONDARY SCHOOL,Joseph1,false,ANTN8JX3yusqDwHxE,,No access,No access,No access,2,,,,,656hyBavtd4QHF6yx
TIYANI Junior secondary SCHOOL,SABELO VERIFIED,false,AbFX6dcjAvRXJbsGa,2,No access,No access,No access,2,zero,"[ ""Municipal water supply"" ]",There is a regular water supply,,gZKefKr3T7kQ7yZdd
ENDULWENI PRIMARY SCHOOL,Joseph verified,false,AcgJiqFh7REuK7eE4,,Ask a teacher or administrator,Ask a teacher or administrator,Ask a teacher or administrator,2,zero,"[ ""Municipal water supply"" ]",There is a regular water supply,The toilets are big enough for the learners and are well maintained.,ocFaNqXzeBvD5hiAZ
TSIETSI MASHININI PRIMARY SCHOOL,Sympathy varified,false,AcrdCKotjmzfDtnPe,2,Ask a teacher or administrator,Ask a teacher or administrator,No access,2,one,"[ ""Municipal water supply"" ]",There is a regular water supply,,n9gEojJ6K5eKYJ4c2
ZAMANI PRIMARY SCHOOL,Sympathy Varified,false,AngMoxuKo2GYq3Xgk,,Ask a teacher or administrator,Ask a teacher or administrator,Ask a teacher or administrator,4,zero,"{ ""0"" : ""Municipal water supply"" }",Sometimes there is water,,sfN5HAvKti5hRvPxZ
MELODI PRIMARY SCHOOL,Tshepo1,false,AssudeAMtrNkhaXMP,,No access,Toilet paper is in the stall,No access,10,zero,"{ ""0"" : ""Municipal water supply"", ""1"" : ""Rain water"", ""2"" : ""Mobile tankers (jojo tank)"" }",There is a regular water supply,,6nyrh8pzbNxMHyu4J
ZITHATHELE PRIMARY SCHOOL,Joseph verified,false,BCbT7xFv9YY2wEtCG,2,,,,,one,"[ ""Municipal water supply"" ]",There is a regular water supply,,sXauHMaoiXsoSamWK
REALO  SECONDARY SCHOOL,SABELO VERIFIED,false,C74byb49RE9twSqzW,,No access,No access,Ask a teacher or administrator,2,zero,"[ ""Municipal water supply"" ]",There is a regular water supply,,6iixm3MYropadAMjX
LETSEMA-ILIMA PRIMARY SCHOOL,Symps,false,CQP7C7bzejdHpsXse,6,Ask a teacher or administrator,,,,,,,,ZNXsgBEk2evJkTYso
DITAWANA PRIMARY SCHOOL,pontsho 21,false,CWuNEwa97NiubK2ET,,No access,No access,No access,1,zero,"[ ""Municipal water supply"" ]",There is a regular water supply,,LBujyFwCgPkGzWSZy
JOB RATHEBE PRIMARY SCHOOL,Sabelo verified,false,CbLwMCW7LrBPsNqw4,2,,,,,,,,,4z6ESappfnPWNQ98D
MENZI PRIMARY SCHOOL,Sympathy varified,false,CrvyZD3Rjh6uhcW9e,1,Ask a teacher or administrator,Ask a teacher or administrator,Ask a teacher or administrator,2,zero,"[ ""Unsure"" ]",There is a regular water supply,,eqJ28tbWRDYX6YPkp
THOHO-YA-NDOU PRIMARY SCHOOL,Joseph verified,false,D66Zk3PZaWRvua4kP,,Ask a teacher or administrator,Ask a teacher or administrator,Ask a teacher or administrator,3,one,"[ ""Municipal water supply"" ]",There is a regular water supply,Maintenance staff are voluntee,q7vvj7t7uptnim45G
RESIDENSIA SECONDARY SCHOOL,Symps,false,D7g8bnRHSg2gGzWEf,4,Unsure,Unsure,Unsure,4,3 or more,,,,Sa8QfeRArxjpbStqt
SECHABA PRIMARY SCHOOL,KHOLWANI14,false,DFrokHeJmZYWyRNz3,,,,,,,,,,ufaeHuMMa97ge5aCK
NKABINDE PRIMARY SCHOOL,KHOLWANI16,false,E7P5dtcaSnn2X6dMR,2,No access,No access,No access,13,,,,,LrmX8FAuJMKckWE6c
POELANO SECONDARY SCHOOL,Joseph verified,false,EF7AzbshR6WM69MjB,8,No access,No access,No access,,zero,"[ ""Municipal water supply"" ]",There is a regular water supply,,S3LbwsmZGkiiekXEX
NQUBELA PRIMARY SCHOOL,Sympathy Varified,false,EbdGzgCg3ixxs9udt,,Unsure,Unsure,Unsure,,one,"[ ""Municipal water supply"" ]",Sometimes there is water,,mobhBo8uKGxkvNsjR
MOHLOLI SECONDARY SCHOOL,symps,false,Eyk3wvF7DjssTBAgy,5,,,,,,,,,Pye3fvQETS2TCPKyt
NKUMBULO SECONDARY SCHOOL,Pontsho4,false,F8Mo5JxvQFedtJBZa,3,No access,No access,Ask a teacher or administrator,7,zero,"{ ""0"" : ""Municipal water supply"" }",Sometimes there is water,,2G6DH4Aiu8dpRQyrD
MASISEBENZE COMPREHENSIVE SCHOOL,Zanele V1,false,FEGxo6AN8ohcDwsSF,1,No access,No access,No access,2,zero,"[ ""Municipal water supply"" ]",There is a regular water supply,,vQsgY2cMuHRHHxN5X
TSOELOPELE PRIMARY SCHOOL,Joseph verified,false,FPgJHkfWALyDy5Bau,,,,,2,3 or more,"[ ""Municipal water supply"" ]",There is a regular water supply,,ZrghZT93L2bSWSofg
TEMBISA SECONDARY SCHOOL,V1,false,Fem2SsQfHmAYurMj3,,,,,7,3 or more,"[ ""Municipal water supply"" ]",There is a regular water supply,,LTccQvtsRbQdnvd4x
UMSOBOMVU PRIMARY SCHOOL,KHOLWANI11,false,GQib7FSYwwJpDgNWc,,Ask a teacher or administrator,Ask a teacher or administrator,Ask a teacher or administrator,,,"[ ""Rain water"" ]",There is a regular water supply,,2Qm9dY2unum62oDu7
LANGAVILLE PRIMARY SCHOOL,Sympathy varified,false,GQwfzTpZFzjA3azpa,4,No access,Ask a teacher or administrator,Ask a teacher or administrator,4,one,"[ ""Municipal water supply"" ]",There is a regular water supply,,3uXaw9N4tJkFZKXSt
LETSEMA-ILIMA PRIMARY SCHOOL,Symps,false,Ge5KWBvWTcq5SxeSb,6,Ask a teacher or administrator,,,4,zero,"[ ""Municipal water supply"" ]",There is a regular water supply,,ZNXsgBEk2evJkTYso
AMOS MAPHANGA SECONDARY,Tshepo3,false,H2bczA8gXMeyXDoAu,19,No access,No access,No access,7,zero,"[ ""Municipal water supply"" ]",Sometimes there is water,,ra2zX3jjBPguj6bc3
INKONJANE JUNIOR SECONDARY SCHOOL,Freddy3,false,Hg42CtSPNnBozyx8v,,No access,No access,No access,6,3 or more,"[ ""Municipal water supply"" ]",There is a regular water supply,,Zyuc4wPBmxQPcNyjF
PATOGENG PRIMARY SCHOOL,Joseph verified,false,HiCkPfwiPnNGfCE4q,,,,,,zero,"[ ""Municipal water supply"" ]",There is a regular water supply,"Learners get two toilet papers per class, once a week.",Rvf9JkpRBRozBsyiq
LABAN MOTLHABI COMPREHENSIVE SCHOOL,Pontsho6,false,HyyjPizs3iJskfKMN,1,Ask a teacher or administrator,No access,No access,3,zero,"{ ""0"" : ""Municipal water supply"" }",There is a regular water supply,,922NEXkq8CZy6PH7L
DUMEHLEZI INTERMEDIATE SCHOOL,Joseph verified,false,J5CHJWSnd55Fv3QCH,,,,,,zero,"[ ""Municipal water supply"" ]",There is a regular water supply,,uvAsG8PGNZNED5pxz
ZAKHENI PRIMARY SCHOOL,Sympathy varified,false,JY4oMq2pGHYCCTtpD,,No access,No access,No access,,,"[ ""Municipal water supply"" ]",There is a regular water supply,,HKHTs5NYM9YcNKmA3
MASIMINI PRIMARY SCHOOL,KHOLWANI17,false,JZftzuN47Gx9cycc7,,,,,,,,,,E7KSgcfSqaoDb5BEE
TSWELOPELE SECONDARY SCHOOL,Zanele V1,false,JbRKxujGvPLwYgibn,4,No access,Ask a teacher or administrator,Ask a teacher or administrator,4,zero,"[ ""Municipal water supply"" ]",There is a regular water supply,,bHZpmA7SpQzx29CQk
ITHUTE PRIMARY SCHOOL,Sympathy Varified,false,JxYDfToHFWtvTfgmR,,Unsure,Toilet paper is in the stall,Unsure,,zero,"[ ""Municipal water supply"" ]",There is a regular water supply,,tkbM3Jp4KjPx4H5qC
MICHAEL ZULU PRIMARY SCHOOL,Sympathy varified,false,L3mxzkihwSFqNtpft,1,Ask a teacher or administrator,Ask a teacher or administrator,Ask a teacher or administrator,4,zero,"[ ""Municipal water supply"" ]",There is a regular water supply,,3tbjfT8zZ2fPGfiwc
ZITIKENI SECONDARY SCHOOL,SABELO VERIFIED,false,LJ3KmKSmjzGbmHHku,7,No access,No access,Ask a teacher or administrator,5,zero,"[ ""Municipal water supply"", ""Mobile tankers (jojo tank)"" ]",There is a regular water supply,,A7HS55Lmpv7eWduhv
EAST BANK HIGH SCHOOL,Sympathy varified,false,Lo7X4wGimDtA6iyPi,,No access,No access,No access,6,zero,"[ ""Municipal water supply"", ""Mobile tankers (jojo tank)"" ]",There is a regular water supply,,LD7hazozFmAuLNBgP
SEOTLOANA PRIMARY SCHOOL,Zanele V1,false,M55jL9F2yQjCwfmwy,2,No access,Ask a teacher or administrator,No access,,3 or more,"[ ""Municipal water supply"" ]",There is a regular water supply,,Qmhp6bLYHrRTc42wc
DITAWANE,Joseph verified,false,MBmCYP4xXQ2R8JEgW,,,,,1,,"[ ""Municipal water supply"" ]",,,ZQpQXXcpAjvZC2ony
LEFA-IFA SECONDARY SCHOOL,KHOLWANE13,false,MMjvt4efRwXkpZnT9,1,No access,No access,No access,3,zero,"[ ""Municipal water supply"" ]",There is a regular water supply,,5QzLWMPF8grmhh3G5
LERATONG PRIMARY SCHOOL,sfisov1,false,MPbb5sPLSRFbvnbbh,2,No access,No access,No access,4,one,"[ ""Municipal water supply"" ]",There is a regular water supply,,8Q8hLajqT7vMWrbeA
MAKAPANE PRIMARY SCHOOL,Joseph verified,false,MYCDW6KMyxLjmhiY3,,Ask a teacher or administrator,Ask a teacher or administrator,No access,3,zero,"[ ""Municipal water supply"" ]",There is a regular water supply,,X4uSNwu6z2y2MdNwA
PHOMOLONG PRIMARY SCHOOL,Sfiso v1,false,McTyhqJyEkr5msxQD,,No access,Ask a teacher or administrator,No access,4,one,"{ ""0"" : ""Municipal water supply"", ""1"" : ""Mobile tankers (jojo tank)"" }",There is a regular water supply,,J8iGazpt3MwprEvbp
THUTOLORE SECONDARY SCHOOL,Joseph verified,false,MstrBAFEmieYpodJY,,No access,Ask a teacher or administrator,Ask a teacher or administrator,,zero,"[ ""Municipal water supply"" ]",There is a regular water supply,,BwK89vufnm6iCSJhQ
LEHLASEDI PRIMARY SCHOOL,Sabelo1,false,NHrgPTjDkhe2mzM9f,,,,,,,"[ ""Municipal water supply"" ]",There is a regular water supply,,efr9txWNfPHw3AhD7
THUTHUKA PRIMARY SCHOOL,SABELO VERIFIED,false,NWyXq2GpCajrA2Ffz,4,Ask a teacher or administrator,Ask a teacher or administrator,Ask a teacher or administrator,2,zero,"[ ""Municipal water supply"" ]",There is a regular water supply,,q7rLbRb4nxtPxfoSc
SEDIBENG PRIMARY SCHOOL,Zanele V1,false,NnTbdLxCPoxYh3CM7,4,No access,No access,Ask a teacher or administrator,3,,"[ ""Municipal water supply"" ]",There is a regular water supply,,8pdqiKPuW9emmvdMA
DAVID HELLEN PETA SECONDARY SCHOOL,Joseph verified,false,Nx7kgzndddgn9o6KE,5,,,,5,two,"[ ""Municipal water supply"" ]",There is a regular water supply,,BpGigPup4eyijh28x
MANGWELE PRIMARY SCHOOL,SABELO VERIFIED,false,P5idvTZnL9gQf8vxC,2,No access,No access,No access,2,zero,"[ ""Municipal water supply"" ]",There is a regular water supply,,HZFjNDTejF5ga78Sx
ITSEBENG PRIMARY SCHOOL,SABELO1,false,PTcWjKN63kq78xpY9,,,,,,,,There is a regular water supply,,bAExKd8RN5BhHzb3z
LOTUS GARDENS PRIMARY SCHOOL,Joseph verified,false,PzfLR3pW79quv77em,,,,,,zero,"[ ""Municipal water supply"" ]",There is a regular water supply,,hJppCjP9YgzQPhsxp
TSHIRELA PRIMARY SCHOOL,Joseph verified,false,QQKs7itzi9Pa5cxiE,,Soap is at the sink,Toilet paper is in the stall,,,zero,,Unsure,,93KanXF8i8wGs4YKw
BOITUMELONG SECONDARY SCHOOL,Zanele V1,false,R4MhKH38DWXk875Sw,,Soap is at the sink,Toilet paper is in the stall,Sanitary pads are in the stall,,zero,"{ ""0"" : ""Municipal water supply"" }",There is a regular water supply,,XYLgc3p2tmFJ6nGJb
TSAKANE PRIMARY SCHOOL,Sympathy Varified,false,RAnNHquw4sqYn7szr,1,Ask a teacher or administrator,Ask a teacher or administrator,Ask a teacher or administrator,2,zero,"[ ""Municipal water supply"" ]",There is a regular water supply,,MYuCFef7Fjt8yRX8d
LEEMA-MOKOTULI PRIMARY SCHOOL,Sabelo1,false,RFjJcCzoiv6KdPPMm,,,,,,,"[ ""Municipal water supply"" ]",There is a regular water supply,,2smWdy5ZETPXoRrYG
TOTOMENG PRIMARY SCHOOL,Joseph verified,false,RRj7Baxqs8GKgYp2d,,Ask a teacher or administrator,No access,,,zero,"[ ""Municipal water supply"" ]",There is a regular water supply,,tMjiiRvEEAsNmSJGx
ZENZELENI PRIMARY SCHOOL,Sympathy Varification,false,RgLW7kjEu7EMvgWLw,,No access,Ask a teacher or administrator,No access,3,two,"[ ""Municipal water supply"", ""Rain water"", ""Mobile tankers (jojo tank)"" ]",There is a regular water supply,,hTroeBPPurCSNxDGe
LEBOWA PRIMARY SCHOOL,Joseph,false,S53gHjGsAbKgijeqo,,,,,,,"[ ""Municipal water supply"" ]",There is a regular water supply,,KhtEcF9mnhkNyqnW3
ENTSHONALANGA PRIMARY SCHOOL,SABELO VERIFIED,false,SECdSZBAs7pcn7hn6,9,No access,No access,Ask a teacher or administrator,10,3 or more,"[ ""Municipal water supply"" ]",There is a regular water supply,,qYqekSfSRExjXJrGM
DR HARRY GWALA SECONDARY SCHOOL,Tshepo3,false,STrEDriYdeL4FQAiR,2,No access,No access,No access,2,zero,"[ ""Municipal water supply"" ]",There is a regular water supply,,SNuf4DBJszmQrAzS4
BOPASENATLA SECONDARY SCHOOL,Joseph verified,false,TSXoPtcmbMx9xWkwt,2,No access,No access,No access,2,,,,"Learners bring their own soap, sanitary pads and toilets paper.",cDYo2z98FGZzNHPMM
CARTER PRIMARY SCHOOL,Joseph verified,false,Td5z8sPMGGqYPT2Xa,,No access,Ask a teacher or administrator,No access,4,zero,"[ ""Municipal water supply"" ]",There is a regular water supply,,tdRzrm36MQJ2raFea
QEDUSIZI PRIMARY SCHOOL,Pontsho8,false,WYqAfguvNnyEYR4Da,,No access,Ask a teacher or administrator,Ask a teacher or administrator,3,one,"{ ""0"" : ""Municipal water supply"" }",There is a regular water supply,,tC7ee9TXmJ8oDEcRe
BOVET PRIMARY SCHOOL,Joseph verified,false,Wp5wiKK6iEwoPSMSm,3,,Ask a teacher or administrator,,6,3 or more,"[ ""Municipal water supply"", ""Rain water"", ""Mobile tankers (jojo tank)"" ]",There is a regular water supply,,JMwctXTYdunvweNYD
MQINISWA PRIMARY SCHOOL,Joseph verified,false,WuBi7dStHShghbc8k,4,No access,No access,No access,,3 or more,"[ ""Municipal water supply"" ]",There is a regular water supply,,6XmRH2cDbjXJd8Zri
THETHA SECONDARY SCHOOL,SABELO VERFIED,false,XpKiC9KAxBd2irvB6,,No access,No access,Ask a teacher or administrator,,zero,,There is a regular water supply,,dnFyeB4sC6kfmj2Q6
FADIMEHA PRIMARY SCHOOL,Joseph verified,false,Y6cX39QnBFjhWKE23,,Unsure,Unsure,Unsure,,,"[ ""Municipal water supply"" ]",There is a regular water supply,,ZMuo7tqss7QrYPuwZ
OR TAMBO PRIMARY SCHOOL,Sympathy verified,false,YATg67bidxACedkfD,4,Ask a teacher or administrator,Ask a teacher or administrator,Ask a teacher or administrator,5,zero,"[ ""Municipal water supply"" ]",There is a regular water supply,,xp2bxhMm4Yoeu9jho
LERESCHE PRIMARY SCHOOL,Joseph verified,false,YhWio6LCC3S3WLXk4,,,,,,zero,"[ ""Municipal water supply"" ]",There is a regular water supply,,giGaTXuXxZQxCGaMd
ORLANDO SECONDARY SCHOOL,SABELO VERIFIED,false,YoPj5T2fuktcGqrem,,No access,No access,No access,4,3 or more,"[ ""Municipal water supply"" ]",There is a regular water supply,,XKxt23fR8Fujkyiim
PHUTHULLA PRIMARY SCHOOL,Sabelo1,false,Z5srnfN8K4TCueuRe,,,,,,3 or more,"[ ""Municipal water supply"" ]",There is a regular water supply,,pRKnFJGLubdAiTZEy
JET NTEO SECONDARY SCHOOL,Sabelo1,false,ZR5wGTQzdfoqSYJim,,,,,,zero,"[ ""Municipal water supply"", ""Rain water"" ]",There is a regular water supply,,RKz4SAhiQgbHCmTpZ
KING DAVID HIGH SCHOOL (VICTORY PARK),Version 2,false,ZTQNyftwcpwcYtoc6,,No access,Ask a teacher or administrator,Sanitary pads are in the stall,,,"[ ""Mobile tankers (jojo tank)"", ""Local dam or reservoir"" ]",,,siZhhkH29MMEnswvu
KOKOSI PRIMARY SCHOOL,Symps,false,ZXYKQoi575JPdbW6p,3,,,,,,"[ ""Municipal water supply"" ]",There is a regular water supply,,sfgS3CrJFoTBvFQ72
KHULA SIZWE PRIMARY SCHOOL,Freddy7,false,Zg2ErgzG7NqhNkWAy,,Ask a teacher or administrator,Ask a teacher or administrator,Ask a teacher or administrator,,zero,"{ ""0"" : ""Municipal water supply"" }",There is a regular water supply,The toilets are in good condition and are clean,ayNNoGKj3iCnECzSg
MADUME PRIMARY SCHOOL,SABELO VERIFIED,false,ZufMd7gcZM9Tck7tg,,,,,,zero,"[ ""Municipal water supply"" ]",There is a regular water supply,,r5bdwdb45e7jr6JZB
JABULILE SECONDARY SCHOOL,Zanele V1,false,ZuuSpce7ExwLpxQR7,,No access,No access,Ask a teacher or administrator,,zero,"[ ""Municipal water supply"" ]",There is a regular water supply,,GdT4e3QnaH2fX4vAA
MUZOMSHA PRIMARY SCHOOL,KHOLWANI18,false,aGHv5ouA7smNR3ETq,3,,,,,,"[ ""Municipal water supply"" ]",There is a regular water supply,,NTo8EK8jnLkjB93Hd
AHA-THUTO SECONDARY SCHOOL,Sabelo verified,false,aManj47k8gzKTEEXp,,No access,Ask a teacher or administrator,Ask a teacher or administrator,8,,"[ ""Municipal water supply"" ]",There is a regular water supply,,5PhvChXDzSoaBymWp
MATSIE STEYN PRIMARY SCHOOL,Joseph verified,false,b6WX6NpzCWZs9ppJH,3,Unsure,Unsure,Unsure,,,"[ ""Municipal water supply"" ]",There is a regular water supply,,74LtY73iZk5nAgKN4
VULAMAZIBUKO PRIMARY SCHOOL,KHOLWANI20,false,bMobxhAqBjpad7M7d,1,,,,2,zero,"[ ""Municipal water supply"" ]",There is a regular water supply,,4F5Qwq5cmL34WsvHP
FUNUKUKHANYA PRIMARY SCHOOL,KHOLWANI3,false,bgGZ7E5jST2c6BSCZ,,No access,No access,No access,,zero,"{ ""0"" : ""Municipal water supply"" }",Sometimes there is water,,55foHoJLBDfwGwTWD
STRETFORD EXT 8 PRIMARY SCHOOL,Sfiso v1,false,bkRftmSERXmZniLMQ,2,No access,Ask a teacher or administrator,No access,3,zero,"{ ""0"" : ""Municipal water supply"" }",There is a regular water supply,,4zo5MNwbBvTPykbFg
IKAGE PRIMARY SCHOOL,Sympathy varified,false,bsTo7zrAH2t4xSzY7,,No access,Ask a teacher or administrator,No access,6,zero,"{ ""0"" : ""Municipal water supply"" }",There is a regular water supply,,NY3CpQoLXKGkXkq8b
TEMBISA WEST SECONDARY SCHOOL,Freddy10,false,cFrYcFN2xEd68CTT4,,No access,No access,No access,,,"{ ""0"" : ""Municipal water supply"" }",There is a regular water supply,All the mobile toilets are closed,4avNjjRgrzrEpwKMN
STEVE BIKO PRIMARY SCHOOL,Zanele V1,false,cR9QFJX22Kz66Smys,,,Ask a teacher or administrator,,,,"[ ""Municipal water supply"", ""Mobile tankers (jojo tank)"" ]",There is a regular water supply,,g6orxjw6EmCqYup83
VEZUKHONO SECONDARY SCHOOL,Joseph,false,cpqQapCTM9a3ergFd,,,,,8,zero,"[ ""Municipal water supply"" ]",,,8FucY8f4FTzL2XmhY
NOMINI PRIMARY SCHOOL,Sabelo verified,false,dXkMKYnTKxuuReDHz,,Ask a teacher or administrator,Ask a teacher or administrator,Ask a teacher or administrator,,zero,"[ ""Municipal water supply"", ""Mobile tankers (jojo tank)"" ]",There is no water supply,"The school has 30 mobile toilets and the school's own toilets are closed, all of the school owned toilets",Sue8DWeGKHPKAyQBi
Radibapi Primary,sabelo,false,dYvtJNADNxYJ8EEqs,,,,,,,"[ ""Municipal water supply"" ]",There is a regular water supply,,Acd6f7D8RbhpthZHN
EMFUNDISWENI PRIMARY SCHOOL,Zanele V1,false,da95hBBzrGp4YBFP9,4,,,,3,two,"[ ""Municipal water supply"", ""Rain water"", ""Mobile tankers (jojo tank)"" ]",There is a regular water supply,,8TjXzm5mqedTkvZ5n
WESTFIELDS PRIMARY SCHOOL,SABELO 1,false,e78P6TRfNKN3bAHua,,,,,,,"[ ""Municipal water supply"" ]",There is a regular water supply,,ghEZdTPoThhpWNWiw
BONA COMPREHENSIVE SCHOOL,SABELO VERIFIED,false,e98fiZJD9oBwSrWYL,,No access,No access,No access,2,zero,,,,xsLXqpcynPeYTwiXE
BOPHELONG SECONDARY SCHOOL,Sabelo1,false,ffYrHwfJFHvHx4s43,,,,,,,"[ ""Municipal water supply"" ]",There is a regular water supply,,AQmqsTKLbbQgfAmzP
KHANGEZILE PRIMARY SCHOOL,Pontsho9,false,fm9H8ipfXoB22yds4,2,No access,No access,No access,2,zero,"[ ""Municipal water supply"" ]",There is a regular water supply,,KDmkojmtPfcEEQ3vv
KENNETH MASEKELA SECONDARY SCHOOL,Pontsho7,false,fpebfiuGWWPQ4KKKJ,4,No access,No access,Ask a teacher or administrator,1,one,"{ ""0"" : ""Municipal water supply"" }",There is a regular water supply,Only one toilet is available at the school but at the teachers toilets. All the toilets are working at the school.,yuLFP8PQcXB6aAAm6
DITAWANE,Joseph verified,false,frZKcGGYncW6Ekkge,,,,,1,zero,"[ ""Municipal water supply"" ]",There is a regular water supply,,ZQpQXXcpAjvZC2ony
JOB MASEKO PRIMARY SCHOOL,KHOLWANI12,false,fwuDgqEj6Rq2nyyM9,,No access,No access,No access,2,zero,"[ ""Municipal water supply"" ]",There is a regular water supply,,7Lt26udxHfpKtyAwY
HLANGABEZA PRIMARY SCHOOL,Symps,false,g49J5rDPTCpWwH7K7,2,,,Ask a teacher or administrator,,two,"[ ""Municipal water supply"" ]",There is a regular water supply,,uyB7xpWYkTuuhsLzS
SOZIZWE PRIMARY SCHOOL,Tshepo3,false,g9bRbtcLzETz2oRH3,2,No access,Toilet paper is in the stall,,2,,,,,6yXgt6quvcZfmQiWf
BHEKIMFUNDO PRIMARY SCHOOL,Tshepo2,false,gXcT9zN3iqkEKeHsF,,Soap is at the sink,Ask a teacher or administrator,No access,2,zero,"{ ""0"" : ""Borehole"", ""1"" : ""Local dam or reservoir"" }",There is a regular water supply,,JpDqQfLuuC9qJrici
MOYISELA PRIMARY SCHOOL,Sabelo verified,false,h3DqLhi2MKF4yu7Wt,,Ask a teacher or administrator,Ask a teacher or administrator,Ask a teacher or administrator,,one,"[ ""Municipal water supply"" ]",There is a regular water supply,,XTL9gvLr9S2MmMsjJ
LEBONE PRIMARY SCHOOL,KHOLWANI7,false,hNdPeEHpw7NF4LGtP,,,,,,zero,"{ ""0"" : ""Municipal water supply"" }",There is a regular water supply,,drsWF9n9G7CxbrANB
TSITSIBOGA PRIMARY SCHOOL,SABELO1,false,hdTapZ5en4xojeb9S,,,,,,zero,"[ ""Municipal water supply"", ""Mobile tankers (jojo tank)"" ]",There is a regular water supply,,hrfAaJLuuBvdukdf9
DITAU PRIMARY SCHOOL,Sympathy varified,false,hiGktNcjseEZhzRKb,,No access,Ask a teacher or administrator,Ask a teacher or administrator,,zero,,Unsure,,SDQzcRxtroyWa7uGB
SIPHIWE PRIMARY SCHOOL,Zanele V1,false,iH3wW5Kk8YmTb8tuH,,Ask a teacher or administrator,Ask a teacher or administrator,Ask a teacher or administrator,,zero,"{ ""0"" : ""Municipal water supply"" }",There is a regular water supply,There are 5 maintenance staff,8EkWbb3qMosGvaWyT
TSHIRELETSO PRIMARY SCHOOL,Joseph1,false,iLcCBzHsPXQniKvKX,3,,Ask a teacher or administrator,,3,zero,"[ ""Municipal water supply"" ]",There is a regular water supply,,syBSsyuaG3J2rk8ky
THEMBALIKAZULU PRIMARY SCHOOL,KHOLWANI10,false,iZGeC2wLHXjJELbR7,2,No access,No access,Ask a teacher or administrator,4,,"{ ""0"" : ""Municipal water supply"" }",There is a regular water supply,,jSDZSbr7cMPKgibe7
TLHOKOMELO PRIMARY SCHOOL,Joseph1,false,jJAKDSgANnQtPTroe,1,No access,No access,No access,5,zero,"[ ""Municipal water supply"" ]",There is a regular water supply,,y3Rzmw2pDYqioZ8WC
NCHABELENG PRIMARY SCHOOL,KHOLWANI9,false,jQ8Mpi9rz9ihCeH6Z,,,,,,zero,"{ ""0"" : ""Municipal water supply"" }",There is a regular water supply,,5iHufHeS6B2XBsHTB
WINNIE MANDELA PRIMARY SCHOOL,SABELO VERIFIED,false,jfMgSFgEjNNxEqoYi,,,,,13,3 or more,"[ ""Municipal water supply"", ""Mobile tankers (jojo tank)"" ]",There is a regular water supply,,qqTGPEnmDQRrarBSw
N'WA MHINGA PRIMARY SCHOOL,Freddy8,false,jgqBtCHDXJmCsPacx,0,,Ask a teacher or administrator,,2,,"[ ""Municipal water supply"" ]",There is a regular water supply,,S47bpHzXts94zC2ke
KAMOHELO PUBLIC SCHOOL,Joseph,false,jkR9s5uSyfw9pdPLh,3,No access,No access,No access,1,zero,"[ ""Municipal water supply"" ]",There is a regular water supply,,hk4XMrnHxTastfL7s
MOKGOME SECONDARY SCHOOL,Joseph verified,false,jzQk2SRb5DorK6uRu,3,,,,,,"[ ""Municipal water supply"" ]",Sometimes there is water,,QBmBALzw89kwmHz2B
NTSIKANA PRIMARY SCHOOL,Sympathy Varified,false,kN9T9RSgCGv3vP2oJ,4,No access,No access,Ask a teacher or administrator,,zero,"[ ""Municipal water supply"" ]",There is a regular water supply,,95AYoAp6AiYz3KZ2t
DR WF NKOMO SECONDARY SCHOOL,Sympathy Varified,false,n4xebCJJ6iZWfDuoZ,,No access,No access,No access,2,Unsure,"[ ""Municipal water supply"" ]",There is a regular water supply,,u2mAvGSYipuFCETW2
GEORGE MBILASE PRIMARY SCHOOL,Joseph,false,nM2vHvSRPCQyK9ivF,,,,,2,zero,"[ ""Municipal water supply"" ]",There is a regular water supply,,bMEYkfLEMjEHiTFux
LESHATA SECONDARY SCHOOL,Sabelo verified,false,ni9Q8T57iYQ6tRTkX,,No access,No access,Ask a teacher or administrator,,,,,,opzRuPL9N8RSzCNsi
KGOMOCO PRIMARY SCHOOL,Joseph1,false,nxMAW4R3ED5b7odyY,,No access,Toilet paper is in the stall,No access,,zero,"[ ""Municipal water supply"", ""Rain water"" ]",There is a regular water supply,,METTMMRQRhoWxKdRt
GOROGANG PRIMARY SCHOOL,Pontsho5,false,oYZqKFvTkEz5PEwjs,1,Ask a teacher or administrator,Ask a teacher or administrator,Ask a teacher or administrator,1,zero,"{ ""0"" : ""Municipal water supply"", ""1"" : ""Rain water"" }",There is a regular water supply,,fkuEy7WKs5HL2NM6z
KHOMANANI PRIMARY SCHOOL,SABELO VERIFIED,false,ochgRBx8eGir5mPkK,1,No access,No access,No access,2,zero,"[ ""Municipal water supply"" ]",There is a regular water supply,,myEbntbNmwtRJAXXn
KUZIMISELA PRIMARY SCHOOL,Tshepo,false,pDMpJorT2bALN46JX,,No access,Ask a teacher or administrator,Ask a teacher or administrator,6,,"{ ""0"" : ""Municipal water supply"" }",There is a regular water supply,,HushLZncKDsTyJhfN
UMTHAMBEKA PRIMARY SCHOOL,Freddy12,false,pF5ebja93c6macfJ8,,No access,No access,No access,,,,,,MrCRY4JkG2RtXRzjf
LIVHUWANI PRIMARY SCHOOL,SABELO VERIFIED,false,pXiGmxhXsWq5hKimo,2,,,,,one,"[ ""Municipal water supply"" ]",There is a regular water supply,,PySjA6yQMoXAyS2z8
SAKHELWE PRIMARY SCHOOL,Pontsho 10,false,pbYme7aXAuQ5FowMZ,2,No access,Ask a teacher or administrator,Sanitary pads are in the stall,2,zero,"[ ""Municipal water supply"" ]",There is a regular water supply,,7jdhLaYzWcCtFduQg
IPHUTHENG PRIMARY SCHOOL,Sympathy varified,false,pkPKnoqeqZr3CSvWp,,No access,Ask a teacher or administrator,No access,4,3 or more,"{ ""0"" : ""Municipal water supply"" }",There is a regular water supply,,tqMTBWRbAuYsAqATz
BATLOUNG INTERMEDIATE SCHOOL,Symps,false,q4kjXccpFtXrJxfwB,0,,,,6,zero,"[ ""Municipal water supply"" ]",Sometimes there is water,,FEAD8jBu7LbHezy2j
ISEKELO PRIMARY SCHOOL,Joseph verified,false,qSTRqFNtquHeaofc8,,Ask a teacher or administrator,Ask a teacher or administrator,Ask a teacher or administrator,,,"[ ""Municipal water supply"", ""Mobile tankers (jojo tank)"" ]",There is a regular water supply,,rRCnvnKF3KB68xQfw
REAMOHETSOE PRIMARY SCHOOL,Sabelo verified,false,qYBFG5PSamNfRQBFc,,Ask a teacher or administrator,Ask a teacher or administrator,Ask a teacher or administrator,4,zero,"[ ""Municipal water supply"" ]",There is a regular water supply,,zpLEh72kC58ryRpxt
ROLIHLAHLA PRIMARY SCHOOL,Tshepo2,false,qYYK7ZaK88fwdrjKt,,,,,8,,,,,Qzm8u4imxajBRWLE5
GAHLANSO PRIMARY SCHOOL,Zanele V1,false,qoEKpFogtfTQwWkWz,1,No access,No access,Ask a teacher or administrator,2,zero,"{ ""0"" : ""Municipal water supply"" }",There is a regular water supply,,WeXHdZMumEMFyckHq
PHAMEHLO PRIMARY SCHOOL,Symps,false,rRh6CpNkgfxNkhpWh,3,,,,2,zero,"[ ""Municipal water supply"" ]",There is a regular water supply,,eg2P5ZFGTcwctmdcA
PHOMOLONG SECONDARY SCHOOL,V1,false,rnc7rcRA6aziLFKYL,,No access,No access,,,,"[ ""Municipal water supply"" ]",There is a regular water supply,,xuTGawqPYaYusxnm8
THUTO KITSO SECONDARY SCHOOL,sabelo1,false,s9kyrqzWnv5h5ucZm,,,,,,,"[ ""Municipal water supply"" ]",There is a regular water supply,,2zRbjDBfz4zB8Tv6q
EMMANUEL PRIMARY SCHOOL,Joseph1,false,sMj34QPMvtfy7L3BA,3,Ask a teacher or administrator,Ask a teacher or administrator,Ask a teacher or administrator,,zero,"[ ""Municipal water supply"" ]",There is a regular water supply,,DwG2tAAFC8W79Ckxx
TLHOLO INTERMEDIATE SCHOOL,Joseph1,false,sbXjfaHfnPfaGDbju,3,Ask a teacher or administrator,Ask a teacher or administrator,Ask a teacher or administrator,6,two,"[ ""Municipal water supply"" ]",There is a regular water supply,,bPfY5thaXn4EAdkXw
DR NHLAPO INTERMEDIATE SCHOOL,Joseph verified,false,smfaNL7EkMg9pHBer,2,,,,1,zero,,There is a regular water supply,,Hjqy94n4PwNqwN5uA
MODUOPO PRIMARY SCHOOL,Zanele V1,false,sqkSv43G5rDNzceSS,,No access,No access,,3,zero,"{ ""0"" : ""Municipal water supply"", ""1"" : ""Mobile tankers (jojo tank)"" }",There is a regular water supply,,Q2SemXMcpEX5NfYsD
MABOELLENG PRIMARY SCHOOL,Joseph,false,t4do6HAJnXMomW7Ko,2,No access,Ask a teacher or administrator,Ask a teacher or administrator,,zero,"[ ""Municipal water supply"" ]",Sometimes there is water,,3XdLNoiuCRA5T5Dfc
MOHLOLI SECONDARY SCHOOL,symps,false,tThB7mXDRiv6Jyhdj,5,,,,,,"[ ""Municipal water supply"" ]",There is a regular water supply,,Pye3fvQETS2TCPKyt
REKGUTLILE PRIMARY SCHOOL,SABELO VERIFEID,false,u85mRPcEufSTZMYXy,2,No access,Ask a teacher or administrator,No access,4,zero,"{ ""0"" : ""Municipal water supply"" }",There is a regular water supply,,9NYELJLrE2z96eKGu
HOFMEYR SECONDARY SCHOOL,Joseph verified,false,uP8rRoXCo6d25caza,5,No access,No access,No access,7,zero,"[ ""Municipal water supply"" ]",There is a regular water supply,,Z9wz3QcLwmRfGuaeT
THOHO-YA-NDOU PRIMARY SCHOOL,Joseph verified,false,ufNsdLPc4md65tLAz,,Ask a teacher or administrator,Ask a teacher or administrator,Ask a teacher or administrator,3,one,"[ ""Municipal water supply"" ]",There is a regular water supply,Maintenance staff are volunteers,q7vvj7t7uptnim45G
SELOPE-THEMA PRIMARY SCHOOL,SABELO VERIFIED,false,v2Me9A4g87m3Z47SW,,No access,Ask a teacher or administrator,Ask a teacher or administrator,2,zero,"[ ""Municipal water supply"" ]",There is no water supply,,Kqq9XsRqsRQM6PjGn
LETSIE PRIMARY SCHOOL,KHOLWANI8,false,vHJrsFYcA9piXkBWM,,,,,,,"[ ""Municipal water supply"" ]",There is a regular water supply,,gPuKrSrjRHYQAhofp
ESIKHISINI PRIMARY SCHOOL,Joseph verified,false,vKfzyMSad6Ep9Hm6n,2,Ask a teacher or administrator,Ask a teacher or administrator,No access,2,,"[ ""Municipal water supply"" ]",There is a regular water supply,,CoWKa7AHpYehwgjN4
LUKHOLWENI PRIMARY SCHOOL,Joseph verified,false,vbpwHrSY4zvSTB2fT,,No access,No access,No access,,zero,"[ ""Municipal water supply"" ]",There is a regular water supply,,gpABZNKAeZxGARLNE
THEMBALIHLE PRIMARY SCHOOL,SABELO1,false,voAZaZafLWW8iynu6,,No access,Ask a teacher or administrator,Ask a teacher or administrator,1,one,"[ ""Municipal water supply"" ]",There is a regular water supply,THE BLOCK A TOILETS ARE USED BY BOTH TEACHERS AND STUDENTS,AHHiQixZscHdnSQpM
O.R TAMBO SECONDARY SCHOOL,Zanele V1,false,wCn8f2g6s6ooTGMXZ,,Ask a teacher or administrator,Ask a teacher or administrator,Ask a teacher or administrator,5,zero,"{ ""0"" : ""Municipal water supply"" }",There is a regular water supply,,Gfj3WRS3Y8w4dmyph
NYIKO PRIMARY SCHOOL,Freddy9,false,wCqPzj7RHnhxWgLfu,,,,,,,"[ ""Municipal water supply"" ]",,,6cFA5fAxPtQzaP5bz
MONTSOSI PRIMARY SCHOOL,SABELO1,false,waQwWNzodePDkfqDR,,,,,,,"[ ""Municipal water supply"" ]",There is a regular water supply,,rCApJ97XLJY5xuoJY
DR KNAK PRIMARY SCHOOL,"SABELO VERIFIED
pontsho 20",false,wckR63BFSmhetpDw3,,No access,Ask a teacher or administrator,No access,,zero,"[ ""Municipal water supply"", ""Rain water"", ""Mobile tankers (jojo tank)"" ]",There is a regular water supply,,FkDMg4ekjDHWExDuv
SELIBA PRIMARY SCHOOL,Joseph verified,false,wrc3RBsENLYjCcuBz,,No access,No access,No access,,,"[ ""Municipal water supply"", ""Rain water"", ""Borehole"" ]",,,RHG8484wnsaqifrig
SEEISO PRIMARY SCHOOL,Joseph verified,false,xcFR4EKoY9rsHPGG8,1,,,,4,,"[ ""Municipal water supply"" ]",There is a regular water supply,,LZ7sJWsXTML9asLdD
GORDON PRIMARY SCHOOL,SFISO V1,false,xuRAAwNnagBfG28n6,,No access,Ask a teacher or administrator,No access,,3 or more,"{ ""0"" : ""Municipal water supply"", ""1"" : ""Mobile tankers (jojo tank)"" }",There is a regular water supply,,qsXPNNQE3pWkdTbfb
KING DAVID HIGH SCHOOL (VICTORY PARK),Version 1,false,xyKpaXMTjJhfsC4BR,,,,Ask a teacher or administrator,,,"[ ""Mobile tankers (jojo tank)"", ""Borehole"" ]",,,tCtKh6DnzT7ZXMeHw
TOKELO SECONDARY SCHOOL,Joseph verified,false,ydubTj5ScKPZc5KPX,,No access,No access,,,,"[ ""Municipal water supply"" ]",There is a regular water supply,,WszeF9gAuQuHMNHLC
PHORORONG PRIMARY SCHOOL,Joseph,false,yggccu8SzWqaXzf6d,3,No access,Ask a teacher or administrator,,,zero,"[ ""Municipal water supply"" ]",There is a regular water supply,,qs4DrHmATWN59Tptg
MASIQHAKAZE SECONDARY SCHOOL,V1,false,yhpvJKiwza7JPbP2x,,No access,No access,No access,,,"{ ""0"" : ""Municipal water supply"" }",There is a regular water supply,,e6s5EEf389EeLo6Tz
BUHLEBEMFUNDO SECONDARY SCHOOL,Joseph verified,false,yrQ8nms62s27Xj7AR,,,,,,one,"[ ""Municipal water supply"" ]",There is a regular water supply,,Ch6HJ6DZmFCYxKkww
INKATHA KA ZULU PRIMARY SCHOOL,Tshepo1,false,z3442RFG8MTTj4C8x,,Ask a teacher or administrator,Ask a teacher or administrator,Ask a teacher or administrator,4,two,"{ ""0"" : ""Municipal water supply"" }",There is a regular water supply,,srdTLx3pxML3nwKPr
MOSHOESHOE PRIMARY SCHOOL,Joseph verified,false,zZRb8kFezWjm5Fx3P,,,Unsure,,,3 or more,"[ ""Municipal water supply"" ]",There is a regular water supply,,vPSPXjGpC6ABc9Szc
BOKAMOSO PRIMARY SCHOOL,Zanele V1,false,zbmJ6m9cdGXi77RBu,,No access,No access,Ask a teacher or administrator,,3 or more,"[ ""Municipal water supply"" ]",There is a regular water supply,,H2wSN9EFbKzeSGjCh
ISIZIBA PRIMARY SCHOOL,V1,false,zy4wLhAsTdEWR4vTA,,No access,,,3,one,"{ ""0"" : ""Municipal water supply"" }",Unsure,,vZkChYaMACHarXWxC
GOVAN MBEKI PRIMARY SCHOOL,Sabelo verified,false,zyoGA3y2G5JoXMzhn,7,Ask a teacher or administrator,Ask a teacher or administrator,No access,,zero,"[ ""Municipal water supply"" ]",,,dBu8rGN6ZLKj4rb4e
