_id,name,classification,district,neims_number,telephone_no,street_no,street_name,township_or_city,suburb,town_or_city,postal_code,province,hasversions
zyTBtzAnGfhuZprGa,HLANGANANI PRIMARY SCHOOL,Unknown,GAUTENG WEST,700271495,0722281283,6378,EXTENSION 3,KHUTSONG,,CARLETONVILLE,2499,GAUTENG,true
eiPLFFjFBE5yqxYjj,test,Other,,,,,,,,,,LIMPOPO,true
zNCZvqexkbEPXcoLq,SHADRACK MBAMBO PRIMARY SCHOOL,Primary,GAUTENG EAST,700311480,0117384289,4139,MATHABA STREET,TSAKANE,BRAKPAN,JOHANNESBURG,1550,GAUTENG,true
zXpAz8Zm9eS5mYnYq,BATHOKWA PRIMARY SCHOOL,Primary,TSHWANE SOUTH,700231530,0123755416,1,LEPHORA STREET,SAULSVILLE,PRETORIA,PRETORIA,0122,GAUTENG,true
u7DDHnAiuQME8Ea45,TSWELOPELE SECONDARY SCHOOL,Secondary,EKURHULENI NORTH,700400400,0832159731,3915,ALGERIA ROAD,TSWELOPELE EXTENSION 6,IVORY PARK,MIDRAND,1685,GAUTENG,true
uJLfbPeZPNeTPmQr2,LESEDI LA KRESTE ANGLICAN PRIMARY SCHOOL,Primary,JOHANNESBURG SOUTH,700330712,0719952084,14575,EXT.8A,ORANGE FARM,JOHANNESBURG,JOHANNESBURG,1841,GAUTENG,true
uSLXTxcinmzfpJeZL,MOHLOLI SECONDARY SCHOOL,Secondary,SEDIBENG EAST,700331074,0164512204,8000,ZWANE STREET,SHARPEVILLE,VEREENIGING,VEREENIGING,1930,GAUTENG,true
vTEbgcvPSvM6MGQ9H,UMTHAMBEKA PRIMARY SCHOOL,Primary,EKURHULENI NORTH,700261438,0119252820,1019,SLOVO STREET,TEMBISA,TEMBISA,KEMPTON PARK,1628,GAUTENG,true
vaowCxxLXhwWz2Pho,MOSHOESHOE PRIMARY SCHOOL,Primary,GAUTENG EAST,700311399,0114243001,11163,NARENG,DAVEYTON,BENONI,BENONI,1520,GAUTENG,true
vghaztSbAbPBBYWRQ,BOVET PRIMARY SCHOOL,Primary,JOHANNESBURG EAST,700152041,0118821352,158,19TH AVENUE,ALEXANDRA,SANDTON,JOHANNESBURG,2090,GAUTENG,true
vwgqKGm5RQon5hXHo,KAMOHELO PUBLIC SCHOOL,Other,GAUTENG WEST,700270801,0187832433,1887,TSWANA SECTION,KHUTSONG LOCATION,CARLETONVILLE,CARLETONVILLE,2499,GAUTENG,true
wTqoT6Fahb3qjxkq4,MOSIOA PRIMARY SCHOOL,Primary,SEDIBENG WEST,700321117,0165967596,45,SELBOURNE ROAD,SMALL FARMS,EVATON,VANDERBIJLPARK,1984,GAUTENG,true
wXEutByfDcCbHu5Qd,IPONTSHE PRIMARY SCHOOL,Primary,EKURHULENI NORTH,700260901,0119253323,445,JAMES MOLEYA STREET,UMNONJANENI SECTION,TEMBISA,KEMPTON PARK,1632,GAUTENG,true
wZZXQGomrEjj5a2uY,KENNETH MASEKELA SECONDARY SCHOOL,Secondary,GAUTENG EAST,700350793,0117371721,2740,MALAZA STREET,KWA - THEMA,SPRINGS,SPRINGS,1575,GAUTENG,true
waYnGd3whuoW7bgRs,BOITUMELONG SECONDARY SCHOOL,Secondary,EKURHULENI NORTH,700260620,0119203003,216,"MIMAS STREET, SEDIBENG SECTION",TEMBISA,KEMPTON PARK,KEMPTON PARK,1632,GAUTENG,true
wdRmNmSF7PZRcYwLT,SOZIZWE PRIMARY SCHOOL,Primary,EKURHULENI NORTH,700311530,0114243803,3286,RAMZA,DAVEYTON,BENINO,BENONI,1520,GAUTENG,true
wqkQz5WCK925Bo5eq,CAIPHUS NYOKA SECONDARY SCHOOL,Secondary,GAUTENG EAST,700311837,0119626313,14436,MSANE STREET,ETWATWA,BENONI,BENONI,1520,GAUTENG,true
wxGvzQKnBHb83AErS,zitha primary,Primary,,,0736411077,693,joubert,small town,evaton,,,GAUTENG,true
x7MgCDNYKaFzg98QY,TSITSIBOGA PRIMARY SCHOOL,Other,GAUTENG WEST,700271130,0187831676,2894,MATLADI DRIVE,KHUTSONG,CRLTONVILLE,CARLTONVILLE,2499,GAUTENG,true
xPBJwuF45am3zetom,TSWELELANG PRIMARY SCHOOL,Primary,JOHANNESBURG WEST,700141119,0119392374,698,MADUBANE STR,MEADOWLANDS,SOWETO,JOHANNESBURG,1852,GAUTENG,true
xX6znodofgALpAaJg,PHOLOSHO PRIMARY SCHOOL,Unknown,JOHANNESBURG EAST,700152298,0114435393,166,12TH AVENUE,ALEXANDRA,SANDTON,JOHANNESBURG,2090,GAUTENG,true
xapETP39ebDL77Jvo,JABULILE SECONDARY SCHOOL,Secondary,JOHANNESBURG SOUTH,700331611,0118501127,982,MOFOKENG,ORANGE FARM,,JOHANNESBURG,1805,GAUTENG,true
xjBMtwSX3K5LMHFte,FRED HABEDI PRIMARY SCHOOL,Primary,GAUTENG EAST,700350702,0117368482,1,NGWENYA STREET,KWA THEMA,SPRINGS,SPRINGS,1575,GAUTENG,true
xuGqaBapphciMGBKD,THEMBALIKAZULU PRIMARY SCHOOL,Primary,GAUTENG EAST,700351148,0117364307,2759,KATAZA,KWA-THEMA,SPRINGS,SPRINGS,1575,GAUTENG,true
xwsCtAq2khrBdBGhZ,PHOMOLONG PRIMARY SCHOOL,Primary,EKURHULENI NORTH,700260885,0113107281,3816,MAHLANGU STREET,PHOMOLONG SECTION,TEMBISA,KEMPTON PARK,1619,GAUTENG,true
yeHXSQ7vQwnnsDxtM,BOTLEHADI PRIMARY SCHOOL,Primary,SEDIBENG WEST,700320366,0828065774,1461,WARD ROAD,EVATON,EVATON,EVATON,1984,GAUTENG,true
8oabbzc7iuhD5qd4o,Radibapi Primary,Primary,,,,,,,,,,GAUTENG,true
F97jeqwGDCLirEcc6,DITAWANE,Primary,,,,,,,,,,GAUTENG,true
ZNpokSid5rjPdk9TN,UMSOBOMVU PRIMARY SCHOOL,Primary,GAUTENG EAST,700351205,0117369924,10404,SHABANGU,KWA-THEMA,SPRINGS,SPRINGS,1575,GAUTENG,true
ZeacF7828Qm5FX528,KGOMOCO PRIMARY SCHOOL,Primary,SEDIBENG EAST,700330902,0164512211,4400,MAREKA,SHARPVILLE,VEREENIGING,VEREENIGING,1928,GAUTENG,true
ZxPRDSKN5webdJeMr,KOKOSI PRIMARY SCHOOL,Primary,GAUTENG WEST,700930749,0187712554,363,BEN SHIBURI,KOKOSI TOWNSHIP,FOCHVILLE,FOCHVILLE,2515,GAUTENG,true
aFfw6EDMv6qz8ERao,NKABINDE PRIMARY SCHOOL,Primary,GAUTENG EAST,700350942,0117367307,10681,CNR KGASWANE & MARULE,KWA THEMA,KWA THEMA,SPRINGS,1575,GAUTENG,true
aMBB6CFrfqAgPbMrp,JOB MASEKO PRIMARY SCHOOL,Primary,GAUTENG EAST,700350777,0117364908,2726,TSUPA STREET,KWA - THEMA,SPRINGS,SPRINGS,1575,GAUTENG,true
bELHecSip3AKdyrkn,ISIZIBA PRIMARY SCHOOL,Primary,EKURHULENI NORTH,700260943,0119202004,7,ROBERT MATHEKGA Hlahlandlela STREET,TEMBISA,KEMPTON PARK,KEMPTON PARK,1632,GAUTENG,true
bNHtDf4FTJzuZSK2a,BUHLEBEMFUNDO SECONDARY SCHOOL,Secondary,GAUTENG EAST,700310938,0113642760,21249,TSAKANE ROAD,TSAKANE,,BRAKPAN,1550,GAUTENG,true
bumrcJyBzLgQNsEkc,NKUMBULO SECONDARY SCHOOL,Secondary,GAUTENG EAST,700350959,0117369381,1485,MOLOPYANE,KWA-THEMA,SPRINGS,SPRINGS,1575,GAUTENG,true
cCRbYn4tyhNhPfpko,LETSATSING COMBINED SCHOOL,Primary,,,0838995903,1,MAIN STREET LETSATSING,,,,,GAUTENG,true
cnvRjXuczr5WXr6cv,TLHOLO INTERMEDIATE SCHOOL,Primary,SEDIBENG WEST,700321596,0165931515,10312,ITSOSENG,ZONE 7A,SEBOKENG,VANDERBIJLPARK,1983,GAUTENG,true
cqdqqFn7tTnwNbmqR,ENDULWENI PRIMARY SCHOOL,Primary,EKURHULENI NORTH,700260745,0119260571,797,HADEBE STREET,TEMBISA,KEMPTON PARK,KEMPTON PARK,1632,GAUTENG,true
eDwuJ6JBxC5YEBRAi,ISEKELO PRIMARY SCHOOL,Primary,EKURHULENI NORTH,700260919,0119262508,52,NDWAMDWE STREET,ISITHAMA SECTION,TEMBISA,KEMPTON PARK,1632,GAUTENG,true
eTTG2NKtGiBjR2u97,BUD MBELLE PRIMARY SCHOOL,Primary,TSHWANE SOUTH,700231563,0123738854,17,LESOAI STREET,ATTERIDGEVILLE,ATTERIDGEVILLE,PRETORIA,0008,GAUTENG,true
ejjaqTbn849G5Gcoh,NCHABELENG PRIMARY SCHOOL,Primary,GAUTENG EAST,700311407,0117383047,7326,MOSHOESHOE,TSAKANE,BRAKPAN,TSAKANE,1550,GAUTENG,true
fFQ2beYFprTjRdcKG,ZAMANI PRIMARY SCHOOL,Primary,GAUTENG EAST,700351288,0117364205,2752,CNR MAJOLA & THATHAHANE STREET,WHITE CITY,KWA-THEMA,SPRINGS,1575,GAUTENG,true
fdwJZwXdpW8XykLgp,MODUOPO PRIMARY SCHOOL,Primary,EKURHULENI NORTH,700261099,0119252437,180,GAOLATHLE MOLEFE STREET,UMFUYANENI SECTION,TEMBISA,KEMPTON PARK,1632,GAUTENG,true
fyJ9yZamxLLkFQM6q,MOKGOME SECONDARY SCHOOL,Secondary,JOHANNESBURG WEST,700140814,0115365193,388,INGUNGULU STREET,ZONE 7,MEADOWLANDS,JOHANNESBURG,1852,GAUTENG,true
fytoqzYYGd99GNWKT,BONA COMPREHENSIVE SCHOOL,Secondary,JOHANNESBURG NORTH,700131961,0119352641,6603,MADLALA,ORLANDO,SOWETO,JOHANNESBURG,1804,GAUTENG,true
g2kpw4kMBJTN5E5JG,ESIKHISINI PRIMARY SCHOOL,Primary,TSHWANE SOUTH,700231662,0123759129,2,LEBOA,SAULSVILLE,ATTERIDGEVILLE,PRETORIA,0125,GAUTENG,true
gAMFiRZvaYx7vM2bX,LESIBA SECONDARY SCHOOL,Unknown,EKURHULENI NORTH,700311258,0114244943,71179,MATHEWSON,DAVEYTON,BENONI,BENONI,1520,GAUTENG,true
gHYNiZyHqhSx6Svoa,DAVID HELLEN PETA SECONDARY SCHOOL,Secondary,TSHWANE SOUTH,700231605,0123735404,30,LETANKA,ATTERIDGEVILLE,PRETORIA,PRETORIA,0008,GAUTENG,true
ge7wR8Paoq8B8ytis,GOROGANG PRIMARY SCHOOL,Primary,GAUTENG EAST,700350728,0117364601,2754,MABENA STREET,KWA-THEMA,SPRINGS,SPRINGS,1575,GAUTENG,true
hC2rNb27tDwFm6ptZ,LEBOWA PRIMARY SCHOOL,Primary,SEDIBENG EAST,700330928,0164515063,7320,HULWANA STREET,SHARPVILLE,VEREENIGING,VEREENIGING,1928,GAUTENG,true
hMBoFadXyimpmAA9B,SELOPE-THEMA PRIMARY SCHOOL,Primary,JOHANNESBURG NORTH,700132910,0119355881,6600,MADHLALA STREET,ORLANDO EAST,JOHANNESBURG,JOHANNESBURG,1804,GAUTENG,true
hd5oYbd6gkWoKkWzC,GAHLANSO PRIMARY SCHOOL,Primary,EKURHULENI NORTH,700260828,0119250662,3,ROBERT MATHEKGA STREET,TEMBISA,KEMPTON PAK,KEMPTON PARK,1632,GAUTENG,true
iQdoyzzN7cXbiJDaH,BOPASENATLA SECONDARY SCHOOL,Secondary,JOHANNESBURG NORTH,700140426,0119851076,2063,SONO ROAD,DIEPKLOOF,SOWETO,JOHANNESBURG,1864,GAUTENG,true
idJ7MH9BBvWJfHR2d,testing,Secondary,testing,,,123,,,,,,EASTERN_CAPE,true
iz79XoptMLverznfx,MUZOMSHA PRIMARY SCHOOL,Primary,GAUTENG EAST,700350926,0117373800,2743,MALEFETSANE,KWA THEMA,SPRINGS,NIGEL,1575,GAUTENG,true
j4CyqoGhmbxFvTahz,MVELAPHANDA PRIMARY SCHOOL,Primary,EKURHULENI NORTH,700261123,0119264716,712,SEAPARANKWE,TEMBISA,KEMPTON PARK,KEMPTON PARK,1628,GAUTENG,true
jFLvrx8qbcRhdcMWk,DINOTO TECHNICAL SECONDARY SCHOOL,Secondary,EKURHULENI NORTH,700310995,0114242005,20013,HEALDSTREET,DAVEYTON,BENONI,BENONI,1507,GAUTENG,true
jdruTPMAFLZpR5Yor,JORDAN SECONDARY SCHOOL,Secondary,SEDIBENG WEST,700320671,0165970303,2060,CORNER DONNA AND GLASCOW RD,EVATON,VANDERBIJLPARK,VANDERBIJLPARK,1984,GAUTENG,true
jxdvnitGhmmJmf3RZ,NQUBELA PRIMARY SCHOOL,Primary,EKURHULENI SOUTH,700341032,0119008132,11954,SIZWE,THOKOZA,ALBERTON,JOHANNESBURG,1426,GAUTENG,true
jyJWjSxpyzaFi5xzy,PHUTHADITSHABA PRIMARY SCHOOL,Primary,TSHWANE SOUTH,700232661,0833533323,9564,CNR 4TH & 18TH,ATTERIDGEVILLE WEST,PRETORIA,PRETORIA,0008,GAUTENG,true
kXSCDEKFavFjWwRh6,LESHATA SECONDARY SCHOOL,Secondary,JOHANNESBURG SOUTH,700330969,0118501285,9039,EXT 6B,ORANGE FARM,JOHANNESBURG,JOHANNESBURG,1805,GAUTENG,true
kYCce5RHTuifpGEjD,HLANGABEZA PRIMARY SCHOOL,Primary,GAUTENG WEST,700270736,0187831674,614,NXUMALO ROAD,KHUTSONG,CARLETONVILLE,,2499,GAUTENG,true
kYmSsD6sLNa48yq3B,ROLIHLAHLA PRIMARY SCHOOL,Primary,GAUTENG EAST,700311472,0119646907,9107,ROLIHLAHLA STREET,CITICON ETWATWA EXT 15,DAVEYTON,BENONI,1520,GAUTENG,true
kdeFTgvbrBdvAZ3jo,KHANGEZILE PRIMARY SCHOOL,Primary,GAUTENG EAST,700350801,0117376946,18450,THEMA ROAD,KWA-THEMA,SPRINGS,SPRINGS,1575,GAUTENG,true
mKSgTkpsYgDJ8KMoc,QHAKAZANI PRIMARY SCHOOL,Primary,JOHANNESBURG SOUTH,700331173,0844182803,1843,PALMS ROAD,LAKESIDE EXT. 1,ORANGE FARM,JOHANNESBURG,1805,GAUTENG,true
miijuHXTgknAEpauD,TLHOKOMELO PRIMARY SCHOOL,Primary,JOHANNESBURG WEST,700141044,0119393712,424,MODJADJI,ZONE 2,MEADOWLANDS,JOHANNESBURG,1852,GAUTENG,true
mqyhsJ2kLyY796ti3,HULWAZI SECONDARY SCHOOL,Secondary,EKURHULENI NORTH,700311100,0114242305,215,DUMERI STREET,DAVEYTON,BENONI,BENONI,1520,GAUTENG,true
mvS7kQosyiAuq7y8o,MAKAPANE PRIMARY SCHOOL,Primary,SEDIBENG WEST,700320903,0169881609,1232,MOSHOESHOE STREET,BOIPATONG,VANDERBIJLPARK,VANDERBILJPARK,1901,GAUTENG,true
mzvEj75w7giNPw42h,DUMEHLEZI INTERMEDIATE SCHOOL,Primary,GAUTENG EAST,700311019,0114243701,5100,BHACA STREET,DAVEYTON,BENONI,DAVEYTON,1520,GAUTENG,true
naCm7anFfDFG8a8xr,JOB RATHEBE PRIMARY SCHOOL,Other,JOHANNESBURG NORTH,700132332,0119354742,1724,THIBEDI STREET,ORLANDO EAST,SOWETO,JOHANNESBURG,1804,GAUTENG,true
nsZY5MpZj6Qv4hkQm,CHARLOTTE MAXEKE SECONDARY SCHOOL,Secondary,EKURHULENI NORTH,700400351,0119246079,3817,MASAKHANE STREET,PHOMOLONG,KEMPTON PARK,KEMPTON PARK,1632,GAUTENG,true
nxtbufhDB5w8FKhfn,TSHIRELETSO PRIMARY SCHOOL,Primary,JOHANNESBURG WEST,700141085,0119391119,1113,BAKWENA STREET,MEADOWLANDS,SOWETO,JOHANNESBURG,1852,GAUTENG,true
oWbeFZNmb5sYLH9ua,DR WF NKOMO SECONDARY SCHOOL,Secondary,TSHWANE SOUTH,700231613,0123737800,84,KHUDU STREET,ATTERIDGEVILLE,PRETORIA,PRETORIA,0008,GAUTENG,true
oZeuq2GwT7HarAkif,KHOMANANI PRIMARY SCHOOL,Primary,JOHANNESBURG NORTH,700140640,0119851151,2062,SONO ROAD ZONE 2,DIEPKLOOF,SOWETO,JOHANNESBURG,1864,GAUTENG,true
oxkcsJw7ibHe3RXhu,BOPHELONG SECONDARY SCHOOL,Secondary,SEDIBENG WEST,700400355,0169866020,3239,JOHN GOMOM0,EXT5 BOPHELONG,VANDERBIJLPARK,JOHANNESBURG,1913,GAUTENG,true
p3gqoLjBQyybjyJEx,MONTSOSI PRIMARY SCHOOL,Primary,SEDIBENG WEST,700321075,0165931291,16538,KUBHEKA,SEBOKENG,VANDERBIJLPARK,VANDERBIJLPARK,1980,GAUTENG,true
pBBsxzJo5M4DoP4km,IKAGE PRIMARY SCHOOL,Primary,JOHANNESBURG EAST,700152140,0114432712,163,19TH AVENUE VINCENT TSHABALALA ROAD,ALEXANDRA,SANDTON,JOHANNESBURG,2090,GAUTENG,true
pHLiPLSxDnkkEHThb,TSHIRELA PRIMARY SCHOOL,Primary,SEDIBENG WEST,700321653,0169881701,1231,MOSHOESHOE,BOIPATONG,VANDERBIJLPARK,VANDERBIJLPARK,1901,GAUTENG,true
pPoEM8Ngvupfmt6MD,DR KNAK PRIMARY SCHOOL,Primary,JOHANNESBURG EAST,700152082,0118828605,70,10TH AVENUE,ALEXANDRA,SANDTON,JOHANNESBURG,2090,GAUTENG,true
pSsTbhxrkyzApe6Lo,MABUYA SECONDARY SCHOOL,Secondary,EKURHULENI NORTH,700311290,0114242302,1,MOCKE AND EISELEN,DAVEYTON,BENONI,JOHANNESBRG,1520,GAUTENG,true
pc95GYaJKjTcuz6NG,THUTO KITSO SECONDARY SCHOOL,Secondary,GAUTENG WEST,700932124,0187716248,364,BEN SHIBURI,KOKOSI TOWNSHIP,FOCHVILLE,MERAFONG,2515,GAUTENG,true
pm6BHERh3juv98LzD,REAMOHETSOE PRIMARY SCHOOL,Primary,JOHANNESBURG SOUTH,700331231,0614631719,3459,POPPY STREET,DRIEZIK EXT 1,ORANGE FARM,JOHANNESBURG,1841,GAUTENG,true
psEg38R6mppLMtMyG,THUTHUKA PRIMARY SCHOOL,Primary,EKURHULENI NORTH,700261347,0119258040,547,MNGOMA STREET,EMFIHLWENI SECTION,TEMBISA,KEMPTON PARK,1632,GAUTENG,true
q87zen5HgKKxJ99Lc,THETHA SECONDARY SCHOOL,Secondary,JOHANNESBURG SOUTH,700331645,0877202648,1218,DRIEZIEK EXTENSION 4,ORANGE FARM,,JOHANNESBURG,1805,GAUTENG,true
qNjtc48fcLm7nwuM7,BATLOUNG INTERMEDIATE SCHOOL,Primary,SEDIBENG WEST,700320309,0165929200,19443,ZONE 14,SEBOKENG,VANDERBIJLPARK,VANDERBIJLPARK,1983,GAUTENG,true
qjiPzjesbNgJySiAF,ENTSHONALANGA PRIMARY SCHOOL,Primary,EKURHULENI NORTH,700260752,0119263712,816,SKY LAB STREET,MAOKENG EXT,TEMBISA,KEMPTON PARK,1628,KZN,true
queoWSP7FQYoTfCw6,PATOGENG PRIMARY SCHOOL,Primary,TSHWANE SOUTH,700232082,0123738810,30,KHUDU STREET,ATTERIDGEVILLE,PRETORIA,PRETORIA,0008,GAUTENG,true
qvpqRtiaKyB5mzEFo,EMMANUEL PRIMARY SCHOOL,Primary,SEDIBENG EAST,700330837,0164514908,6280,RAMOKHOASE STREET,SHARPEVILLE,VEREENIGING,VEREENIGING,1928,GAUTENG,true
r6uCPiS8JbRQREE7K,MADUME PRIMARY SCHOOL,Primary,JOHANNESBURG SOUTH,700330985,0118507810,6274,EXT. 4,ORANGE FARM,ORANGE FARM,JOHANNESBURG,1805,GAUTENG,true
rPNAmWbKhr7KMJ9KP,MATSIE STEYN PRIMARY SCHOOL,Primary,SEDIBENG EAST,700331017,0164512239,1996,CNR SEEISO & HULWANA STREET,SHARPEVILLE,VEREENINGING,VEREENIGING,1928,GAUTENG,true
rgQXvwmDLMXMiuWDK,AHA-THUTO SECONDARY SCHOOL,Secondary,JOHANNESBURG SOUTH,700330696,0118501006,12221,EXTENSION 7B,ORANGE FARM,,JOHANNESBURG,1841,GAUTENG,true
ruLNBjshmg9GFZfoi,TIYANI Junior secondary SCHOOL,Other,JOHANNESBURG NORTH,700141028,0119851008,3318,MATSHIBOGO,DIEPKLOOF,SOWETO,JOHANNESBURG,1864,GAUTENG,true
sFD8SKsp8Pi36RoZc,LANGAVILLE PRIMARY SCHOOL,Primary,GAUTENG EAST,700312140,0828578288,1567,ZILWANE STREET EXT 3,TSAKANE,BRAKPAN,BRAKPAN,1550,GAUTENG,true
sHepoMyGxu7vajjn9,POELANO SECONDARY SCHOOL,Secondary,SEDIBENG WEST,700321281,0825561920,8641,MOJAO STREET,EXT11,EVATON WEST,VANDERBIJLPARK,1984,GAUTENG,true
suNMuozCzh9vzWxKv,NOMINI PRIMARY SCHOOL,Other,JOHANNESBURG SOUTH,700331108,0118500134,5786,STAND 5786,ORANGE FARM,JOHANNESBURG,JOHANNESBURG,1805,GAUTENG,true
t6sdeSdyqSbTNYs3T,HLABANGANE PRIMARY SCHOOL,Primary,JOHANNESBURG WEST,700140541,0119380891,487,ILANDA STREET,MEADOWLANDS,JOHANNESBURG,JOHANNESBURG,1852,GAUTENG,true
tPF56zuAa7Yv4h5pR,LETSIE PRIMARY SCHOOL,Primary,GAUTENG EAST,700311274,0117384953,8607,KONI,TSAKANE,TSAKANE,BRAKPAN,1550,GAUTENG,true
tXNX7HXf8MFPj694L,THOPODI PRIMARY SCHOOL,Primary,GAUTENG EAST,700311555,0119627555,3564,23RD STREET,ETWATWA EAST,DAVEYTON,BENONI,1507,GAUTENG,true
tjZuM97hcQSzs99qH,REAGILE PRIMARY SCHOOL,Primary,EKURHULENI NORTH,700261694,0112611682,2898,MOSES KOTANE STREET,WINNIE MANDELA PARK,KEMPTON PARK,JOHANNESBURG,1632,GAUTENG,true
tuAiDmTHjzXDEcQpm,RESIDENSIA SECONDARY SCHOOL,Secondary,SEDIBENG WEST,700321380,0169881469,4,SAMUEL STREET,ZONE 18,SEBOKENG,VANDERBIJLPARK,1984,GAUTENG,true
tzX8JpuRB7btgHLFJ,MASISEBENZE COMPREHENSIVE SCHOOL,Secondary,EKURHULENI NORTH,700261065,0119257784,6,JIYANE,TEMBISA,KEMPTON PARK,JOHANNESBURG,1632,GAUTENG,true
2CdfbFJXguorK94qK,SEEISO PRIMARY SCHOOL,Primary,SEDIBENG WEST,700321422,0169862331,144,MOFOLO,BOPHELONG,VANDERBIJLPARK,VANDERBIJLPARK,1913,GAUTENG,true
2kCbh8W54SDKDo7Gi,LOTUS GARDENS PRIMARY SCHOOL,Primary,TSHWANE WEST,700400154,0123781606,101,RUTHFIRST & JOE MODISE,LOTUS GARDENS,,PRETORIA,0025,GAUTENG,true
35BCz7JqqhekBAr57,MELODI PRIMARY SCHOOL,Primary,GAUTENG EAST,700311373,0119625564,13264,NKADIMENG STREET,DAVEYTON,BENONI,BENONI,1520,GAUTENG,true
3YpZ8R44xWbRZBcnE,FADIMEHA PRIMARY SCHOOL,Primary,SEDIBENG WEST,700320523,0165961114,150,SELBORNE ROAD,SMALL FARMS,EVATON,VANDERBIJL PARK,1984,GAUTENG,true
3qbofgHJxGRZS83Qg,DR HARRY GWALA SECONDARY SCHOOL,Secondary,GAUTENG EAST,700311001,0119621833,9133,BEE CRESCENT,ETWATWA,EMAPHUPHENI,BENONI,1519,GAUTENG,true
44DgBedXuojbRPZ28,MQINISWA PRIMARY SCHOOL,Primary,SEDIBENG WEST,700321141,0169861517,777,777 XUMA STREET,BOPHELONG,VANDERBIJLPARK,VANDERBIJLPARK,1900,GAUTENG,true
46n4oyMnczZw2tJzv,INKONJANE JUNIOR SECONDARY SCHOOL,Other,JOHANNESBURG WEST,700140582,0119391418,362,IVUKULU STREET,MEADOWLANDS,JOHANNESBURG,JOHANNESBURG,1852,GAUTENG,true
4LJWLPBWTtZZG8du3,LEFA-IFA SECONDARY SCHOOL,Secondary,GAUTENG EAST,700350850,0117363580,1479,CNR JOE MZAMANE AND SAM NGEMA DRIVE,KWA-THEMA,SPRINGS,JOHANNESBURG,1563,GAUTENG,true
4RdAodhbn5cykY9bf,KING DAVID HIGH SCHOOL (VICTORY PARK),Secondary,JOHANNESBURG NORTH,700150698,0114467860,1,CRAIGHALL ROAD,,VICTORY PARK,JOHANNESBURG,2104,GAUTENG,true
4iDQuLTfWizgi77wM,MASHEMONG PRIMARY SCHOOL,Primary,EKURHULENI NORTH,700261040,0119260358,850,MIMAS AND JANUS STREET,TEMBISA,TEMBISA,KEMPTON PARK,1632,GAUTENG,true
5Cg9DLfWgmYJt9c9C,ZITHATHELE PRIMARY SCHOOL,Primary,JOHANNESBURG NORTH,700133322,0119351093,6566,MOOKI,ORLANDO EAST,ORLANDO EAST,JOHANNESBURG,1804,GAUTENG,true
5E7E8LdwQk5mN8SzJ,REKGUTLILE PRIMARY SCHOOL,Primary,JOHANNESBURG SOUTH,700331264,0118500479,14501,EXTENTIION 8B,ORANGE-FARM,JOHANNESBURG,JOHANNESBURG,1841,GAUTENG,true
5prheirjAwbuLafca,QEDUSIZI PRIMARY SCHOOL,Primary,GAUTENG EAST,700351015,0117365303,2745,MAJOLA  STREET,KWA-THEMA,SPRINGS,JOHANNESBURG,1575,GAUTENG,true
6AYTGkkMTPEJvuWr5,FUNUKUKHANYA PRIMARY SCHOOL,Primary,GAUTENG EAST,700311068,0113642025,15599,NKOWANKOWA STREET,EXTENSION 5,TSAKANE,BRAKPAN,1550,GAUTENG,true
6Dq4eCtytGXrkKZnv,VULAMAZIBUKO PRIMARY SCHOOL,Other,JOHANNESBURG NORTH,700141150,0119851199,2062,HASHI DRIVE,DIEPKLOOF,SOWETO,JOHANNESBURG,1864,GAUTENG,true
7NJX7fCmnPexvMctm,MABOELLENG PRIMARY SCHOOL,Primary,SEDIBENG WEST,700320879,0165944857,12935,JWALABOHOLO ST. ZONE 11,SEBOKENG,VANDERBYLPARK,VANDERBYLPARK,1983,GAUTENG,true
7Z9iXgHc86ag9ZN9o,GEORGE MBILASE PRIMARY SCHOOL,Primary,GAUTENG EAST,700311076,0119626471,3566,FIRST STREET,ETWATWA EAST,DAVEYTON,BENONI,1520,GAUTENG,true
7hYDkCSvtTtfgZT4t,MANGWELE PRIMARY SCHOOL,Primary,JOHANNESBURG NORTH,700140764,0119858338,3318,DIEPENAAR DRIVE ZONE 2,DIEPKLOOF,SOWETO,JOHANNESBURG,1862,GAUTENG,true
7iLx2BKSXXzQAzgZu,ZITIKENI SECONDARY SCHOOL,Secondary,EKURHULENI NORTH,700261479,0119244809,4457,ANDRWE MAPHETO DRIVE,TEMBISA,TEMBISA,KEMPTON PARK,1620,GAUTENG,true
7rBkk8yCFPSfvmtuE,TSAKANE PRIMARY SCHOOL,Primary,GAUTENG EAST,700311571,0117383272,1981,FINGO,TSAKANE,BRAKPAN,BRAKPAN,1550,GAUTENG,true
8kaaLjfjqaem9NM3H,LEBONE PRIMARY SCHOOL,Primary,GAUTENG EAST,700311217,0117382202,7327,MOSHOESHOE STREET,TSAKANE,BRAKPAN,BRAKPAN,1550,GAUTENG,true
9CYsZozoyHucNv5Pt,PHAMEHLO PRIMARY SCHOOL,Primary,SEDIBENG WEST,700321232,0165933977,9458,MOPEDI STRRET,ZONE 7B,VANDERBIJLPARK,SEBOKENG,1983,GAUTENG,true
9GXAdy5eGoaooitqc,ORLANDO SECONDARY SCHOOL,Secondary,JOHANNESBURG NORTH,700132670,0119356048,6502,MOOKI,SOWETO,JOHANNESBURG,JOHANNESBURG,1804,GAUTENG,true
9LhJ56jMTXeQXaLk3,DITAWANA PRIMARY SCHOOL,Primary,JOHANNESBURG NORTH,700132076,0119351028,2700,TAUKOBONG,ORLANDO EAST,SOWETO,JOHANNESBURG,1804,GAUTENG,true
9QdZCixvMkkYuEni3,SECHABA PRIMARY SCHOOL,Primary,GAUTENG EAST,700351064,0117365802,2747,RAKOENA STREET,VERGENOEG SECTION,KWA-THEMA,SPRINGS,1575,GAUTENG,true
9R2gy3wRvgn2YPY8n,PHOMOLONG SECONDARY SCHOOL,Secondary,EKURHULENI NORTH,700400138,0113102146,2847,MADUNA STREET,TEMBISA,KEMPTON PARK,KEMPTON PARK,1632,GAUTENG,true
9cJb3PzMJw36hKbkS,LEJOELEPUTSOA PRIMARY SCHOOL,Primary,JOHANNESBURG WEST,700140707,0119393516,55,MODJALI,SOWETO,SOWETO,JOHANNESBURG,1852,GAUTENG,true
9gqBpCL4tP3yzPLRL,TEMBISA WEST SECONDARY SCHOOL,Secondary,EKURHULENI NORTH,700400117,0835095877,1,MOROGORO,ESIQONGWENI SECTION,TEMBISA,KEMPTON PARK,1632,GAUTENG,true
9yXCaJvFh7awMrTid,DR NHLAPO INTERMEDIATE SCHOOL,Primary,SEDIBENG WEST,700320440,0169881777,1229,MOSHOESHOE STREET,BOIPATONG,VANDERBIJLPARK,VANDERBIJLPARK,1911,GAUTENG,true
9z4RYqzf8npfTKKCf,O.R TAMBO SECONDARY SCHOOL,Primary,EKURHULENI SOUTH,700400248,0825568003,2748,S.A GAMA STREET,MOLELEKI EXT.3,KATLEHONG SOUTH,GERMISTON,1431,GAUTENG,true
A4DgHftdfZSCoGKGP,ZENZELENI PRIMARY SCHOOL,Primary,JOHANNESBURG EAST,700152421,0118828422,166,19TH AVE,ALEXANDRA,SANDTON,JOHANNESBURG,2090,GAUTENG,true
A69daYFMcq5dvJRuB,EKUKHANYISWENI PRIMARY SCHOOL,Primary,JOHANNESBURG EAST,700152108,0114435183,330,PHASE TWO,ALEXANDRA,SANDTON,JOHANNESBURG,2090,GAUTENG,true
A9hamtpiXA3HvTcRd,TLAKULA SECONDARY SCHOOL,Secondary,GAUTENG EAST,700351171,0117369927,2757,HLABANE,KWA-THEMA,SPRINGS,SPRINGS,1575,GAUTENG,true
ARd8kqPAKk8cggX8q,OR TAMBO PRIMARY SCHOOL,Primary,EKURHULENI NORTH,700400392,0825573460,731,KALAMAZOO STREET,PHOMOLONG SECTION,CHLOORKOP X51,KEMPTON PARK,1685,GAUTENG,true
AtpXn8bGpdjDXkX2X,PHUTHULLA PRIMARY SCHOOL,Primary,SEDIBENG WEST,700321265,0169881601,1988,MAMELODI,BOIPATONG,BOIPATONG,BOIPATONG,1901,GAUTENG,true
BKGhGLeSJaeo9cavr,SEOTLOANA PRIMARY SCHOOL,Primary,EKURHULENI NORTH,700261198,0119203200,645,SPARROW ROAD,DIFATENG SECTION,TEMBISA,KEMPTON PARK,1632,GAUTENG,true
BKf7wb4PzjWwNoj6v,EMMANGWENI PRIMARY SCHOOL,Primary,EKURHULENI NORTH,700260729,0119241754,320,MAMPURU/BADUZA STREET,EMMANGWENI SECTION,TEMBISA,KEMPTON PARK,1632,GAUTENG,true
BNLjgKdhFJo4G8BEy,SAULRIDGE SECONDARY SCHOOL,Secondary,PTSHWANE SOUTH,700232223,0123756956,156,SEKHU  STREET,ATTERIDGEVILLE,PRETORIA,PRETORIA,0008,GAUTENG,true
BdjGYXX4M4zzPWhqi,TSIMONG PRIMARY SCHOOL,Primary,GAUTENG EAST,700351197,0117363458,2755,SHABANGU ROAD,KWA-THEMA,SPRINGS,SPRINGS,1575,GAUTENG,true
Bi8x9CwissYRtPN4E,REALO  SECONDARY SCHOOL,Secondary,JOHANNESBURG EAST,700152314,0114432908,6915,SELBORNE STREET,ALEXANDRA,SANDTON,JOHANNESBURG,2090,GAUTENG,true
BxcrpWYpXGdfdAeH2,SEDIBENG PRIMARY SCHOOL,Primary,EKURHULENI NORTH,700261180,0119264854,2,HALLEY STREET,SEDIBENG SECTION,TEMBISA,KEMPTON PARK,1632,GAUTENG,true
Cfwoys8TWgMPWSjTW,INKATHA KA ZULU PRIMARY SCHOOL,Primary,GAUTENG EAST,700311118,0114249606,6141,MABASO,DAVEYTON,DAVEYTON,BENONI,1520,GAUTENG,true
DBGW6FbD4wPM7FYz9,KING DAVID PRIMARY (SANDTON) SCHOOL,Unknown,JOHANNESBURG EAST,700150706,0112537440,2157,BOWLING AVENUE,WOODMEAD EXT 4,SANDTON,SANDTON,2157,GAUTENG,true
DNzFdwPm4uFHLRr2t,SIVUSE PRIMARY SCHOOL,Primary,SEDIBENG WEST,700321489,0165931610,9471,MOPELI   STR,ZONE 7,SEBOKENG,VANDERBIJLPARK,1980,GAUTENG,true
DQsKN7aEup4gKoRoq,N'WA MHINGA PRIMARY SCHOOL,Primary,TSHWANE SOUTH,700232041,0123755514,2,NTSU STREET,SAULSVILLE,PRETORIA,PRETORIA,0125,GAUTENG,true
DYXn6ecBERtTFN7Wm,JABULANI THABANG PRIMARY SCHOOL,Primary,SEDIBENG WEST,700320648,0165965323,6710,11TH AVENUE,SMALL FARMS,EVATON,VANDERBIJLPARK,1984,GAUTENG,true
EWL7HMPvnGNmjoPZr,ZAKHENI PRIMARY SCHOOL,Other,JOHANNESBURG NORTH,700133306,0115288642,6600,MADLALA STREET,ORLANDO EAST,SOWETO,JOHANNESBURG,8104,GAUTENG,true
EdAGhDjGAwR5QHqAf,HOFMEYR SECONDARY SCHOOL,Secondary,TSHWANE SOUTH,700231746,0123738637,1,MNGADI AND MAFOLE STREET,ATTERIDGEVILLE,PRETORIA,PRETORIA,0001,GAUTENG,true
FA898nv2euY5CHoZo,WESTFIELDS PRIMARY SCHOOL,Primary,GAUTENG WEST,700270579,0187886688,61,KERNITE STREET,CARLETONVILLE,CARLETONVILLE,CARLETONVILLE,2499,GAUTENG,true
FDBLyYsKbbGzy2m99,PHELINDABA SECONDARY SCHOOL,Secondary,TSHWANE SOUTH,700232124,0123737928,113,CNR. MOROE AND MABOA STREETS,ATTERIDGEVILLE,PRETORIA,PRETORIA,0008,GAUTENG,true
FeywHD5TCRfMtzcwp,LERESCHE PRIMARY SCHOOL,Primary,JOHANNESBURG NORTH,700132407,0119351057,6501,ADAM STREET,ORLANDO EAST,SOWETO,JOHANNESBURG,1804,GAUTENG,true
FgGng3wJFQ7DunpM2,TSOELOPELE PRIMARY SCHOOL,Primary,SEDIBENG EAST,700331462,0164513213,4066,C/O SEETSO AND MAREKA STREET,SHARPVILLE,VEREENIGING,VEREENIGING,1928,GAUTENG,true
FvMma23JtBNvvDmWP,JET NTEO SECONDARY SCHOOL,Secondary,SEDIBENG WEST,700320663,0169882884,3001,UMZIMVUBU,BOIPATONG,VANDERBIJLPARK,VANDERBIJLPARK,1911,GAUTENG,true
FzapHesR2dB8mohzY,LIVHUWANI PRIMARY SCHOOL,Primary,JOHANNESBURG WEST,700140731,0115365221,354,SIKHWIRI STREET,MEADOWLANDS,SOWETO,JOHANNESBURG,1852,GAUTENG,true
GFrWnYNdtjEEb5spW,NYIKO PRIMARY SCHOOL,Primary,EKURHULENI NORTH,700261131,0119252302,288,ZEPHANIA MSEBENZI STREET,TEMBISA,KEMPTON PARK,KEMPTON PARK,1632,GAUTENG,true
GJv3W9ZAYjt9fmw2n,TOKELO SECONDARY SCHOOL,Secondary,SEDIBENG WEST,700321604,0165967498,21,SELBOURNE,SMALL FARMS,EVATON,VEREENIGING,1981,GAUTENG,true
GN7JXs9sADiNKDxm4,LEHLASEDI PRIMARY SCHOOL,Primary,SEDIBENG EAST,700330936,0169853244,1711,LEHOKO DRIVE,SHARPEVILLE,VEREENIGING,VEREENIGING,1928,GAUTENG,true
GXKZ8zc5YLJjTqKmX,GORDON PRIMARY SCHOOL,Primary,JOHANNESBURG EAST,700152132,0112642417,19,3RD AVENUE,ALEXANDRA,SANDTON,JOHANNESBURG,2090,GAUTENG,true
GdFRz8SxGfrcssASy,MASIQHAKAZE SECONDARY SCHOOL,Secondary,EKURHULENI NORTH,700261057,0119258059,459,SEPENG,TEMBISA,,KEMPTON PARK,1620,GAUTENG,true
Gp3CL67vEGgrnuXmA,MASIMINI PRIMARY SCHOOL,Primary,GAUTENG EAST,700350892,0117364204,2751,CORNER NKOSI AND MBIDLI STREET,KWA THEMA,SPRINGS,SPRINGS,1575,GAUTENG,true
HCCGxappCyNaGFgCX,LEEMA-MOKOTULI PRIMARY SCHOOL,Primary,SEDIBENG WEST,700400110,0165932325,14596,NYEMBEZI STREET,ZONE 7B,SEBOKENG,VANDERBIJLPARK,1982,GAUTENG,true
HJw3AnsPG8vLrDhM8,SIBONELO PRIMARY SCHOOL,Primary,EKURHULENI NORTH,700311498,0114244802,6752,HELENE,DAVEYTON,BENONI,BENONI,1520,GAUTENG,true
HMDP7QPixBHanbGzA,IPHUTHENG PRIMARY SCHOOL,Primary,JOHANNESBURG EAST,700152165,0114434007,18,LONDON ROAD,ALEXANDRA,SANDTON,JOHANNESBURG,2090,GAUTENG,true
J3pxHaGGhxNMzyqbj,LETSEMA-ILIMA PRIMARY SCHOOL,Primary,SEDIBENG WEST,700321331,0165820012,2281,FLORIDA  STREET,BEVERLY  HILLS,VANDERBIJLPARK,JOHANNESBURG,1907,GAUTENG,true
JCCKjH2kYnzqyXkvJ,BOKAMOSO PRIMARY SCHOOL,Secondary,TSHWANE WEST,700241810,0725474729,6113,EXTENSION 4,SOSHANGUVE,PRETORIA,PRETORIA,0152,GAUTENG,true
JYs5rzkSpqxpx7Apu,KGOLAGANO PRIMARY SCHOOL,Primary,GAUTENG EAST,700311811,0119626565,8572,ALBATROSS STREET,ETWATWA,BENONI,BENONI,1519,GAUTENG,true
JoB4YjDLLtcLF9uno,STEVE BIKO PRIMARY SCHOOL,Primary,JOHANNESBURG SOUTH,700400077,0118501088,5083,JIKELEZA DRIVE,EXT 2,ORANGE-FARM,JOHANNESBURG,1841,GAUTENG,true
JvctsCdy3WnCyyjKa,STRETFORD EXT 8 PRIMARY SCHOOL,Primary,JOHANNESBURG SOUTH,700331918,0825537254,14557,ORANGE FARM,TOWN SHIP,,JOHANNESBURG,1841,GAUTENG,true
KDJeNL8gnrwaBb4Fb,WINNIE MANDELA PRIMARY SCHOOL,Primary,EKURHULENI NORTH,700400236,0838202227,5882,SOLOMON MAHLANGU,WINNIE MANDELA,TEMBISA,KEMPTON PARK,1632,GAUTENG,true
KLTSee3FuvFwZfFmT,SELELEKELA SECONDARY SCHOOL,Secondary,JOHANNESBURG NORTH,700132902,0119359910,6457,MOOKI STREET,ORLANDO EAST,SOWETO,JOHANNESBURG,1804,GAUTENG,true
KeXNxzHvXARk3Qzy4,ZIMISELE SECONDARY SCHOOL,Secondary,GAUTENG EAST,700351304,0117374543,13992,MOJELA,EXTENSION 2,KWA-THEMA,SPRINGS,1575,GAUTENG,true
KjBZWW5QuieebNEWn,CARTER PRIMARY SCHOOL,Primary,JOHANNESBURG EAST,700152058,0114432689,44,4TH AVENUE,ALEXANDRA,SANDTON,JOHANNESBURG,2090,GAUTENG,true
Kkd4pwSZjJYvH7u3c,MAHLAHLE PRIMARY SCHOOL,Primary,TSHWANE SOUTH,700231894,0123755214,4,MLAMBO STREET,SAULSVILLE,PRETORIA,PRETORIA,0125,GAUTENG,true
Km2TibRg8zHBr7Tku,QUANTUM SECONDARY SCHOOL,Secondary,GAUTENG EAST,700400152,0839608857,5733,TEBOGILE STREET,ETWATWA EXT 3,BENONI,BENONI,1520,GAUTENG,true
L8puFwYJeSW79HGyo,EMFUNDISWENI PRIMARY SCHOOL,Primary,JOHANNESBURG EAST,700152116,0114435338,160,12TH AVENUE,ALEXANDRA,SANDTON,JOHANNESBURG,2021,GAUTENG,true
LbosSJ2EtBgbSeWHe,THOHO-YA-NDOU PRIMARY SCHOOL,Primary,TSHWANE SOUTH,700232272,0123755156,2,CNR LETSATSI AND KGAKA,SAULSVILLE,PRETORIA,PRETORIA,0125,GAUTENG,true
Lqv7fiyJJcCPNtP36,SIPHIWE PRIMARY SCHOOL,Primary,EKURHULENI NORTH,700261214,0119252900,205,UMFOLOZI STREET,ESANGWENI SECTION,TEMBISA,JOHANNESBURG,1632,GAUTENG,true
M4kBc3CXrLLZrCTvh,NTSIKANA PRIMARY SCHOOL,Primary,GAUTENG EAST,700311423,0114242004,4752,KHESWA STREET,DAVEYTON,BENONI,BENONI,1520,GAUTENG,true
MFJ4XwDAmN6Rs3SWC,KHULA SIZWE PRIMARY SCHOOL,Primary,EKURHULENI NORTH,700260992,0119201554,125,CNR. PHOFO & NKWE STREET,TEMBISA,KEMPTON PARK,JOHANNESBURG,1632,GAUTENG,true
MJ7eLcP3Knb7rM5ay,TOTOMENG PRIMARY SCHOOL,Primary,JOHANNESBURG WEST,700141069,0119393811,691,LENONG,MEADOWLANDS ZONE 8,JOHANNESBURG,SOWETO,1852,GAUTENG,true
N672sLBwGEggxopdN,PUDUMO PRIMARY SCHOOL,Primary,JOHANNESBURG SOUTH,700331165,0118506579,4636,PUDUMO DRIVE,ORANGE FARM,ORANGE FARM,JOHANNESBURG,1841,GAUTENG,true
NFuNLMWvy5qoXxFHG,PHORORONG PRIMARY SCHOOL,Other,GAUTENG WEST,700271015,0187831267,2674,SOMPANE ROAD,KHUTSONG LOCATION,CARLETONVILLE,MERAFONG,2499,GAUTENG,true
NjL2nHXXzyGBzYMby,THEMBALIHLE PRIMARY SCHOOL,Primary,JOHANNESBURG NORTH,700133132,0119351065,2227,MOFUTSANYANA,ORLANDO EAST,SOWETO,JOHANNESBURG,1804,GAUTENG,true
P5eR9ewzqWvuTkbWN,VEZUKHONO SECONDARY SCHOOL,Secondary,GAUTENG EAST,700311852,0119629996,23078,NGUNGUNYANA STREET,BARCELONA,DAVEYTON,BENONI,1520,GAUTENG,true
PE8JfrpWJJssfiaXM,AMOS MAPHANGA SECONDARY,Secondary,GAUTENG EAST,700400398,0824834979,13908,GUINEA FOWL,ETWATWA,DAVEYTON,BENONI,1520,GAUTENG,true
PcEFo3B4d7FgaiYvM,TEMBISA SECONDARY SCHOOL,Secondary,EKURHULENI NORTH,700261305,0119262365,1,"ANDREW MAPHETO DRIVE, IBAZELO SECTION",TEMBISA,KEMPTON PARK,KEMPTON PARK,1628,MPUMALANGA,true
Q6ou5sB273gFQ7JPr,DIEPDALE SECONDARY SCHOOL,Secondary,JOHANNESBURG NORTH,700140434,0119853390,3318,DIEPENAAR STREET,DIEPKLOOF,SOWETO,JOHANNESBURG,1864,GAUTENG,true
Q8kiWauRtS5oKpcii,NTOKOZWENI PRIMARY SCHOOL,Primary,GAUTENG EAST,700350975,0117367305,2753,MAETENE  STR,KWA - THEMA,SPRINGS,SPRINGS,1575,GAUTENG,true
QA5BwbZGvnRvCPWBB,THEMBELIHLE PRIMARY SCHOOL,Unknown,GAUTENG EAST,700311282,0119626775,13379,MQOALO STREET,ETWATWA,BENONI,BENONI,1519,GAUTENG,true
QeinGxEF8GwFQvDvR,PHANDIMFUNDO SECONDARY SCHOOL,Secondary,GAUTENG EAST,700311431,0119626153,13625,CHRIS HANI DRIVE,ETWATWA,DAVEYTON,BENONI,1520,GAUTENG,true
QiCCzcdEYnZPtdHf5,AB XUMA PRIMARY SCHOOL,Primary,JOHANNESBURG NORTH,700131805,0119351089,6565,MOOKI STREET,ORLANDO EAST,SOWETO,JOHANNESBURG,1804,GAUTENG,true
R7ZEvEyPtbpXisuq8,TSIETSI MASHININI PRIMARY SCHOOL,Primary,JOHANNESBURG WEST,700140822,0115365219,620,HEALD ROAD,MEADOWLANDS,SOWETO,JOHANNESBURG,1852,GAUTENG,true
R9K6phMQ6JYALhhYj,ZIFUNELENI JUNIOR SECONDARY  (COMB. PRIMARY) SCHOOL,Other,JOHANNESBURG NORTH,700133314,0119357839,6602,MADLALA STREET,ORLANDO EAST,SOWETO,JOHANNESBURG,1804,GAUTENG,true
Rero3Wud7LEDr2pHL,MENZI PRIMARY SCHOOL,Primary,GAUTENG EAST,700400234,0118134258,4444,TONGAAT STREET,EXT 4 LANGAVILLE,TSAKANE,BRAKPAN,1550,GAUTENG,true
S3yfktPSheRWDHbkd,SAPPHIRE SECONDARY SCHOOL,Secondary,SEDIBENG WEST,700321406,0169860549,2071,DAN  MOFOKENG  STREET,EXTENSION  4,BOPHELONG,VANDERBIJLPARK,1913,GAUTENG,true
S42Aq6eoMDgrb9SuJ,LUKHOLWENI PRIMARY SCHOOL,Primary,JOHANNESBURG NORTH,700132456,0119351039,6604,MADALA STEET,ORLANDO EAST,SOWETO,JOHANNESBURG,1804,GAUTENG,true
SfguRdqMXPhGK5HsN,WINNIE MANDELA SECONDARY SCHOOL,Secondary,EKURHULENI NORTH,700400514,0110538136,9043,MANDELA DRIVE,TEMBISA EXT 24,TEMBISA,KEMPTON PARK,1632,GAUTENG,true
Sy6AABPcNMuLJpk3p,LEBOHANG SECONDARY SCHOOL,Secondary,SEDIBENG WEST,700320788,0786983110,1997,SEKATI STR,BOIPATONG,VANDERBIJLPARK,,1901,GAUTENG,true
TM3Yr4nxiBrZC7vgx,EAST BANK HIGH SCHOOL,Secondary,JOHANNESBURG EAST,700152090,0114437826,87,EASTBANK AVENUE,ALEXANDRA,SANDTON,JOHANNESBURG,2090,GAUTENG,true
TSdyiMoNYjMMPuy4u,LERATONG PRIMARY SCHOOL,Primary,JOHANNESBURG NORTH,700132399,0110249957,6452,MOOIKI,ORLANDO EAST,SOWETO,JOHANNESBURG,1804,GAUTENG,true
Tb26t2ZJSaWdYhnHc,KUZIMISELA PRIMARY SCHOOL,Primary,EKURHULENI NORTH,700311209,0114266136,4543,LANGENI,DAVEYTON,BENONI,DAVEYTON,1520,GAUTENG,true
TfBu6LKq6gvHvgqQ3,DITAU PRIMARY SCHOOL,Primary,JOHANNESBURG NORTH,700132068,0119351029,6604,"MADLALA STREET
MADLALA STREET",ORLANDO EAST,,JOHANNESBURG,1804,GAUTENG,true
W22behkCwKSmtyJhy,INXIWENI PRIMARY SCHOOL,Primary,EKURHULENI NORTH,700260893,0119256904,3,CORNER NGEMA  AND JACKIE  NCUBE DRIVE,INXIWENI SECTION,TEMBISA,KEMPTON PARK,1632,GAUTENG,true
W2dNTH3v95vkD26c3,MOGOGODI PRIMARY SCHOOL,Primary,SEDIBENG WEST,700321018,0165941617,12689,BOLEU,SEBOKENG,VANDERBIJLPARK,VANDERBIJLPARK,1982,GAUTENG,true
WBifQrurWcvmNESkH,PHUTHUMANI PRIMARY SCHOOL,Primary,EKURHULENI NORTH,700261149,0877219579,3,ABEL MANANA,ESIQONGWENI SECTION,TEMBISA,KEMPTON PARK,1632,GAUTENG,true
WFiPd6sE8tpNj2fFi,MICHAEL ZULU PRIMARY SCHOOL,Primary,GAUTENG EAST,700311381,0117383680,2522,CRN SHANDU & MAGWAZA STR,TSAKANE,BRAKPAN,BRAKPAN,1550,GAUTENG,true
WgbderTpsZqAGyWQG,ITHUTE PRIMARY SCHOOL,Primary,JOHANNESBURG EAST,700152173,0118822968,69,"11TH AVENUE, SELBOURNE STREET",ALEXANDRA,SANDTON,JOHANNESBURG,2090,GAUTENG,true
Wi3o4uhSxQ8QXTp9J,ITSEBENG PRIMARY SCHOOL,Primary,SEDIBENG WEST,700320630,0165931512,58800,0,ZONE 3 SEBOKENG,VANDERBIJLPARK,VANDERBIJLPARK,1900,GAUTENG,true
WmYzsTmyw84ogzq2N,LABAN MOTLHABI COMPREHENSIVE SCHOOL,Secondary,GAUTENG EAST,700350843,0117363401,10403,JADULA STREET,KWA-THEMA,LOCATION,SPRINGS,1575,GAUTENG,true
WphoZsNMeQiHdoo2a,GOVAN MBEKI PRIMARY SCHOOL,Primary,JOHANNESBURG SOUTH,700332099,0838202239,6964,6964 DRIEZIEK 3,ORANGE FARM,ORANGE FARM,JOHANNESBURG,1805,GAUTENG,true
WzudoSDAr9ApDajXY,MOYISELA PRIMARY SCHOOL,Primary,JOHANNESBURG SOUTH,700331082,0118501159,11823,MODISELLE STR,ORANGE FARM,,JOHANNESBURG,1841,GAUTENG,true
X49XNg2j7kEsWpzfT,HLOLISISA PRIMARY SCHOOL,Unknown,GAUTENG NORTH,700925413,0139344351,542,SECTION B,EKANGALA,BRONKHORSTPRUIT,BRONKHORSTPRUIT,1021,GAUTENG,true
XAWapZvR3fXdrwTh8,BHEKIMFUNDO PRIMARY SCHOOL,Primary,EKURHULENI NORTH,700310920,0114264048,6752,HELENE,DAVEYTON,BENONI,BENONI,1520,GAUTENG,true
XRxiHzGGxzrbQiA5a,NTSELE PRIMARY SCHOOL,Primary,SEDIBENG WEST,700321208,0165970050,27024,ADAMS ROAD,EVATON,VANDERBIJLPARK,VANDERBIJLPARK,1984,GAUTENG,true
XsZR8DaRJjxqk2mqd,SAKHELWE PRIMARY SCHOOL,Primary,GAUTENG EAST,700351049,0117365102,2749,KHUMBUZA,KWA-THEMA,,SPRINGS,1575,GAUTENG,true
Xx3PY7JWQk2SPaCKr,THUTOLORE SECONDARY SCHOOL,Secondary,JOHANNESBURG WEST,700141002,0115360545,734,MADUBANE,MEADOWLANDS,SOWETO,JOHANNESBURG,1852,GAUTENG,true
YFkP4HAR2yhDzgYNn,SELIBA PRIMARY SCHOOL,Other,SEDIBENG EAST,700331314,0164512118,1997,SEEISO AND MBATHA STREET,SHARPEVILLE,VEREENIGING,VEREENIGING,1928,GAUTENG,true
YhEmH96RcvGizJDhw,KGALEMA PRIMARY SCHOOL,Primary,GAUTENG EAST,700311175,0114243300,10104,BARWA,DAVEYTON,BENONI,JOHANNESBURG,1520,GAUTENG,true
