school_name,survey_name,isverified,_id,safetylevel,hasfence,fencehasholes,conditionoffence,hassecuritygaurd,comment,version_id
NKUMBULO SECONDARY SCHOOL,Pontsho4,false,ufBzXnxxrjTKfMwQ5,Usually unsafe,Yes,Yes,"Needs urgent repair (e.g. holes, breaks)",,The security guard doesn't control access to the school/ to the gate,2G6DH4Aiu8dpRQyrD
UMSOBOMVU PRIMARY SCHOOL,KHOLWANI11,false,iRHb97R3JttvSop3e,Safe,,,,,,2Qm9dY2unum62oDu7
LEEMA-MOKOTULI PRIMARY SCHOOL,Sabelo1,false,Q9CvD8QpGGYfLEPXs,Usually unsafe,Yes,Yes,"Needs urgent repair (e.g. holes, breaks)",No,,2smWdy5ZETPXoRrYG
THUTO KITSO SECONDARY SCHOOL,sabelo1,false,9vNXM9LiD2333M48r,Usually unsafe,Yes,,,,,2zRbjDBfz4zB8Tv6q
REAGILE PRIMARY SCHOOL,Freddy11,false,GQPtZiiMXWtfuxtYr,Sometimes safe,Yes,,Excellent (no repairs needed),Yes,,3CZM6LyxfbGxQ676w
MABOELLENG PRIMARY SCHOOL,Joseph,false,3gsgRtvmN5gkKuDeD,Usually unsafe,Yes,Yes,"Needs urgent repair (e.g. holes, breaks)",Yes,,3XdLNoiuCRA5T5Dfc
MICHAEL ZULU PRIMARY SCHOOL,Sympathy varified,false,bfoLd45GPWqP2LmvN,Safe,Yes,No,Average (no major issues at present),,,3tbjfT8zZ2fPGfiwc
LANGAVILLE PRIMARY SCHOOL,Sympathy varified,false,L6QFWQHsncLW63JkZ,Safe,Yes,,Excellent (no repairs needed),,,3uXaw9N4tJkFZKXSt
VULAMAZIBUKO PRIMARY SCHOOL,KHOLWANI20,false,ijLHwTxD99tr4zNrm,Safe,Yes,No,Excellent (no repairs needed),,,4F5Qwq5cmL34WsvHP
TEMBISA WEST SECONDARY SCHOOL,Freddy10,false,kcg49vA5hb6QCBMj7,Sometimes safe,Yes,Yes,Average (no major issues at present),,,4avNjjRgrzrEpwKMN
STRETFORD EXT 8 PRIMARY SCHOOL,Sfiso v1,false,RPedjd5y2fidwkX5T,Safe,Yes,No,Excellent (no repairs needed),,,4zo5MNwbBvTPykbFg
FUNUKUKHANYA PRIMARY SCHOOL,KHOLWANI3,false,LvikybgaaP8bEcg5Y,Safe,Yes,No,Excellent (no repairs needed),,,55foHoJLBDfwGwTWD
AHA-THUTO SECONDARY SCHOOL,Sabelo verified,false,uszgMWbtR3xNtTrBR,Sometimes safe,No,,,,,5PhvChXDzSoaBymWp
LEFA-IFA SECONDARY SCHOOL,KHOLWANE13,false,HWmLpsYaMwwppzsZ5,Sometimes safe,Yes,Yes,"Needs urgent repair (e.g. holes, breaks)",Yes,,5QzLWMPF8grmhh3G5
NCHABELENG PRIMARY SCHOOL,KHOLWANI9,false,DvBrnfACHEeteDcMr,Safe,,,,,,5iHufHeS6B2XBsHTB
MQINISWA PRIMARY SCHOOL,Joseph verified,false,T6YofYuaNwPd4Xdhn,Safe,Yes,,Excellent (no repairs needed),Yes,,6XmRH2cDbjXJd8Zri
PHUTHUMANI PRIMARY SCHOOL,Sympathy Varified,false,gsJMqF7atQBF76mRz,Sometimes safe,Yes,Yes,Average (no major issues at present),,,6ZNqRnThWfJTjmtzh
NYIKO PRIMARY SCHOOL,Freddy9,false,eixYWceqHoDasMjWK,Safe,Yes,No,,,,6cFA5fAxPtQzaP5bz
REALO  SECONDARY SCHOOL,SABELO VERIFIED,false,Di8mXhoBxttvmR9GW,Safe,Yes,No,Excellent (no repairs needed),No,,6iixm3MYropadAMjX
MELODI PRIMARY SCHOOL,Tshepo1,false,vYbS6qj9skQ9qCxvo,Sometimes safe,Yes,Yes,"Needs urgent repair (e.g. holes, breaks)",,,6nyrh8pzbNxMHyu4J
SOZIZWE PRIMARY SCHOOL,Tshepo3,false,76oaWug3den9zaRyG,,Yes,Yes,"Needs urgent repair (e.g. holes, breaks)",Yes,,6yXgt6quvcZfmQiWf
MATSIE STEYN PRIMARY SCHOOL,Joseph verified,false,f3tHJdEaGX3DTxszQ,Safe,Yes,No,Excellent (no repairs needed),Yes,,74LtY73iZk5nAgKN4
JOB MASEKO PRIMARY SCHOOL,KHOLWANI12,false,h2CdqAHuAcmgtTaGc,Safe,Yes,,,,,7Lt26udxHfpKtyAwY
SAKHELWE PRIMARY SCHOOL,Pontsho 10,false,nAHNYXzsiinfPbjJ2,Sometimes safe,Yes,No,Excellent (no repairs needed),Yes,,7jdhLaYzWcCtFduQg
SHADRACK MBAMBO PRIMARY SCHOOL,Sympathy Varified,false,pwk6JypKqjgFwSLjx,Safe,Yes,Yes,Excellent (no repairs needed),,,7sAKJvmox8vK6GJBv
SIPHIWE PRIMARY SCHOOL,Zanele V1,false,p3o4WfdNewmHAHxsb,Safe,Yes,No,Excellent (no repairs needed),,,8EkWbb3qMosGvaWyT
VEZUKHONO SECONDARY SCHOOL,Joseph,false,PpdZ5KMod4HWxbnq6,Usually unsafe,No,,,,,8FucY8f4FTzL2XmhY
LERATONG PRIMARY SCHOOL,sfisov1,false,C4bwFmRMz5DoAnWnh,Usually unsafe,Yes,No,,No,,8Q8hLajqT7vMWrbeA
EMFUNDISWENI PRIMARY SCHOOL,Zanele V1,false,iPYKq4f5uDpzQtRuz,Safe,Yes,No,Excellent (no repairs needed),Yes,,8TjXzm5mqedTkvZ5n
SEDIBENG PRIMARY SCHOOL,Zanele V1,false,fsntxRW4Gq8HJe93c,Safe,Yes,,Excellent (no repairs needed),Yes,,8pdqiKPuW9emmvdMA
LABAN MOTLHABI COMPREHENSIVE SCHOOL,Pontsho6,false,TPoJ9X9facnKKeZNw,Sometimes safe,Yes,Yes,Average (no major issues at present),,,922NEXkq8CZy6PH7L
TSHIRELA PRIMARY SCHOOL,Joseph verified,false,bg9Bt4mhMNSYLK4HJ,Safe,Yes,No,Excellent (no repairs needed),Yes,,93KanXF8i8wGs4YKw
NTSIKANA PRIMARY SCHOOL,Sympathy Varified,false,fs8Da8rofxzxvagnv,Safe,Yes,No,Excellent (no repairs needed),,,95AYoAp6AiYz3KZ2t
REKGUTLILE PRIMARY SCHOOL,SABELO VERIFEID,false,GQhByTRRLg7Knuths,Usually unsafe,Yes,,,,,9NYELJLrE2z96eKGu
ZITIKENI SECONDARY SCHOOL,SABELO VERIFIED,false,6zBG86b87mv6L9GrL,Safe,Yes,No,Average (no major issues at present),Yes,,A7HS55Lmpv7eWduhv
HLABANGANE PRIMARY SCHOOL,Joseph verified,false,XZLoSxuzviq7WJkeL,Usually unsafe,Yes,No,Excellent (no repairs needed),,,A9g2JXbafa9hggA23
MOSIOA PRIMARY SCHOOL,Joseph verified,false,5BmuBoXQB5TQnSvAC,Safe,Yes,No,Average (no major issues at present),Yes,,AGiLx4gigQqYMN4fT
THEMBALIHLE PRIMARY SCHOOL,SABELO1,false,YiGDkNYkTCfwRxp2W,Usually unsafe,No,No,Excellent (no repairs needed),Yes,,AHHiQixZscHdnSQpM
BOPHELONG SECONDARY SCHOOL,Sabelo1,false,PC8cS28EcmkNrCcbW,Usually unsafe,Yes,Yes,"Needs urgent repair (e.g. holes, breaks)",Yes,,AQmqsTKLbbQgfAmzP
Radibapi Primary,sabelo,false,rNG9kwBPr8W8oW8ZN,Usually unsafe,Yes,No,Excellent (no repairs needed),Yes,,Acd6f7D8RbhpthZHN
SELELEKELA SECONDARY SCHOOL,SABELO 1,false,dWeg3wJTX9fXtAxbw,Usually unsafe,Yes,,,,,Ayck7PmsY3mNr3gZQ
LESEDI LA KRESTE ANGLICAN PRIMARY SCHOOL,Pontsho16,false,JjNTBDhDru5itPhSF,Safe,Yes,No,Excellent (no repairs needed),Yes,,BL89Y49hLjtAgtj9C
DAVID HELLEN PETA SECONDARY SCHOOL,Joseph verified,false,DnvQQnaxJsqsgppzJ,Sometimes safe,Yes,No,Excellent (no repairs needed),Yes,The does not have an alarm,BpGigPup4eyijh28x
THUTOLORE SECONDARY SCHOOL,Joseph verified,false,Ad2QQFmSjwLbs5dMa,Safe,Yes,No,Excellent (no repairs needed),,,BwK89vufnm6iCSJhQ
BUHLEBEMFUNDO SECONDARY SCHOOL,Joseph verified,false,gx5Sc2bQxGXWLxe6x,Safe,Yes,No,Excellent (no repairs needed),,,Ch6HJ6DZmFCYxKkww
ESIKHISINI PRIMARY SCHOOL,Joseph verified,false,BjeTkbMssn4wFfQq8,Usually unsafe,Yes,No,Average (no major issues at present),No,,CoWKa7AHpYehwgjN4
TSWELELANG PRIMARY SCHOOL,Joseph verified,false,tcwwqFiek36ZPbRMv,Usually unsafe,Yes,No,Excellent (no repairs needed),,,Dddj3YJBuiuGmAQFQ
EMMANUEL PRIMARY SCHOOL,Joseph1,false,RxEEDQntqi7KdXBCu,Safe,Yes,No,Excellent (no repairs needed),Yes,,DwG2tAAFC8W79Ckxx
MASIMINI PRIMARY SCHOOL,KHOLWANI17,false,JuqnGHiwoWPeFoxxp,Safe,Yes,No,,Yes,,E7KSgcfSqaoDb5BEE
EKUKHANYISWENI PRIMARY SCHOOL,Zanele V1,false,iQawGcsBHLEkdAKem,Safe,Yes,No,Excellent (no repairs needed),Yes,,EbrJ8dHAyrQTpSaNj
NTOKOZWENI PRIMARY SCHOOL,Pontsho12,false,HEsPsjaPtJPoyykjW,Safe,Yes,No,Excellent (no repairs needed),Yes,,EtHDHYs97BCxasggi
LEJOELEPUTSOA PRIMARY SCHOOL,Freddy4,false,6hou3faM992cmERgm,Sometimes safe,No,,,,,EtsNuLzuvqcqdM943
DIEPDALE SECONDARY SCHOOL,Tracey v1,false,dRmx7WLxKrgkh3oMh,Sometimes safe,Yes,Yes,"Needs urgent repair (e.g. holes, breaks)",Yes,,EyHGQ2ctZRGcPQ4Lc
BATLOUNG INTERMEDIATE SCHOOL,Symps,false,ZomSyq49SRSxJyxzx,Usually unsafe,Yes,,Excellent (no repairs needed),No,,FEAD8jBu7LbHezy2j
DR KNAK PRIMARY SCHOOL,"SABELO VERIFIED
pontsho 20",false,deZiFAYkbBhqr9NNM,Safe,Yes,No,Excellent (no repairs needed),Yes,,FkDMg4ekjDHWExDuv
BOTLEHADI PRIMARY SCHOOL,Sabelo1,false,XwYjXft62ugMgqPxe,Usually unsafe,,,,,,FpTsqHm4D3ttwK8dY
SIBONELO PRIMARY SCHOOL,Sympathy verified,false,WHuyRZr4HkzLebLJJ,Usually unsafe,No,,,,,GQPE7rurt9bb7DM5a
JABULILE SECONDARY SCHOOL,Zanele V1,false,LfAfRbDpbZGG6Y4X9,Sometimes safe,No,,,,,GdT4e3QnaH2fX4vAA
O.R TAMBO SECONDARY SCHOOL,Zanele V1,false,j8gMeuaGg8xHTjDa8,Safe,Yes,No,Excellent (no repairs needed),,,Gfj3WRS3Y8w4dmyph
BOKAMOSO PRIMARY SCHOOL,Zanele V1,false,jGa8SxdtvHBEhp6Xq,Sometimes safe,Yes,,Average (no major issues at present),Yes,,H2wSN9EFbKzeSGjCh
ZIFUNELENI JUNIOR SECONDARY  (COMB. PRIMARY) SCHOOL,SABELO VERIFIED,false,f42sxp4wDGQoQZsQB,Usually unsafe,Yes,No,,,,HE7QyZrdjZD4TwigW
ZAKHENI PRIMARY SCHOOL,Sympathy varified,false,Spfxahahan4YMDs6Z,Safe,Yes,Yes,"Needs urgent repair (e.g. holes, breaks)",Yes,,HKHTs5NYM9YcNKmA3
CHARLOTTE MAXEKE SECONDARY SCHOOL,V1,false,bwjRHa9Y3k5JCwGRY,Usually unsafe,No,,,,,HMfiK9msnxvBpZRTv
MANGWELE PRIMARY SCHOOL,SABELO VERIFIED,false,wcu5hQrgRYZSfSCrF,Sometimes safe,Yes,No,Excellent (no repairs needed),Yes,,HZFjNDTejF5ga78Sx
DR NHLAPO INTERMEDIATE SCHOOL,Joseph verified,false,6MBMFcDwN6FgfXKx9,Safe,Yes,Yes,"Needs urgent repair (e.g. holes, breaks)",,,Hjqy94n4PwNqwN5uA
KUZIMISELA PRIMARY SCHOOL,Tshepo,false,v27cyAdd5oGECCySi,Usually unsafe,Yes,No,Average (no major issues at present),,,HushLZncKDsTyJhfN
PHOMOLONG PRIMARY SCHOOL,Sfiso v1,false,8bKryDpuzhGWRmpRX,Sometimes safe,Yes,No,Excellent (no repairs needed),,,J8iGazpt3MwprEvbp
BOVET PRIMARY SCHOOL,Joseph verified,false,nyC7DrMGcKf5no3ve,Safe,Yes,No,Excellent (no repairs needed),Yes,,JMwctXTYdunvweNYD
SIVUSE PRIMARY SCHOOL,SABELO1,false,3mXM2ZRm3KbWx59Cy,Usually unsafe,No,,,,,JeGKrkaqdgboxbxAd
BHEKIMFUNDO PRIMARY SCHOOL,Tshepo2,false,2PwPRoXmX4LqEKJrP,Usually unsafe,Yes,Yes,Average (no major issues at present),,,JpDqQfLuuC9qJrici
KHANGEZILE PRIMARY SCHOOL,Pontsho9,false,WZobzJ57qFDwN9ito,Sometimes safe,Yes,Yes,"Needs urgent repair (e.g. holes, breaks)",Yes,,KDmkojmtPfcEEQ3vv
LEBOWA PRIMARY SCHOOL,Joseph,false,QZPH7Kf9MM2N2jHRE,Usually unsafe,Yes,No,Average (no major issues at present),Yes,,KhtEcF9mnhkNyqnW3
SELOPE-THEMA PRIMARY SCHOOL,SABELO VERIFIED,false,u4g8DN5xsNPAkMWZ5,Safe,Yes,No,Excellent (no repairs needed),Yes,,Kqq9XsRqsRQM6PjGn
LEBOHANG SECONDARY SCHOOL,Sabelo1,false,YGpFCB6Drkx3J4FMF,Safe,,,,,,KrNZ7H2XmHuPpHRrN
DITAWANA PRIMARY SCHOOL,pontsho 21,false,Wvkra7mxT34vZvzHC,Safe,Yes,No,Excellent (no repairs needed),Yes,,LBujyFwCgPkGzWSZy
EAST BANK HIGH SCHOOL,Sympathy varified,false,oB2FNx9sSK4i6to2A,Safe,Yes,No,Excellent (no repairs needed),Yes,,LD7hazozFmAuLNBgP
TEMBISA SECONDARY SCHOOL,V1,false,MwqNaQ4XrC8tnGAqF,Sometimes safe,Yes,Yes,"Needs urgent repair (e.g. holes, breaks)",Yes,,LTccQvtsRbQdnvd4x
SEEISO PRIMARY SCHOOL,Joseph verified,false,itrckT9Fna3NoazTp,Usually unsafe,Yes,No,Average (no major issues at present),Yes,,LZ7sJWsXTML9asLdD
NKABINDE PRIMARY SCHOOL,KHOLWANI16,false,Ac2CqYJRgS9h5ZZE8,Safe,Yes,No,Excellent (no repairs needed),Yes,,LrmX8FAuJMKckWE6c
KGOMOCO PRIMARY SCHOOL,Joseph1,false,sdyKSGmqZyno8h6Wa,Safe,Yes,,,,,METTMMRQRhoWxKdRt
TSAKANE PRIMARY SCHOOL,Sympathy Varified,false,gePRcWSWyjK2BZgR9,Safe,Yes,,Excellent (no repairs needed),,,MYuCFef7Fjt8yRX8d
KGALEMA PRIMARY SCHOOL,Tshepo3,false,EDpo6CWDvM5aycEkf,Usually unsafe,,,,,,MYybcL4ntNLDfPjZt
JABULANI THABANG PRIMARY SCHOOL,Sabelo1,false,akCrTLGZ3yTzT7csr,Safe,Yes,Yes,Average (no major issues at present),Yes,,MtKWmrDmPtx6hTjXm
MUZOMSHA PRIMARY SCHOOL,KHOLWANI18,false,sbhYzvSH9Bg8QQQ6h,Usually unsafe,Yes,No,Average (no major issues at present),No,,NTo8EK8jnLkjB93Hd
IKAGE PRIMARY SCHOOL,Sympathy varified,false,t9vgkfMNTWCuBTNQv,Safe,Yes,Yes,Average (no major issues at present),,,NY3CpQoLXKGkXkq8b
BATHOKWA PRIMARY SCHOOL,SABELO VERIFIED,false,AMWTLtySizjDSW6YD,Usually unsafe,Yes,No,Excellent (no repairs needed),Yes,,P4wqK6rnJQahfhFTr
LIVHUWANI PRIMARY SCHOOL,SABELO VERIFIED,false,PnmHLqCvbWJBTt98k,Sometimes safe,Yes,Yes,Average (no major issues at present),Yes,,PySjA6yQMoXAyS2z8
MOHLOLI SECONDARY SCHOOL,symps,false,PbCyXvgJRpc8Ma8oE,Safe,Yes,No,Excellent (no repairs needed),Yes,,Pye3fvQETS2TCPKyt
MODUOPO PRIMARY SCHOOL,Zanele V1,false,xYExi9oK5RgWhEww6,Usually unsafe,No,,,,,Q2SemXMcpEX5NfYsD
MOKGOME SECONDARY SCHOOL,Joseph verified,false,LdvTsT3RxfZju3TgN,Usually unsafe,Yes,No,Average (no major issues at present),,,QBmBALzw89kwmHz2B
SEOTLOANA PRIMARY SCHOOL,Zanele V1,false,qivHtgxQKPK5bG9N3,Safe,No,,,,,Qmhp6bLYHrRTc42wc
ROLIHLAHLA PRIMARY SCHOOL,Tshepo2,false,ozcazr8zSR6qomFfA,Sometimes safe,Yes,,Average (no major issues at present),,,Qzm8u4imxajBRWLE5
SELIBA PRIMARY SCHOOL,Joseph verified,false,f5XY3uvwxzLYhq4kg,Safe,Unsure,,,,,RHG8484wnsaqifrig
JET NTEO SECONDARY SCHOOL,Sabelo1,false,Ej4E5PKYgw6uH5S7R,Sometimes safe,,,,,,RKz4SAhiQgbHCmTpZ
PATOGENG PRIMARY SCHOOL,Joseph verified,false,nvLQEczSSFHqPN3v7,Usually unsafe,Yes,Yes,,Yes,,Rvf9JkpRBRozBsyiq
POELANO SECONDARY SCHOOL,Joseph verified,false,DXHo9MBNGx9S8fFBd,Safe,Yes,No,Average (no major issues at present),Yes,,S3LbwsmZGkiiekXEX
N'WA MHINGA PRIMARY SCHOOL,Freddy8,false,goE46KJgYnM6STNBS,Usually unsafe,No,,,,,S47bpHzXts94zC2ke
DITAU PRIMARY SCHOOL,Sympathy varified,false,NKutbGoGDe3DwHJyt,Sometimes safe,,,,,,SDQzcRxtroyWa7uGB
DR HARRY GWALA SECONDARY SCHOOL,Tshepo3,false,TDRtDbbML4iSYCzr6,Sometimes safe,Yes,Yes,"Needs urgent repair (e.g. holes, breaks)",Yes,,SNuf4DBJszmQrAzS4
RESIDENSIA SECONDARY SCHOOL,Symps,false,ePz7fiT9WbBjEpwo4,Usually unsafe,Yes,,,,,Sa8QfeRArxjpbStqt
EMMANGWENI PRIMARY SCHOOL,Zanele v1,false,sjjZXu92DyNTW28Q2,Sometimes safe,No,,,,There's fencing but it has holes in between and urgent repairs are needed.,SeRiR2xnt35DWtRzX
NOMINI PRIMARY SCHOOL,Sabelo verified,false,v3dAXzCosuMsmofG4,Usually unsafe,,,,,,Sue8DWeGKHPKAyQBi
HULWAZI SECONDARY SCHOOL,Tshepo1,false,Q3qvfcPm5zmPzrSTw,Sometimes safe,Yes,Yes,"Needs urgent repair (e.g. holes, breaks)",,,Tnm69CSqqbdHg9obr
GAHLANSO PRIMARY SCHOOL,Zanele V1,false,8D35KXPzbRx4prXji,Usually unsafe,Yes,Yes,Average (no major issues at present),,,WeXHdZMumEMFyckHq
TOKELO SECONDARY SCHOOL,Joseph verified,false,jijXtKdD7E6s6CWiq,Safe,Yes,Yes,Average (no major issues at present),,,WszeF9gAuQuHMNHLC
MAKAPANE PRIMARY SCHOOL,Joseph verified,false,qj9Zng2D5BZuqwu6J,Safe,,,,,,X4uSNwu6z2y2MdNwA
ORLANDO SECONDARY SCHOOL,SABELO VERIFIED,false,58FN9xhtNG9ed8M6o,Sometimes safe,Yes,No,Average (no major issues at present),Yes,,XKxt23fR8Fujkyiim
MOYISELA PRIMARY SCHOOL,Sabelo verified,false,ZePJkyJtraiaen3xm,Safe,Yes,No,"Needs urgent repair (e.g. holes, breaks)",Yes,,XTL9gvLr9S2MmMsjJ
BOITUMELONG SECONDARY SCHOOL,Zanele V1,false,SxWDbc6sAtgHucbMm,Safe,Yes,No,Excellent (no repairs needed),,,XYLgc3p2tmFJ6nGJb
MAHLAHLE PRIMARY SCHOOL,SABELO VERIFIED,false,ckhqbTv4dAJSGyXaR,Usually unsafe,Yes,No,Average (no major issues at present),,,YLYWLt3BFmbGuRHBQ
HOFMEYR SECONDARY SCHOOL,Joseph verified,false,gS6yeQ6vEqDeHmkKf,Usually unsafe,Yes,Yes,Average (no major issues at present),Yes,,Z9wz3QcLwmRfGuaeT
FADIMEHA PRIMARY SCHOOL,Joseph verified,false,csEZaY5Qj4SoB62Lb,Usually unsafe,Unsure,No,,No,No security at gate,ZMuo7tqss7QrYPuwZ
LETSEMA-ILIMA PRIMARY SCHOOL,Symps,false,pDpSn2h3wzPNd5pDu,Safe,No,,,,,ZNXsgBEk2evJkTYso
DITAWANE,Joseph verified,false,RL2EpQkRa78Yne7RW,Usually unsafe,Yes,,,,,ZQpQXXcpAjvZC2ony
JORDAN SECONDARY SCHOOL,Sabelo1,false,rsCWq3D6JPK3Gq6ys,Usually unsafe,Yes,Yes,Average (no major issues at present),Yes,,ZQvS49GgfM6XNnqij
SAULRIDGE SECONDARY SCHOOL,Sabelo verified,false,Qspyr9zCRcJTyNeK8,Usually unsafe,Yes,No,Average (no major issues at present),,,ZgR4zqFothSycL9hz
TSOELOPELE PRIMARY SCHOOL,Joseph verified,false,2d7k4ijXtd7kXHrPy,Safe,Yes,No,Excellent (no repairs needed),Yes,,ZrghZT93L2bSWSofg
MVELAPHANDA PRIMARY SCHOOL,Freddy9,false,Z2kMQuSk8Miz9de27,Sometimes safe,No,,,,,aMRD37JGNEmrz9FZ9
NTSELE PRIMARY SCHOOL,Sabelo1,false,Ed3RH4vJvB8FWfq4v,Usually unsafe,No,Yes,"Needs urgent repair (e.g. holes, breaks)",Yes,,aQ4BMeoFWmo4HrHqF
KHULA SIZWE PRIMARY SCHOOL,Freddy7,false,E3Zd39K2EjQuWRYKM,Safe,Yes,No,Excellent (no repairs needed),,,ayNNoGKj3iCnECzSg
ITSEBENG PRIMARY SCHOOL,SABELO1,false,4Lnf5H2DMPzKg8kf3,Usually unsafe,Yes,,,,,bAExKd8RN5BhHzb3z
ZIMISELE SECONDARY SCHOOL,Pontsho3,false,SebQNDpP3KBAafj5L,Sometimes safe,No,,,,,bEf9GjYAyqAqY3bhw
TSWELOPELE SECONDARY SCHOOL,Zanele V1,false,rGh3pAMqJayorpAmm,Safe,Yes,No,Average (no major issues at present),Yes,,bHZpmA7SpQzx29CQk
GEORGE MBILASE PRIMARY SCHOOL,Joseph,false,5Wqtr2jR8k73ykGqG,Usually unsafe,Yes,Yes,"Needs urgent repair (e.g. holes, breaks)",,,bMEYkfLEMjEHiTFux
TLHOLO INTERMEDIATE SCHOOL,Joseph1,false,vYA9X3Q5232JQJiW4,Usually unsafe,,,,,,bPfY5thaXn4EAdkXw
BUD MBELLE PRIMARY SCHOOL,SABELO VERIFIED,false,RxEjuhnogc3chjwib,Usually unsafe,Yes,Yes,Average (no major issues at present),Yes,,bf5Ltec4dXsz7pEX9
BOPASENATLA SECONDARY SCHOOL,Joseph verified,false,2kc77Bc5bin485DX7,Safe,Yes,No,Excellent (no repairs needed),Yes,,cDYo2z98FGZzNHPMM
QUANTUM SECONDARY SCHOOL,Tshepo2,false,2d5Yzydcdwuqv7cqY,Sometimes safe,Yes,Yes,,,,cQQF5juB8JG3jNbNs
GOVAN MBEKI PRIMARY SCHOOL,Sabelo verified,false,9xqQxxG5mGXeQJ7uy,Safe,,,,,,dBu8rGN6ZLKj4rb4e
CAIPHUS NYOKA SECONDARY SCHOOL,Tshepo4,false,XRig5P9g4dcdbpMEc,Sometimes safe,No,,,,,dLHdmSdFbLWF2kJqy
THETHA SECONDARY SCHOOL,SABELO VERFIED,false,DFvHJGqQyP43BKoE4,Sometimes safe,,,,,,dnFyeB4sC6kfmj2Q6
LEBONE PRIMARY SCHOOL,KHOLWANI7,false,apWJkdaoDo9RSTZNh,Sometimes safe,No,,,,,drsWF9n9G7CxbrANB
MASIQHAKAZE SECONDARY SCHOOL,V1,false,74RKnv2mDg7JMxgGG,Usually unsafe,Yes,Yes,"Needs urgent repair (e.g. holes, breaks)",,,e6s5EEf389EeLo6Tz
THOPODI PRIMARY SCHOOL,SABELO VERIFIED,false,nWByhF82xLSM9Brbs,Sometimes safe,Yes,Yes,"Needs urgent repair (e.g. holes, breaks)",Yes,,eaN2HpTXfZTyuJHLY
LEHLASEDI PRIMARY SCHOOL,Sabelo1,false,8ofDFQDCcnX6oYL72,Usually unsafe,Yes,No,Excellent (no repairs needed),Yes,,efr9txWNfPHw3AhD7
PHAMEHLO PRIMARY SCHOOL,Symps,false,9iDTYQCAiNMjx4hSM,Usually unsafe,No,,,,,eg2P5ZFGTcwctmdcA
MENZI PRIMARY SCHOOL,Sympathy varified,false,YgLwyuDsoDqfq6XLv,Sometimes safe,Yes,,Average (no major issues at present),,,eqJ28tbWRDYX6YPkp
GOROGANG PRIMARY SCHOOL,Pontsho5,false,YT2uyMKCmDRJdExho,Usually unsafe,Yes,No,Excellent (no repairs needed),,The school needs security to ensure safety and security for learners,fkuEy7WKs5HL2NM6z
INXIWENI PRIMARY SCHOOL,Freddy8,false,FgZSgCEj7qKzBRELP,Safe,Yes,No,Excellent (no repairs needed),,,g2zngXhSLP6Xe7qtg
STEVE BIKO PRIMARY SCHOOL,Zanele V1,false,2NY3NKappSuoHiTrE,Sometimes safe,Yes,No,Average (no major issues at present),Yes,,g6orxjw6EmCqYup83
LETSIE PRIMARY SCHOOL,KHOLWANI8,false,eC8Cja7rsZXmP4F7k,Safe,,,,,,gPuKrSrjRHYQAhofp
TIYANI Junior secondary SCHOOL,SABELO VERIFIED,false,Sq4DmbXZ95tQoziMG,Usually unsafe,Yes,,,,,gZKefKr3T7kQ7yZdd
WESTFIELDS PRIMARY SCHOOL,SABELO 1,false,oq7YW9zkxXXv35mux,Sometimes safe,Yes,,,,,ghEZdTPoThhpWNWiw
LERESCHE PRIMARY SCHOOL,Joseph verified,false,geNW7jZay7TAcSy3A,Safe,Yes,No,,No,,giGaTXuXxZQxCGaMd
LUKHOLWENI PRIMARY SCHOOL,Joseph verified,false,kA9vbwGYXgJHqHsxx,Safe,Yes,No,Average (no major issues at present),Yes,,gpABZNKAeZxGARLNE
LETSATSING COMBINED SCHOOL,SABELO 1,false,C7iZkcY5288RTwh8w,Usually unsafe,Yes,,,,,hBG3H9epZYnScCbtp
LOTUS GARDENS PRIMARY SCHOOL,Joseph verified,false,E8Pw5E3bTjiDwwAR9,Safe,Yes,No,Average (no major issues at present),Yes,,hJppCjP9YgzQPhsxp
ZENZELENI PRIMARY SCHOOL,Sympathy Varification,false,rfDERF9pKtkMtzmwn,Safe,Yes,No,Excellent (no repairs needed),,,hTroeBPPurCSNxDGe
KAMOHELO PUBLIC SCHOOL,Joseph,false,q5BAQ5G8w7Geo4Zio,Usually unsafe,Yes,Yes,Excellent (no repairs needed),Yes,,hk4XMrnHxTastfL7s
TSITSIBOGA PRIMARY SCHOOL,SABELO1,false,cPuKpymqJ52nEBmpw,Usually unsafe,Yes,,,,,hrfAaJLuuBvdukdf9
HLANGANANI PRIMARY SCHOOL,Test Adam,false,fc7DyhASsFCdp45Lp,,,,,,,ieCAKYPDiJ8dGueXc
TSIMONG PRIMARY SCHOOL,KHOLWANI19,false,WW4C9g5vzDNqx3rZC,Usually unsafe,No,,,,,jR3LMPDnnHi7xvLcp
THEMBALIKAZULU PRIMARY SCHOOL,KHOLWANI10,false,Q25rSaFEZRD5Jj43o,Safe,Yes,No,,,,jSDZSbr7cMPKgibe7
zitha primary,sabelo1,false,2mErPQWem74AJXxP3,Usually unsafe,Yes,No,Excellent (no repairs needed),Yes,,k652o58moXsybbDfm
VEZUKHONO SECONDARY SCHOOL,Joseph1,false,LZwE2Xr3gQYixMfWQ,,,,,,,mDwDpssp9xiy5oAgB
NQUBELA PRIMARY SCHOOL,Sympathy Varified,false,Dq5sv84xiH9Hx5L7d,Safe,Yes,,,,,mobhBo8uKGxkvNsjR
SAPPHIRE SECONDARY SCHOOL,Joseph verified,false,JCshDmo8kiLxNZZwB,Safe,Yes,No,Average (no major issues at present),Yes,,mu6wNPMzZ754NLLnE
KHOMANANI PRIMARY SCHOOL,SABELO VERIFIED,false,hi4G6XmwLt5JuqAmk,Safe,Yes,Yes,Average (no major issues at present),Yes,,myEbntbNmwtRJAXXn
TSIETSI MASHININI PRIMARY SCHOOL,Sympathy varified,false,Jmda43xQounjH6BA8,Safe,Yes,Yes,Average (no major issues at present),Yes,,n9gEojJ6K5eKYJ4c2
KGOLAGANO PRIMARY SCHOOL,Joseph verified,false,fF8aRnGhYksd33H5a,Usually unsafe,Yes,No,Excellent (no repairs needed),,,o6KRqZ8m5YyPCmxEu
ENDULWENI PRIMARY SCHOOL,Joseph verified,false,nTCCog9t6CATscaT7,Safe,Yes,No,Excellent (no repairs needed),,,ocFaNqXzeBvD5hiAZ
PHUTHADITSHABA PRIMARY SCHOOL,SABELO VERIFIED,false,K5uc4st5odBJ6jdt8,Usually unsafe,Yes,No,Average (no major issues at present),Yes,,ojqksxwnmxWXpM8n6
LESHATA SECONDARY SCHOOL,Sabelo verified,false,6iB5rZ5EBXBvWQvz4,Safe,Yes,Yes,"Needs urgent repair (e.g. holes, breaks)",Yes,,opzRuPL9N8RSzCNsi
PHUTHULLA PRIMARY SCHOOL,Sabelo1,false,zfuDrKQXxzoppaHfa,Usually unsafe,Yes,Yes,,,,pRKnFJGLubdAiTZEy
DINOTO TECHNICAL SECONDARY SCHOOL,Tshepo3,false,RnECSoag9a4fbQCXr,Sometimes safe,Yes,No,Excellent (no repairs needed),Yes,,pqm6NksjcwAhrDwyH
THUTHUKA PRIMARY SCHOOL,SABELO VERIFIED,false,vd9MYr2v3Hhvir4LF,Safe,Yes,No,Average (no major issues at present),Yes,,q7rLbRb4nxtPxfoSc
THOHO-YA-NDOU PRIMARY SCHOOL,Joseph verified,false,NYwEepywie4eWcYzB,Safe,Yes,No,Average (no major issues at present),Yes,,q7vvj7t7uptnim45G
FRED HABEDI PRIMARY SCHOOL,Pontsho11,false,kNcbycRy2DayrcJKn,Sometimes safe,Yes,Yes,Excellent (no repairs needed),Yes,,qCqx8rN4JLCHpEwF4
ENTSHONALANGA PRIMARY SCHOOL,SABELO VERIFIED,false,GaLhnjXFvtXEdg76h,Usually unsafe,Yes,No,Average (no major issues at present),Yes,,qYqekSfSRExjXJrGM
WINNIE MANDELA PRIMARY SCHOOL,SABELO VERIFIED,false,dJZMqrA9eFkyKKMbE,Safe,Yes,Yes,,Yes,,qqTGPEnmDQRrarBSw
PHORORONG PRIMARY SCHOOL,Joseph,false,xSmcnJ8xQCc7Sp7q9,Usually unsafe,Yes,No,Excellent (no repairs needed),Yes,,qs4DrHmATWN59Tptg
GORDON PRIMARY SCHOOL,SFISO V1,false,HuD7Fdh2qQZGFA69Z,Safe,Yes,No,Excellent (no repairs needed),,,qsXPNNQE3pWkdTbfb
MONTSOSI PRIMARY SCHOOL,SABELO1,false,tvTdbrhisHTwDP3ck,Usually unsafe,Yes,,,,,rCApJ97XLJY5xuoJY
ISEKELO PRIMARY SCHOOL,Joseph verified,false,zndothvn3ZQixvHyv,Safe,Yes,No,,,,rRCnvnKF3KB68xQfw
AMOS MAPHANGA SECONDARY,Tshepo3,false,m77knk29FAw2mEWs7,Usually unsafe,Yes,Yes,"Needs urgent repair (e.g. holes, breaks)",Yes,,ra2zX3jjBPguj6bc3
MOGOGODI PRIMARY SCHOOL,Joseph1,false,sq5gxtrqCjHicujdc,Usually unsafe,Yes,No,Excellent (no repairs needed),,,rgipwMLK9skQK2EuA
ZITHATHELE PRIMARY SCHOOL,Joseph verified,false,5CzyCQdWDxp2EeDzm,Safe,Yes,No,,Yes,,sXauHMaoiXsoSamWK
ZAMANI PRIMARY SCHOOL,Sympathy Varified,false,WXhmaBfshK66ALCbs,Usually unsafe,Yes,No,Excellent (no repairs needed),,,sfN5HAvKti5hRvPxZ
KOKOSI PRIMARY SCHOOL,Symps,false,PfLTHbLggMGYzLpnc,Sometimes safe,Yes,,,,,sfgS3CrJFoTBvFQ72
KING DAVID HIGH SCHOOL (VICTORY PARK),Version 2,false,9on7Q6BEK9b2TgyCn,Usually unsafe,Yes,Yes,,,,siZhhkH29MMEnswvu
INKATHA KA ZULU PRIMARY SCHOOL,Tshepo1,false,32FMZehsH8ueRfEWG,Usually unsafe,Yes,No,Average (no major issues at present),,,srdTLx3pxML3nwKPr
TSHIRELETSO PRIMARY SCHOOL,Joseph1,false,Lk7isu2zyirL3nQfb,Usually unsafe,Yes,,,,,syBSsyuaG3J2rk8ky
QEDUSIZI PRIMARY SCHOOL,Pontsho8,false,6hHxNqLarYXj7jBbD,Sometimes safe,Yes,No,Excellent (no repairs needed),,,tC7ee9TXmJ8oDEcRe
PHANDIMFUNDO SECONDARY SCHOOL,SABELO VERIFIED,false,kQqnjDSveenxPmQQK,Sometimes safe,Yes,Yes,Excellent (no repairs needed),Yes,,tDKj5hfjzok3tbGs9
TOTOMENG PRIMARY SCHOOL,Joseph verified,false,TQGYXXWoSzfvMTG6B,Usually unsafe,Yes,No,Average (no major issues at present),,,tMjiiRvEEAsNmSJGx
CARTER PRIMARY SCHOOL,Joseph verified,false,T6MJYYXmfPvrFLfHk,Safe,Yes,Yes,"Needs urgent repair (e.g. holes, breaks)",,,tdRzrm36MQJ2raFea
ITHUTE PRIMARY SCHOOL,Sympathy Varified,false,NTTKxtAW2de92s8ju,Safe,Yes,,Average (no major issues at present),,,tkbM3Jp4KjPx4H5qC
IPHUTHENG PRIMARY SCHOOL,Sympathy varified,false,fNQnShJ7hHqTHN77d,Safe,Yes,No,Excellent (no repairs needed),,,tqMTBWRbAuYsAqATz
DR WF NKOMO SECONDARY SCHOOL,Sympathy Varified,false,2qvdGPfPZBht27pSm,Safe,No,No,Average (no major issues at present),,,u2mAvGSYipuFCETW2
SECHABA PRIMARY SCHOOL,KHOLWANI14,false,PMGQzQBFKf9Rstkxx,Safe,,,,,,ufaeHuMMa97ge5aCK
TLAKULA SECONDARY SCHOOL,Sympathy Varified,false,eYPX5GcZTvLbmFxFN,Sometimes safe,Unsure,,Average (no major issues at present),,THE SCHOOL HAS SECURITIES UNDER THE DEPARTMENT OF THE POLICE AND SOMETIMES THEY ARE LAZY TO DO THEIR JOB,uiiC6LpdXHBickDqX
DUMEHLEZI INTERMEDIATE SCHOOL,Joseph verified,false,XsfcE7RottkngBNRe,Safe,Unsure,,,,,uvAsG8PGNZNED5pxz
HLANGABEZA PRIMARY SCHOOL,Symps,false,Nf5RQ6mYmNa3NbDbu,Usually unsafe,Yes,,,,,uyB7xpWYkTuuhsLzS
MOSHOESHOE PRIMARY SCHOOL,Joseph verified,false,3EAWp27eLguLzRimM,Usually unsafe,Yes,No,Average (no major issues at present),,,vPSPXjGpC6ABc9Szc
MASISEBENZE COMPREHENSIVE SCHOOL,Zanele V1,false,wnRJsC75FjMJMnthR,Sometimes safe,Yes,Yes,"Needs urgent repair (e.g. holes, breaks)",Yes,,vQsgY2cMuHRHHxN5X
ISIZIBA PRIMARY SCHOOL,V1,false,i43swsxmP9y9fajXP,Usually unsafe,Yes,Yes,"Needs urgent repair (e.g. holes, breaks)",,,vZkChYaMACHarXWxC
MASHEMONG PRIMARY SCHOOL,Joseph verified,false,CP9GMdQ9LpFZbfyh8,Sometimes safe,Yes,No,Average (no major issues at present),,No sports fields,wfdMKsnKg56v7y6uJ
IPONTSHE PRIMARY SCHOOL,V1,false,f3RGm5bbyPAGprhaM,Safe,Yes,No,Excellent (no repairs needed),Yes,,x39JZC9Q749pXeEbY
OR TAMBO PRIMARY SCHOOL,Sympathy verified,false,SaQvAzp6qMXAjFbdQ,Safe,Yes,,,,,xp2bxhMm4Yoeu9jho
BONA COMPREHENSIVE SCHOOL,SABELO VERIFIED,false,NFJC7PZFpyAcsMERD,Safe,Yes,Yes,Average (no major issues at present),Yes,,xsLXqpcynPeYTwiXE
PHOMOLONG SECONDARY SCHOOL,V1,false,Txhvckj4iPv3i9YAW,Usually unsafe,Yes,No,Excellent (no repairs needed),Yes,,xuTGawqPYaYusxnm8
TLHOKOMELO PRIMARY SCHOOL,Joseph1,false,mTfNgkWedtPsJbWv7,Sometimes safe,Yes,,,,,y3Rzmw2pDYqioZ8WC
PHELINDABA SECONDARY SCHOOL,Sabelo verified,false,Y5XdYGaEmNQQTgbxc,Usually unsafe,No,,,,,yAYPTyMxnk5pj2zT9
KENNETH MASEKELA SECONDARY SCHOOL,Pontsho7,false,AMSMdrA7iTkPDSzvF,Safe,Yes,No,Excellent (no repairs needed),,,yuLFP8PQcXB6aAAm6
REAMOHETSOE PRIMARY SCHOOL,Sabelo verified,false,FRuFcq8kiDhat83sz,Safe,Yes,Yes,"Needs urgent repair (e.g. holes, breaks)",Yes,,zpLEh72kC58ryRpxt
