school_name,survey_name,isverified,_id,numberofsportsfields,availablesports,availablesportsotherdescription,otherdrilldown,hockeydrilldown,netballdrilldown,basketballdrilldown,tennisdrilldown,cricketdrilldown,soccerdrilldown,swimmingdrilldown,comment,version_id
MENZI PRIMARY SCHOOL,Sympathy varified,false,28rX828zY2DCHfHBi,0,,,,,,,,,,,,eqJ28tbWRDYX6YPkp
MELODI PRIMARY SCHOOL,Tshepo1,false,2A2B4QAu8tLRTxYfD,3,"{ ""0"" : ""Netball Court"", ""1"" : ""Tennis Court"", ""2"" : ""Soccer Field"", ""3"" : ""Other"" }",,"{ ""condition"" : ""Poor Condition"", ""location"" : ""School’s Own"" }",,"{ ""condition"" : ""Average Condition"", ""location"" : ""School’s Own"" }",,"{ ""condition"" : ""Average Condition"", ""location"" : ""School’s Own"" }",,"{ ""condition"" : ""Poor Condition"", ""location"" : ""School’s Own"" }",,,6nyrh8pzbNxMHyu4J
KGOLAGANO PRIMARY SCHOOL,Joseph verified,false,2KhcZMEpybcdX8meM,,"[ ""Netball Court"", ""Basketball Court"", ""Tennis Court"", ""Soccer Field"" ]",,,,"{ ""condition"" : ""Average Condition"" }","{ ""condition"" : ""Average Condition"" }","{ ""condition"" : ""Average Condition"" }",,"{ ""condition"" : ""Poor Condition"" }",,,o6KRqZ8m5YyPCmxEu
CAIPHUS NYOKA SECONDARY SCHOOL,Tshepo4,false,2emTyucLKzyjC2B6J,,"[ ""Netball Court"", ""Soccer Field"" ]",,,,"{ ""condition"" : ""Average Condition"", ""location"" : ""School’s Own"" }",,,,"{ ""condition"" : ""Poor Condition"", ""location"" : ""School’s Own"" }",,,dLHdmSdFbLWF2kJqy
MOSHOESHOE PRIMARY SCHOOL,Joseph verified,false,2fRT3id8G6o8Mogsq,,"[ ""Athletics Field"", ""Netball Court"", ""Basketball Court"", ""Hockey Field"", ""Tennis Court"", ""Cricket Pitch"", ""Soccer Field"", ""Rugby Field"", ""Swimming Pool"" ]",,,"{ ""location"" : ""Other School’s"" }","{ ""location"" : ""Other School’s"" }","{ ""location"" : ""Other School’s"" }","{ ""location"" : ""Other School’s"" }","{ ""location"" : ""Community Owned"" }","{ ""condition"" : ""Unsure"", ""location"" : ""Community Owned"" }","{ ""condition"" : ""Unsure"", ""location"" : ""Other School’s"" }",,vPSPXjGpC6ABc9Szc
THUTO KITSO SECONDARY SCHOOL,sabelo1,false,2nBYaiG7tMmH4GPca,,"[ ""Netball Court"" ]",,,,"{ ""location"" : ""Community Owned"" }",,,,,,,2zRbjDBfz4zB8Tv6q
SOZIZWE PRIMARY SCHOOL,Tshepo3,false,37RNCPJGqxJrQxyTy,4,"[ ""Athletics Field"", ""Netball Court"", ""Soccer Field"", ""Swimming Pool"" ]",,,,"{ ""condition"" : ""Poor Condition"" }",,,,"{ ""condition"" : ""Poor Condition"" }","{ ""location"" : ""Community Owned"" }",,6yXgt6quvcZfmQiWf
THUTHUKA PRIMARY SCHOOL,SABELO VERIFIED,false,396nJHLybpNiJfEb8,3,"[ ""Athletics Field"", ""Netball Court"", ""Soccer Field"" ]",,,,"{ ""condition"" : ""Poor Condition"", ""location"" : ""School’s Own"" }",,,,"{ ""condition"" : ""Poor Condition"", ""location"" : ""School’s Own"" }",,,q7rLbRb4nxtPxfoSc
BOVET PRIMARY SCHOOL,Joseph verified,false,3JYnbLnupRn8yxadQ,0,,,,,,,,,,,,JMwctXTYdunvweNYD
MAKAPANE PRIMARY SCHOOL,Joseph verified,false,3dKw34HfRRcpDnKyk,,"[ ""Soccer Field"" ]",,,,,,,,"{ ""condition"" : ""Poor Condition"", ""location"" : ""School’s Own"" }",,,X4uSNwu6z2y2MdNwA
THETHA SECONDARY SCHOOL,SABELO VERFIED,false,3k4MpaNdL4JMKprXs,2,"[ ""Athletics Field"", ""Netball Court"", ""Soccer Field"" ]",,,,"{ ""condition"" : ""Good Condition"", ""location"" : ""School’s Own"" }",,,,"{ ""condition"" : ""Poor Condition"", ""location"" : ""School’s Own"" }",,,dnFyeB4sC6kfmj2Q6
KHULA SIZWE PRIMARY SCHOOL,Freddy7,false,3sf46fEtoAjp5eME4,4,,,,,"{ ""condition"" : ""Good Condition"", ""location"" : ""School’s Own"" }",,"{ ""condition"" : ""Good Condition"", ""location"" : ""School’s Own"" }",,"{ ""condition"" : ""Average Condition"", ""location"" : ""Community Owned"" }",,,ayNNoGKj3iCnECzSg
SAKHELWE PRIMARY SCHOOL,Pontsho 10,false,46sqJ7NGbewStZQD7,,,,,,,,,,,,,7jdhLaYzWcCtFduQg
MOKGOME SECONDARY SCHOOL,Joseph verified,false,4FWkFKfjyzewHc8rJ,,"[ ""Soccer Field"" ]",,,,,,,,"{ ""location"" : ""Community Owned"" }",,,QBmBALzw89kwmHz2B
ZENZELENI PRIMARY SCHOOL,Sympathy Varification,false,4GYPhAW8GE4M7AfCv,,,,,,,,,,,,,hTroeBPPurCSNxDGe
BOITUMELONG SECONDARY SCHOOL,Zanele V1,false,4T6Z6P5gmogh9kCAS,2,"{ ""0"" : ""Netball Court"", ""1"" : ""Basketball Court"" }",,,,"{ ""condition"" : ""Good Condition"", ""location"" : ""School’s Own"" }","{ ""condition"" : ""Good Condition"", ""location"" : ""School’s Own"" }",,,,,,XYLgc3p2tmFJ6nGJb
QUANTUM SECONDARY SCHOOL,Tshepo2,false,52bkxotpXPXxvC773,0,,,,,,,,,,,,cQQF5juB8JG3jNbNs
MASIQHAKAZE SECONDARY SCHOOL,V1,false,54fDie2Hh4wYDCNus,3,"{ ""0"" : ""Athletics Field"", ""1"" : ""Netball Court"", ""2"" : ""Soccer Field"" }",,,,"{ ""condition"" : ""Poor Condition"", ""location"" : ""School’s Own"" }",,,,"{ ""condition"" : ""Poor Condition"", ""location"" : ""School’s Own"" }",,,e6s5EEf389EeLo6Tz
MANGWELE PRIMARY SCHOOL,SABELO VERIFIED,false,55P6SYzbQW23Srj2g,0,,,,,,,,,,,,HZFjNDTejF5ga78Sx
LESHATA SECONDARY SCHOOL,Sabelo verified,false,5DYAhqL8DfPrZaJkn,0,,,,,,,,,,,,opzRuPL9N8RSzCNsi
SECHABA PRIMARY SCHOOL,KHOLWANI14,false,5GSK5GrB5NsBPTXaB,,,,,,,,,,,,,ufaeHuMMa97ge5aCK
EMMANGWENI PRIMARY SCHOOL,Zanele v1,false,64CKnMqMoBy5D7XdR,2,"{ ""0"" : ""Netball Court"", ""1"" : ""Cricket Pitch"", ""2"" : ""Soccer Field"" }",,,,"{ ""condition"" : ""Poor Condition"", ""location"" : ""School’s Own"" }",,,"{ ""condition"" : ""Average Condition"", ""location"" : ""Community Owned"" }","{ ""condition"" : ""Average Condition"", ""location"" : ""Community Owned"" }",,,SeRiR2xnt35DWtRzX
TIYANI Junior secondary SCHOOL,SABELO VERIFIED,false,67uoZM4KoiMCqvFpy,0,,,,,,,,,,,,gZKefKr3T7kQ7yZdd
SEDIBENG PRIMARY SCHOOL,Zanele V1,false,6F9BKPPZYk7ucELPv,1,"[ ""Netball Court"" ]",,,,,,,,,,,8pdqiKPuW9emmvdMA
SEDIBENG PRIMARY SCHOOL,Zanele V1,false,6KpSpPHB5HgynQqHR,1,"[ ""Netball Court"" ]",,,,"{ ""condition"" : ""Average Condition"", ""location"" : ""School’s Own"" }",,,,,,,8pdqiKPuW9emmvdMA
NKABINDE PRIMARY SCHOOL,KHOLWANI16,false,6X7wwfnDnjGtQWQ98,1,"[ ""Basketball Court"" ]",,,,,"{ ""condition"" : ""Poor Condition"" }",,,,,,LrmX8FAuJMKckWE6c
NTSIKANA PRIMARY SCHOOL,Sympathy Varified,false,6YMm5Rocjbp7ioiZ3,,"[ ""Netball Court"" ]",,,,"{ ""condition"" : ""Poor Condition"", ""location"" : ""School’s Own"" }",,,,,,,95AYoAp6AiYz3KZ2t
DAVID HELLEN PETA SECONDARY SCHOOL,Joseph verified,false,6bzinkXLfRYKcLB7e,3,"[ ""Athletics Field"", ""Netball Court"", ""Cricket Pitch"", ""Soccer Field"" ]",,,,"{ ""condition"" : ""Average Condition"", ""location"" : ""School’s Own"" }",,,"{ ""condition"" : ""Average Condition"", ""location"" : ""School’s Own"" }","{ ""condition"" : ""Average Condition"", ""location"" : ""Community Owned"" }",,,BpGigPup4eyijh28x
REAMOHETSOE PRIMARY SCHOOL,Sabelo verified,false,6dHwSsjyy5MagXJF8,2,"[ ""Netball Court"", ""Basketball Court"", ""Tennis Court"" ]",,,,"{ ""condition"" : ""Good Condition"", ""location"" : ""School’s Own"" }","{ ""condition"" : ""Poor Condition"", ""location"" : ""School’s Own"" }","{ ""condition"" : ""Poor Condition"", ""location"" : ""School’s Own"" }",,,,,zpLEh72kC58ryRpxt
TSAKANE PRIMARY SCHOOL,Sympathy Varified,false,6eMrhyzmRB8mX9xX6,2,"[ ""Athletics Field"", ""Netball Court"", ""Cricket Pitch"", ""Soccer Field"" ]",,,,"{ ""condition"" : ""Average Condition"", ""location"" : ""School’s Own"" }",,,"{ ""condition"" : ""Unsure"", ""location"" : ""Unsure"" }","{ ""condition"" : ""Average Condition"", ""location"" : ""School’s Own"" }",,,MYuCFef7Fjt8yRX8d
DIEPDALE SECONDARY SCHOOL,Tracey v1,false,7BQWhwmSAEFS6gSGk,1,"[ ""Soccer Field"" ]",,,,,,,,,,,EyHGQ2ctZRGcPQ4Lc
MODUOPO PRIMARY SCHOOL,Zanele V1,false,7LT5u5GJWjatiLRXN,0,,,,,,,,,,,,Q2SemXMcpEX5NfYsD
THEMBALIHLE PRIMARY SCHOOL,SABELO1,false,7vNcxpMgEo9Y28YD2,1,"[ ""Athletics Field"", ""Netball Court"", ""Soccer Field"" ]",,,,"{ ""location"" : ""Community Owned"" }",,,,"{ ""location"" : ""Community Owned"" }",,,AHHiQixZscHdnSQpM
KAMOHELO PUBLIC SCHOOL,Joseph,false,8WpnMQXnQGJC2MAbs,1,"[ ""Netball Court"" ]",,,,"{ ""condition"" : ""Average Condition"", ""location"" : ""School’s Own"" }",,,,,,,hk4XMrnHxTastfL7s
WINNIE MANDELA PRIMARY SCHOOL,SABELO VERIFIED,false,8YCF2kM6DQHrh655q,2,"[ ""Netball Court"", ""Soccer Field"" ]",,,,"{ ""condition"" : ""Good Condition"", ""location"" : ""School’s Own"" }",,,,"{ ""condition"" : ""Good Condition"", ""location"" : ""School’s Own"" }",,,qqTGPEnmDQRrarBSw
DUMEHLEZI INTERMEDIATE SCHOOL,Joseph verified,false,8axT9SmHv7CKbohQZ,,,,,,,,,,,,,uvAsG8PGNZNED5pxz
ENTSHONALANGA PRIMARY SCHOOL,SABELO VERIFIED,false,8nGWiKw5v87rJhXfu,,"[ ""Athletics Field"", ""Netball Court"", ""Tennis Court"", ""Cricket Pitch"", ""Soccer Field"" ]",,,,"{ ""condition"" : ""Good Condition"", ""location"" : ""School’s Own"" }",,"{ ""condition"" : ""Good Condition"", ""location"" : ""School’s Own"" }","{ ""condition"" : ""Good Condition"", ""location"" : ""School’s Own"" }","{ ""condition"" : ""Good Condition"", ""location"" : ""School’s Own"" }",,,qYqekSfSRExjXJrGM
KENNETH MASEKELA SECONDARY SCHOOL,Pontsho7,false,8oDmM4TPE9bSCgJsk,1,"[ ""Athletics Field"", ""Other"" ]",,,,,,,,,,,yuLFP8PQcXB6aAAm6
VULAMAZIBUKO PRIMARY SCHOOL,KHOLWANI20,false,8szgtng2N663nG88w,2,"[ ""Netball Court"", ""Tennis Court"", ""Soccer Field"" ]",,,,"{ ""condition"" : ""Poor Condition"", ""location"" : ""School’s Own"" }",,"{ ""condition"" : ""Poor Condition"", ""location"" : ""School’s Own"" }",,"{ ""condition"" : ""Poor Condition"", ""location"" : ""School’s Own"" }",,,4F5Qwq5cmL34WsvHP
EMFUNDISWENI PRIMARY SCHOOL,Zanele V1,false,8xfXB9YRputDiSddg,0,,,,,,,,,,,,8TjXzm5mqedTkvZ5n
KGALEMA PRIMARY SCHOOL,Tshepo3,false,9icgpRoDrJ4LyC6ni,2,"[ ""Netball Court"", ""Tennis Court"" ]",,,,,,,,,,,MYybcL4ntNLDfPjZt
PHOMOLONG PRIMARY SCHOOL,Sfiso v1,false,9kYpeoyiwNrd6kBTY,6,"[ ""Athletics Field"" ]",,,,,,,,,,,J8iGazpt3MwprEvbp
DITAU PRIMARY SCHOOL,Sympathy varified,false,9kafTpb5n7YCpKyXb,,,,,,,,,,,,,SDQzcRxtroyWa7uGB
TLHOKOMELO PRIMARY SCHOOL,Joseph1,false,9rvDZoTq2TBBqAcAh,0,,,,,,,,,,,,y3Rzmw2pDYqioZ8WC
DR WF NKOMO SECONDARY SCHOOL,Sympathy Varified,false,A3LveaJPsEvReasZw,5,"[ ""Athletics Field"", ""Netball Court"", ""Cricket Pitch"", ""Soccer Field"", ""Rugby Field"" ]",,,,"{ ""condition"" : ""Poor Condition"", ""location"" : ""School’s Own"" }",,,"{ ""condition"" : ""Poor Condition"", ""location"" : ""School’s Own"" }","{ ""condition"" : ""Poor Condition"", ""location"" : ""School’s Own"" }",,,u2mAvGSYipuFCETW2
BOPASENATLA SECONDARY SCHOOL,Joseph verified,false,A5RWqo2eiBcrL3i6A,2,"[ ""Basketball Court"", ""Rugby Field"" ]",,,,,"{ ""condition"" : ""Poor Condition"", ""location"" : ""School’s Own"" }",,,,,,cDYo2z98FGZzNHPMM
LERATONG PRIMARY SCHOOL,sfisov1,false,A7zW9JbfYJXpdXmEA,2,"[ ""Netball Court"", ""Soccer Field"" ]",,,,"{ ""condition"" : ""Good Condition"", ""location"" : ""School’s Own"" }",,,,"{ ""condition"" : ""Good Condition"", ""location"" : ""School’s Own"" }",,,8Q8hLajqT7vMWrbeA
SEEISO PRIMARY SCHOOL,Joseph verified,false,AEYA5n9Fv7LrijF42,1,"[ ""Netball Court"" ]",,,,"{ ""condition"" : ""Average Condition"", ""location"" : ""School’s Own"" }",,,,,,,LZ7sJWsXTML9asLdD
MABOELLENG PRIMARY SCHOOL,Joseph,false,An49osWg2gS3FZXvB,0,,,,,,,,,,,,3XdLNoiuCRA5T5Dfc
TIYANI Junior secondary SCHOOL,SABELO VERIFIED,false,AwnMDhRd67g8dMTDF,0,,,,,,,,,,,,gZKefKr3T7kQ7yZdd
ISIZIBA PRIMARY SCHOOL,V1,false,Axzbb4f7er6Sgyxo8,,"[ ""Athletics Field"", ""Netball Court"", ""Soccer Field"", ""Other"" ]",,,,"{ ""condition"" : ""Average Condition"", ""location"" : ""School’s Own"" }",,,,"{ ""condition"" : ""Good Condition"", ""location"" : ""School’s Own"" }",,,vZkChYaMACHarXWxC
PHOMOLONG PRIMARY SCHOOL,Sfiso v1,false,B3DJARy79KZmocj7t,6,"{ ""0"" : ""Athletics Field"", ""1"" : ""Netball Court"", ""2"" : ""Cricket Pitch"", ""3"" : ""Soccer Field"", ""4"" : ""Rugby Field"", ""5"" : ""Other"" }",Volleyball,,,"{ ""condition"" : ""Good Condition"", ""location"" : ""School’s Own"" }",,,"{ ""condition"" : ""Poor Condition"", ""location"" : ""School’s Own"" }","{ ""condition"" : ""Good Condition"", ""location"" : ""School’s Own"" }",,,J8iGazpt3MwprEvbp
NTOKOZWENI PRIMARY SCHOOL,Pontsho12,false,BCfcwPnLBYhMhqWo7,4,"[ ""Athletics Field"", ""Netball Court"", ""Basketball Court"", ""Tennis Court"" ]",,,,"{ ""condition"" : ""Average Condition"", ""location"" : ""School’s Own"" }","{ ""condition"" : ""Average Condition"", ""location"" : ""School’s Own"" }","{ ""condition"" : ""Average Condition"", ""location"" : ""School’s Own"" }",,,,,EtHDHYs97BCxasggi
JOB MASEKO PRIMARY SCHOOL,KHOLWANI12,false,BKx8TMnnHsKRbQFva,,"[ ""Netball Court"" ]",,,,"{ ""condition"" : ""Good Condition"", ""location"" : ""School’s Own"" }",,,,,,,7Lt26udxHfpKtyAwY
ZITHATHELE PRIMARY SCHOOL,Joseph verified,false,BX3eAhDMNKP9kwAeQ,1,"[ ""Soccer Field"" ]",,,,,,,,"{ ""condition"" : ""Average Condition"", ""location"" : ""Community Owned"" }",,,sXauHMaoiXsoSamWK
ENDULWENI PRIMARY SCHOOL,Joseph verified,false,ByMQHmy8dTsQ8x6he,2,"[ ""Athletics Field"", ""Soccer Field"" ]",,,,,,,,"{ ""condition"" : ""Good Condition"", ""location"" : ""School’s Own"" }",,,ocFaNqXzeBvD5hiAZ
EAST BANK HIGH SCHOOL,Sympathy varified,false,C4ZHssT8H4FakdCaQ,,,,,,,,,,,,,LD7hazozFmAuLNBgP
TSWELOPELE SECONDARY SCHOOL,Zanele V1,false,CC9QRspaKnHggxFLy,,,,,,,,,,,,,bHZpmA7SpQzx29CQk
RESIDENSIA SECONDARY SCHOOL,Symps,false,CGTCNzZjLjdYeTj6u,1,"[ ""Soccer Field"" ]",,,,,,,,"{ ""condition"" : ""Poor Condition"" }",,,Sa8QfeRArxjpbStqt
JOB RATHEBE PRIMARY SCHOOL,Sabelo verified,false,CNYHuXJXpJSfgTExs,2,"[ ""Netball Court"", ""Basketball Court"", ""Soccer Field"" ]",,,,"{ ""location"" : ""School’s Own"" }","{ ""condition"" : ""Good Condition"" }",,,,,,4z6ESappfnPWNQ98D
SHADRACK MBAMBO PRIMARY SCHOOL,Sympathy Varified,false,CaYxuR6yD7D3mjEtT,2,"[ ""Netball Court"", ""Cricket Pitch"", ""Soccer Field"" ]",,,,"{ ""condition"" : ""Poor Condition"", ""location"" : ""School’s Own"" }",,,"{ ""condition"" : ""Average Condition"", ""location"" : ""School’s Own"" }","{ ""condition"" : ""Poor Condition"", ""location"" : ""School’s Own"" }",,,7sAKJvmox8vK6GJBv
DR HARRY GWALA SECONDARY SCHOOL,Tshepo3,false,CgbTtgtdBBsTiSCCW,0,,,,,,,,,,,,SNuf4DBJszmQrAzS4
DITAU PRIMARY SCHOOL,Sympathy varified,false,D64XZpjuj4a6JeAva,,,,,,,,,,,,,SDQzcRxtroyWa7uGB
PHOMOLONG SECONDARY SCHOOL,V1,false,EJ6Ksza5JNuQMacQg,,"[ ""Netball Court"", ""Soccer Field"" ]",,,,"{ ""condition"" : ""Average Condition"", ""location"" : ""School’s Own"" }",,,,"{ ""condition"" : ""Poor Condition"", ""location"" : ""School’s Own"" }",,,xuTGawqPYaYusxnm8
TSOELOPELE PRIMARY SCHOOL,Joseph verified,false,EbN8F8NtYx5MkkfsM,3,"[ ""Netball Court"", ""Tennis Court"", ""Soccer Field"" ]",,,,"{ ""condition"" : ""Good Condition"", ""location"" : ""School’s Own"" }",,"{ ""condition"" : ""Good Condition"", ""location"" : ""School’s Own"" }",,"{ ""condition"" : ""Average Condition"", ""location"" : ""School’s Own"" }",,,ZrghZT93L2bSWSofg
GAHLANSO PRIMARY SCHOOL,Zanele V1,false,EgYjkNJf6beEdbPLh,3,"[ ""Athletics Field"" ]",,,,,,,,,,,WeXHdZMumEMFyckHq
O.R TAMBO SECONDARY SCHOOL,Zanele V1,false,Ek2pZdKcZr7AsruiK,4,"[ ""Athletics Field"", ""Netball Court"", ""Cricket Pitch"", ""Soccer Field"" ]",,,,"{ ""condition"" : ""Poor Condition"", ""location"" : ""School’s Own"" }",,,"{ ""condition"" : ""Poor Condition"", ""location"" : ""School’s Own"" }","{ ""condition"" : ""Poor Condition"", ""location"" : ""Community Owned"" }",,,Gfj3WRS3Y8w4dmyph
THOPODI PRIMARY SCHOOL,SABELO VERIFIED,false,FD6t84jLE7MuSLhPb,,"[ ""Athletics Field"", ""Netball Court"", ""Soccer Field"" ]",,,,"{ ""condition"" : ""Poor Condition"" }",,,,"{ ""condition"" : ""Poor Condition"" }",,,eaN2HpTXfZTyuJHLY
ROLIHLAHLA PRIMARY SCHOOL,Tshepo2,false,FDkW5qXykuS29XFkr,1,"[ ""Rugby Field"" ]",,,,,,,,,,,Qzm8u4imxajBRWLE5
PHORORONG PRIMARY SCHOOL,Joseph,false,FFBL3D5Y76jN6vYKj,1,"[ ""Netball Court"", ""Basketball Court"" ]",,,,"{ ""condition"" : ""Average Condition"", ""location"" : ""School’s Own"" }","{ ""condition"" : ""Average Condition"", ""location"" : ""School’s Own"" }",,,,,,qs4DrHmATWN59Tptg
STEVE BIKO PRIMARY SCHOOL,Zanele V1,false,FfShxoCYzHuEHdrFi,1,"[ ""Athletics Field"" ]",,,,,,,,,,,g6orxjw6EmCqYup83
LABAN MOTLHABI COMPREHENSIVE SCHOOL,Pontsho6,false,FrGBukMEkQDKz3uis,2,"[ ""Athletics Field"", ""Netball Court"", ""Soccer Field"", ""Rugby Field"" ]",,,,"{ ""condition"" : ""Poor Condition"", ""location"" : ""School’s Own"" }",,,,"{ ""condition"" : ""Poor Condition"", ""location"" : ""Community Owned"" }",,,922NEXkq8CZy6PH7L
JABULILE SECONDARY SCHOOL,Zanele V1,false,GBjHiq9v283wAhS8N,2,"[ ""Athletics Field"", ""Netball Court"", ""Tennis Court"", ""Soccer Field"" ]",,,,"{ ""condition"" : ""Good Condition"", ""location"" : ""School’s Own"" }",,"{ ""condition"" : ""Good Condition"", ""location"" : ""School’s Own"" }",,"{ ""condition"" : ""Good Condition"", ""location"" : ""School’s Own"" }",,,GdT4e3QnaH2fX4vAA
TSWELELANG PRIMARY SCHOOL,Joseph verified,false,GXhhLC9g6TZjv2jRY,0,,,,,,,,,,,,Dddj3YJBuiuGmAQFQ
MOYISELA PRIMARY SCHOOL,Sabelo verified,false,GtKtMeMdRKtmmvbGR,2,"[ ""Athletics Field"", ""Netball Court"", ""Tennis Court"", ""Soccer Field"", ""Other"" ]",Chess,,,"{ ""condition"" : ""Good Condition"", ""location"" : ""School’s Own"" }",,"{ ""condition"" : ""Good Condition"" }",,,,,XTL9gvLr9S2MmMsjJ
LETSATSING COMBINED SCHOOL,SABELO 1,false,H64pCiQpjyaM6PTet,,"[ ""Netball Court"" ]",,,,"{ ""condition"" : ""Good Condition"", ""location"" : ""School’s Own"" }",,,,,,,hBG3H9epZYnScCbtp
LERESCHE PRIMARY SCHOOL,Joseph verified,false,HFrLTnr3bXAdNmruN,1,"[ ""Athletics Field"" ]",,,,,,,,,,,giGaTXuXxZQxCGaMd
ITSEBENG PRIMARY SCHOOL,SABELO1,false,HJnnbfsorX3Bi8XuD,,,,,,,,,,,,,bAExKd8RN5BhHzb3z
MADUME PRIMARY SCHOOL,SABELO VERIFIED,false,HLQGqFLJ9PyDoMqoC,1,"[ ""Athletics Field"", ""Netball Court"", ""Soccer Field"" ]",,,,"{ ""condition"" : ""Average Condition"", ""location"" : ""School’s Own"" }",,,,"{ ""condition"" : ""Average Condition"", ""location"" : ""School’s Own"" }",,,r5bdwdb45e7jr6JZB
MANGWELE PRIMARY SCHOOL,SABELO VERIFIED,false,JEnzt7PsBY88TYb9R,0,,,,,,,,,,,,HZFjNDTejF5ga78Sx
MASIQHAKAZE SECONDARY SCHOOL,V1,false,Jet3M2Afh35yc3Bqx,3,"[ ""Athletics Field"" ]",,,,,,,,,,,e6s5EEf389EeLo6Tz
NYIKO PRIMARY SCHOOL,Freddy9,false,Wv53StotsmP6KfSe6,,"[ ""Netball Court"", ""Cricket Pitch"", ""Soccer Field"" ]",,,,,,,"{ ""condition"" : ""Average Condition"" }","{ ""condition"" : ""Good Condition"" }",,,6cFA5fAxPtQzaP5bz
GORDON PRIMARY SCHOOL,SFISO V1,false,JhvcJ9FK6RYH4Eb5j,1,"{ ""0"" : ""Netball Court"", ""1"" : ""Basketball Court"" }",,,,"{ ""condition"" : ""Average Condition"", ""location"" : ""School’s Own"" }","{ ""condition"" : ""Average Condition"", ""location"" : ""School’s Own"" }",,,,,,qsXPNNQE3pWkdTbfb
TEMBISA SECONDARY SCHOOL,V1,false,JpfoL3yCZCnAykq7n,5,"[ ""Athletics Field"", ""Netball Court"", ""Basketball Court"", ""Tennis Court"" ]",,,,,,,,,,,LTccQvtsRbQdnvd4x
CARTER PRIMARY SCHOOL,Joseph verified,false,JwmLFk73XfjsyGn72,0,,,,,,,,,,,,tdRzrm36MQJ2raFea
TSHIRELA PRIMARY SCHOOL,Joseph verified,false,K6bsu2vg9NyXaTFxT,2,"[ ""Athletics Field"", ""Cricket Pitch"", ""Rugby Field"", ""Swimming Pool"" ]",,,,,,,,,,,93KanXF8i8wGs4YKw
DITAWANE,Joseph verified,false,Kog6cuM2cHLfpSWS4,0,,,,,,,,,,,,ZQpQXXcpAjvZC2ony
PATOGENG PRIMARY SCHOOL,Joseph verified,false,KpJzgudEGcWwmyLKB,,,,,,,,,,,,,Rvf9JkpRBRozBsyiq
EMMANGWENI PRIMARY SCHOOL,Zanele v1,false,KuLC6irRYnmF6yL6Z,2,"[ ""Athletics Field"", ""Netball Court"", ""Cricket Pitch"", ""Soccer Field"" ]",,,,"{ ""condition"" : ""Poor Condition"", ""location"" : ""School’s Own"" }",,,"{ ""condition"" : ""Average Condition"", ""location"" : ""Community Owned"" }","{ ""condition"" : ""Average Condition"", ""location"" : ""Community Owned"" }",,,SeRiR2xnt35DWtRzX
WINNIE MANDELA PRIMARY SCHOOL,SABELO VERIFIED,false,M4hMuZG9XbRBLXkZv,2,"[ ""Netball Court"" ]",,,,,,,,,,,qqTGPEnmDQRrarBSw
QEDUSIZI PRIMARY SCHOOL,Pontsho8,false,MMbPSjB9sA4AcZEAK,3,"[ ""Athletics Field"", ""Netball Court"", ""Soccer Field"" ]",,,,"{ ""condition"" : ""Poor Condition"", ""location"" : ""School’s Own"" }",,,,"{ ""condition"" : ""Average Condition"", ""location"" : ""Community Owned"" }",,,tC7ee9TXmJ8oDEcRe
LUKHOLWENI PRIMARY SCHOOL,Joseph verified,false,MXEtgfjno9mQib66S,1,"[ ""Netball Court"", ""Basketball Court"" ]",,,,"{ ""condition"" : ""Poor Condition"", ""location"" : ""Unsure"" }","{ ""condition"" : ""Poor Condition"", ""location"" : ""Unsure"" }",,,,,,gpABZNKAeZxGARLNE
PHUTHADITSHABA PRIMARY SCHOOL,SABELO VERIFIED,false,MXrF6sZQWKDJnbKX6,4,"[ ""Netball Court"", ""Basketball Court"", ""Soccer Field"", ""Rugby Field"" ]",,,,"{ ""condition"" : ""Average Condition"", ""location"" : ""School’s Own"" }","{ ""condition"" : ""Average Condition"", ""location"" : ""School’s Own"" }",,,"{ ""condition"" : ""Average Condition"", ""location"" : ""School’s Own"" }",,,ojqksxwnmxWXpM8n6
STEVE BIKO PRIMARY SCHOOL,Zanele V1,false,MeQ8aC4xf6MTPAkWc,1,"[ ""Athletics Field"", ""Netball Court"", ""Soccer Field"" ]",,,,"{ ""condition"" : ""Average Condition"", ""location"" : ""School’s Own"" }",,,,"{ ""condition"" : ""Average Condition"", ""location"" : ""School’s Own"" }",,,g6orxjw6EmCqYup83
ZAMANI PRIMARY SCHOOL,Sympathy Varified,false,NKjQpWCwyFRfJgfLG,2,"[ ""Netball Court"" ]",,,,"{ ""condition"" : ""Average Condition"", ""location"" : ""School’s Own"" }",,,,,,,sfN5HAvKti5hRvPxZ
MVELAPHANDA PRIMARY SCHOOL,Freddy9,false,NLufhqc5gmk8wcRDQ,,"[ ""Netball Court"", ""Soccer Field"" ]",,,,"{ ""condition"" : ""Poor Condition"", ""location"" : ""School’s Own"" }",,,,"{ ""condition"" : ""Average Condition"", ""location"" : ""Community Owned"" }",,,aMRD37JGNEmrz9FZ9
FRED HABEDI PRIMARY SCHOOL,Pontsho11,false,NZh59xFthwPGwPbBK,1,"[ ""Soccer Field"" ]",,,,,,,,"{ ""condition"" : ""Poor Condition"", ""location"" : ""School’s Own"" }",,,qCqx8rN4JLCHpEwF4
SELOPE-THEMA PRIMARY SCHOOL,SABELO VERIFIED,false,Ncd6bzyxaxa4T4WYC,,,,,,,,,,,,,Kqq9XsRqsRQM6PjGn
NCHABELENG PRIMARY SCHOOL,KHOLWANI9,false,NoGXs9nDMGvu4FYgg,4,"{ ""0"" : ""Athletics Field"", ""1"" : ""Netball Court"", ""2"" : ""Basketball Court"", ""3"" : ""Rugby Field"" }",,,,"{ ""condition"" : ""Poor Condition"" }","{ ""condition"" : ""Poor Condition"" }",,,,,,5iHufHeS6B2XBsHTB
EKUKHANYISWENI PRIMARY SCHOOL,Zanele V1,false,NuM2DHCTWkBdq4Z4v,0,,,,,,,,,,,,EbrJ8dHAyrQTpSaNj
MICHAEL ZULU PRIMARY SCHOOL,Sympathy varified,false,PWNSt97jyvXJBwGzj,2,"[ ""Athletics Field"", ""Netball Court"", ""Basketball Court"", ""Tennis Court"", ""Cricket Pitch"", ""Soccer Field"" ]",,,,"{ ""condition"" : ""Average Condition"", ""location"" : ""School’s Own"" }","{ ""condition"" : ""Average Condition"", ""location"" : ""School’s Own"" }","{ ""condition"" : ""Poor Condition"", ""location"" : ""School’s Own"" }",,"{ ""location"" : ""School’s Own"", ""condition"" : ""Poor Condition"" }",,,3tbjfT8zZ2fPGfiwc
DITAWANE,Joseph verified,false,PgTqJawQmM86GydeX,0,,,,,,,,,,,,ZQpQXXcpAjvZC2ony
LEBONE PRIMARY SCHOOL,KHOLWANI7,false,PkH7muyTFEKddndxL,,"[ ""Athletics Field"", ""Netball Court"" ]",,,,"{ ""condition"" : ""Poor Condition"", ""location"" : ""School’s Own"" }",,,,,,,drsWF9n9G7CxbrANB
UMTHAMBEKA PRIMARY SCHOOL,Freddy12,false,PuW5ECCoaDWgJsq8N,,"[ ""Netball Court"", ""Soccer Field"" ]",,,,"{ ""condition"" : ""Average Condition"" }",,,,"{ ""condition"" : ""Average Condition"" }",,,MrCRY4JkG2RtXRzjf
TLAKULA SECONDARY SCHOOL,Sympathy Varified,false,PujR9kCTXJsgNxpC3,2,"[ ""Netball Court"", ""Swimming Pool"" ]",,,,"{ ""condition"" : ""Poor Condition"", ""location"" : ""School’s Own"" }",,,,"{ ""condition"" : ""Poor Condition"", ""location"" : ""Community Owned"" }","{ ""condition"" : ""Poor Condition"", ""location"" : ""Community Owned"" }",,uiiC6LpdXHBickDqX
ESIKHISINI PRIMARY SCHOOL,Joseph verified,false,QCpBKmavTkM3CnoTF,,"[ ""Cricket Pitch"", ""Soccer Field"", ""Rugby Field"" ]",,,,,,,"{ ""condition"" : ""Poor Condition"", ""location"" : ""School’s Own"" }","{ ""condition"" : ""Poor Condition"", ""location"" : ""School’s Own"" }",,,CoWKa7AHpYehwgjN4
INXIWENI PRIMARY SCHOOL,Freddy8,false,QK6TA2ytw29d8PY8H,3,"{ ""0"" : ""Athletics Field"", ""1"" : ""Netball Court"", ""2"" : ""Soccer Field"" }",,,,"{ ""condition"" : ""Good Condition"" }",,,,"{ ""condition"" : ""Good Condition"" }",,,g2zngXhSLP6Xe7qtg
ITHUTE PRIMARY SCHOOL,Sympathy Varified,false,QbkjKRxY4Y9ZjbffC,0,,,,,,,,,,,,tkbM3Jp4KjPx4H5qC
LESEDI LA KRESTE ANGLICAN PRIMARY SCHOOL,Pontsho16,false,QyNWee3L9iSeWwGJK,3,"[ ""Athletics Field"", ""Netball Court"", ""Soccer Field"" ]",,,,"{ ""condition"" : ""Good Condition"", ""location"" : ""School’s Own"" }",,,,"{ ""condition"" : ""Good Condition"", ""location"" : ""School’s Own"" }",,,BL89Y49hLjtAgtj9C
PHANDIMFUNDO SECONDARY SCHOOL,SABELO VERIFIED,false,Rve8kfdXTFdhst9fR,4,"[ ""Netball Court"", ""Basketball Court"", ""Soccer Field"", ""Rugby Field"" ]",,,,"{ ""condition"" : ""Average Condition"", ""location"" : ""Community Owned"" }","{ ""condition"" : ""Poor Condition"", ""location"" : ""School’s Own"" }",,,"{ ""condition"" : ""Poor Condition"", ""location"" : ""School’s Own"" }",,,tDKj5hfjzok3tbGs9
BATLOUNG INTERMEDIATE SCHOOL,Symps,false,SFdpCKe3tJoxTLbsH,,"[ ""Tennis Court"" ]",,,,,,"{ ""condition"" : ""Good Condition"" }",,,,,FEAD8jBu7LbHezy2j
SIVUSE PRIMARY SCHOOL,SABELO1,false,SLNrG9i9ubHfAGfYq,,"[ ""Netball Court"", ""Basketball Court"" ]",,,,"{ ""condition"" : ""Good Condition"", ""location"" : ""School’s Own"" }","{ ""condition"" : ""Good Condition"", ""location"" : ""School’s Own"" }",,,,,,JeGKrkaqdgboxbxAd
SAULRIDGE SECONDARY SCHOOL,Sabelo verified,false,SMBg88AGakAd6aHuu,,"[ ""Netball Court"", ""Basketball Court"" ]",,,,"{ ""condition"" : ""Poor Condition"", ""location"" : ""School’s Own"" }","{ ""condition"" : ""Poor Condition"", ""location"" : ""School’s Own"" }",,,,,,ZgR4zqFothSycL9hz
PHUTHULLA PRIMARY SCHOOL,Sabelo1,false,SP8KHZa8yFAxRmk5Q,,"[ ""Netball Court"", ""Soccer Field"" ]",,,,"{ ""condition"" : ""Poor Condition"" }",,,,,,,pRKnFJGLubdAiTZEy
ZITIKENI SECONDARY SCHOOL,SABELO VERIFIED,false,SgsijPvjbyLbeWmYf,0,,,,,,,,,,,,A7HS55Lmpv7eWduhv
MASIMINI PRIMARY SCHOOL,KHOLWANI17,false,Te35DxpxnCGi4s575,,"[ ""Netball Court"", ""Soccer Field"" ]",,,,"{ ""condition"" : ""Average Condition"", ""location"" : ""School’s Own"" }",,,,"{ ""location"" : ""School’s Own"" }",,,E7KSgcfSqaoDb5BEE
PHUTHUMANI PRIMARY SCHOOL,Sympathy Varified,false,TuFNGScqXjeR97gPk,1,"[ ""Soccer Field"" ]",,,,,,,,"{ ""condition"" : ""Poor Condition"" }",,,6ZNqRnThWfJTjmtzh
LANGAVILLE PRIMARY SCHOOL,Sympathy varified,false,TwTn72gG85cHJhuoW,2,"[ ""Athletics Field"", ""Basketball Court"", ""Tennis Court"", ""Soccer Field"" ]",,,,,"{ ""condition"" : ""Good Condition"", ""location"" : ""School’s Own"" }","{ ""condition"" : ""Good Condition"", ""location"" : ""School’s Own"" }",,"{ ""condition"" : ""Good Condition"", ""location"" : ""School’s Own"" }",,,3uXaw9N4tJkFZKXSt
IKAGE PRIMARY SCHOOL,Sympathy varified,false,W2ymkjbBWXtmCHYg9,0,,,,,,,,,,,,NY3CpQoLXKGkXkq8b
Radibapi Primary,sabelo,false,WmaPR78zcWaSXGyRk,,"[ ""Athletics Field"", ""Netball Court"", ""Basketball Court"", ""Tennis Court"", ""Soccer Field"" ]",,,,"{ ""condition"" : ""Good Condition"", ""location"" : ""School’s Own"" }","{ ""condition"" : ""Good Condition"", ""location"" : ""School’s Own"" }","{ ""condition"" : ""Good Condition"", ""location"" : ""School’s Own"" }",,"{ ""condition"" : ""Good Condition"", ""location"" : ""School’s Own"" }",,,Acd6f7D8RbhpthZHN
EMFUNDISWENI PRIMARY SCHOOL,Zanele V1,false,WuJG9ZSXsRsTrk5EZ,0,,,,,,,,,,,,8TjXzm5mqedTkvZ5n
AMOS MAPHANGA SECONDARY,Tshepo3,false,WwaJP3BErGyg3WhCZ,,"[ ""Netball Court"" ]",,,,"{ ""condition"" : ""Poor Condition"" }",,,,,,,ra2zX3jjBPguj6bc3
TLHOLO INTERMEDIATE SCHOOL,Joseph1,false,WzubEo54cL79kgfyr,2,"[ ""Basketball Court"", ""Tennis Court"" ]",,,,,"{ ""condition"" : ""Poor Condition"" }","{ ""condition"" : ""Poor Condition"" }",,,,,bPfY5thaXn4EAdkXw
TSIMONG PRIMARY SCHOOL,KHOLWANI19,false,X8MebAT4PYXaGr96m,1,"[ ""Netball Court"", ""Soccer Field"" ]",,,,"{ ""condition"" : ""Poor Condition"", ""location"" : ""School’s Own"" }",,,,"{ ""condition"" : ""Poor Condition"", ""location"" : ""School’s Own"" }",,,jR3LMPDnnHi7xvLcp
MQINISWA PRIMARY SCHOOL,Joseph verified,false,Xdot2SYkmmDDdHP3X,,,,,,,,,,,,,6XmRH2cDbjXJd8Zri
MAHLAHLE PRIMARY SCHOOL,SABELO VERIFIED,false,XkLczzZJTHM7KkX2u,2,"[ ""Netball Court"", ""Cricket Pitch"" ]",,,,"{ ""condition"" : ""Poor Condition"", ""location"" : ""School’s Own"" }",,,"{ ""condition"" : ""Poor Condition"", ""location"" : ""School’s Own"" }",,,,YLYWLt3BFmbGuRHBQ
KOKOSI PRIMARY SCHOOL,Symps,false,XkPWdT2h8DpkkKhvv,,"[ ""Athletics Field"", ""Netball Court"", ""Soccer Field"" ]",,,,"{ ""condition"" : ""Poor Condition"" }",,,,"{ ""location"" : ""Community Owned"" }",,,sfgS3CrJFoTBvFQ72
KING DAVID HIGH SCHOOL (VICTORY PARK),Version 2,false,Y5u5CTjxtak6vBpZL,,"[ ""Netball Court"", ""Basketball Court"", ""Hockey Field"", ""Rugby Field"" ]",,,"{ ""condition"" : ""Good Condition"" }","{ ""condition"" : ""Poor Condition"", ""location"" : ""Community Owned"" }","{ ""condition"" : ""Average Condition"" }",,,,,,siZhhkH29MMEnswvu
CHARLOTTE MAXEKE SECONDARY SCHOOL,V1,false,Yss7w96u2QPeerP77,3,"[ ""Athletics Field"", ""Netball Court"", ""Soccer Field"" ]",,,,"{ ""condition"" : ""Poor Condition"", ""location"" : ""School’s Own"" }",,,,"{ ""condition"" : ""Poor Condition"", ""location"" : ""School’s Own"" }",,,HMfiK9msnxvBpZRTv
TSIETSI MASHININI PRIMARY SCHOOL,Sympathy varified,false,ZC55y6bt6SyrxT7v9,2,"[ ""Netball Court"", ""Soccer Field"" ]",,,,"{ ""condition"" : ""Average Condition"", ""location"" : ""School’s Own"" }",,,,"{ ""condition"" : ""Average Condition"", ""location"" : ""School’s Own"" }",,,n9gEojJ6K5eKYJ4c2
MUZOMSHA PRIMARY SCHOOL,KHOLWANI18,false,ZDiNkBAKXgGocao7P,,"[ ""Athletics Field"", ""Soccer Field"" ]",,,,,,,,"{ ""condition"" : ""Poor Condition"" }",,,NTo8EK8jnLkjB93Hd
NKUMBULO SECONDARY SCHOOL,Pontsho4,false,ZFvjjHbWe38sZF4DL,1,"{ ""0"" : ""Other"" }",It an open field used for different sports,"{ ""condition"" : ""Poor Condition"", ""location"" : ""Other School’s"" }",,,,,,,,,2G6DH4Aiu8dpRQyrD
NTOKOZWENI PRIMARY SCHOOL,Pontsho12,false,ZcLdtZ45aeXDJD36A,4,"[ ""Athletics Field"", ""Netball Court"", ""Basketball Court"", ""Tennis Court"" ]",,,,"{ ""condition"" : ""Average Condition"" }",,,,,,,EtHDHYs97BCxasggi
EMMANUEL PRIMARY SCHOOL,Joseph1,false,ZdZibydvXA3f9FwvA,2,"[ ""Netball Court"", ""Basketball Court"", ""Tennis Court"", ""Soccer Field"", ""Rugby Field"" ]",,,,"{ ""condition"" : ""Average Condition"", ""location"" : ""School’s Own"" }","{ ""condition"" : ""Average Condition"", ""location"" : ""School’s Own"" }","{ ""condition"" : ""Average Condition"", ""location"" : ""School’s Own"" }",,"{ ""condition"" : ""Poor Condition"", ""location"" : ""School’s Own"" }",,,DwG2tAAFC8W79Ckxx
LEBOHANG SECONDARY SCHOOL,Sabelo1,false,ZmeRaDQNxi4xHNbYZ,,"[ ""Netball Court"" ]",,,,"{ ""condition"" : ""Poor Condition"", ""location"" : ""School’s Own"" }",,,,,,,KrNZ7H2XmHuPpHRrN
PHAMEHLO PRIMARY SCHOOL,Symps,false,ZsDkAsMYB85X6Fdpp,,"[ ""Netball Court"", ""Basketball Court"" ]",,,,"{ ""condition"" : ""Average Condition"", ""location"" : ""School’s Own"" }","{ ""condition"" : ""Average Condition"" }",,,,,,eg2P5ZFGTcwctmdcA
TSOELOPELE PRIMARY SCHOOL,Joseph verified,false,a96ixf5NzqmmJFALL,3,"[ ""Netball Court"" ]",,,,,,,,,,,ZrghZT93L2bSWSofg
TOTOMENG PRIMARY SCHOOL,Joseph verified,false,afNBHCz2s4wwA8waQ,1,"[ ""Netball Court"" ]",,,,"{ ""condition"" : ""Poor Condition"", ""location"" : ""School’s Own"" }",,,,,,,tMjiiRvEEAsNmSJGx
MODUOPO PRIMARY SCHOOL,Zanele V1,false,bLCGYYyGwChigtexs,0,,,,,,,,,,,,Q2SemXMcpEX5NfYsD
REALO  SECONDARY SCHOOL,SABELO VERIFIED,false,bbCxF7oD8zGgzYFCH,1,"[ ""Netball Court"", ""Other"" ]",,"{ ""condition"" : ""Good Condition"", ""location"" : ""School’s Own"" }",,"{ ""condition"" : ""Good Condition"", ""location"" : ""School’s Own"" }",,,,,,,6iixm3MYropadAMjX
zitha primary,sabelo1,false,bbTsqnYSYRPQQ4PmF,,"[ ""Tennis Court"", ""Other"" ]",,"{ ""condition"" : ""Average Condition"", ""location"" : ""School’s Own"" }",,,,"{ ""condition"" : ""Poor Condition"", ""location"" : ""School’s Own"" }",,,,,k652o58moXsybbDfm
ZIMISELE SECONDARY SCHOOL,Pontsho3,false,bmrn7mfottBERWik2,4,"[ ""Athletics Field"", ""Netball Court"", ""Hockey Field"", ""Soccer Field"" ]",,,"{ ""condition"" : ""Average Condition"", ""location"" : ""Community Owned"" }","{ ""condition"" : ""Poor Condition"", ""location"" : ""School’s Own"" }",,,,"{ ""condition"" : ""Poor Condition"", ""location"" : ""School’s Own"" }",,,bEf9GjYAyqAqY3bhw
JOB RATHEBE PRIMARY SCHOOL,Sabelo verified,false,bx55msdb8xMbkZ8uY,2,"[ ""Netball Court"", ""Basketball Court"", ""Soccer Field"" ]",,,,"{ ""location"" : ""School’s Own"" }","{ ""location"" : ""School’s Own"" }",,,"{ ""location"" : ""Community Owned"" }",,,4z6ESappfnPWNQ98D
DINOTO TECHNICAL SECONDARY SCHOOL,Tshepo3,false,cTnDD6CvLKSuPvtSS,2,"[ ""Netball Court"", ""Basketball Court"" ]",,,,"{ ""condition"" : ""Poor Condition"" }","{ ""condition"" : ""Poor Condition"" }",,,,,,pqm6NksjcwAhrDwyH
SAPPHIRE SECONDARY SCHOOL,Joseph verified,false,dCnx3FMwfA6FPhdpz,0,,,,,,,,,,,,mu6wNPMzZ754NLLnE
PHELINDABA SECONDARY SCHOOL,Sabelo verified,false,dEagogZeEqJdkMtrw,2,"[ ""Netball Court"", ""Soccer Field"" ]",,,,"{ ""condition"" : ""Poor Condition"", ""location"" : ""School’s Own"" }",,,,"{ ""condition"" : ""Poor Condition"", ""location"" : ""School’s Own"" }",,,yAYPTyMxnk5pj2zT9
LEFA-IFA SECONDARY SCHOOL,KHOLWANE13,false,dRRGgRheZiq78uTgd,,"[ ""Athletics Field"", ""Netball Court"" ]",,,,"{ ""condition"" : ""Poor Condition"", ""location"" : ""School’s Own"" }",,,,,,,5QzLWMPF8grmhh3G5
NOMINI PRIMARY SCHOOL,Sabelo verified,false,dko2Rkj9FAkWdvZWW,,"[ ""Netball Court"", ""Soccer Field"", ""Other"" ]",Volley ball,"{ ""condition"" : ""Poor Condition"" }",,"{ ""condition"" : ""Average Condition"" }",,,,"{ ""condition"" : ""Average Condition"" }",,,Sue8DWeGKHPKAyQBi
POELANO SECONDARY SCHOOL,Joseph verified,false,e8fuLi3oT4PdyZrKY,3,"[ ""Netball Court"", ""Basketball Court"", ""Soccer Field"" ]",,,,"{ ""condition"" : ""Average Condition"", ""location"" : ""School’s Own"" }","{ ""condition"" : ""Average Condition"", ""location"" : ""School’s Own"" }",,,"{ ""condition"" : ""Average Condition"", ""location"" : ""School’s Own"" }",,,S3LbwsmZGkiiekXEX
THOHO-YA-NDOU PRIMARY SCHOOL,Joseph verified,false,ehG5NhSDyAeECs4ay,3,"[ ""Netball Court"", ""Cricket Pitch"", ""Soccer Field"", ""Swimming Pool"", ""Other"" ]",Vollyball,"{ ""condition"" : ""Poor Condition"", ""location"" : ""Community Owned"" }",,"{ ""condition"" : ""Poor Condition"", ""location"" : ""Community Owned"" }",,,"{ ""condition"" : ""Poor Condition"", ""location"" : ""Community Owned"" }","{ ""condition"" : ""Poor Condition"", ""location"" : ""Community Owned"" }","{ ""condition"" : ""Average Condition"", ""location"" : ""Unsure"" }",,q7vvj7t7uptnim45G
INKATHA KA ZULU PRIMARY SCHOOL,Tshepo1,false,enskf2BFPd3Rytobp,4,"{ ""0"" : ""Netball Court"", ""1"" : ""Soccer Field"", ""2"" : ""Other"" }",Volleyball and Handball courts,"{ ""condition"" : ""Average Condition"", ""location"" : ""Community Owned"" }",,"{ ""condition"" : ""Average Condition"", ""location"" : ""Community Owned"" }",,,,"{ ""condition"" : ""Average Condition"", ""location"" : ""Community Owned"" }",,,srdTLx3pxML3nwKPr
DR KNAK PRIMARY SCHOOL,"SABELO VERIFIED
pontsho 20",false,ery2rs8Xr9CQMPB8T,,,,,,,,,,,,,FkDMg4ekjDHWExDuv
STRETFORD EXT 8 PRIMARY SCHOOL,Sfiso v1,false,ey2yzg2kdBRxTk55q,2,"{ ""0"" : ""Netball Court"", ""1"" : ""Basketball Court"", ""2"" : ""Rugby Field"" }",,,,"{ ""condition"" : ""Average Condition"", ""location"" : ""School’s Own"" }","{ ""condition"" : ""Average Condition"", ""location"" : ""School’s Own"" }",,,,,,4zo5MNwbBvTPykbFg
BOTLEHADI PRIMARY SCHOOL,Sabelo1,false,f7RxHLR4j5xPBpNxA,0,,,,,,,,,,,,FpTsqHm4D3ttwK8dY
ZIFUNELENI JUNIOR SECONDARY  (COMB. PRIMARY) SCHOOL,SABELO VERIFIED,false,fKMYJ5s6NfdhpfLkz,,"[ ""Netball Court"" ]",,,,"{ ""condition"" : ""Poor Condition"", ""location"" : ""School’s Own"" }",,,,,,,HE7QyZrdjZD4TwigW
LETSEMA-ILIMA PRIMARY SCHOOL,Symps,false,gLupaWNL3caC2nC4N,2,"[ ""Netball Court"", ""Basketball Court"", ""Soccer Field"" ]",,,,"{ ""condition"" : ""Poor Condition"", ""location"" : ""School’s Own"" }","{ ""condition"" : ""Poor Condition"", ""location"" : ""School’s Own"" }",,,"{ ""location"" : ""Community Owned"" }",,,ZNXsgBEk2evJkTYso
INKONJANE JUNIOR SECONDARY SCHOOL,Freddy3,false,gsWHCSJk7NcGZDmtE,,,,,,,,,,,,,Zyuc4wPBmxQPcNyjF
NQUBELA PRIMARY SCHOOL,Sympathy Varified,false,hKaNrkYM9C56k4ZR2,1,"[ ""Swimming Pool"" ]",,,,,,,,,"{ ""condition"" : ""Average Condition"", ""location"" : ""Community Owned"" }",,mobhBo8uKGxkvNsjR
BOKAMOSO PRIMARY SCHOOL,Zanele V1,false,hMzqxADPbKNHXnp4R,3,"[ ""Athletics Field"", ""Netball Court"", ""Soccer Field"" ]",,,,"{ ""condition"" : ""Average Condition"", ""location"" : ""School’s Own"" }",,,,"{ ""condition"" : ""Average Condition"", ""location"" : ""Community Owned"" }",,,H2wSN9EFbKzeSGjCh
ISEKELO PRIMARY SCHOOL,Joseph verified,false,hc26QAttSJcFBEf7q,2,"[ ""Netball Court"", ""Soccer Field"" ]",,,,"{ ""condition"" : ""Average Condition"", ""location"" : ""School’s Own"" }",,,,"{ ""condition"" : ""Average Condition"", ""location"" : ""School’s Own"" }",,,rRCnvnKF3KB68xQfw
GOROGANG PRIMARY SCHOOL,Pontsho5,false,hgv6H3gHsGPie4x6J,1,"[ ""Other"" ]",Open field,"{ ""condition"" : ""Poor Condition"", ""location"" : ""Community Owned"" }",,,,,,,,,fkuEy7WKs5HL2NM6z
MASHEMONG PRIMARY SCHOOL,Joseph verified,false,hpCaNCaivFiaaybsa,0,,,,,,,,,,,,wfdMKsnKg56v7y6uJ
SELIBA PRIMARY SCHOOL,Joseph verified,false,i6t7ZKsftPzXYiZmx,,"[ ""Netball Court"", ""Basketball Court"", ""Tennis Court"" ]",,,,"{ ""condition"" : ""Average Condition"", ""location"" : ""School’s Own"" }","{ ""condition"" : ""Average Condition"", ""location"" : ""School’s Own"" }","{ ""condition"" : ""Average Condition"", ""location"" : ""School’s Own"" }",,,,,RHG8484wnsaqifrig
DR HARRY GWALA SECONDARY SCHOOL,Tshepo3,false,iCWkEjmhtaek7RPtf,0,,,,,,,,,,,,SNuf4DBJszmQrAzS4
LETSIE PRIMARY SCHOOL,KHOLWANI8,false,iZrPnHLLSWPZEm7rz,3,"[ ""Athletics Field"", ""Netball Court"", ""Basketball Court"", ""Hockey Field"" ]",,,,,,,,,,,gPuKrSrjRHYQAhofp
DIEPDALE SECONDARY SCHOOL,Tracey v1,false,j2DyyhKh6dzqe2nEz,1,"[ ""Soccer Field"" ]",,,,,,,,"{ ""condition"" : ""Poor Condition"", ""location"" : ""School’s Own"" }",,,EyHGQ2ctZRGcPQ4Lc
ORLANDO SECONDARY SCHOOL,SABELO VERIFIED,false,j7RK6WmpHFKRsgbZM,0,,,,,,,,,,,,XKxt23fR8Fujkyiim
DITAWANA PRIMARY SCHOOL,pontsho 21,false,jFYpoC39gyxovpFvi,0,,,,,,,,,,,,LBujyFwCgPkGzWSZy
THUTHUKA PRIMARY SCHOOL,SABELO VERIFIED,false,jPpAssqpzbWfndAk9,3,"[ ""Athletics Field"" ]",,,,,,,,,,,q7rLbRb4nxtPxfoSc
EKUKHANYISWENI PRIMARY SCHOOL,Zanele V1,false,jXNpRQFwkz8Hj5tQq,0,,,,,,,,,,,,EbrJ8dHAyrQTpSaNj
BUD MBELLE PRIMARY SCHOOL,SABELO VERIFIED,false,jcNZkLqTaXJKWb42Y,4,"[ ""Netball Court"", ""Cricket Pitch"", ""Soccer Field"", ""Other"" ]",CHESS,"{ ""condition"" : ""Good Condition"", ""location"" : ""School’s Own"" }",,"{ ""condition"" : ""Poor Condition"", ""location"" : ""School’s Own"" }",,,"{ ""condition"" : ""Poor Condition"", ""location"" : ""Community Owned"" }","{ ""condition"" : ""Poor Condition"", ""location"" : ""Community Owned"" }",,,bf5Ltec4dXsz7pEX9
TEMBISA SECONDARY SCHOOL,V1,false,kFTfNoGozNtcL5HZn,5,"[ ""Athletics Field"", ""Netball Court"", ""Basketball Court"", ""Cricket Pitch"", ""Soccer Field"" ]",,,,"{ ""condition"" : ""Poor Condition"", ""location"" : ""School’s Own"" }","{ ""condition"" : ""Average Condition"", ""location"" : ""School’s Own"" }",,"{ ""condition"" : ""Poor Condition"", ""location"" : ""School’s Own"" }","{ ""condition"" : ""Poor Condition"", ""location"" : ""School’s Own"" }",,,LTccQvtsRbQdnvd4x
THEMBALIKAZULU PRIMARY SCHOOL,KHOLWANI10,false,kQtxCoaXYsGYzqyff,0,,,,,,,,,,,,jSDZSbr7cMPKgibe7
NTSELE PRIMARY SCHOOL,Sabelo1,false,kQvhL7ygdJHrzKeDM,1,"[ ""Netball Court"" ]",,,,,,,,,,,aQ4BMeoFWmo4HrHqF
TSHIRELETSO PRIMARY SCHOOL,Joseph1,false,kZJYTriYBeh8BSytD,0,,,,,,,,,,,,syBSsyuaG3J2rk8ky
GOVAN MBEKI PRIMARY SCHOOL,Sabelo verified,false,kaHs2mZsNhjk7xqey,,"[ ""Tennis Court"" ]",,,,,,,,,,,dBu8rGN6ZLKj4rb4e
THUTOLORE SECONDARY SCHOOL,Joseph verified,false,ku5bXFKapfKYqT3sq,0,,,,,,,,,,,,BwK89vufnm6iCSJhQ
JABULANI THABANG PRIMARY SCHOOL,Sabelo1,false,m9oaAQ6HkwyHAkEdX,,,,,,,,,,,,,MtKWmrDmPtx6hTjXm
HLANGABEZA PRIMARY SCHOOL,Symps,false,mBXv76cLxn7Jo9XAN,,"[ ""Netball Court"", ""Soccer Field"", ""Other"" ]",Volleyball,,,"{ ""condition"" : ""Poor Condition"" }",,,,"{ ""condition"" : ""Poor Condition"" }",,,uyB7xpWYkTuuhsLzS
IPHUTHENG PRIMARY SCHOOL,Sympathy varified,false,mNR2ieJDfKx6r9453,1,"[ ""Netball Court"", ""Soccer Field"" ]",,,,"{ ""condition"" : ""Poor Condition"", ""location"" : ""School’s Own"" }",,,,"{ ""condition"" : ""Poor Condition"", ""location"" : ""School’s Own"" }",,,tqMTBWRbAuYsAqATz
PHANDIMFUNDO SECONDARY SCHOOL,SABELO VERIFIED,false,mP5su3KvyF8Prcorr,4,"[ ""Netball Court"", ""Basketball Court"", ""Soccer Field"", ""Rugby Field"" ]",,,,"{ ""condition"" : ""Poor Condition"", ""location"" : ""School’s Own"" }","{ ""condition"" : ""Poor Condition"", ""location"" : ""School’s Own"" }",,,"{ ""condition"" : ""Poor Condition"", ""location"" : ""School’s Own"" }",,,tDKj5hfjzok3tbGs9
MOHLOLI SECONDARY SCHOOL,symps,false,mpqZaJE2X6NFoHvnv,,"[ ""Netball Court"" ]",,,,"{ ""condition"" : ""Average Condition"", ""location"" : ""School’s Own"" }",,,,,,,Pye3fvQETS2TCPKyt
MATSIE STEYN PRIMARY SCHOOL,Joseph verified,false,myjPR7F7RkrZygT9q,,"[ ""Netball Court"" ]",,,,"{ ""condition"" : ""Average Condition"", ""location"" : ""School’s Own"" }",,,,,,,74LtY73iZk5nAgKN4
LIVHUWANI PRIMARY SCHOOL,SABELO VERIFIED,false,nMtWzoAQDyw2C8FPz,,"[ ""Netball Court"", ""Basketball Court"" ]",,,,"{ ""condition"" : ""Poor Condition"", ""location"" : ""Other School’s"" }","{ ""condition"" : ""Average Condition"", ""location"" : ""Community Owned"" }",,,,,,PySjA6yQMoXAyS2z8
REAGILE PRIMARY SCHOOL,Freddy11,false,nmEwz58psZYFcmY9p,,"[ ""Netball Court"", ""Tennis Court"", ""Soccer Field"" ]",,,,"{ ""condition"" : ""Average Condition"", ""location"" : ""School’s Own"" }",,"{ ""condition"" : ""Average Condition"", ""location"" : ""School’s Own"" }",,"{ ""condition"" : ""Good Condition"", ""location"" : ""School’s Own"" }",,,3CZM6LyxfbGxQ676w
TOKELO SECONDARY SCHOOL,Joseph verified,false,o3Ly5avfrtGByR9me,0,,,,,,,,,,,,WszeF9gAuQuHMNHLC
BUHLEBEMFUNDO SECONDARY SCHOOL,Joseph verified,false,odzNLxqeEBvo964ez,,,,,,,,,,,,,Ch6HJ6DZmFCYxKkww
FUNUKUKHANYA PRIMARY SCHOOL,KHOLWANI3,false,p24J4hQqGkAWXbo9v,,"{ ""0"" : ""Athletics Field"", ""1"" : ""Netball Court"", ""2"" : ""Soccer Field"" }",,,,,,,,,,,55foHoJLBDfwGwTWD
HOFMEYR SECONDARY SCHOOL,Joseph verified,false,p36xd8EfcKcPSWvBH,2,"[ ""Athletics Field"", ""Netball Court"", ""Soccer Field"" ]",,,,"{ ""condition"" : ""Average Condition"", ""location"" : ""Community Owned"" }",,,,"{ ""condition"" : ""Average Condition"", ""location"" : ""Community Owned"" }",,,Z9wz3QcLwmRfGuaeT
GAHLANSO PRIMARY SCHOOL,Zanele V1,false,p9Xz9Lwcby4rE287B,3,"{ ""0"" : ""Athletics Field"", ""1"" : ""Netball Court"", ""2"" : ""Soccer Field"" }",,,,"{ ""condition"" : ""Poor Condition"", ""location"" : ""School’s Own"" }",,,,"{ ""condition"" : ""Poor Condition"", ""location"" : ""School’s Own"" }",,,WeXHdZMumEMFyckHq
OR TAMBO PRIMARY SCHOOL,Sympathy verified,false,pMohmDiGbFdYgGr3H,4,"[ ""Athletics Field"", ""Netball Court"", ""Cricket Pitch"", ""Soccer Field"" ]",,,,"{ ""condition"" : ""Poor Condition"", ""location"" : ""School’s Own"" }",,,"{ ""location"" : ""School’s Own"", ""condition"" : ""Poor Condition"" }","{ ""location"" : ""Community Owned"", ""condition"" : ""Poor Condition"" }",,,xp2bxhMm4Yoeu9jho
ZITIKENI SECONDARY SCHOOL,SABELO VERIFIED,false,qH6y42EXjHqiracsY,0,,,,,,,,,,,,A7HS55Lmpv7eWduhv
SIPHIWE PRIMARY SCHOOL,Zanele V1,false,qRm2pb2cZXXfScFKC,2,"[ ""Basketball Court"" ]",,,,,,,,,,,8EkWbb3qMosGvaWyT
LEEMA-MOKOTULI PRIMARY SCHOOL,Sabelo1,false,qcfwBy4mP2tphAmQm,,,,,,,,,,,,,2smWdy5ZETPXoRrYG
JET NTEO SECONDARY SCHOOL,Sabelo1,false,qkdBsne6oJaHjiG6i,,,,,,,,,,,,,RKz4SAhiQgbHCmTpZ
MASISEBENZE COMPREHENSIVE SCHOOL,Zanele V1,false,qv24YYvDPsyhKAkYN,1,"[ ""Soccer Field"" ]",,,,,,,,"{ ""location"" : ""School’s Own"", ""condition"" : ""Average Condition"" }",,,vQsgY2cMuHRHHxN5X
VEZUKHONO SECONDARY SCHOOL,Joseph,false,rJqrbyLJagjJ9Mmop,1,"[ ""Soccer Field"" ]",,,,,,,,"{ ""condition"" : ""Poor Condition"" }",,,8FucY8f4FTzL2XmhY
LEHLASEDI PRIMARY SCHOOL,Sabelo1,false,rQeRCfusuAKcAsgRp,1,"[ ""Cricket Pitch"" ]",,,,,,,"{ ""condition"" : ""Good Condition"", ""location"" : ""School’s Own"" }",,,,efr9txWNfPHw3AhD7
AHA-THUTO SECONDARY SCHOOL,Sabelo verified,false,rYwtoSGKy9RG5Kh6t,0,,,,,,,,,,,,5PhvChXDzSoaBymWp
TSITSIBOGA PRIMARY SCHOOL,SABELO1,false,rgcW4Zc25eHnjEN9f,,"[ ""Athletics Field"", ""Netball Court"", ""Soccer Field"" ]",,,,"{ ""condition"" : ""Average Condition"", ""location"" : ""School’s Own"" }",,,,"{ ""condition"" : ""Average Condition"", ""location"" : ""School’s Own"" }",,,hrfAaJLuuBvdukdf9
SIBONELO PRIMARY SCHOOL,Sympathy verified,false,rhMCCuoJhgcsgMGQH,,,,,,,,,,,,,GQPE7rurt9bb7DM5a
TEMBISA WEST SECONDARY SCHOOL,Freddy10,false,sQYbkQqQdoGP2dYCC,,"[ ""Athletics Field"", ""Soccer Field"" ]",,,,,,,,"{ ""condition"" : ""Poor Condition"", ""location"" : ""School’s Own"" }",,,4avNjjRgrzrEpwKMN
TOKELO SECONDARY SCHOOL,Joseph verified,false,sxs7xa9CBS23NXMmd,0,,,,,,,,,,,,WszeF9gAuQuHMNHLC
N'WA MHINGA PRIMARY SCHOOL,Freddy8,false,tLTpG8FktMgb34sD7,0,,,,,,,,,,,,S47bpHzXts94zC2ke
STRETFORD EXT 8 PRIMARY SCHOOL,Sfiso v1,false,tX3oxtdynmv78fw6u,2,"[ ""Netball Court"" ]",,,,,,,,,,,4zo5MNwbBvTPykbFg
PHUTHUMANI PRIMARY SCHOOL,Sympathy Varified,false,tdc5XFL2J8dnvgohZ,1,"{ ""0"" : ""Soccer Field"" }",,,,,,,,"{ ""condition"" : ""Poor Condition"", ""location"" : ""School’s Own"" }",,,6ZNqRnThWfJTjmtzh
MOSIOA PRIMARY SCHOOL,Joseph verified,false,tnWghPjr7E6ahu2et,0,,,,,,,,,,,,AGiLx4gigQqYMN4fT
BOITUMELONG SECONDARY SCHOOL,Zanele V1,false,u2uvsFes3q6TpmahD,2,"[ ""Netball Court"" ]",,,,,,,,,,,XYLgc3p2tmFJ6nGJb
KGOMOCO PRIMARY SCHOOL,Joseph1,false,u4cWhFChyzohMaYeM,2,"[ ""Netball Court"", ""Basketball Court"", ""Tennis Court"", ""Soccer Field"" ]",,,,"{ ""location"" : ""School’s Own"" }","{ ""location"" : ""School’s Own"" }","{ ""location"" : ""School’s Own"" }",,"{ ""location"" : ""School’s Own"" }",,,METTMMRQRhoWxKdRt
ZAKHENI PRIMARY SCHOOL,Sympathy varified,false,uCFwcb6eetoiFAbyP,0,,,,,,,,,,,,HKHTs5NYM9YcNKmA3
SIPHIWE PRIMARY SCHOOL,Zanele V1,false,uK9dWjPcsYKdCehZK,2,"{ ""0"" : ""Basketball Court"", ""1"" : ""Soccer Field"" }",,,,,"{ ""condition"" : ""Good Condition"", ""location"" : ""School’s Own"" }",,,"{ ""condition"" : ""Average Condition"", ""location"" : ""School’s Own"" }",,,8EkWbb3qMosGvaWyT
UMSOBOMVU PRIMARY SCHOOL,KHOLWANI11,false,ujiDxfLM6u4MNs9Xv,,"[ ""Athletics Field"", ""Netball Court"", ""Soccer Field"" ]",,,,"{ ""condition"" : ""Good Condition"" }",,,,"{ ""condition"" : ""Good Condition"" }",,,2Qm9dY2unum62oDu7
SEEISO PRIMARY SCHOOL,Joseph verified,false,uu5YTfHjBYcJ83LDM,1,"[ ""Netball Court"" ]",,,,,,,,,,,LZ7sJWsXTML9asLdD
MADUME PRIMARY SCHOOL,SABELO VERIFIED,false,v3ZytqbFZf9xJF5Cz,1,"[ ""Athletics Field"" ]",,,,,,,,,,,r5bdwdb45e7jr6JZB
JABULILE SECONDARY SCHOOL,Zanele V1,false,vMMWKg7kPqGySuZ3k,2,"[ ""Athletics Field"" ]",,,,,,,,,,,GdT4e3QnaH2fX4vAA
QUANTUM SECONDARY SCHOOL,Tshepo2,false,vWpiDALMn98FGJqrb,0,,,,,,,,,,,,cQQF5juB8JG3jNbNs
LEBOWA PRIMARY SCHOOL,Joseph,false,vpXkRuL64QH7Fqcff,0,,,,,,,,,,,,KhtEcF9mnhkNyqnW3
NTSELE PRIMARY SCHOOL,Sabelo1,false,vyLPyDvou39xaGsp4,1,"[ ""Netball Court"" ]",,,,"{ ""condition"" : ""Poor Condition"", ""location"" : ""Community Owned"" }",,"{ ""condition"" : ""Good Condition"" }",,,,,aQ4BMeoFWmo4HrHqF
TSWELOPELE SECONDARY SCHOOL,Zanele V1,false,wR8cSzHxduAWdexJo,,,,,,,,,,,,,bHZpmA7SpQzx29CQk
ZAMANI PRIMARY SCHOOL,Sympathy Varified,false,wWCfxExLpZ6KeaXdK,2,"{ ""0"" : ""Netball Court"", ""1"" : ""Basketball Court"" }",,,,"{ ""condition"" : ""Average Condition"", ""location"" : ""School’s Own"" }","{ ""condition"" : ""Average Condition"", ""location"" : ""School’s Own"" }",,,,,,sfN5HAvKti5hRvPxZ
KHOMANANI PRIMARY SCHOOL,SABELO VERIFIED,false,xWdjxT9TRes4hmXe7,3,"[ ""Netball Court"", ""Basketball Court"", ""Soccer Field"" ]",,,,"{ ""condition"" : ""Average Condition"", ""location"" : ""School’s Own"" }","{ ""condition"" : ""Average Condition"", ""location"" : ""School’s Own"" }",,,"{ ""location"" : ""Community Owned"" }",,,myEbntbNmwtRJAXXn
KUZIMISELA PRIMARY SCHOOL,Tshepo,false,xYLZwD4943X3ty3TW,3,"[ ""Athletics Field"", ""Netball Court"", ""Soccer Field"" ]",,,,"{ ""condition"" : ""Poor Condition"" }",,,,"{ ""condition"" : ""Poor Condition"" }",,,HushLZncKDsTyJhfN
FADIMEHA PRIMARY SCHOOL,Joseph verified,false,xbSLAC5LHMbHYWeuC,1,"[ ""Other"" ]",,"{ ""condition"" : ""Poor Condition"", ""location"" : ""School’s Own"" }",,,,,,,,,ZMuo7tqss7QrYPuwZ
IPONTSHE PRIMARY SCHOOL,V1,false,xt7YmevZWHZWxBHi4,,"[ ""Athletics Field"", ""Cricket Pitch"", ""Soccer Field"", ""Rugby Field"" ]",,,,,,,"{ ""condition"" : ""Good Condition"", ""location"" : ""School’s Own"" }","{ ""condition"" : ""Good Condition"", ""location"" : ""School’s Own"" }",,,x39JZC9Q749pXeEbY
LOTUS GARDENS PRIMARY SCHOOL,Joseph verified,false,yB5rLPpNgX4fAiu6Q,2,"[ ""Netball Court"", ""Soccer Field"", ""Other"" ]",,"{ ""location"" : ""School’s Own"", ""condition"" : ""Poor Condition"" }",,"{ ""condition"" : ""Average Condition"", ""location"" : ""School’s Own"" }",,,,"{ ""condition"" : ""Poor Condition"", ""location"" : ""School’s Own"" }",,,hJppCjP9YgzQPhsxp
MOGOGODI PRIMARY SCHOOL,Joseph1,false,yKJBG7MzZS4yfDNv7,,"[ ""Tennis Court"" ]",,,,,,"{ ""condition"" : ""Good Condition"" }",,,,,rgipwMLK9skQK2EuA
BATHOKWA PRIMARY SCHOOL,SABELO VERIFIED,false,yZo7Y9TEj5R83Wihu,,"[ ""Athletics Field"", ""Netball Court"", ""Soccer Field"" ]",,,,"{ ""condition"" : ""Average Condition"", ""location"" : ""Community Owned"" }",,,,"{ ""condition"" : ""Average Condition"", ""location"" : ""Community Owned"" }",,,P4wqK6rnJQahfhFTr
MOSIOA PRIMARY SCHOOL,Joseph verified,false,yfiPX3DJYijaAnShg,0,,,,,,,,,,,,AGiLx4gigQqYMN4fT
KHANGEZILE PRIMARY SCHOOL,Pontsho9,false,z7arNgTF5J48ykQtK,2,"[ ""Netball Court"", ""Soccer Field"" ]",,,,"{ ""condition"" : ""Average Condition"", ""location"" : ""School’s Own"" }",,,,"{ ""condition"" : ""Poor Condition"", ""location"" : ""Other School’s"" }",,,KDmkojmtPfcEEQ3vv
DR NHLAPO INTERMEDIATE SCHOOL,Joseph verified,false,z8Pzd2cBp6KPssns7,1,"[ ""Netball Court"" ]",,,,"{ ""condition"" : ""Poor Condition"", ""location"" : ""School’s Own"" }",,,,,,,Hjqy94n4PwNqwN5uA
WESTFIELDS PRIMARY SCHOOL,SABELO 1,false,zRENZEobfwFKYKRJZ,,"[ ""Athletics Field"", ""Netball Court"", ""Cricket Pitch"", ""Soccer Field"" ]",,,,"{ ""condition"" : ""Average Condition"", ""location"" : ""School’s Own"" }",,,"{ ""condition"" : ""Average Condition"", ""location"" : ""School’s Own"" }","{ ""condition"" : ""Average Condition"", ""location"" : ""School’s Own"" }",,,ghEZdTPoThhpWNWiw
BONA COMPREHENSIVE SCHOOL,SABELO VERIFIED,false,zyLzWfw4ZyWsWq64p,2,"[ ""Netball Court"", ""Tennis Court"" ]",,,,"{ ""condition"" : ""Poor Condition"" }",,"{ ""condition"" : ""Poor Condition"" }",,,,,xsLXqpcynPeYTwiXE
