school_name,_id,name,startdate,enddate,isverified,school_id
NKUMBULO SECONDARY SCHOOL,2G6DH4Aiu8dpRQyrD,Pontsho4,2015-04-08T00:00:00.000Z,2015-04-08T00:00:00.000Z,false,bumrcJyBzLgQNsEkc
UMSOBOMVU PRIMARY SCHOOL,2Qm9dY2unum62oDu7,KHOLWANI11,2015-10-04T00:00:00.000Z,2015-11-04T00:00:00.000Z,false,ZNpokSid5rjPdk9TN
LEEMA-MOKOTULI PRIMARY SCHOOL,2smWdy5ZETPXoRrYG,Sabelo1,2015-04-19T00:00:00.000Z,2015-04-20T00:00:00.000Z,false,HCCGxappCyNaGFgCX
THUTO KITSO SECONDARY SCHOOL,2zRbjDBfz4zB8Tv6q,sabelo1,2015-04-25T00:00:00.000Z,2015-04-26T00:00:00.000Z,false,pc95GYaJKjTcuz6NG
REAGILE PRIMARY SCHOOL,3CZM6LyxfbGxQ676w,Freddy11,2015-04-10T00:00:00.000Z,2015-04-11T00:00:00.000Z,false,tjZuM97hcQSzs99qH
MABOELLENG PRIMARY SCHOOL,3XdLNoiuCRA5T5Dfc,Joseph,2015-04-25T00:00:00.000Z,2015-04-26T00:00:00.000Z,false,7NJX7fCmnPexvMctm
LETSEMA-ILIMA PRIMARY SCHOOL,3ppcMdRen9wtkQvnH,Sabelo,2015-04-25T00:00:00.000Z,2015-04-26T00:00:00.000Z,false,J3pxHaGGhxNMzyqbj
MICHAEL ZULU PRIMARY SCHOOL,3tbjfT8zZ2fPGfiwc,Sympathy varified,2015-04-07T00:00:00.000Z,2015-04-08T00:00:00.000Z,false,WFiPd6sE8tpNj2fFi
LANGAVILLE PRIMARY SCHOOL,3uXaw9N4tJkFZKXSt,Sympathy varified,2015-04-26T00:00:00.000Z,2015-04-27T00:00:00.000Z,false,sFD8SKsp8Pi36RoZc
VULAMAZIBUKO PRIMARY SCHOOL,4F5Qwq5cmL34WsvHP,KHOLWANI20,2015-04-13T00:00:00.000Z,2015-04-14T00:00:00.000Z,false,6Dq4eCtytGXrkKZnv
TEMBISA WEST SECONDARY SCHOOL,4avNjjRgrzrEpwKMN,Freddy10,2015-04-10T00:00:00.000Z,2015-04-11T00:00:00.000Z,false,9gqBpCL4tP3yzPLRL
JOB RATHEBE PRIMARY SCHOOL,4z6ESappfnPWNQ98D,Sabelo verified,2015-04-25T00:00:00.000Z,2015-04-26T00:00:00.000Z,false,naCm7anFfDFG8a8xr
STRETFORD EXT 8 PRIMARY SCHOOL,4zo5MNwbBvTPykbFg,Sfiso v1,2015-04-08T00:00:00.000Z,2015-04-09T00:00:00.000Z,false,JvctsCdy3WnCyyjKa
FUNUKUKHANYA PRIMARY SCHOOL,55foHoJLBDfwGwTWD,KHOLWANI3,2015-04-07T00:00:00.000Z,2015-04-08T00:00:00.000Z,false,6AYTGkkMTPEJvuWr5
AHA-THUTO SECONDARY SCHOOL,5PhvChXDzSoaBymWp,Sabelo verified,2015-04-25T00:00:00.000Z,2015-04-26T00:00:00.000Z,false,rgQXvwmDLMXMiuWDK
LEFA-IFA SECONDARY SCHOOL,5QzLWMPF8grmhh3G5,KHOLWANE13,,,false,4LJWLPBWTtZZG8du3
NCHABELENG PRIMARY SCHOOL,5iHufHeS6B2XBsHTB,KHOLWANI9,2015-03-08T00:00:00.000Z,2015-03-09T00:00:00.000Z,false,ejjaqTbn849G5Gcoh
MABUYA SECONDARY SCHOOL,656hyBavtd4QHF6yx,Joseph1,2015-04-25T00:00:00.000Z,2015-04-26T00:00:00.000Z,false,pSsTbhxrkyzApe6Lo
MQINISWA PRIMARY SCHOOL,6XmRH2cDbjXJd8Zri,Joseph verified,2015-04-25T00:00:00.000Z,2015-04-27T00:00:00.000Z,false,44DgBedXuojbRPZ28
PHUTHUMANI PRIMARY SCHOOL,6ZNqRnThWfJTjmtzh,Sympathy Varified,2015-04-26T00:00:00.000Z,2015-04-27T00:00:00.000Z,false,WBifQrurWcvmNESkH
NYIKO PRIMARY SCHOOL,6cFA5fAxPtQzaP5bz,Freddy9,2015-04-10T00:00:00.000Z,2015-04-11T00:00:00.000Z,false,GFrWnYNdtjEEb5spW
REALO  SECONDARY SCHOOL,6iixm3MYropadAMjX,SABELO VERIFIED,2015-04-25T00:00:00.000Z,2015-04-26T00:00:00.000Z,false,Bi8x9CwissYRtPN4E
MELODI PRIMARY SCHOOL,6nyrh8pzbNxMHyu4J,Tshepo1,2015-04-07T00:00:00.000Z,2015-04-08T00:00:00.000Z,false,35BCz7JqqhekBAr57
SOZIZWE PRIMARY SCHOOL,6yXgt6quvcZfmQiWf,Tshepo3,2015-04-10T00:00:00.000Z,2015-04-11T00:00:00.000Z,false,wdRmNmSF7PZRcYwLT
MATSIE STEYN PRIMARY SCHOOL,74LtY73iZk5nAgKN4,Joseph verified,2015-04-26T00:00:00.000Z,2015-04-27T00:00:00.000Z,false,rPNAmWbKhr7KMJ9KP
JOB MASEKO PRIMARY SCHOOL,7Lt26udxHfpKtyAwY,KHOLWANI12,2015-04-10T00:00:00.000Z,2015-04-11T00:00:00.000Z,false,aMBB6CFrfqAgPbMrp
SAKHELWE PRIMARY SCHOOL,7jdhLaYzWcCtFduQg,Pontsho 10,2015-04-10T00:00:00.000Z,2015-04-10T00:00:00.000Z,false,XsZR8DaRJjxqk2mqd
SHADRACK MBAMBO PRIMARY SCHOOL,7sAKJvmox8vK6GJBv,Sympathy Varified,2015-04-26T00:00:00.000Z,2015-04-27T00:00:00.000Z,false,zNCZvqexkbEPXcoLq
SIPHIWE PRIMARY SCHOOL,8EkWbb3qMosGvaWyT,Zanele V1,2015-04-07T00:00:00.000Z,2015-04-08T00:00:00.000Z,false,Lqv7fiyJJcCPNtP36
VEZUKHONO SECONDARY SCHOOL,8FucY8f4FTzL2XmhY,Joseph,2015-04-25T00:00:00.000Z,2015-04-26T00:00:00.000Z,false,P5eR9ewzqWvuTkbWN
LERATONG PRIMARY SCHOOL,8Q8hLajqT7vMWrbeA,sfisov1,2015-04-20T00:00:00.000Z,2015-04-21T00:00:00.000Z,false,TSdyiMoNYjMMPuy4u
EMFUNDISWENI PRIMARY SCHOOL,8TjXzm5mqedTkvZ5n,Zanele V1,2015-04-13T00:00:00.000Z,2015-04-14T00:00:00.000Z,false,L8puFwYJeSW79HGyo
SEDIBENG PRIMARY SCHOOL,8pdqiKPuW9emmvdMA,Zanele V1,2015-04-10T00:00:00.000Z,2015-04-11T00:00:00.000Z,false,BxcrpWYpXGdfdAeH2
LETSEMA-ILIMA PRIMARY SCHOOL,8qA6KspD8dEA9LYGN,Sabelo 1,2015-04-25T00:00:00.000Z,2015-04-26T00:00:00.000Z,false,J3pxHaGGhxNMzyqbj
LABAN MOTLHABI COMPREHENSIVE SCHOOL,922NEXkq8CZy6PH7L,Pontsho6,2015-04-08T00:00:00.000Z,2015-04-08T00:00:00.000Z,false,WmYzsTmyw84ogzq2N
TSHIRELA PRIMARY SCHOOL,93KanXF8i8wGs4YKw,Joseph verified,2015-04-26T00:00:00.000Z,2015-04-27T00:00:00.000Z,false,pHLiPLSxDnkkEHThb
NTSIKANA PRIMARY SCHOOL,95AYoAp6AiYz3KZ2t,Sympathy Varified,2015-04-26T00:00:00.000Z,2015-04-27T00:00:00.000Z,false,M4kBc3CXrLLZrCTvh
REKGUTLILE PRIMARY SCHOOL,9NYELJLrE2z96eKGu,SABELO VERIFEID,2015-04-26T00:00:00.000Z,2015-04-27T00:00:00.000Z,false,5E7E8LdwQk5mN8SzJ
ZITIKENI SECONDARY SCHOOL,A7HS55Lmpv7eWduhv,SABELO VERIFIED,2015-04-26T00:00:00.000Z,2015-04-27T00:00:00.000Z,false,7iLx2BKSXXzQAzgZu
HLABANGANE PRIMARY SCHOOL,A9g2JXbafa9hggA23,Joseph verified,2015-04-25T00:00:00.000Z,2015-04-26T00:00:00.000Z,false,t6sdeSdyqSbTNYs3T
MOSIOA PRIMARY SCHOOL,AGiLx4gigQqYMN4fT,Joseph verified,2015-04-26T00:00:00.000Z,2015-04-27T00:00:00.000Z,false,wTqoT6Fahb3qjxkq4
THEMBALIHLE PRIMARY SCHOOL,AHHiQixZscHdnSQpM,SABELO1,2015-04-26T00:00:00.000Z,2015-04-27T00:00:00.000Z,false,NjL2nHXXzyGBzYMby
BOPHELONG SECONDARY SCHOOL,AQmqsTKLbbQgfAmzP,Sabelo1,2015-04-19T00:00:00.000Z,2015-04-20T00:00:00.000Z,false,oxkcsJw7ibHe3RXhu
Radibapi Primary,Acd6f7D8RbhpthZHN,sabelo,2015-04-25T00:00:00.000Z,2015-04-26T00:00:00.000Z,false,8oabbzc7iuhD5qd4o
SELELEKELA SECONDARY SCHOOL,Ayck7PmsY3mNr3gZQ,SABELO 1,2015-04-26T00:00:00.000Z,2015-04-27T00:00:00.000Z,false,KLTSee3FuvFwZfFmT
LESEDI LA KRESTE ANGLICAN PRIMARY SCHOOL,BL89Y49hLjtAgtj9C,Pontsho16,2015-04-13T00:00:00.000Z,2015-04-13T00:00:00.000Z,false,uJLfbPeZPNeTPmQr2
testing,BQfg3z63ZB9CEwvQ8,test,,,false,idJ7MH9BBvWJfHR2d
LETSEMA-ILIMA PRIMARY SCHOOL,BRsfRCgjvJjMdHvuH,Sabelo,2015-04-25T00:00:00.000Z,2015-04-26T00:00:00.000Z,false,J3pxHaGGhxNMzyqbj
DAVID HELLEN PETA SECONDARY SCHOOL,BpGigPup4eyijh28x,Joseph verified,2015-04-26T00:00:00.000Z,2015-04-27T00:00:00.000Z,false,gHYNiZyHqhSx6Svoa
THUTOLORE SECONDARY SCHOOL,BwK89vufnm6iCSJhQ,Joseph verified,2015-04-25T00:00:00.000Z,2015-04-26T00:00:00.000Z,false,Xx3PY7JWQk2SPaCKr
BUHLEBEMFUNDO SECONDARY SCHOOL,Ch6HJ6DZmFCYxKkww,Joseph verified,2015-04-26T00:00:00.000Z,2015-04-27T00:00:00.000Z,false,bNHtDf4FTJzuZSK2a
ESIKHISINI PRIMARY SCHOOL,CoWKa7AHpYehwgjN4,Joseph verified,2015-04-26T00:00:00.000Z,2015-04-27T00:00:00.000Z,false,g2kpw4kMBJTN5E5JG
TSWELELANG PRIMARY SCHOOL,Dddj3YJBuiuGmAQFQ,Joseph verified,2015-04-25T00:00:00.000Z,2015-04-26T00:00:00.000Z,false,xPBJwuF45am3zetom
EMMANUEL PRIMARY SCHOOL,DwG2tAAFC8W79Ckxx,Joseph1,2015-04-19T00:00:00.000Z,2015-04-20T00:00:00.000Z,false,qvpqRtiaKyB5mzEFo
MASIMINI PRIMARY SCHOOL,E7KSgcfSqaoDb5BEE,KHOLWANI17,2015-04-13T00:00:00.000Z,2015-04-14T00:00:00.000Z,false,Gp3CL67vEGgrnuXmA
EKUKHANYISWENI PRIMARY SCHOOL,EbrJ8dHAyrQTpSaNj,Zanele V1,2015-04-13T00:00:00.000Z,2015-04-14T00:00:00.000Z,false,A69daYFMcq5dvJRuB
NTOKOZWENI PRIMARY SCHOOL,EtHDHYs97BCxasggi,Pontsho12,2015-04-10T00:00:00.000Z,2015-04-10T00:00:00.000Z,false,Q8kiWauRtS5oKpcii
LEJOELEPUTSOA PRIMARY SCHOOL,EtsNuLzuvqcqdM943,Freddy4,2015-04-08T00:00:00.000Z,2015-04-09T00:00:00.000Z,false,9cJb3PzMJw36hKbkS
DIEPDALE SECONDARY SCHOOL,EyHGQ2ctZRGcPQ4Lc,Tracey v1,2015-04-13T00:00:00.000Z,2015-04-13T00:00:00.000Z,false,Q6ou5sB273gFQ7JPr
BATLOUNG INTERMEDIATE SCHOOL,FEAD8jBu7LbHezy2j,Symps,2015-04-25T00:00:00.000Z,2015-04-26T00:00:00.000Z,false,qNjtc48fcLm7nwuM7
DR KNAK PRIMARY SCHOOL,FkDMg4ekjDHWExDuv,"SABELO VERIFIED
pontsho 20",2015-04-25T00:00:00.000Z,2015-04-26T00:00:00.000Z,false,pPoEM8Ngvupfmt6MD
BOTLEHADI PRIMARY SCHOOL,FpTsqHm4D3ttwK8dY,Sabelo1,2015-04-19T00:00:00.000Z,2015-04-20T00:00:00.000Z,false,yeHXSQ7vQwnnsDxtM
KING DAVID PRIMARY (SANDTON) SCHOOL,GJjARmM57MEtGaW29,Survey 1,2015-04-02T00:00:00.000Z,2015-04-04T00:00:00.000Z,true,DBGW6FbD4wPM7FYz9
SIBONELO PRIMARY SCHOOL,GQPE7rurt9bb7DM5a,Sympathy verified,2015-04-26T00:00:00.000Z,2015-04-27T00:00:00.000Z,false,HJw3AnsPG8vLrDhM8
JABULILE SECONDARY SCHOOL,GdT4e3QnaH2fX4vAA,Zanele V1,2015-04-13T00:00:00.000Z,2015-04-14T00:00:00.000Z,false,xapETP39ebDL77Jvo
O.R TAMBO SECONDARY SCHOOL,Gfj3WRS3Y8w4dmyph,Zanele V1,2015-04-07T00:00:00.000Z,2015-04-08T00:00:00.000Z,false,9z4RYqzf8npfTKKCf
BOKAMOSO PRIMARY SCHOOL,H2wSN9EFbKzeSGjCh,Zanele V1,2015-04-10T00:00:00.000Z,2015-04-11T00:00:00.000Z,false,JCCKjH2kYnzqyXkvJ
ZIFUNELENI JUNIOR SECONDARY  (COMB. PRIMARY) SCHOOL,HE7QyZrdjZD4TwigW,SABELO VERIFIED,2015-04-25T00:00:00.000Z,2015-04-26T00:00:00.000Z,false,R9K6phMQ6JYALhhYj
ZAKHENI PRIMARY SCHOOL,HKHTs5NYM9YcNKmA3,Sympathy varified,2015-04-25T00:00:00.000Z,2015-04-26T00:00:00.000Z,false,EWL7HMPvnGNmjoPZr
CHARLOTTE MAXEKE SECONDARY SCHOOL,HMfiK9msnxvBpZRTv,V1,2015-03-17T00:00:00.000Z,,false,nsZY5MpZj6Qv4hkQm
MANGWELE PRIMARY SCHOOL,HZFjNDTejF5ga78Sx,SABELO VERIFIED,2015-04-26T00:00:00.000Z,2015-04-27T00:00:00.000Z,false,7hYDkCSvtTtfgZT4t
DR NHLAPO INTERMEDIATE SCHOOL,Hjqy94n4PwNqwN5uA,Joseph verified,2015-04-26T00:00:00.000Z,2015-04-27T00:00:00.000Z,false,9yXCaJvFh7awMrTid
KUZIMISELA PRIMARY SCHOOL,HushLZncKDsTyJhfN,Tshepo,2015-04-07T00:00:00.000Z,2015-04-08T00:00:00.000Z,false,Tb26t2ZJSaWdYhnHc
PHOMOLONG PRIMARY SCHOOL,J8iGazpt3MwprEvbp,Sfiso v1,2015-04-07T00:00:00.000Z,2015-04-08T00:00:00.000Z,false,xwsCtAq2khrBdBGhZ
BOVET PRIMARY SCHOOL,JMwctXTYdunvweNYD,Joseph verified,2015-04-26T00:00:00.000Z,2015-04-27T00:00:00.000Z,false,vghaztSbAbPBBYWRQ
SIVUSE PRIMARY SCHOOL,JeGKrkaqdgboxbxAd,SABELO1,2015-04-26T00:00:00.000Z,2015-04-27T00:00:00.000Z,false,DNzFdwPm4uFHLRr2t
BHEKIMFUNDO PRIMARY SCHOOL,JpDqQfLuuC9qJrici,Tshepo2,2015-04-07T00:00:00.000Z,2015-04-08T00:00:00.000Z,false,XAWapZvR3fXdrwTh8
KHANGEZILE PRIMARY SCHOOL,KDmkojmtPfcEEQ3vv,Pontsho9,2015-04-10T00:00:00.000Z,2015-04-10T00:00:00.000Z,false,kdeFTgvbrBdvAZ3jo
LEBOWA PRIMARY SCHOOL,KhtEcF9mnhkNyqnW3,Joseph,2015-04-25T00:00:00.000Z,2015-04-26T00:00:00.000Z,false,hC2rNb27tDwFm6ptZ
SELOPE-THEMA PRIMARY SCHOOL,Kqq9XsRqsRQM6PjGn,SABELO VERIFIED,2015-04-25T00:00:00.000Z,2015-04-26T00:00:00.000Z,false,hMBoFadXyimpmAA9B
LEBOHANG SECONDARY SCHOOL,KrNZ7H2XmHuPpHRrN,Sabelo1,2015-04-19T00:00:00.000Z,2015-04-20T00:00:00.000Z,false,Sy6AABPcNMuLJpk3p
DITAWANA PRIMARY SCHOOL,LBujyFwCgPkGzWSZy,pontsho 21,2015-04-20T00:00:00.000Z,2015-04-20T00:00:00.000Z,false,9LhJ56jMTXeQXaLk3
EAST BANK HIGH SCHOOL,LD7hazozFmAuLNBgP,Sympathy varified,2015-04-25T00:00:00.000Z,2015-04-26T00:00:00.000Z,false,TM3Yr4nxiBrZC7vgx
TEMBISA SECONDARY SCHOOL,LTccQvtsRbQdnvd4x,V1,2015-03-17T00:00:00.000Z,,false,PcEFo3B4d7FgaiYvM
SEEISO PRIMARY SCHOOL,LZ7sJWsXTML9asLdD,Joseph verified,2015-04-25T00:00:00.000Z,2015-04-26T00:00:00.000Z,false,2CdfbFJXguorK94qK
NKABINDE PRIMARY SCHOOL,LrmX8FAuJMKckWE6c,KHOLWANI16,2015-04-13T00:00:00.000Z,2015-04-14T00:00:00.000Z,false,aFfw6EDMv6qz8ERao
KGOMOCO PRIMARY SCHOOL,METTMMRQRhoWxKdRt,Joseph1,2015-04-19T00:00:00.000Z,2015-04-20T00:00:00.000Z,false,ZeacF7828Qm5FX528
TSAKANE PRIMARY SCHOOL,MYuCFef7Fjt8yRX8d,Sympathy Varified,2015-04-26T00:00:00.000Z,2015-04-27T00:00:00.000Z,false,7rBkk8yCFPSfvmtuE
KGALEMA PRIMARY SCHOOL,MYybcL4ntNLDfPjZt,Tshepo3,2015-04-10T00:00:00.000Z,2015-04-11T00:00:00.000Z,false,YhEmH96RcvGizJDhw
UMTHAMBEKA PRIMARY SCHOOL,MrCRY4JkG2RtXRzjf,Freddy12,2015-04-10T00:00:00.000Z,2015-04-11T00:00:00.000Z,false,vTEbgcvPSvM6MGQ9H
JABULANI THABANG PRIMARY SCHOOL,MtKWmrDmPtx6hTjXm,Sabelo1,2015-04-19T00:00:00.000Z,2015-04-20T00:00:00.000Z,false,DYXn6ecBERtTFN7Wm
MUZOMSHA PRIMARY SCHOOL,NTo8EK8jnLkjB93Hd,KHOLWANI18,2015-04-13T00:00:00.000Z,2015-04-14T00:00:00.000Z,false,iz79XoptMLverznfx
IKAGE PRIMARY SCHOOL,NY3CpQoLXKGkXkq8b,Sympathy varified,2015-04-26T00:00:00.000Z,2015-04-27T00:00:00.000Z,false,pBBsxzJo5M4DoP4km
BATHOKWA PRIMARY SCHOOL,P4wqK6rnJQahfhFTr,SABELO VERIFIED,2015-04-25T00:00:00.000Z,2015-04-26T00:00:00.000Z,false,zXpAz8Zm9eS5mYnYq
LIVHUWANI PRIMARY SCHOOL,PySjA6yQMoXAyS2z8,SABELO VERIFIED,2015-04-26T00:00:00.000Z,2015-04-27T00:00:00.000Z,false,FzapHesR2dB8mohzY
MOHLOLI SECONDARY SCHOOL,Pye3fvQETS2TCPKyt,symps,2015-04-25T00:00:00.000Z,2015-04-26T00:00:00.000Z,false,uSLXTxcinmzfpJeZL
MODUOPO PRIMARY SCHOOL,Q2SemXMcpEX5NfYsD,Zanele V1,2015-04-08T00:00:00.000Z,2015-04-09T00:00:00.000Z,false,fdwJZwXdpW8XykLgp
MOKGOME SECONDARY SCHOOL,QBmBALzw89kwmHz2B,Joseph verified,2015-04-25T00:00:00.000Z,2015-04-26T00:00:00.000Z,false,fyJ9yZamxLLkFQM6q
SEOTLOANA PRIMARY SCHOOL,Qmhp6bLYHrRTc42wc,Zanele V1,2015-04-10T00:00:00.000Z,2015-04-11T00:00:00.000Z,false,BKGhGLeSJaeo9cavr
ROLIHLAHLA PRIMARY SCHOOL,Qzm8u4imxajBRWLE5,Tshepo2,2015-04-08T00:00:00.000Z,2015-04-09T00:00:00.000Z,false,kYmSsD6sLNa48yq3B
SELIBA PRIMARY SCHOOL,RHG8484wnsaqifrig,Joseph verified,2015-04-26T00:00:00.000Z,2015-04-27T00:00:00.000Z,false,YFkP4HAR2yhDzgYNn
JET NTEO SECONDARY SCHOOL,RKz4SAhiQgbHCmTpZ,Sabelo1,2015-04-19T00:00:00.000Z,2015-04-20T00:00:00.000Z,false,FvMma23JtBNvvDmWP
LESIBA SECONDARY SCHOOL,RfniT8dpTobMmBWDg,Freddy1,,,false,gAMFiRZvaYx7vM2bX
PATOGENG PRIMARY SCHOOL,Rvf9JkpRBRozBsyiq,Joseph verified,2015-04-26T00:00:00.000Z,2015-04-27T00:00:00.000Z,false,queoWSP7FQYoTfCw6
POELANO SECONDARY SCHOOL,S3LbwsmZGkiiekXEX,Joseph verified,2015-04-25T00:00:00.000Z,2015-04-26T00:00:00.000Z,false,sHepoMyGxu7vajjn9
N'WA MHINGA PRIMARY SCHOOL,S47bpHzXts94zC2ke,Freddy8,2015-04-13T00:00:00.000Z,2015-04-14T00:00:00.000Z,false,DQsKN7aEup4gKoRoq
DITAU PRIMARY SCHOOL,SDQzcRxtroyWa7uGB,Sympathy varified,2015-04-25T00:00:00.000Z,2015-04-26T00:00:00.000Z,false,TfBu6LKq6gvHvgqQ3
DR HARRY GWALA SECONDARY SCHOOL,SNuf4DBJszmQrAzS4,Tshepo3,2015-04-10T00:00:00.000Z,2015-04-11T00:00:00.000Z,false,3qbofgHJxGRZS83Qg
RESIDENSIA SECONDARY SCHOOL,Sa8QfeRArxjpbStqt,Symps,2015-04-25T00:00:00.000Z,2015-04-26T00:00:00.000Z,false,tuAiDmTHjzXDEcQpm
EMMANGWENI PRIMARY SCHOOL,SeRiR2xnt35DWtRzX,Zanele v1,2015-04-08T00:00:00.000Z,2015-04-09T00:00:00.000Z,false,BKf7wb4PzjWwNoj6v
NOMINI PRIMARY SCHOOL,Sue8DWeGKHPKAyQBi,Sabelo verified,2015-04-25T00:00:00.000Z,2015-04-26T00:00:00.000Z,false,suNMuozCzh9vzWxKv
HULWAZI SECONDARY SCHOOL,Tnm69CSqqbdHg9obr,Tshepo1,2015-04-07T00:00:00.000Z,2015-04-08T00:00:00.000Z,false,mqyhsJ2kLyY796ti3
GAHLANSO PRIMARY SCHOOL,WeXHdZMumEMFyckHq,Zanele V1,2015-04-08T00:00:00.000Z,2015-04-09T00:00:00.000Z,false,hd5oYbd6gkWoKkWzC
TOKELO SECONDARY SCHOOL,WszeF9gAuQuHMNHLC,Joseph verified,2015-04-26T00:00:00.000Z,2015-04-27T00:00:00.000Z,false,GJv3W9ZAYjt9fmw2n
MAKAPANE PRIMARY SCHOOL,X4uSNwu6z2y2MdNwA,Joseph verified,2015-04-26T00:00:00.000Z,2015-04-27T00:00:00.000Z,false,mvS7kQosyiAuq7y8o
LETSEMA-ILIMA PRIMARY SCHOOL,X8iDZBx3CbJnWCRTb,,,,false,J3pxHaGGhxNMzyqbj
ORLANDO SECONDARY SCHOOL,XKxt23fR8Fujkyiim,SABELO VERIFIED,2015-04-26T00:00:00.000Z,2015-04-27T00:00:00.000Z,false,9GXAdy5eGoaooitqc
MOYISELA PRIMARY SCHOOL,XTL9gvLr9S2MmMsjJ,Sabelo verified,2015-04-25T00:00:00.000Z,2015-04-26T00:00:00.000Z,false,WzudoSDAr9ApDajXY
BOITUMELONG SECONDARY SCHOOL,XYLgc3p2tmFJ6nGJb,Zanele V1,2015-04-08T00:00:00.000Z,2015-04-09T00:00:00.000Z,false,waYnGd3whuoW7bgRs
QHAKAZANI PRIMARY SCHOOL,Y2gH7TZojYSgJ6J3i,tshepo20,2015-04-21T00:00:00.000Z,2015-04-22T00:00:00.000Z,false,mKSgTkpsYgDJ8KMoc
MAHLAHLE PRIMARY SCHOOL,YLYWLt3BFmbGuRHBQ,SABELO VERIFIED,2015-04-25T00:00:00.000Z,2015-04-26T00:00:00.000Z,false,Kkd4pwSZjJYvH7u3c
HOFMEYR SECONDARY SCHOOL,Z9wz3QcLwmRfGuaeT,Joseph verified,2015-04-26T00:00:00.000Z,2015-04-27T00:00:00.000Z,false,EdAGhDjGAwR5QHqAf
LETSEMA-ILIMA PRIMARY SCHOOL,ZBqGu3MqDqmm58rMH,Sabelo,2015-04-25T00:00:00.000Z,2015-04-26T00:00:00.000Z,false,J3pxHaGGhxNMzyqbj
HLOLISISA PRIMARY SCHOOL,ZJ7mun8DbJLNFPuSX,,2015-04-08T00:00:00.000Z,2015-04-09T00:00:00.000Z,false,X49XNg2j7kEsWpzfT
FADIMEHA PRIMARY SCHOOL,ZMuo7tqss7QrYPuwZ,Joseph verified,2015-04-26T00:00:00.000Z,2015-04-27T00:00:00.000Z,false,3YpZ8R44xWbRZBcnE
LETSEMA-ILIMA PRIMARY SCHOOL,ZNXsgBEk2evJkTYso,Symps,2015-04-25T00:00:00.000Z,2015-04-26T00:00:00.000Z,false,J3pxHaGGhxNMzyqbj
DITAWANE,ZQpQXXcpAjvZC2ony,Joseph verified,2015-04-26T00:00:00.000Z,2015-04-27T00:00:00.000Z,false,F97jeqwGDCLirEcc6
JORDAN SECONDARY SCHOOL,ZQvS49GgfM6XNnqij,Sabelo1,2015-04-19T00:00:00.000Z,2015-04-20T00:00:00.000Z,false,jdruTPMAFLZpR5Yor
SAULRIDGE SECONDARY SCHOOL,ZgR4zqFothSycL9hz,Sabelo verified,2015-04-26T00:00:00.000Z,2015-04-25T00:00:00.000Z,false,BNLjgKdhFJo4G8BEy
TSOELOPELE PRIMARY SCHOOL,ZrghZT93L2bSWSofg,Joseph verified,2015-04-26T00:00:00.000Z,2015-04-27T00:00:00.000Z,false,FgGng3wJFQ7DunpM2
INKONJANE JUNIOR SECONDARY SCHOOL,Zyuc4wPBmxQPcNyjF,Freddy3,2015-04-08T00:00:00.000Z,2015-04-09T00:00:00.000Z,false,46n4oyMnczZw2tJzv
MVELAPHANDA PRIMARY SCHOOL,aMRD37JGNEmrz9FZ9,Freddy9,2015-04-10T00:00:00.000Z,2015-04-11T00:00:00.000Z,false,j4CyqoGhmbxFvTahz
NTSELE PRIMARY SCHOOL,aQ4BMeoFWmo4HrHqF,Sabelo1,2015-04-19T00:00:00.000Z,2015-04-20T00:00:00.000Z,false,XRxiHzGGxzrbQiA5a
test,aiBSX6cmH9icpEn7C,Test,2015-04-11T00:00:00.000Z,2015-04-11T00:00:00.000Z,false,eiPLFFjFBE5yqxYjj
KHULA SIZWE PRIMARY SCHOOL,ayNNoGKj3iCnECzSg,Freddy7,2015-04-10T00:00:00.000Z,2015-04-11T00:00:00.000Z,false,MFJ4XwDAmN6Rs3SWC
ITSEBENG PRIMARY SCHOOL,bAExKd8RN5BhHzb3z,SABELO1,2015-04-25T00:00:00.000Z,2015-04-26T00:00:00.000Z,false,Wi3o4uhSxQ8QXTp9J
ZIMISELE SECONDARY SCHOOL,bEf9GjYAyqAqY3bhw,Pontsho3,2015-04-08T00:00:00.000Z,2015-04-08T00:00:00.000Z,false,KeXNxzHvXARk3Qzy4
TSWELOPELE SECONDARY SCHOOL,bHZpmA7SpQzx29CQk,Zanele V1,2015-04-10T00:00:00.000Z,2015-04-11T00:00:00.000Z,false,u7DDHnAiuQME8Ea45
GEORGE MBILASE PRIMARY SCHOOL,bMEYkfLEMjEHiTFux,Joseph,2015-04-25T00:00:00.000Z,2015-04-26T00:00:00.000Z,false,7Z9iXgHc86ag9ZN9o
TLHOLO INTERMEDIATE SCHOOL,bPfY5thaXn4EAdkXw,Joseph1,2015-04-25T00:00:00.000Z,2015-04-26T00:00:00.000Z,false,cnvRjXuczr5WXr6cv
BUD MBELLE PRIMARY SCHOOL,bf5Ltec4dXsz7pEX9,SABELO VERIFIED,2015-04-25T00:00:00.000Z,2015-04-26T00:00:00.000Z,false,eTTG2NKtGiBjR2u97
PHOLOSHO PRIMARY SCHOOL,c8PScP7JjuF3RvjuN,Sfiso V1,2015-04-07T00:00:00.000Z,2015-04-08T00:00:00.000Z,false,xX6znodofgALpAaJg
BOPASENATLA SECONDARY SCHOOL,cDYo2z98FGZzNHPMM,Joseph verified,2015-04-26T00:00:00.000Z,2015-04-27T00:00:00.000Z,false,iQdoyzzN7cXbiJDaH
QUANTUM SECONDARY SCHOOL,cQQF5juB8JG3jNbNs,Tshepo2,2015-04-08T00:00:00.000Z,2015-04-09T00:00:00.000Z,false,Km2TibRg8zHBr7Tku
GOVAN MBEKI PRIMARY SCHOOL,dBu8rGN6ZLKj4rb4e,Sabelo verified,2015-04-25T00:00:00.000Z,2015-04-26T00:00:00.000Z,false,WphoZsNMeQiHdoo2a
CAIPHUS NYOKA SECONDARY SCHOOL,dLHdmSdFbLWF2kJqy,Tshepo4,2015-04-10T00:00:00.000Z,2015-04-11T00:00:00.000Z,false,wqkQz5WCK925Bo5eq
THETHA SECONDARY SCHOOL,dnFyeB4sC6kfmj2Q6,SABELO VERFIED,2015-04-26T00:00:00.000Z,2015-04-25T00:00:00.000Z,false,q87zen5HgKKxJ99Lc
LEBONE PRIMARY SCHOOL,drsWF9n9G7CxbrANB,KHOLWANI7,2015-04-07T00:00:00.000Z,2015-04-07T00:00:00.000Z,false,8kaaLjfjqaem9NM3H
MASIQHAKAZE SECONDARY SCHOOL,e6s5EEf389EeLo6Tz,V1,2015-03-16T00:00:00.000Z,,false,GdFRz8SxGfrcssASy
THOPODI PRIMARY SCHOOL,eaN2HpTXfZTyuJHLY,SABELO VERIFIED,2015-04-26T00:00:00.000Z,2015-04-27T00:00:00.000Z,false,tXNX7HXf8MFPj694L
LEHLASEDI PRIMARY SCHOOL,efr9txWNfPHw3AhD7,Sabelo1,2015-04-19T00:00:00.000Z,2015-04-20T00:00:00.000Z,false,GN7JXs9sADiNKDxm4
PHAMEHLO PRIMARY SCHOOL,eg2P5ZFGTcwctmdcA,Symps,2015-04-25T00:00:00.000Z,2015-04-26T00:00:00.000Z,false,9CYsZozoyHucNv5Pt
MENZI PRIMARY SCHOOL,eqJ28tbWRDYX6YPkp,Sympathy varified,2015-04-26T00:00:00.000Z,2015-04-27T00:00:00.000Z,false,Rero3Wud7LEDr2pHL
PUDUMO PRIMARY SCHOOL,fXPmfwBo9N6rx7mLh,SABELO 1,2015-04-26T00:00:00.000Z,2015-04-27T00:00:00.000Z,false,N672sLBwGEggxopdN
GOROGANG PRIMARY SCHOOL,fkuEy7WKs5HL2NM6z,Pontsho5,2015-04-08T00:00:00.000Z,2015-04-08T00:00:00.000Z,false,ge7wR8Paoq8B8ytis
INXIWENI PRIMARY SCHOOL,g2zngXhSLP6Xe7qtg,Freddy8,2015-04-08T00:00:00.000Z,2015-04-09T00:00:00.000Z,false,W22behkCwKSmtyJhy
STEVE BIKO PRIMARY SCHOOL,g6orxjw6EmCqYup83,Zanele V1,2015-04-13T00:00:00.000Z,2015-04-14T00:00:00.000Z,false,JoB4YjDLLtcLF9uno
LETSEMA-ILIMA PRIMARY SCHOOL,gHKvcd2hMaXTtiNbj,,,,false,J3pxHaGGhxNMzyqbj
LETSIE PRIMARY SCHOOL,gPuKrSrjRHYQAhofp,KHOLWANI8,2015-04-08T00:00:00.000Z,2015-04-09T00:00:00.000Z,false,tPF56zuAa7Yv4h5pR
TIYANI Junior secondary SCHOOL,gZKefKr3T7kQ7yZdd,SABELO VERIFIED,2015-04-26T00:00:00.000Z,2015-04-27T00:00:00.000Z,false,ruLNBjshmg9GFZfoi
WESTFIELDS PRIMARY SCHOOL,ghEZdTPoThhpWNWiw,SABELO 1,2015-04-26T00:00:00.000Z,2015-04-27T00:00:00.000Z,false,FA898nv2euY5CHoZo
LERESCHE PRIMARY SCHOOL,giGaTXuXxZQxCGaMd,Joseph verified,2015-04-26T00:00:00.000Z,2015-04-27T00:00:00.000Z,false,FeywHD5TCRfMtzcwp
LUKHOLWENI PRIMARY SCHOOL,gpABZNKAeZxGARLNE,Joseph verified,2015-04-26T00:00:00.000Z,2015-04-27T00:00:00.000Z,false,S42Aq6eoMDgrb9SuJ
LETSEMA-ILIMA PRIMARY SCHOOL,h35vTG52Xd5j7Kz6R,Sabelo,2015-04-25T00:00:00.000Z,2015-04-26T00:00:00.000Z,false,J3pxHaGGhxNMzyqbj
LETSATSING COMBINED SCHOOL,hBG3H9epZYnScCbtp,SABELO 1,2015-04-15T00:00:00.000Z,2015-04-15T00:00:00.000Z,false,cCRbYn4tyhNhPfpko
LOTUS GARDENS PRIMARY SCHOOL,hJppCjP9YgzQPhsxp,Joseph verified,2015-04-26T00:00:00.000Z,2015-04-27T00:00:00.000Z,false,2kCbh8W54SDKDo7Gi
ZENZELENI PRIMARY SCHOOL,hTroeBPPurCSNxDGe,Sympathy Varification,2015-04-26T00:00:00.000Z,2015-04-27T00:00:00.000Z,false,A4DgHftdfZSCoGKGP
KAMOHELO PUBLIC SCHOOL,hk4XMrnHxTastfL7s,Joseph,2015-04-25T00:00:00.000Z,2015-04-26T00:00:00.000Z,false,vwgqKGm5RQon5hXHo
TSITSIBOGA PRIMARY SCHOOL,hrfAaJLuuBvdukdf9,SABELO1,2015-04-25T00:00:00.000Z,2015-04-26T00:00:00.000Z,false,x7MgCDNYKaFzg98QY
HLANGANANI PRIMARY SCHOOL,ieCAKYPDiJ8dGueXc,Test Adam,,,false,zyTBtzAnGfhuZprGa
TSIMONG PRIMARY SCHOOL,jR3LMPDnnHi7xvLcp,KHOLWANI19,2015-04-13T00:00:00.000Z,2015-04-14T00:00:00.000Z,false,BdjGYXX4M4zzPWhqi
THEMBALIKAZULU PRIMARY SCHOOL,jSDZSbr7cMPKgibe7,KHOLWANI10,2015-04-08T00:00:00.000Z,2015-04-09T00:00:00.000Z,false,xuGqaBapphciMGBKD
zitha primary,k652o58moXsybbDfm,sabelo1,2015-04-25T00:00:00.000Z,2015-04-26T00:00:00.000Z,false,wxGvzQKnBHb83AErS
VEZUKHONO SECONDARY SCHOOL,mDwDpssp9xiy5oAgB,Joseph1,2015-04-25T00:00:00.000Z,2015-04-26T00:00:00.000Z,false,P5eR9ewzqWvuTkbWN
NQUBELA PRIMARY SCHOOL,mobhBo8uKGxkvNsjR,Sympathy Varified,2015-04-26T00:00:00.000Z,2015-04-27T00:00:00.000Z,false,jxdvnitGhmmJmf3RZ
SAPPHIRE SECONDARY SCHOOL,mu6wNPMzZ754NLLnE,Joseph verified,2015-04-26T00:00:00.000Z,2015-04-27T00:00:00.000Z,false,S3yfktPSheRWDHbkd
KHOMANANI PRIMARY SCHOOL,myEbntbNmwtRJAXXn,SABELO VERIFIED,2015-04-26T00:00:00.000Z,2015-04-27T00:00:00.000Z,false,oZeuq2GwT7HarAkif
TSIETSI MASHININI PRIMARY SCHOOL,n9gEojJ6K5eKYJ4c2,Sympathy varified,2015-04-25T00:00:00.000Z,2015-04-26T00:00:00.000Z,false,R7ZEvEyPtbpXisuq8
KGOLAGANO PRIMARY SCHOOL,o6KRqZ8m5YyPCmxEu,Joseph verified,2015-04-26T00:00:00.000Z,2015-04-27T00:00:00.000Z,false,JYs5rzkSpqxpx7Apu
ENDULWENI PRIMARY SCHOOL,ocFaNqXzeBvD5hiAZ,Joseph verified,2015-04-26T00:00:00.000Z,2015-04-27T00:00:00.000Z,false,cqdqqFn7tTnwNbmqR
PHUTHADITSHABA PRIMARY SCHOOL,ojqksxwnmxWXpM8n6,SABELO VERIFIED,2015-04-25T00:00:00.000Z,2015-04-26T00:00:00.000Z,false,jyJWjSxpyzaFi5xzy
LESHATA SECONDARY SCHOOL,opzRuPL9N8RSzCNsi,Sabelo verified,2015-04-25T00:00:00.000Z,2015-04-26T00:00:00.000Z,false,kXSCDEKFavFjWwRh6
PHUTHULLA PRIMARY SCHOOL,pRKnFJGLubdAiTZEy,Sabelo1,2015-04-19T00:00:00.000Z,2015-04-20T00:00:00.000Z,false,AtpXn8bGpdjDXkX2X
DINOTO TECHNICAL SECONDARY SCHOOL,pqm6NksjcwAhrDwyH,Tshepo3,2015-04-10T00:00:00.000Z,2015-04-11T00:00:00.000Z,false,jFLvrx8qbcRhdcMWk
THUTHUKA PRIMARY SCHOOL,q7rLbRb4nxtPxfoSc,SABELO VERIFIED,2015-04-26T00:00:00.000Z,2015-04-27T00:00:00.000Z,false,psEg38R6mppLMtMyG
THOHO-YA-NDOU PRIMARY SCHOOL,q7vvj7t7uptnim45G,Joseph verified,2015-04-26T00:00:00.000Z,2015-04-27T00:00:00.000Z,false,LbosSJ2EtBgbSeWHe
FRED HABEDI PRIMARY SCHOOL,qCqx8rN4JLCHpEwF4,Pontsho11,2015-04-10T00:00:00.000Z,2015-04-10T00:00:00.000Z,false,xjBMtwSX3K5LMHFte
ENTSHONALANGA PRIMARY SCHOOL,qYqekSfSRExjXJrGM,SABELO VERIFIED,2015-04-26T00:00:00.000Z,2015-04-27T00:00:00.000Z,false,qjiPzjesbNgJySiAF
WINNIE MANDELA PRIMARY SCHOOL,qqTGPEnmDQRrarBSw,SABELO VERIFIED,2015-04-26T00:00:00.000Z,2015-04-27T00:00:00.000Z,false,KDJeNL8gnrwaBb4Fb
PHORORONG PRIMARY SCHOOL,qs4DrHmATWN59Tptg,Joseph,2015-04-25T00:00:00.000Z,2015-04-26T00:00:00.000Z,false,NFuNLMWvy5qoXxFHG
GORDON PRIMARY SCHOOL,qsXPNNQE3pWkdTbfb,SFISO V1,2015-04-07T00:00:00.000Z,2015-04-08T00:00:00.000Z,false,GXKZ8zc5YLJjTqKmX
MADUME PRIMARY SCHOOL,r5bdwdb45e7jr6JZB,SABELO VERIFIED,2015-04-13T00:00:00.000Z,2015-04-14T00:00:00.000Z,false,r6uCPiS8JbRQREE7K
AB XUMA PRIMARY SCHOOL,r8FrZJWZGiB9zPmmc,Tracey v1,2015-04-13T00:00:00.000Z,2015-04-13T00:00:00.000Z,false,QiCCzcdEYnZPtdHf5
MONTSOSI PRIMARY SCHOOL,rCApJ97XLJY5xuoJY,SABELO1,2015-04-25T00:00:00.000Z,2015-04-26T00:00:00.000Z,false,p3gqoLjBQyybjyJEx
ISEKELO PRIMARY SCHOOL,rRCnvnKF3KB68xQfw,Joseph verified,2015-04-26T00:00:00.000Z,2015-04-27T00:00:00.000Z,false,eDwuJ6JBxC5YEBRAi
AMOS MAPHANGA SECONDARY,ra2zX3jjBPguj6bc3,Tshepo3,2015-04-10T00:00:00.000Z,2015-04-11T00:00:00.000Z,false,PE8JfrpWJJssfiaXM
MOGOGODI PRIMARY SCHOOL,rgipwMLK9skQK2EuA,Joseph1,2015-04-25T00:00:00.000Z,2015-04-26T00:00:00.000Z,false,W2dNTH3v95vkD26c3
ZITHATHELE PRIMARY SCHOOL,sXauHMaoiXsoSamWK,Joseph verified,2015-04-26T00:00:00.000Z,2015-04-27T00:00:00.000Z,false,5Cg9DLfWgmYJt9c9C
ZAMANI PRIMARY SCHOOL,sfN5HAvKti5hRvPxZ,Sympathy Varified,2015-04-26T00:00:00.000Z,2015-04-27T00:00:00.000Z,false,fFQ2beYFprTjRdcKG
KOKOSI PRIMARY SCHOOL,sfgS3CrJFoTBvFQ72,Symps,2015-04-25T00:00:00.000Z,2015-04-26T00:00:00.000Z,false,ZxPRDSKN5webdJeMr
KING DAVID HIGH SCHOOL (VICTORY PARK),siZhhkH29MMEnswvu,Version 2,2015-04-07T00:00:00.000Z,2015-04-12T00:00:00.000Z,false,4RdAodhbn5cykY9bf
INKATHA KA ZULU PRIMARY SCHOOL,srdTLx3pxML3nwKPr,Tshepo1,2015-04-07T00:00:00.000Z,2015-04-08T00:00:00.000Z,false,Cfwoys8TWgMPWSjTW
TSHIRELETSO PRIMARY SCHOOL,syBSsyuaG3J2rk8ky,Joseph1,2015-04-25T00:00:00.000Z,2015-04-26T00:00:00.000Z,false,nxtbufhDB5w8FKhfn
QEDUSIZI PRIMARY SCHOOL,tC7ee9TXmJ8oDEcRe,Pontsho8,2015-04-08T00:00:00.000Z,2015-04-08T00:00:00.000Z,false,5prheirjAwbuLafca
KING DAVID HIGH SCHOOL (VICTORY PARK),tCtKh6DnzT7ZXMeHw,Version 1,2015-03-31T00:00:00.000Z,2015-04-02T00:00:00.000Z,false,4RdAodhbn5cykY9bf
PHANDIMFUNDO SECONDARY SCHOOL,tDKj5hfjzok3tbGs9,SABELO VERIFIED,2015-04-26T00:00:00.000Z,2015-04-27T00:00:00.000Z,false,QeinGxEF8GwFQvDvR
TOTOMENG PRIMARY SCHOOL,tMjiiRvEEAsNmSJGx,Joseph verified,2015-04-25T00:00:00.000Z,2015-04-26T00:00:00.000Z,false,MJ7eLcP3Knb7rM5ay
CARTER PRIMARY SCHOOL,tdRzrm36MQJ2raFea,Joseph verified,2015-04-26T00:00:00.000Z,2015-04-27T00:00:00.000Z,false,KjBZWW5QuieebNEWn
ITHUTE PRIMARY SCHOOL,tkbM3Jp4KjPx4H5qC,Sympathy Varified,2015-04-26T00:00:00.000Z,2015-04-27T00:00:00.000Z,false,WgbderTpsZqAGyWQG
IPHUTHENG PRIMARY SCHOOL,tqMTBWRbAuYsAqATz,Sympathy varified,2015-04-26T00:00:00.000Z,2015-04-27T00:00:00.000Z,false,HMDP7QPixBHanbGzA
DR WF NKOMO SECONDARY SCHOOL,u2mAvGSYipuFCETW2,Sympathy Varified,2015-04-26T00:00:00.000Z,2015-04-27T00:00:00.000Z,false,oWbeFZNmb5sYLH9ua
SECHABA PRIMARY SCHOOL,ufaeHuMMa97ge5aCK,KHOLWANI14,2015-04-10T00:00:00.000Z,2015-04-11T00:00:00.000Z,false,9QdZCixvMkkYuEni3
TLAKULA SECONDARY SCHOOL,uiiC6LpdXHBickDqX,Sympathy Varified,2015-04-26T00:00:00.000Z,2015-04-27T00:00:00.000Z,false,A9hamtpiXA3HvTcRd
DUMEHLEZI INTERMEDIATE SCHOOL,uvAsG8PGNZNED5pxz,Joseph verified,2015-04-26T00:00:00.000Z,2015-04-27T00:00:00.000Z,false,mzvEj75w7giNPw42h
HLANGABEZA PRIMARY SCHOOL,uyB7xpWYkTuuhsLzS,Symps,2015-04-25T00:00:00.000Z,2015-04-26T00:00:00.000Z,false,kYCce5RHTuifpGEjD
MOSHOESHOE PRIMARY SCHOOL,vPSPXjGpC6ABc9Szc,Joseph verified,2015-04-26T00:00:00.000Z,2015-04-27T00:00:00.000Z,false,vaowCxxLXhwWz2Pho
MASISEBENZE COMPREHENSIVE SCHOOL,vQsgY2cMuHRHHxN5X,Zanele V1,2015-04-10T00:00:00.000Z,2015-04-11T00:00:00.000Z,false,tzX8JpuRB7btgHLFJ
ISIZIBA PRIMARY SCHOOL,vZkChYaMACHarXWxC,V1,2015-04-10T00:00:00.000Z,2015-04-11T00:00:00.000Z,false,bELHecSip3AKdyrkn
WINNIE MANDELA SECONDARY SCHOOL,wDCWL3rxm6NDcHY37,SABELO VERIFIED,2015-04-26T00:00:00.000Z,2015-04-27T00:00:00.000Z,false,SfguRdqMXPhGK5HsN
MASHEMONG PRIMARY SCHOOL,wfdMKsnKg56v7y6uJ,Joseph verified,2015-04-26T00:00:00.000Z,2015-04-27T00:00:00.000Z,false,4iDQuLTfWizgi77wM
IPONTSHE PRIMARY SCHOOL,x39JZC9Q749pXeEbY,V1,2015-03-17T00:00:00.000Z,,false,wXEutByfDcCbHu5Qd
OR TAMBO PRIMARY SCHOOL,xp2bxhMm4Yoeu9jho,Sympathy verified,2015-04-26T00:00:00.000Z,2015-04-27T00:00:00.000Z,false,ARd8kqPAKk8cggX8q
BONA COMPREHENSIVE SCHOOL,xsLXqpcynPeYTwiXE,SABELO VERIFIED,2015-04-25T00:00:00.000Z,2015-04-26T00:00:00.000Z,false,fytoqzYYGd99GNWKT
PHOMOLONG SECONDARY SCHOOL,xuTGawqPYaYusxnm8,V1,2015-03-13T00:00:00.000Z,,false,9R2gy3wRvgn2YPY8n
TLHOKOMELO PRIMARY SCHOOL,y3Rzmw2pDYqioZ8WC,Joseph1,2015-04-25T00:00:00.000Z,2015-04-26T00:00:00.000Z,false,miijuHXTgknAEpauD
PHELINDABA SECONDARY SCHOOL,yAYPTyMxnk5pj2zT9,Sabelo verified,2015-04-25T00:00:00.000Z,2015-04-26T00:00:00.000Z,false,FDBLyYsKbbGzy2m99
KENNETH MASEKELA SECONDARY SCHOOL,yuLFP8PQcXB6aAAm6,Pontsho7,2015-04-08T00:00:00.000Z,2015-04-08T00:00:00.000Z,false,wZZXQGomrEjj5a2uY
REAMOHETSOE PRIMARY SCHOOL,zpLEh72kC58ryRpxt,Sabelo verified,2015-04-25T00:00:00.000Z,2015-04-26T00:00:00.000Z,false,pm6BHERh3juv98LzD
