Statistics for Gauteng Province,Number,Total observed,Percentage
Schools that comply with N&S for sports fields[1],113,211,53.55
Schools with access to an athletics field,59,211,27.96
Schools with access to a netball court,132,211,62.56
Schools with access to a basketball court,36,211,17.06
Schools with access to a hockey field,3,211,1.42
Schools with access to a tennis court,27,211,12.80
Schools with access to a cricket pitch,25,211,11.85
Schools with access to a soccer field,109,211,51.66
Schools with access to a rugby field,15,211,7.11
Schools with access to a swimming pool,6,211,2.84
Schools with access to another sports field (unspecified),16,211,7.58
