school_name,survey_name,isverified,_id,buildingmaterials_anypart,buildingmaterials_entireschool,comment,version_id
SEEISO PRIMARY SCHOOL,Joseph verified,true,Aw5ecfQctekRvsmRX,"[ ""No"" ]","[ ""No"" ]",,LZ7sJWsXTML9asLdD
LEFIKA PRIMARY SCHOOL,V1,true,voB75fuT5W9Pv6WXj,"[ ""No"" ]","[ ""No"" ]",,GaE7jrBwPxNR4AK72
LOTUS GARDENS PRIMARY SCHOOL,Joseph verified,true,tT2DmWSAFoCL7fGrh,"[ ""No"" ]","[ ""No"" ]",,hJppCjP9YgzQPhsxp
MELODI PRIMARY SCHOOL,V2 - Daniel Kartun,true,777GoTwDDgRtD6F9L,"[ ""Asbestos"" ]","[ ""No"" ]",,6nyrh8pzbNxMHyu4J
FADIMEHA PRIMARY SCHOOL,Joseph verified,true,KeXA4mKNRRBCTEZrq,"[ ""No"" ]","[ ""No"" ]",,ZMuo7tqss7QrYPuwZ
DR HARRY GWALA SECONDARY SCHOOL,Tshepo3,false,b7DqFs65zfSP6rijS,"[ ""No"" ]","[ ""No"" ]",,SNuf4DBJszmQrAzS4
ZITHEMBENI PRIMARY SCHOOL,kholwani21,true,jDfp6tPMh7rFfjbQh,"[ ""No"" ]","[ ""No"" ]",,2rqTjwusZ8tc8nbYt
MQINISWA PRIMARY SCHOOL,Joseph verified,true,QcSaafwgLAnb4rt78,"[ ""No"" ]","[ ""No"" ]",,6XmRH2cDbjXJd8Zri
INKONJANE JUNIOR SECONDARY SCHOOL,V2 Yossi Bank,true,9zRrhPPpbNt9hjHeA,"[ ""No"" ]","[ ""No"" ]",,Zyuc4wPBmxQPcNyjF
LEFA-IFA SECONDARY SCHOOL,KHOLWANE13,true,92iiEMChiYP7LhFqS,"[ ""No"" ]","[ ""No"" ]",,5QzLWMPF8grmhh3G5
KING DAVID HIGH SCHOOL (VICTORY PARK),Version 2,false,HLL65eRzSsPAKaE3v,,,,siZhhkH29MMEnswvu
MASHEMONG PRIMARY SCHOOL,Joseph verified,true,SGZEJJuqvgqe5vRdH,"[ ""No"" ]",,,wfdMKsnKg56v7y6uJ
ZITHATHELE PRIMARY SCHOOL,Joseph verified,true,tN7AaJYWE5SzXY96m,,,,sXauHMaoiXsoSamWK
REKGUTLILE PRIMARY SCHOOL,SABELO VERIFEID,true,bDS5vn8buv7yNbtQA,"[ ""No"" ]","[ ""No"" ]",,9NYELJLrE2z96eKGu
QEDUSIZI PRIMARY SCHOOL,Pontsho8,true,wwaK6wt8ZkPWHCzbp,"[ ""No"" ]","{ ""0"" : ""No"" }",,tC7ee9TXmJ8oDEcRe
FUNUKUKHANYA PRIMARY SCHOOL,KHOLWANI3,true,YXXayizFcNA5wdr4k,"[ ""No"", ""Mud"" ]","{ ""0"" : ""No"" }",,55foHoJLBDfwGwTWD
VULAMAZIBUKO PRIMARY SCHOOL,V2 Yossi Bank,true,xKgxnf6wCSe66PySK,"[ ""No"" ]","[ ""No"" ]",,4F5Qwq5cmL34WsvHP
MABOELLENG PRIMARY SCHOOL,Joseph,true,Q84tecsTRsXJbGzn9,"[ ""No"" ]","[ ""No"" ]",,3XdLNoiuCRA5T5Dfc
GEORGE MBILASE PRIMARY SCHOOL,Joseph,true,JRATDxkhMhMPw2ANH,"[ ""No"" ]","[ ""No"" ]",,bMEYkfLEMjEHiTFux
MANGWELE PRIMARY SCHOOL,SABELO VERIFIED,true,uXsDkr29486jgnEHR,"[ ""No"" ]","[ ""No"" ]",,HZFjNDTejF5ga78Sx
ZITIKENI SECONDARY SCHOOL,SABELO VERIFIED,false,gG8DkC569LrrkbKuB,"[ ""No"" ]","[ ""No"" ]",,A7HS55Lmpv7eWduhv
TSAKANE PRIMARY SCHOOL,Sympathy Varified,true,CNGEYmbxFaREY26vk,"[ ""No"" ]","[ ""No"" ]",,MYuCFef7Fjt8yRX8d
LEBONE PRIMARY SCHOOL,KHOLWANI7,true,ZyhBCas7cHuxAL7pn,"[ ""No"" ]","[ ""No"" ]",,drsWF9n9G7CxbrANB
PHAMEHLO PRIMARY SCHOOL,Symps,true,W9HgWA6rimEvu7wE2,"[ ""No"" ]","[ ""No"" ]",,eg2P5ZFGTcwctmdcA
ORLANDO SECONDARY SCHOOL,SABELO VERIFIED,true,6XmMnSGuZbgeJqhpf,"[ ""No"" ]","[ ""No"" ]",,XKxt23fR8Fujkyiim
DITAWANA PRIMARY SCHOOL,pontsho 21,true,tisWJywAZcD6QqDzX,"[ ""No"" ]","[ ""No"" ]",,LBujyFwCgPkGzWSZy
SECHABA PRIMARY SCHOOL,KHOLWANI14,true,k2AN4gxbxWQZNnEPE,"[ ""No"" ]","[ ""No"" ]",There is an open space which is not safe for children to play around,ufaeHuMMa97ge5aCK
LEJOELEPUTSOA PRIMARY SCHOOL,Freddy4,false,Bp6w6WfkniBYuEfKb,"[ ""No"" ]","{ ""0"" : ""No"" }",,EtsNuLzuvqcqdM943
TEMBISA WEST SECONDARY SCHOOL,Freddy10,true,pKx438FQoqSXvBj82,,,,4avNjjRgrzrEpwKMN
DR NHLAPO INTERMEDIATE SCHOOL,Joseph verified,true,CiPhwJeMjXqNRXCPT,"[ ""No"" ]","[ ""No"" ]",,Hjqy94n4PwNqwN5uA
O.R TAMBO PRIMARY SCHOOL,Zanele V1,true,jMuHgTpqHCfBekxcG,"[ ""No"" ]","{ ""0"" : ""No"" }",,Gfj3WRS3Y8w4dmyph
ZENZELENI PRIMARY SCHOOL,Sympathy Varification,false,WZ7MeQqAYQXizYpq5,"[ ""No"" ]","{ ""0"" : ""No"" }",,hTroeBPPurCSNxDGe
EKUKHANYISWENI PRIMARY SCHOOL,SABELO VERIFIED,true,bGcshuQxxx6RQGJMu,"[ ""No"" ]","[ ""No"" ]",,EbrJ8dHAyrQTpSaNj
TLAKULA SECONDARY SCHOOL,Sympathy Varified,true,75D4JuaEuCrGifJQE,"[ ""No"" ]","[ ""No"" ]",,uiiC6LpdXHBickDqX
OR TAMBO PRIMARY SCHOOL,Sympathy verified,false,8qPtDkmXywdWwwwYR,"[ ""No"" ]","[ ""No"" ]",,xp2bxhMm4Yoeu9jho
PHUTHULLA PRIMARY SCHOOL,Joseph verified,true,AapQbRpajrDi5DDfv,"[ ""Asbestos"" ]",,,pRKnFJGLubdAiTZEy
SEOTLOANA PRIMARY SCHOOL,Zanele V1,true,pGekoZRCoG67Caq9S,"[ ""No"" ]","[ ""No"" ]",,Qmhp6bLYHrRTc42wc
EMMANGWENI PRIMARY SCHOOL,Zanele v1,true,mSuDzsgnef8SkTFxB,"[ ""No"" ]",,,SeRiR2xnt35DWtRzX
SAULRIDGE SECONDARY SCHOOL,Sabelo verified,true,Ce873M4PYsv9GpAAR,,,,ZgR4zqFothSycL9hz
TSIMONG PRIMARY SCHOOL,KHOLWANI19,true,Ng7QDWSMqMFSWdkRY,"[ ""No"" ]","[ ""No"" ]",,jR3LMPDnnHi7xvLcp
REALO  SECONDARY SCHOOL,SABELO VERIFIED,true,jRem9PAvFKWw4CCyx,"[ ""No"" ]","[ ""No"" ]",,6iixm3MYropadAMjX
SEDIBENG PRIMARY SCHOOL,Zanele V1,true,BtSTwaGP8rPrWsye2,"[ ""No"" ]","[ ""No"" ]",,8pdqiKPuW9emmvdMA
INKATHA KA ZULU PRIMARY SCHOOL,Tshepo1,true,bd6nwskxEiKipkT3t,"[ ""No"" ]","{ ""0"" : ""No"" }",,srdTLx3pxML3nwKPr
N'WA MHINGA PRIMARY SCHOOL,V2-Jaydin krok,false,Ex7EbYnSeB252FSdP,"[ ""No"" ]","[ ""No"" ]",,S47bpHzXts94zC2ke
JABULANI THABANG PRIMARY SCHOOL,Sabelo1,true,WQCGaCpgtxdzFvKip,"[ ""No"" ]","[ ""No"" ]",,MtKWmrDmPtx6hTjXm
ZAKHENI PRIMARY SCHOOL,Sympathy varified,true,nNWixoMmpnh7sFfMb,"[ ""No"" ]","[ ""No"" ]",,HKHTs5NYM9YcNKmA3
HOFMEYR SECONDARY SCHOOL,Joseph verified,true,ELJhjWvZBaNxSXdhf,"[ ""No"" ]","[ ""No"" ]",,Z9wz3QcLwmRfGuaeT
DITAWANE,Joseph verified,true,TeF4kERrdGb8vXYzN,"[ ""No"" ]","[ ""No"" ]",,ZQpQXXcpAjvZC2ony
PHELINDABA SECONDARY SCHOOL,Sabelo verified,true,YoZ3zP9ozkpbkv3dQ,"[ ""No"" ]","[ ""No"" ]",,yAYPTyMxnk5pj2zT9
LERESCHE PRIMARY SCHOOL,Joseph verified,true,Fmbqj7Cs3D38rq9Av,,,,giGaTXuXxZQxCGaMd
TSOELOPELE PRIMARY SCHOOL,Joseph verified,false,NwqxQGLGuh69drK56,"[ ""No"" ]","[ ""No"" ]",,ZrghZT93L2bSWSofg
LIVHUWANI PRIMARY SCHOOL,SABELO VERIFIED,true,QLYaM7PDuw4TvTBHc,"[ ""No"" ]","[ ""No"" ]",,PySjA6yQMoXAyS2z8
NYIKO PRIMARY SCHOOL,Freddy9,true,a8gz3ABRPizq3mJqo,"[ ""No"" ]","[ ""No"" ]",,6cFA5fAxPtQzaP5bz
TOKELO SECONDARY SCHOOL,Joseph verified,true,RrmpCyx7eAP7sDckY,,,,WszeF9gAuQuHMNHLC
LEHLASEDI PRIMARY SCHOOL,Sabelo1,true,yGZ9vxjifb4LXyp5p,"[ ""No"" ]","[ ""No"" ]",,efr9txWNfPHw3AhD7
GORDON PRIMARY SCHOOL,SFISO V1,true,yCousa6CQQEAEMu7v,"[ ""No"" ]",,,qsXPNNQE3pWkdTbfb
MASIMINI PRIMARY SCHOOL,V2 Adam Dison,true,XDohmATPPidq4iSLh,"[ ""No"" ]",,,E7KSgcfSqaoDb5BEE
LEEMA-MOKOTULI PRIMARY SCHOOL,Sabelo1,true,tMTprZYRKdxxuXB3Z,"[ ""No"" ]","[ ""No"" ]",,2smWdy5ZETPXoRrYG
SIBONELO PRIMARY SCHOOL,Sympathy verified,true,kDkakFCdJXkTvcxmp,"[ ""No"" ]","[ ""No"" ]",,GQPE7rurt9bb7DM5a
IPHUTHENG PRIMARY SCHOOL,Sympathy varified,true,H9MvQvMquaJ7g26Z5,"[ ""No"" ]","{ ""0"" : ""No"" }",,tqMTBWRbAuYsAqATz
LETSEMA-ILIMA PRIMARY SCHOOL,Symps,true,CfX7N2k8b7PNNAnjn,"[ ""No"" ]","[ ""No"" ]",,ZNXsgBEk2evJkTYso
BOKAMOSO SECONDARY SCHOOL,Zanele V1,true,GYDCdHKQBhkRoSdYc,"[ ""No"" ]","[ ""No"" ]",,H2wSN9EFbKzeSGjCh
KGOLAGANO PRIMARY SCHOOL,Joseph verified,true,AsuqL9DgF3R3jseeT,"[ ""No"" ]","[ ""No"" ]",,o6KRqZ8m5YyPCmxEu
Tsimona Primary School,Tsimona Primary School,false,J7akRX5AWEY8frpNZ,"[ ""No"" ]","[ ""No"" ]",,LJC3JBYxgkbi8GzAP
STEVE BIKO PRIMARY SCHOOL,SABELO VERIFIED,false,itsaus4F8MjXbzX8A,"[ ""No"" ]","[ ""No"" ]",,g6orxjw6EmCqYup83
STRETFORD EXT 8 PRIMARY SCHOOL,Sfiso v1,true,qtzm5dH9shTLvETHD,"[ ""No"" ]","[ ""No"" ]",,4zo5MNwbBvTPykbFg
WINNIE MANDELA PRIMARY SCHOOL,SABELO VERIFIED,true,KCYDDnqS2AfsDTBx8,"[ ""No"" ]","[ ""No"" ]",,qqTGPEnmDQRrarBSw
ZIMISELE SECONDARY SCHOOL,Pontsho3,true,BAQDTuQxE36YcDTEC,"[ ""No"" ]","{ ""0"" : ""No"" }",,bEf9GjYAyqAqY3bhw
CARTER PRIMARY SCHOOL,Joseph verified,true,5GWHAAnvqeKWyMvPv,"[ ""No"" ]",,,tdRzrm36MQJ2raFea
MAHLAHLE PRIMARY SCHOOL,SABELO VERIFIED,true,THCWhAA5p4gCKZtez,"[ ""No"" ]","[ ""No"" ]",,YLYWLt3BFmbGuRHBQ
QUANTUM SECONDARY SCHOOL,Tshepo2,true,NwyidZsgy6brN2j9u,,,,cQQF5juB8JG3jNbNs
THOHO-YA-NDOU PRIMARY SCHOOL,Joseph verified,true,qYXK5ggesvFCoCCEB,"[ ""No"" ]","[ ""No"" ]",,q7vvj7t7uptnim45G
SIPHIWE PRIMARY SCHOOL,Zanele V1,true,ForaTk5oEEGqFFvBv,"[ ""No"" ]","{ ""0"" : ""No"" }",,8EkWbb3qMosGvaWyT
NTSIKANA PRIMARY SCHOOL,Sympathy Varified,true,bcsaB4k9DbE2ri3Zq,"[ ""No"" ]","{ ""0"" : ""No"" }",,95AYoAp6AiYz3KZ2t
TOTOMENG PRIMARY SCHOOL,Joseph verified,true,AysJ4GEPfWCpBy5JS,"[ ""No"" ]","[ ""No"" ]",,tMjiiRvEEAsNmSJGx
PUDUMO PRIMARY SCHOOL,SABELO 1,true,zgmz9ykQjhqH7impm,"[ ""No"" ]","[ ""No"" ]",,fXPmfwBo9N6rx7mLh
PHORORONG PRIMARY SCHOOL,Joseph,true,cbQZBYu8A35xDNequ,"[ ""No"" ]","[ ""No"" ]",,qs4DrHmATWN59Tptg
THEMBALIHLE PRIMARY SCHOOL,SABELO1,true,CoSi32EjvJ4Spm4S7,"[ ""No"" ]","[ ""No"" ]",,AHHiQixZscHdnSQpM
VEZUKHONO SECONDARY SCHOOL,Joseph,true,DESEWQxvYcWPWi8N2,,,,8FucY8f4FTzL2XmhY
AMOS MAPHANGA SECONDARY,V2 Yossi Bank,true,9MGAMgfCswYBN7mZh,"[ ""Asbestos"" ]","[ ""Asbestos"" ]",,ra2zX3jjBPguj6bc3
TEMBISA SECONDARY SCHOOL,V1,true,EfQKYuR4t7AdkXwQE,,,,LTccQvtsRbQdnvd4x
DIEPDALE SECONDARY SCHOOL,V2-Jaydin krok,true,j2ni9tEGFdp8TgESs,"[ ""No"" ]","[ ""No"" ]",,EyHGQ2ctZRGcPQ4Lc
NTOKOZWENI PRIMARY SCHOOL,Pontsho12,true,YhEChT7BBNvbrGqEz,"[ ""No"" ]","[ ""No"" ]",,EtHDHYs97BCxasggi
PHANDIMFUNDO SECONDARY SCHOOL,SABELO VERIFIED,true,5azveik5BnJDrY4jS,"[ ""No"" ]","[ ""No"" ]",,tDKj5hfjzok3tbGs9
AB XUMA PRIMARY SCHOOL,V2-jaydin krok,true,Q3o9MFiTcKKRZes6W,"[ ""No"" ]","[ ""No"" ]",,r8FrZJWZGiB9zPmmc
TSIETSI MASHININI PRIMARY SCHOOL,Sympathy varified,true,KyDeLYniWr5pXF7Qf,"[ ""No"" ]","[ ""No"" ]",,n9gEojJ6K5eKYJ4c2
ZIFUNELENI JUNIOR SECONDARY  (COMB. PRIMARY) SCHOOL,SABELO VERIFIED,true,rpZ6crBktCq7CRhBZ,"[ ""No"" ]","[ ""No"" ]",,HE7QyZrdjZD4TwigW
VUYO PRIMARY SCHOOL,Joseph,false,CiLRv2kqddpc7zp2e,"[ ""No"" ]",,,esLPjFoMCrf7aGwqS
MENZI PRIMARY SCHOOL,Sympathy varified,true,NbfDQXoK2sJwovdY8,"[ ""No"" ]","[ ""No"" ]",,eqJ28tbWRDYX6YPkp
SAPPHIRE SECONDARY SCHOOL,Joseph verified,true,RAcA8sYvDiiCeP2dy,"[ ""No"" ]","[ ""No"" ]",,mu6wNPMzZ754NLLnE
LUKHOLWENI PRIMARY SCHOOL,Joseph verified,true,54FaF9LtedQZMgnzd,"[ ""No"" ]","[ ""No"" ]",,gpABZNKAeZxGARLNE
LEBOHANG SECONDARY SCHOOL,Sabelo1,true,Q5qNHtWNm5dcqm7Nj,"[ ""No"" ]","[ ""No"" ]",,KrNZ7H2XmHuPpHRrN
EAST BANK HIGH SCHOOL,Sympathy varified,true,vYwFjqGWLvBtN7sRr,"[ ""No"" ]","[ ""No"" ]",,LD7hazozFmAuLNBgP
THUTO LORE SECONDARY SCHOOL,Tamir Shklaz,true,3ZyyGDMWNvCKRtJCy,"[ ""No"" ]","[ ""No"" ]",,A82Sqxg6dWo9BjRw7
KUZIMISELA PRIMARY SCHOOL,Tshepo,true,sQZeLdkadMaRsKur3,"[ ""No"" ]","[ ""No"" ]",,HushLZncKDsTyJhfN
DITAU PRIMARY SCHOOL,Sympathy varified,true,eapAQ4gxNaZTJLc9J,"[ ""Asbestos"" ]","[ ""Asbestos"" ]",,SDQzcRxtroyWa7uGB
INXIWENI PRIMARY SCHOOL,Freddy8,true,GewxnK6HobcE5voXh,"[ ""No"" ]","{ ""0"" : ""No"" }",,g2zngXhSLP6Xe7qtg
MOGOGODI PRIMARY SCHOOL,Joseph1,true,5wXRFBmWfJuiPoEwP,"[ ""No"" ]","[ ""No"" ]",,rgipwMLK9skQK2EuA
PHUTHUMANI PRIMARY SCHOOL,Sympathy Varified,true,JSkGmKJTnkMtMs2Xt,"[ ""Asbestos"" ]",,,6ZNqRnThWfJTjmtzh
MICHAEL ZULU PRIMARY SCHOOL,Sympathy varified,true,dsAwSSjrjQFSWq3tE,"[ ""No"" ]","[ ""No"" ]",,3tbjfT8zZ2fPGfiwc
ITHUTE PRIMARY SCHOOL,Sympathy Varified,true,e3txeXFKZqMDJzqLb,"[ ""No"" ]","[ ""No"" ]",,tkbM3Jp4KjPx4H5qC
ITSEBENG PRIMARY SCHOOL,SABELO1,true,SM9fKZqjm7BfgeaW9,"[ ""No"" ]","[ ""No"" ]",,bAExKd8RN5BhHzb3z
LABAN MOTLHABI COMPREHENSIVE SCHOOL,Pontsho6,true,H97dyBnJpXdneTTzg,"[ ""No"" ]","{ ""0"" : ""No"" }",,922NEXkq8CZy6PH7L
GOVAN MBEKI PRIMARY SCHOOL,Sabelo verified,true,dee2c7LDyxNtNCD5M,"[ ""No"" ]","[ ""No"" ]",,dBu8rGN6ZLKj4rb4e
MOYISELA PRIMARY SCHOOL,Sabelo verified,false,udFHfwYB5uQLL4gww,"[ ""No"" ]","[ ""No"" ]",,XTL9gvLr9S2MmMsjJ
BHEKIMFUNDO PRIMARY SCHOOL,Joseph verified,true,gEtEuXufCmGcvzzD4,"[ ""No"" ]",,,JpDqQfLuuC9qJrici
NTSELE PRIMARY SCHOOL,Sabelo1,true,Boj4PKkRPNhfEneGS,"[ ""No"" ]","[ ""No"" ]",,aQ4BMeoFWmo4HrHqF
SAKHELWE PRIMARY SCHOOL,Pontsho 10,true,a4zu3vQfNhmWHocAx,"[ ""No"" ]","[ ""No"" ]",,7jdhLaYzWcCtFduQg
THUTOLORE SECONDARY SCHOOL,Joseph verified,true,tXwF7cuJekBM84TsQ,"[ ""No"" ]","[ ""No"" ]",,BwK89vufnm6iCSJhQ
SELIBA PRIMARY SCHOOL,Joseph verified,true,LbKK5Y29c2k4Jj3Mh,"[ ""No"" ]","[ ""No"" ]",,RHG8484wnsaqifrig
KGALEMA PRIMARY SCHOOL,V2-Jaydin krok,true,yLvP2oeJ9usriz25H,"[ ""No"" ]","[ ""No"" ]",,MYybcL4ntNLDfPjZt
UMSOBOMVU PRIMARY SCHOOL,KHOLWANI11,false,ayEm37k2EsTYCEXxd,"[ ""No"" ]","[ ""No"" ]",,2Qm9dY2unum62oDu7
KGOMOCO PRIMARY SCHOOL,Joseph verified,true,wj4j6xkuqeoJHtQ3b,"[ ""No"" ]","[ ""No"" ]",,METTMMRQRhoWxKdRt
KOKOSI PRIMARY SCHOOL,Symps,true,wxxjtDg9ASsrRR8Da,,,,sfgS3CrJFoTBvFQ72
REAKGONA PRIMARY SCHOOL,Tamir Shklaz\,true,M4Ego7bzB2ZHzisfN,"[ ""No"" ]","[ ""No"" ]",,WdTssNZoaRHCT3LMG
NKABINDE PRIMARY SCHOOL,V2 Yossi Bank,true,YgkmwtBRBiS7KZa8q,"[ ""No"" ]","[ ""No"" ]",,LrmX8FAuJMKckWE6c
JOB MASEKO PRIMARY SCHOOL,KHOLWANI12,true,QsSYm7evSCduZhHFy,"[ ""No"" ]","[ ""No"" ]",,7Lt26udxHfpKtyAwY
ISIZIBA PRIMARY SCHOOL,V1,true,MZgAiGF7JufFvR6zZ,"[ ""No"" ]","[ ""No"" ]",,vZkChYaMACHarXWxC
BUHLEBEMFUNDO SECONDARY SCHOOL,Joseph verified,true,YzjZA42nPQteRF9m8,"[ ""No"" ]","[ ""No"" ]",,Ch6HJ6DZmFCYxKkww
NKUMBULO SECONDARY SCHOOL,Pontsho4,true,ELouM8MmHNxd4FHYd,,"{ ""0"" : ""No"" }",,2G6DH4Aiu8dpRQyrD
LETSATSING COMBINED SCHOOL,SABELO 1,true,tPf6qLm7CkE28HPYM,"[ ""Asbestos"" ]","[ ""No"" ]",,hBG3H9epZYnScCbtp
TLHOLO INTERMEDIATE SCHOOL,Joseph1,true,SJkaHHLdfeH5iXkDN,"[ ""No"" ]","[ ""No"" ]",,bPfY5thaXn4EAdkXw
ENDULWENI PRIMARY SCHOOL,Joseph verified,true,avJ5wynn8Efezrtka,"[ ""No"" ]","[ ""No"" ]",,ocFaNqXzeBvD5hiAZ
ORANGE FARM PRIMARY SCHOOL,V1,true,f7ffqoCwdYR8CXsMJ,"[ ""No"" ]","[ ""No"" ]",,kY8pdvG9t8eN5CY4h
ISEKELO PRIMARY SCHOOL,Joseph verified,true,BX4PNWrzaCyBQo8yc,"[ ""No"" ]","[ ""No"" ]",,rRCnvnKF3KB68xQfw
BUD MBELLE PRIMARY SCHOOL,SABELO VERIFIED,true,CgmgCyxBMQWo3SkTD,"[ ""No"" ]","[ ""No"" ]",,bf5Ltec4dXsz7pEX9
NCHABELENG PRIMARY SCHOOL,KHOLWANI9,true,DPKYSYfc2uBoehue7,"[ ""No"" ]","[ ""No"" ]",,5iHufHeS6B2XBsHTB
ZAMANI PRIMARY SCHOOL,Sympathy Varified,true,iBRBC74zyfwp6SmBr,"[ ""No"" ]","[ ""No"" ]",,sfN5HAvKti5hRvPxZ
MODUOPO PRIMARY SCHOOL,Zanele V1,true,Y4pEYE5RQSBNkrXBg,"[ ""No"" ]","{ ""0"" : ""No"" }",,Q2SemXMcpEX5NfYsD
MOKGOME SECONDARY SCHOOL,Joseph verified,true,WxeGDqwFkmLzRzYXQ,,,,QBmBALzw89kwmHz2B
BONA COMPREHENSIVE SCHOOL,SABELO VERIFIED,true,QogrBRTPnHsuNeqok,"[ ""No"" ]","[ ""No"" ]",,xsLXqpcynPeYTwiXE
ESIKHISINI PRIMARY SCHOOL,Joseph verified,true,BusJSq5dL7ub8DGgw,"[ ""No"" ]","[ ""No"" ]",,CoWKa7AHpYehwgjN4
DAVID HELLEN PETA SECONDARY SCHOOL,Joseph verified,false,HZv7898Za9vuKBnw5,"[ ""No"" ]","[ ""No"" ]",,BpGigPup4eyijh28x
GOROGANG PRIMARY SCHOOL,Pontsho5,true,NpYRxWwBSZtFqeJnm,"[ ""No"" ]","{ ""0"" : ""No"" }",,fkuEy7WKs5HL2NM6z
SELOPE-THEMA PRIMARY SCHOOL,SABELO VERIFIED,true,fb5a2nu4dm3meRoxH,"[ ""No"" ]","[ ""No"" ]",,Kqq9XsRqsRQM6PjGn
GAHLANSO PRIMARY SCHOOL,Zanele V1,true,jRGtNZHrAq3Rhnaun,"[ ""No"" ]","[ ""No"" ]",,WeXHdZMumEMFyckHq
BOPASENATLA SECONDARY SCHOOL,Joseph verified,true,CjL3pFZJeLAqEq9q4,"[ ""No"" ]","[ ""No"" ]",,cDYo2z98FGZzNHPMM
MUZOMSHA PRIMARY SCHOOL,KHOLWANI18,true,Gw8tYeJMLDrvWWwsB,"[ ""No"" ]","[ ""No"" ]",,NTo8EK8jnLkjB93Hd
MVELAPHANDA PRIMARY SCHOOL,Freddy9,true,NPfXGjqAp9YARxrjr,"[ ""No"" ]","[ ""No"" ]",,aMRD37JGNEmrz9FZ9
DINOTO TECHNICAL SECONDARY SCHOOL,Tshepo3,true,o8SyNbEJoDpHmR82j,"[ ""No"" ]","[ ""No"" ]",,pqm6NksjcwAhrDwyH
JORDAN SECONDARY SCHOOL,Sabelo1,true,k4N7KTQuEBDeAnEJP,"[ ""No"" ]","[ ""No"" ]",,ZQvS49GgfM6XNnqij
RETLILE PRIMARY SCHOOL,Jake Pencharz,true,82WiuwHKY3WNPvhXD,"[ ""No"" ]","[ ""No"" ]",,y8vNYzZpy3A9BHx6W
PHUTHADITSHABA PRIMARY SCHOOL,SABELO VERIFIED,true,jBYknCMhifeSHWxXL,"[ ""No"" ]","[ ""No"" ]",,ojqksxwnmxWXpM8n6
LESHATA SECONDARY SCHOOL,Sabelo verified,true,xDAjGgNmvfyhhCrnY,"[ ""No"" ]","[ ""No"" ]",,opzRuPL9N8RSzCNsi
HLANGABEZA PRIMARY SCHOOL,Symps,true,gtpNj8QjYDzQmGAXp,"[ ""No"" ]","[ ""No"" ]",,uyB7xpWYkTuuhsLzS
KHANGEZILE PRIMARY SCHOOL,Pontsho9,true,uA3eHvMMWwXuSvDJv,"[ ""No"" ]","[ ""No"" ]",,KDmkojmtPfcEEQ3vv
QHAKAZANI PRIMARY SCHOOL,tshepo20,true,kzf7ShEfChcwaqGfs,"[ ""No"" ]","[ ""No"" ]",,Y2gH7TZojYSgJ6J3i
TLHOKOMELO PRIMARY SCHOOL,Joseph1,true,5DMaysFsuBFRtpgbJ,"[ ""No"" ]","[ ""No"" ]",,y3Rzmw2pDYqioZ8WC
HULWAZI SECONDARY SCHOOL,Tshepo1,true,s68ku2iC9uB7kHxzp,"[ ""Asbestos"" ]","{ ""0"" : ""No"" }",,Tnm69CSqqbdHg9obr
MAKAPANE PRIMARY SCHOOL,Joseph verified,true,5hTrrjRn5RTrkwqT8,"[ ""No"" ]","[ ""No"" ]",,X4uSNwu6z2y2MdNwA
DUMEHLEZI INTERMEDIATE SCHOOL,Joseph verified,true,wzKyy7TAdqgHFoMWz,,,,uvAsG8PGNZNED5pxz
Nxineni Primary,Nxineni Primary,false,yaLjCaPHgMw2p3c2d,"[ ""No"" ]","[ ""No"" ]",,eiaeXipXaywPNGZ7X
CHARLOTTE MAXEKE SECONDARY SCHOOL,V2 Yossi Bank,true,ddetnfocM4sfoJoHa,,,,HMfiK9msnxvBpZRTv
TSHIRELETSO PRIMARY SCHOOL,Joseph1,true,9eTaQzv8Y28miZbfa,"[ ""No"" ]","[ ""No"" ]",,syBSsyuaG3J2rk8ky
DR WF NKOMO SECONDARY SCHOOL,Sympathy Varified,true,suDYPhQdu6a7LqGcF,"[ ""No"" ]",,,u2mAvGSYipuFCETW2
KHOMANANI PRIMARY SCHOOL,SABELO VERIFIED,true,jCLpNh5MfmvympoW7,"[ ""No"" ]","[ ""No"" ]",,myEbntbNmwtRJAXXn
BOPHELONG SECONDARY SCHOOL,Joseph verified,true,GGzCqS8msrRQoPDBi,"[ ""No"" ]","[ ""No"" ]",,AQmqsTKLbbQgfAmzP
MONTSOSI PRIMARY SCHOOL,SABELO1,true,Euu727n6yT2wFiPjH,"[ ""No"" ]","[ ""No"" ]",,rCApJ97XLJY5xuoJY
IMFUNDO MIDDLE SCHOOL,Tshepo25,true,Nmbnng4i2YZuk99sC,"[ ""No"" ]","[ ""No"" ]",,pamnvbjX3nHtQtv4D
IKAGE PRIMARY SCHOOL,Sympathy varified,true,L6La3ZR4H9Ba9vRYG,"[ ""No"" ]","{ ""0"" : ""No"" }",,NY3CpQoLXKGkXkq8b
TSHIRELA PRIMARY SCHOOL,Joseph verified,true,B73AgxWqH4xq3cPw4,"[ ""No"" ]","[ ""No"" ]",,93KanXF8i8wGs4YKw
DR KNAK PRIMARY SCHOOL,"SABELO VERIFIED
pontsho 20",true,BYxyZ4ij5mfomwsWx,"[ ""No"" ]","[ ""No"" ]",,FkDMg4ekjDHWExDuv
THUTO KITSO SECONDARY SCHOOL,sabelo1,true,jCXcYKCcifEFgXy5u,"[ ""No"" ]","[ ""No"" ]",,2zRbjDBfz4zB8Tv6q
REAMOHETSOE PRIMARY SCHOOL,V2-Jaydin Krok,true,Gp5ebZ5Gpf7SXjhy7,"[ ""No"" ]","[ ""No"" ]",,zpLEh72kC58ryRpxt
THUTHUKA PRIMARY SCHOOL,SABELO VERIFIED,false,9te5FnvvwaesRxRwM,"[ ""No"" ]","[ ""No"" ]",,q7rLbRb4nxtPxfoSc
BATLOUNG INTERMEDIATE SCHOOL,Symps,true,ocAub5mdwrEAzfQto,"[ ""No"" ]","[ ""No"" ]",,FEAD8jBu7LbHezy2j
ENTSHONALANGA PRIMARY SCHOOL,SABELO VERIFIED,true,WB7gkAZ9TjG9yt7vY,"[ ""No"" ]","[ ""No"" ]",,qYqekSfSRExjXJrGM
PATOGENG PRIMARY SCHOOL,Joseph verified,true,HXbJacXYEzJvPkLvj,"[ ""No"" ]","[ ""No"" ]",,Rvf9JkpRBRozBsyiq
EMMANUEL PRIMARY SCHOOL,Joseph verified,true,3BombPGXMXtCAnJ5a,"[ ""No"" ]","[ ""No"" ]",,DwG2tAAFC8W79Ckxx
MADUME PRIMARY SCHOOL,SABELO VERIFIED,true,H55o7434nXaHRCKqz,"[ ""No"" ]","[ ""No"" ]",,r5bdwdb45e7jr6JZB
MATSIE STEYN PRIMARY SCHOOL,Joseph verified,true,DMm78XXft2DvfS3xT,"[ ""No"" ]","[ ""No"" ]",,74LtY73iZk5nAgKN4
AHA-THUTO SECONDARY SCHOOL,Sabelo verified,true,DhzmyF7LenBrp9s9a,"[ ""No"" ]","[ ""No"" ]",,5PhvChXDzSoaBymWp
TIYANI Junior secondary SCHOOL,SABELO VERIFIED,true,Q8CwSpevWbaiWrG58,"[ ""No"" ]","[ ""No"" ]",,gZKefKr3T7kQ7yZdd
UNITY SECONDARY SCHOOL,Tshepo3,true,iYH9ZcfELp7Pfn9ep,"[ ""No"" ]","[ ""No"" ]",,68f6ufafjEtTD87dK
LANGAVILLE PRIMARY SCHOOL,Sympathy varified,true,YotbCXeyDCyJwuuy5,"[ ""No"" ]","[ ""No"" ]",,3uXaw9N4tJkFZKXSt
POELANO SECONDARY SCHOOL,Joseph verified,true,hyeRTb3ZJqHDMLavM,"[ ""No"" ]","[ ""No"" ]",,S3LbwsmZGkiiekXEX
NOMINI PRIMARY SCHOOL,Sabelo verified,true,z9XjGWPgEB6NKWEud,"[ ""No"" ]","[ ""No"" ]",,Sue8DWeGKHPKAyQBi
HLABANGANE PRIMARY SCHOOL,Joseph verified,false,kNM7hjbc9GnaW3v6W,"[ ""No"" ]","[ ""No"" ]",,A9g2JXbafa9hggA23
LETSIE PRIMARY SCHOOL,KHOLWANI8,true,dT3hPoLfAHC2HHWTj,"[ ""No"" ]","[ ""No"" ]",,gPuKrSrjRHYQAhofp
THOPODI PRIMARY SCHOOL,SABELO VERIFIED,true,fGAKSdo8Tds3Qec5d,"[ ""No"" ]","[ ""No"" ]",,eaN2HpTXfZTyuJHLY
REAGILE PRIMARY SCHOOL,Freddy11,true,Cv56soWGLkFsrYGvs,"[ ""No"" ]","[ ""No"" ]",,3CZM6LyxfbGxQ676w
RESIDENSIA SECONDARY SCHOOL,Symps,true,ZvgrKQ2aGJmaRrd3M,"[ ""No"" ]","[ ""No"" ]",,Sa8QfeRArxjpbStqt
MASISEBENZE COMPREHENSIVE SCHOOL,Zanele V1,true,xn78CaBbCrxN2scmN,"[ ""No"" ]","[ ""No"" ]",,vQsgY2cMuHRHHxN5X
TSWELOPELE SECONDARY SCHOOL,Zanele V1,true,LHwmFsesW682dKacy,"[ ""No"" ]","[ ""No"" ]",,bHZpmA7SpQzx29CQk
LESEDI LA KRESTE ANGLICAN PRIMARY SCHOOL,V2-Jaydin Krok,true,8rTCPDLo3hQspbKQQ,"[ ""No"" ]","[ ""No"" ]",,BL89Y49hLjtAgtj9C
UMTHAMBEKA PRIMARY SCHOOL,Freddy12,true,DsSc5ZP2WcZm4DTcw,"[ ""No"" ]","[ ""No"" ]",,MrCRY4JkG2RtXRzjf
MOSHOESHOE PRIMARY SCHOOL,Joseph verified,true,iqoH2p5Gau9PYA2gX,"[ ""Wood"", ""Asbestos"" ]","[ ""No"" ]",,vPSPXjGpC6ABc9Szc
BOVET PRIMARY SCHOOL,Joseph verified,true,qkrgFMxt8k9MZFwXi,"[ ""No"" ]","[ ""No"" ]",,JMwctXTYdunvweNYD
KAMOHELO PUBLIC SCHOOL,Joseph,true,XyjS3LaxQFdLZiuow,"[ ""No"" ]","[ ""No"" ]",,hk4XMrnHxTastfL7s
MOSIOA PRIMARY SCHOOL,Joseph verified,true,fGkLq4rHfDxntqKwy,"[ ""No"" ]","[ ""No"" ]",,AGiLx4gigQqYMN4fT
IPONTSHE PRIMARY SCHOOL,V2 Adam Dison,true,WZanr7qnFfcgyQFsd,"[ ""No"" ]","[ ""No"" ]",,x39JZC9Q749pXeEbY
KENNETH MASEKELA SECONDARY SCHOOL,Pontsho7,true,4Y8aXSrugwJpptJYR,"[ ""No"" ]","{ ""0"" : ""No"" }",,yuLFP8PQcXB6aAAm6
EVATON PRIMARY SCHOOL,kholwani23,true,G4wHqx6H7TQ4CNzte,,,,2gqMBsR5BKHB3TEv6
BOITUMELONG SECONDARY SCHOOL,Zanele V1,true,wRQnvuDAJKZeMAaZT,"[ ""No"" ]","{ ""0"" : ""No"" }",,XYLgc3p2tmFJ6nGJb
SOZIZWE PRIMARY SCHOOL,Tshepo3,true,zJ2WsXeCYZfRx5vWR,"[ ""No"" ]","[ ""No"" ]",,6yXgt6quvcZfmQiWf
CAIPHUS NYOKA SECONDARY SCHOOL,Joseph veried,true,dJ3SbDx8kDTMsKZR5,"[ ""No"" ]","[ ""No"" ]",,dLHdmSdFbLWF2kJqy
zitha primary,sabelo1,true,BnrcdDLFs4Mwdip7s,"[ ""No"" ]","[ ""No"" ]",,k652o58moXsybbDfm
TSITSIBOGA PRIMARY SCHOOL,SABELO1,true,zhStunzoQiFDDv4PY,"[ ""No"" ]","[ ""No"" ]",,hrfAaJLuuBvdukdf9
TSWELELANG PRIMARY SCHOOL,Joseph verified,true,sXMMcYWWSv5HYroxu,"[ ""No"" ]","[ ""No"" ]",,Dddj3YJBuiuGmAQFQ
JABULILE SECONDARY SCHOOL,SABELO VERIFIED,true,h2gABWvatysuzQmKj,"[ ""No"" ]","[ ""No"" ]",,GdT4e3QnaH2fX4vAA
FRED HABEDI PRIMARY SCHOOL,Pontsho11,true,3LWyCp9v9qdhyCe4n,"[ ""No"" ]","[ ""No"" ]",,qCqx8rN4JLCHpEwF4
THEMBALIKAZULU PRIMARY SCHOOL,KHOLWANI10,true,HTc9R5d6EGPsQr9xx,"[ ""No"" ]","{ ""0"" : ""No"" }",,jSDZSbr7cMPKgibe7
BOTLEHADI PRIMARY SCHOOL,Sabelo1,true,NzKaftvvzqBXmodoL,"[ ""No"" ]","[ ""No"" ]",,FpTsqHm4D3ttwK8dY
SHADRACK MBAMBO PRIMARY SCHOOL,Sympathy Varified,true,v5zdNyqLFMT6rkBtY,"[ ""No"" ]","[ ""No"" ]",,7sAKJvmox8vK6GJBv
BATHOKWA PRIMARY SCHOOL,SABELO VERIFIED,true,qMmMFRYaj8fAtdurw,"[ ""No"" ]","[ ""No"" ]",,P4wqK6rnJQahfhFTr
