school_name,survey_name,isverified,_id,electricitycondition,electricitysource,electricitysourceotherdescription,comment,version_id
SEEISO PRIMARY SCHOOL,Joseph verified,true,PC57gqPjaTZWfPb9d,There is a regular power supply,"[ ""Grid (e.g. Eskom)"" ]",,,LZ7sJWsXTML9asLdD
LEFIKA PRIMARY SCHOOL,V1,true,Sbcm4jPaYfm8ztmkG,,"[ ""Grid (e.g. Eskom)"" ]",,,GaE7jrBwPxNR4AK72
LOTUS GARDENS PRIMARY SCHOOL,Joseph verified,true,Bsa3JycPsnnKmMRCi,There is a regular power supply,"[ ""Grid (e.g. Eskom)"" ]",,,hJppCjP9YgzQPhsxp
MELODI PRIMARY SCHOOL,V2 - Daniel Kartun,true,wqyseJ2yYGWd7dYs2,There is a regular power supply,"[ ""Grid (e.g. Eskom)"" ]",,,6nyrh8pzbNxMHyu4J
FADIMEHA PRIMARY SCHOOL,Joseph verified,true,iZtHhSMg3qXJdh9db,There is a regular power supply,"[ ""Grid (e.g. Eskom)"" ]",,,ZMuo7tqss7QrYPuwZ
DR HARRY GWALA SECONDARY SCHOOL,Tshepo3,false,aTeq5455jNA6dC82q,There is a regular power supply,"[ ""Grid (e.g. Eskom)"" ]",,,SNuf4DBJszmQrAzS4
ZITHEMBENI PRIMARY SCHOOL,kholwani21,true,PqcJpi5f2NbvCgxmk,There is a regular power supply,"[ ""Grid (e.g. Eskom)"" ]",,,2rqTjwusZ8tc8nbYt
MQINISWA PRIMARY SCHOOL,Joseph verified,true,kqARQveym3xwFrdBu,There is a regular power supply,"[ ""Grid (e.g. Eskom)"" ]",,,6XmRH2cDbjXJd8Zri
INKONJANE JUNIOR SECONDARY SCHOOL,V2 Yossi Bank,true,KPPcc9YmGB3F5MzZR,There is a regular power supply,"[ ""Grid (e.g. Eskom)"" ]",,,Zyuc4wPBmxQPcNyjF
LEFA-IFA SECONDARY SCHOOL,KHOLWANE13,true,qRSa88SpuLmPG9E4u,Sometimes there is power,"[ ""Grid (e.g. Eskom)"" ]",,,5QzLWMPF8grmhh3G5
KING DAVID HIGH SCHOOL (VICTORY PARK),Version 2,false,CsZFtKJEcHJJPDTEY,,,,,siZhhkH29MMEnswvu
MASHEMONG PRIMARY SCHOOL,Joseph verified,true,kmSjrsRs7KKgn7Wyx,There is a regular power supply,"[ ""Grid (e.g. Eskom)"" ]",,,wfdMKsnKg56v7y6uJ
ZITHATHELE PRIMARY SCHOOL,Joseph verified,true,q56NzRLoS3a84tR4t,There is a regular power supply,"[ ""Grid (e.g. Eskom)"" ]",,,sXauHMaoiXsoSamWK
REKGUTLILE PRIMARY SCHOOL,SABELO VERIFEID,true,7ECN28FAM5ENXxvnv,There is a regular power supply,"[ ""Grid (e.g. Eskom)"" ]",,,9NYELJLrE2z96eKGu
QEDUSIZI PRIMARY SCHOOL,Pontsho8,true,7R5r4LGBcGZqXkgMr,There is a regular power supply,"[ ""Grid (e.g. Eskom)"" ]",,,tC7ee9TXmJ8oDEcRe
FUNUKUKHANYA PRIMARY SCHOOL,KHOLWANI3,true,mJsTAH9JR4dXLAnsA,Sometimes there is power,"{ ""0"" : ""Grid (e.g. Eskom)"" }",,,55foHoJLBDfwGwTWD
VULAMAZIBUKO PRIMARY SCHOOL,V2 Yossi Bank,true,uZmEFYeNeNiQNWtHe,There is a regular power supply,"[ ""Grid (e.g. Eskom)"" ]",,,4F5Qwq5cmL34WsvHP
MABOELLENG PRIMARY SCHOOL,Joseph,true,eby5Fc6AkPXhiBaKf,There is a regular power supply,"[ ""Grid (e.g. Eskom)"" ]",,,3XdLNoiuCRA5T5Dfc
GEORGE MBILASE PRIMARY SCHOOL,Joseph,true,Ppa2fHJfo3w7DFgHe,There is a regular power supply,"[ ""Grid (e.g. Eskom)"" ]",,,bMEYkfLEMjEHiTFux
MANGWELE PRIMARY SCHOOL,SABELO VERIFIED,true,SnsMg6K7g6FZa4yrr,There is a regular power supply,,,,HZFjNDTejF5ga78Sx
ZITIKENI SECONDARY SCHOOL,SABELO VERIFIED,false,9PL3XrANktCS35Y9a,There is a regular power supply,"[ ""Grid (e.g. Eskom)"" ]",,,A7HS55Lmpv7eWduhv
TSAKANE PRIMARY SCHOOL,Sympathy Varified,true,i6mNeC46D6KGkKPWz,There is a regular power supply,"[ ""Grid (e.g. Eskom)"" ]",,,MYuCFef7Fjt8yRX8d
LEBONE PRIMARY SCHOOL,KHOLWANI7,true,TbHoFQDhyJKAQTTb8,There is a regular power supply,"[ ""Grid (e.g. Eskom)"" ]",,,drsWF9n9G7CxbrANB
Radibapi Primary,sabelo,true,ZmxowFCSLdJMsecFR,There is a regular power supply,"[ ""Grid (e.g. Eskom)"" ]",,,Acd6f7D8RbhpthZHN
PHAMEHLO PRIMARY SCHOOL,Symps,true,pjNDLDeDDwf6Yvpez,There is a regular power supply,"[ ""Grid (e.g. Eskom)"" ]",,,eg2P5ZFGTcwctmdcA
ORLANDO SECONDARY SCHOOL,SABELO VERIFIED,true,WCBEfJ4ZLoENSfHxq,There is a regular power supply,"[ ""Grid (e.g. Eskom)"" ]",,,XKxt23fR8Fujkyiim
DITAWANA PRIMARY SCHOOL,pontsho 21,true,Xi2yFM66e936PeR4H,There is a regular power supply,"[ ""Grid (e.g. Eskom)"" ]",,,LBujyFwCgPkGzWSZy
SECHABA PRIMARY SCHOOL,KHOLWANI14,true,GGNEWfco94uN6qSmT,There is a regular power supply,"[ ""Grid (e.g. Eskom)"" ]",,,ufaeHuMMa97ge5aCK
PHOMOLONG SECONDARY SCHOOL,V2 - Adam Dison,true,w8hGGEWKjQac5z8R3,There is a regular power supply,"[ ""Grid (e.g. Eskom)"", ""Unsure"" ]",,,xuTGawqPYaYusxnm8
LEJOELEPUTSOA PRIMARY SCHOOL,Freddy4,false,tzhcEx2bifu9zvYy9,There is a regular power supply,,,,EtsNuLzuvqcqdM943
TEMBISA WEST SECONDARY SCHOOL,Freddy10,true,sm8Gw9C2moaui3sG2,There is a regular power supply,"[ ""Grid (e.g. Eskom)"" ]",,,4avNjjRgrzrEpwKMN
DR NHLAPO INTERMEDIATE SCHOOL,Joseph verified,true,kmxc4A5S53mo9x9PT,There is a regular power supply,"[ ""Grid (e.g. Eskom)"" ]",,,Hjqy94n4PwNqwN5uA
O.R TAMBO PRIMARY SCHOOL,Zanele V1,true,nkeb2pyAwxvuQYJgP,There is a regular power supply,"{ ""0"" : ""Grid (e.g. Eskom)"" }",,,Gfj3WRS3Y8w4dmyph
ZENZELENI PRIMARY SCHOOL,Sympathy Varification,false,cZgihoqbgozZFYTj5,There is a regular power supply,"[ ""Grid (e.g. Eskom)"" ]",,,hTroeBPPurCSNxDGe
TLAKULA SECONDARY SCHOOL,Sympathy Varified,true,dKrqP3MTSN6Hzfyfg,There is a regular power supply,"[ ""Grid (e.g. Eskom)"" ]",,,uiiC6LpdXHBickDqX
TLHAKANANG PRIMARY SCHOOL,Tlhakanang Primary School,true,B2aT3quSt459v47uE,There is a regular power supply,"[ ""Grid (e.g. Eskom)"" ]",,,3acdePaA3PaTzXLaP
OR TAMBO PRIMARY SCHOOL,Sympathy verified,false,JS43Jmng7FnXpu5XF,There is a regular power supply,"[ ""Grid (e.g. Eskom)"" ]",,,xp2bxhMm4Yoeu9jho
PHUTHULLA PRIMARY SCHOOL,Joseph verified,true,seodTJGbZhLnXv6um,There is a regular power supply,,,,pRKnFJGLubdAiTZEy
SEOTLOANA PRIMARY SCHOOL,Zanele V1,true,HTvKjSeXJNCfgXFdK,There is a regular power supply,"[ ""Grid (e.g. Eskom)"" ]",,,Qmhp6bLYHrRTc42wc
EMMANGWENI PRIMARY SCHOOL,Zanele v1,true,mdQtRC3e3Gnfj2eFp,There is a regular power supply,"[ ""Grid (e.g. Eskom)"" ]",,The supply of electricity according to the principal is very good.,SeRiR2xnt35DWtRzX
SAULRIDGE SECONDARY SCHOOL,Sabelo verified,true,tvWLyyiHGtzMMTcfJ,There is a regular power supply,"[ ""Grid (e.g. Eskom)"" ]",,,ZgR4zqFothSycL9hz
TSIMONG PRIMARY SCHOOL,KHOLWANI19,true,R3DxqunkoN5vZwAW3,Sometimes there is power,"[ ""Grid (e.g. Eskom)"" ]",,,jR3LMPDnnHi7xvLcp
REALO  SECONDARY SCHOOL,SABELO VERIFIED,true,NZkwDMJT6BDGNTEuu,There is a regular power supply,"[ ""Grid (e.g. Eskom)"" ]",,,6iixm3MYropadAMjX
INKATHA KA ZULU PRIMARY SCHOOL,Tshepo1,true,v8t9QbzdwoEp6gvXH,There is a regular power supply,"{ ""0"" : ""Grid (e.g. Eskom)"" }",,,srdTLx3pxML3nwKPr
SIVUSE PRIMARY SCHOOL,SABELO1,false,JQjw4BfwvFbxBpBem,Sometimes there is power,"[ ""Grid (e.g. Eskom)"" ]",,,JeGKrkaqdgboxbxAd
N'WA MHINGA PRIMARY SCHOOL,V2-Jaydin krok,false,YTz6azLcRs5uMWWaj,There is a regular power supply,"[ ""Grid (e.g. Eskom)"" ]",,,S47bpHzXts94zC2ke
JABULANI THABANG PRIMARY SCHOOL,Sabelo1,true,M48F7a6vYzDR79rgb,There is a regular power supply,"[ ""Grid (e.g. Eskom)"" ]",,,MtKWmrDmPtx6hTjXm
ZAKHENI PRIMARY SCHOOL,Sympathy varified,true,QFdNZ92Knrq3vqPdX,There is a regular power supply,"[ ""Grid (e.g. Eskom)"" ]",,,HKHTs5NYM9YcNKmA3
HOFMEYR SECONDARY SCHOOL,Joseph verified,true,buTA6Pu4pBs4xkCg4,There is a regular power supply,"[ ""Grid (e.g. Eskom)"" ]",,,Z9wz3QcLwmRfGuaeT
DITAWANE,Joseph verified,true,8RkLKy7dTWM4ZusiW,There is a regular power supply,"[ ""Grid (e.g. Eskom)"" ]",,,ZQpQXXcpAjvZC2ony
WESTFIELDS PRIMARY SCHOOL,SABELO 1,true,eNnHvhmQtmqyPym2d,Sometimes there is power,"[ ""Grid (e.g. Eskom)"" ]",,,ghEZdTPoThhpWNWiw
PHELINDABA SECONDARY SCHOOL,Sabelo verified,true,Y5oy56FqZGauzZiQK,There is a regular power supply,"[ ""Grid (e.g. Eskom)"" ]",,,yAYPTyMxnk5pj2zT9
LERESCHE PRIMARY SCHOOL,Joseph verified,true,wv5vcm6jtFgQ2wpj9,Sometimes there is power,"[ ""Grid (e.g. Eskom)"" ]",,,giGaTXuXxZQxCGaMd
TSOELOPELE PRIMARY SCHOOL,Joseph verified,false,AYiHQnZYyr7RLDddS,There is a regular power supply,"[ ""Grid (e.g. Eskom)"" ]",,,ZrghZT93L2bSWSofg
JET NTEO SECONDARY SCHOOL,Sabelo1,true,toccLXoDMo3qw3L8Z,Unsure,"[ ""Grid (e.g. Eskom)"" ]",,,RKz4SAhiQgbHCmTpZ
LIVHUWANI PRIMARY SCHOOL,SABELO VERIFIED,true,7zszY2YndXXNMzCzx,There is a regular power supply,"[ ""Grid (e.g. Eskom)"" ]",,,PySjA6yQMoXAyS2z8
NYIKO PRIMARY SCHOOL,Freddy9,true,6mnkjJmeLFkkakiFb,There is a regular power supply,"[ ""Grid (e.g. Eskom)"" ]",,,6cFA5fAxPtQzaP5bz
TOKELO SECONDARY SCHOOL,Joseph verified,true,GtHXKKSDSrxhpFDwz,There is a regular power supply,"[ ""Grid (e.g. Eskom)"" ]",,,WszeF9gAuQuHMNHLC
LEHLASEDI PRIMARY SCHOOL,Sabelo1,true,RTbYGu8KMFqfRjKFj,There is a regular power supply,"[ ""Grid (e.g. Eskom)"" ]",,,efr9txWNfPHw3AhD7
GORDON PRIMARY SCHOOL,SFISO V1,true,ohttzTjj6unN6LLBW,There is a regular power supply,"[ ""Grid (e.g. Eskom)"" ]",,,qsXPNNQE3pWkdTbfb
MASIQHAKAZE SECONDARY SCHOOL,V1,true,kCxg3tWW4Xsm9DR5v,There is a regular power supply,"[ ""Grid (e.g. Eskom)"" ]",,,e6s5EEf389EeLo6Tz
MASIMINI PRIMARY SCHOOL,V2 Adam Dison,true,ZKGw4y9JWCKmzWMBA,There is a regular power supply,"[ ""Grid (e.g. Eskom)"" ]",,,E7KSgcfSqaoDb5BEE
LEEMA-MOKOTULI PRIMARY SCHOOL,Sabelo1,true,vJiFf27g98nwSoi7g,There is a regular power supply,"[ ""Grid (e.g. Eskom)"" ]",,,2smWdy5ZETPXoRrYG
SIBONELO PRIMARY SCHOOL,Sympathy verified,true,hCTFbdiFqkvjRxn7B,Sometimes there is power,"[ ""Grid (e.g. Eskom)"" ]",,,GQPE7rurt9bb7DM5a
IPHUTHENG PRIMARY SCHOOL,Sympathy varified,true,BrGmSQ7PT8vJRJR9e,There is a regular power supply,"[ ""Grid (e.g. Eskom)"" ]",,,tqMTBWRbAuYsAqATz
LETSEMA-ILIMA PRIMARY SCHOOL,Symps,true,Kmv6Ma329FT5xJP28,There is a regular power supply,"[ ""Grid (e.g. Eskom)"" ]",,,ZNXsgBEk2evJkTYso
BOKAMOSO SECONDARY SCHOOL,Zanele V1,true,G4xWcrhZcz7FWB6ye,,,,,H2wSN9EFbKzeSGjCh
KGOLAGANO PRIMARY SCHOOL,Joseph verified,true,Z5HQKzfAHvBF5b9mt,There is a regular power supply,"[ ""Grid (e.g. Eskom)"" ]",,,o6KRqZ8m5YyPCmxEu
Tsimona Primary School,Tsimona Primary School,false,6yfgvh2ZdACvZnJDn,Sometimes there is power,"[ ""Grid (e.g. Eskom)"" ]",,,LJC3JBYxgkbi8GzAP
STEVE BIKO PRIMARY SCHOOL,SABELO VERIFIED,false,pXHCw3jE5XNLqdfia,There is a regular power supply,"[ ""Grid (e.g. Eskom)"" ]",,,g6orxjw6EmCqYup83
STRETFORD EXT 8 PRIMARY SCHOOL,Sfiso v1,true,WqrqXeJX8e4pTFgRk,There is a regular power supply,"[ ""Grid (e.g. Eskom)"" ]",,,4zo5MNwbBvTPykbFg
MEADOWLANDS PRIMARY SCHOOL,Tamir Shklaz,true,u5pwne9Lt2xsZo5e9,There is a regular power supply,"[ ""Grid (e.g. Eskom)"" ]",,,ogTK6SAt8Ndg38xPc
WINNIE MANDELA PRIMARY SCHOOL,SABELO VERIFIED,true,wMEhtiQZEMoQ4vZed,There is a regular power supply,,,,qqTGPEnmDQRrarBSw
SELELEKELA SECONDARY SCHOOL,SABELO 1,true,AMnNgYxeYjdJQv7Cc,There is a regular power supply,"[ ""Grid (e.g. Eskom)"" ]",,,Ayck7PmsY3mNr3gZQ
ZIMISELE SECONDARY SCHOOL,Pontsho3,true,Wnc7RH2h6RRgXJ7dJ,Sometimes there is power,"{ ""0"" : ""Grid (e.g. Eskom)"" }",,,bEf9GjYAyqAqY3bhw
CARTER PRIMARY SCHOOL,Joseph verified,true,PLyFNrAgYtC7cL38g,There is a regular power supply,"[ ""Grid (e.g. Eskom)"" ]",,,tdRzrm36MQJ2raFea
MAHLAHLE PRIMARY SCHOOL,SABELO VERIFIED,true,RX8qGhJPgH2GPwAjD,There is a regular power supply,"[ ""Grid (e.g. Eskom)"" ]",,,YLYWLt3BFmbGuRHBQ
QUANTUM SECONDARY SCHOOL,Tshepo2,true,DxZS2xeJbwBLn399Q,Sometimes there is power,"[ ""Grid (e.g. Eskom)"" ]",,,cQQF5juB8JG3jNbNs
EMFUNDISWENI PRIMARY SCHOOL,SABELO VERIFIED,true,kLkJSqM88fBLG5Yxr,There is a regular power supply,"[ ""Grid (e.g. Eskom)"" ]",,,8TjXzm5mqedTkvZ5n
THOHO-YA-NDOU PRIMARY SCHOOL,Joseph verified,true,7HRXuGWxM2LmSTwED,There is a regular power supply,"[ ""Grid (e.g. Eskom)"" ]",,,q7vvj7t7uptnim45G
SIPHIWE PRIMARY SCHOOL,Zanele V1,true,FLxPTsm3avRgM9NS5,There is a regular power supply,"{ ""0"" : ""Grid (e.g. Eskom)"" }",,,8EkWbb3qMosGvaWyT
NTSIKANA PRIMARY SCHOOL,Sympathy Varified,true,4GehRtBnxhFaeksbZ,There is no power supply,"[ ""Grid (e.g. Eskom)"" ]",,,95AYoAp6AiYz3KZ2t
KHULA SIZWE PRIMARY SCHOOL,Freddy7,true,SKQpkifhApmzdCWhS,There is a regular power supply,"[ ""Grid (e.g. Eskom)"" ]",,,ayNNoGKj3iCnECzSg
TOTOMENG PRIMARY SCHOOL,Joseph verified,true,WMwd5M7tgjLNyom6J,There is a regular power supply,"[ ""Grid (e.g. Eskom)"" ]",,,tMjiiRvEEAsNmSJGx
PUDUMO PRIMARY SCHOOL,SABELO 1,true,zcwX5MDWeXgzzXxoK,There is a regular power supply,"[ ""Grid (e.g. Eskom)"" ]",,,fXPmfwBo9N6rx7mLh
THEMBALIHLE PRIMARY SCHOOL,SABELO1,true,FveQ4MDGmCCBS3dDo,There is a regular power supply,"[ ""Grid (e.g. Eskom)"" ]",,,AHHiQixZscHdnSQpM
VEZUKHONO SECONDARY SCHOOL,Joseph1,true,i3PE8kAcEyYunvprg,,,,,mDwDpssp9xiy5oAgB
VEZUKHONO SECONDARY SCHOOL,Joseph,true,xeKqkHMcFeARGGioS,There is a regular power supply,"[ ""Grid (e.g. Eskom)"" ]",,,8FucY8f4FTzL2XmhY
AMOS MAPHANGA SECONDARY,V2 Yossi Bank,true,t8E37qRPe22zzJwbb,There is a regular power supply,"[ ""Grid (e.g. Eskom)"" ]",,,ra2zX3jjBPguj6bc3
TEMBISA SECONDARY SCHOOL,V1,true,zYZyARd54SPnMogXg,There is a regular power supply,"[ ""Grid (e.g. Eskom)"" ]",,,LTccQvtsRbQdnvd4x
DIEPDALE SECONDARY SCHOOL,V2-Jaydin krok,true,uomXgWXig5K52mxcD,Sometimes there is power,"[ ""Grid (e.g. Eskom)"" ]",,,EyHGQ2ctZRGcPQ4Lc
NTOKOZWENI PRIMARY SCHOOL,Pontsho12,true,tJoPurCotc5MdvnF6,There is a regular power supply,"[ ""Grid (e.g. Eskom)"" ]",,,EtHDHYs97BCxasggi
PHANDIMFUNDO SECONDARY SCHOOL,SABELO VERIFIED,true,oWRuhJPC9wYBdkuMe,There is a regular power supply,"[ ""Grid (e.g. Eskom)"" ]",,,tDKj5hfjzok3tbGs9
AB XUMA PRIMARY SCHOOL,V2-jaydin krok,true,ZtP54EvF2aKHvk568,There is a regular power supply,"[ ""Grid (e.g. Eskom)"" ]",,,r8FrZJWZGiB9zPmmc
TSIETSI MASHININI PRIMARY SCHOOL,Sympathy varified,true,EsJ7oGfiuQjva4Sei,There is a regular power supply,"[ ""Grid (e.g. Eskom)"" ]",,,n9gEojJ6K5eKYJ4c2
ZIFUNELENI JUNIOR SECONDARY  (COMB. PRIMARY) SCHOOL,SABELO VERIFIED,true,ftvqMsTJb3rCqPTkw,There is a regular power supply,"[ ""Grid (e.g. Eskom)"" ]",,,HE7QyZrdjZD4TwigW
VUYO PRIMARY SCHOOL,Joseph,false,9jqX9AQzstZvn8GZg,There is a regular power supply,"[ ""Grid (e.g. Eskom)"" ]",,,esLPjFoMCrf7aGwqS
MENZI PRIMARY SCHOOL,Sympathy varified,true,ajPAf3a9QBk59WYiB,There is a regular power supply,"[ ""Grid (e.g. Eskom)"" ]",,,eqJ28tbWRDYX6YPkp
SAPPHIRE SECONDARY SCHOOL,Joseph verified,true,SNjpktho2az8dK5oG,Unsure,"[ ""Grid (e.g. Eskom)"" ]",,,mu6wNPMzZ754NLLnE
LUKHOLWENI PRIMARY SCHOOL,Joseph verified,true,XPwcmX4vNDPW6FmFP,There is a regular power supply,"[ ""Grid (e.g. Eskom)"" ]",,,gpABZNKAeZxGARLNE
LEBOHANG SECONDARY SCHOOL,Sabelo1,true,wJTCwAZ7e4eDvwiza,There is a regular power supply,,,,KrNZ7H2XmHuPpHRrN
EAST BANK HIGH SCHOOL,Sympathy varified,true,PPjNgzYuHsA8a2sfn,There is a regular power supply,"[ ""Grid (e.g. Eskom)"" ]",,,LD7hazozFmAuLNBgP
THUTO LORE SECONDARY SCHOOL,Tamir Shklaz,true,5CtcpBaszJkxHbCPg,There is a regular power supply,"[ ""Unsure"" ]",,,A82Sqxg6dWo9BjRw7
LERATONG PRIMARY SCHOOL,sfisov1,false,qA2jPHfHYnWhq5zWa,There is a regular power supply,"[ ""Generators"" ]",,,8Q8hLajqT7vMWrbeA
KUZIMISELA PRIMARY SCHOOL,Tshepo,true,Wy9pwHCzgHW8CwAjh,There is a regular power supply,"[ ""Unsure"" ]",,,HushLZncKDsTyJhfN
DITAU PRIMARY SCHOOL,Sympathy varified,true,gnw5LdFBDn8hAf4h4,There is a regular power supply,"[ ""Grid (e.g. Eskom)"" ]",,,SDQzcRxtroyWa7uGB
MOGOGODI PRIMARY SCHOOL,Joseph1,true,aFwxmNLRLykzYaGpX,There is a regular power supply,"[ ""Grid (e.g. Eskom)"" ]",,,rgipwMLK9skQK2EuA
PHUTHUMANI PRIMARY SCHOOL,Sympathy Varified,true,cpCABrqDW77XSDsvQ,There is a regular power supply,"[ ""Grid (e.g. Eskom)"" ]",,,6ZNqRnThWfJTjmtzh
MICHAEL ZULU PRIMARY SCHOOL,Sympathy varified,true,KoHj7RfwX8jmAAosv,There is a regular power supply,"{ ""0"" : ""Grid (e.g. Eskom)"" }",,,3tbjfT8zZ2fPGfiwc
ITHUTE PRIMARY SCHOOL,Sympathy Varified,true,L3tRwGpLvN4biwgAE,There is a regular power supply,"[ ""Grid (e.g. Eskom)"" ]",,,tkbM3Jp4KjPx4H5qC
ITSEBENG PRIMARY SCHOOL,SABELO1,true,2kpYrGJkeQ8KxQcg9,There is a regular power supply,"[ ""Grid (e.g. Eskom)"" ]",,,bAExKd8RN5BhHzb3z
LABAN MOTLHABI COMPREHENSIVE SCHOOL,Pontsho6,true,7kaQmCAvNEML3R4B6,Sometimes there is power,"{ ""0"" : ""Grid (e.g. Eskom)"" }",,,922NEXkq8CZy6PH7L
GOVAN MBEKI PRIMARY SCHOOL,Sabelo verified,true,G67xzJjopLp5CWZfw,There is a regular power supply,"[ ""Grid (e.g. Eskom)"" ]",,,dBu8rGN6ZLKj4rb4e
MOYISELA PRIMARY SCHOOL,Sabelo verified,false,Ev7JQw4PuEEDvcPPM,There is a regular power supply,"[ ""Grid (e.g. Eskom)"" ]",,,XTL9gvLr9S2MmMsjJ
BHEKIMFUNDO PRIMARY SCHOOL,Joseph verified,true,7zmPQtqcfpk39TQvp,There is a regular power supply,,,,JpDqQfLuuC9qJrici
NTSELE PRIMARY SCHOOL,Sabelo1,true,HuQA5CZ7rhjGcuXqp,Sometimes there is power,"[ ""Grid (e.g. Eskom)"" ]",,,aQ4BMeoFWmo4HrHqF
SAKHELWE PRIMARY SCHOOL,Pontsho 10,true,TbcpPQ9XK74dQhCwE,There is a regular power supply,"[ ""Grid (e.g. Eskom)"" ]",,,7jdhLaYzWcCtFduQg
THUTOLORE SECONDARY SCHOOL,Joseph verified,true,ynrW2nZLbcKBako7w,There is a regular power supply,"[ ""Grid (e.g. Eskom)"" ]",,,BwK89vufnm6iCSJhQ
SELIBA PRIMARY SCHOOL,Joseph verified,true,3fX6nktT3kKHyiJMz,There is a regular power supply,"[ ""Grid (e.g. Eskom)"" ]",,,RHG8484wnsaqifrig
KGALEMA PRIMARY SCHOOL,V2-Jaydin krok,true,T8WTxMvNzNQS7jbfD,There is a regular power supply,"[ ""Grid (e.g. Eskom)"" ]",,,MYybcL4ntNLDfPjZt
UMSOBOMVU PRIMARY SCHOOL,KHOLWANI11,false,Z6fqkqkEnrMEPSten,There is a regular power supply,,,,2Qm9dY2unum62oDu7
KGOMOCO PRIMARY SCHOOL,Joseph verified,true,ESdHRT3TcQcji6GJb,There is a regular power supply,,,,METTMMRQRhoWxKdRt
KOKOSI PRIMARY SCHOOL,Symps,true,5gARneRane62ghhxn,There is a regular power supply,"[ ""Grid (e.g. Eskom)"" ]",,,sfgS3CrJFoTBvFQ72
REAKGONA PRIMARY SCHOOL,Tamir Shklaz\,true,Aj36iT9BgEA5ii4LD,There is a regular power supply,"[ ""Grid (e.g. Eskom)"" ]",,,WdTssNZoaRHCT3LMG
NKABINDE PRIMARY SCHOOL,V2 Yossi Bank,true,GPFtGbHKXSjyToWTu,There is a regular power supply,"[ ""Grid (e.g. Eskom)"" ]",,,LrmX8FAuJMKckWE6c
JOB MASEKO PRIMARY SCHOOL,KHOLWANI12,true,xoAYkTERyRJeGqyJP,There is a regular power supply,"[ ""Grid (e.g. Eskom)"" ]",,,7Lt26udxHfpKtyAwY
ISIZIBA PRIMARY SCHOOL,V1,true,sH2n4pM5fPMFh2dAm,There is a regular power supply,"[ ""Grid (e.g. Eskom)"" ]",,,vZkChYaMACHarXWxC
BUHLEBEMFUNDO SECONDARY SCHOOL,Joseph verified,true,4fmhQrbtm9TuJNtte,There is a regular power supply,,,,Ch6HJ6DZmFCYxKkww
NKUMBULO SECONDARY SCHOOL,Pontsho4,true,HpZ4CHB9wJKduhw3F,There is a regular power supply,"{ ""0"" : ""Grid (e.g. Eskom)"" }",,,2G6DH4Aiu8dpRQyrD
LETSATSING COMBINED SCHOOL,SABELO 1,true,7LBqNQh5wmqPPcnC2,There is a regular power supply,"[ ""Other"" ]",,,hBG3H9epZYnScCbtp
TLHOLO INTERMEDIATE SCHOOL,Joseph1,true,aG4mmYrhiHPPwrRqe,,"[ ""Grid (e.g. Eskom)"" ]",,,bPfY5thaXn4EAdkXw
ENDULWENI PRIMARY SCHOOL,Joseph verified,true,fwfABnpj6aDcbJZsF,There is a regular power supply,"[ ""Grid (e.g. Eskom)"" ]",,,ocFaNqXzeBvD5hiAZ
ORANGE FARM PRIMARY SCHOOL,V1,true,75ndouz5C4XY3ZMSk,There is a regular power supply,,,,kY8pdvG9t8eN5CY4h
ISEKELO PRIMARY SCHOOL,Joseph verified,true,co4tZdDXokJ7tpWbk,There is a regular power supply,"[ ""Grid (e.g. Eskom)"" ]",,,rRCnvnKF3KB68xQfw
BUD MBELLE PRIMARY SCHOOL,SABELO VERIFIED,true,YFGHC4dRxHpvddC2J,There is a regular power supply,"[ ""Grid (e.g. Eskom)"" ]",,,bf5Ltec4dXsz7pEX9
NCHABELENG PRIMARY SCHOOL,KHOLWANI9,true,rRB2ZF6jtjGjndhzF,There is a regular power supply,"[ ""Grid (e.g. Eskom)"" ]",,,5iHufHeS6B2XBsHTB
ZAMANI PRIMARY SCHOOL,Sympathy Varified,true,pAWQvi4abjpgCh3Nk,There is a regular power supply,"[ ""Grid (e.g. Eskom)"" ]",,,sfN5HAvKti5hRvPxZ
MODUOPO PRIMARY SCHOOL,Zanele V1,true,oN8YGWqEybjBRxdn6,There is a regular power supply,"{ ""0"" : ""Grid (e.g. Eskom)"" }",,,Q2SemXMcpEX5NfYsD
MOKGOME SECONDARY SCHOOL,Joseph verified,true,SYroCWqjXPz8Pzkyk,There is a regular power supply,"[ ""Grid (e.g. Eskom)"" ]",,,QBmBALzw89kwmHz2B
BONA COMPREHENSIVE SCHOOL,SABELO VERIFIED,true,WHwzKCFywmMiNSzYa,Unsure,"[ ""Grid (e.g. Eskom)"" ]",,,xsLXqpcynPeYTwiXE
ESIKHISINI PRIMARY SCHOOL,Joseph verified,true,Ka74TSShku2fqFZxi,There is a regular power supply,"[ ""Grid (e.g. Eskom)"" ]",,,CoWKa7AHpYehwgjN4
SPHIWE PRIMARY SCHOOL,SFISOV1,false,tYyAgtR78JcjgGgwS,There is a regular power supply,"[ ""Unsure"" ]",,,E4srgmkj2uCu4Coxb
DAVID HELLEN PETA SECONDARY SCHOOL,Joseph verified,false,7MHi2E36vi5WJSN4j,There is a regular power supply,"[ ""Grid (e.g. Eskom)"" ]",,,BpGigPup4eyijh28x
GOROGANG PRIMARY SCHOOL,Pontsho5,true,SnYiexB4Pmz93RgtK,There is a regular power supply,"{ ""0"" : ""Grid (e.g. Eskom)"" }",,,fkuEy7WKs5HL2NM6z
LEBOWA PRIMARY SCHOOL,Joseph,true,sRpNn3YN6dsCqh7sN,There is a regular power supply,"[ ""Grid (e.g. Eskom)"" ]",,,KhtEcF9mnhkNyqnW3
SELOPE-THEMA PRIMARY SCHOOL,SABELO VERIFIED,true,X5dae6cafgo6Zy7d4,There is a regular power supply,"[ ""Grid (e.g. Eskom)"" ]",,,Kqq9XsRqsRQM6PjGn
GAHLANSO PRIMARY SCHOOL,Zanele V1,true,JMbPkmK6ntXudpWPK,There is a regular power supply,"[ ""Grid (e.g. Eskom)"" ]",,,WeXHdZMumEMFyckHq
BOPASENATLA SECONDARY SCHOOL,Joseph verified,true,Mhq9WZugX7Jc4Hi7X,There is a regular power supply,"[ ""Grid (e.g. Eskom)"" ]",,,cDYo2z98FGZzNHPMM
MUZOMSHA PRIMARY SCHOOL,KHOLWANI18,true,ys9WAchKxpryxcq5G,There is a regular power supply,"[ ""Grid (e.g. Eskom)"" ]",,,NTo8EK8jnLkjB93Hd
MVELAPHANDA PRIMARY SCHOOL,Freddy9,true,9Px9oXKLdfYYPreCS,There is a regular power supply,"[ ""Grid (e.g. Eskom)"" ]",,,aMRD37JGNEmrz9FZ9
DINOTO TECHNICAL SECONDARY SCHOOL,Tshepo3,true,D7wmHKLcErX5Sj6Md,There is a regular power supply,"[ ""Unsure"" ]",,,pqm6NksjcwAhrDwyH
JORDAN SECONDARY SCHOOL,Sabelo1,true,LphTH8sbPtvTQQDGL,Sometimes there is power,"[ ""Grid (e.g. Eskom)"" ]",,,ZQvS49GgfM6XNnqij
RETLILE PRIMARY SCHOOL,Jake Pencharz,true,5S9NF96E2zgBDY967,There is a regular power supply,"[ ""Grid (e.g. Eskom)"" ]",,,y8vNYzZpy3A9BHx6W
NQUBELA PRIMARY SCHOOL,Sympathy Varified,true,PekhRwh8hsf4W4XXx,Sometimes there is power,,,,mobhBo8uKGxkvNsjR
PHUTHADITSHABA PRIMARY SCHOOL,SABELO VERIFIED,true,m43XGaWmfJkCKjvZt,There is a regular power supply,"[ ""Grid (e.g. Eskom)"" ]",,,ojqksxwnmxWXpM8n6
LESHATA SECONDARY SCHOOL,Sabelo verified,true,548kuTRcRQenrs2gR,There is a regular power supply,,,,opzRuPL9N8RSzCNsi
HLANGABEZA PRIMARY SCHOOL,Symps,true,J7MkLjCEsnDX6icHs,There is a regular power supply,"[ ""Grid (e.g. Eskom)"" ]",,If there isn't electricity they use gas stove,uyB7xpWYkTuuhsLzS
ROLIHLAHLA PRIMARY SCHOOL,Tshepo2,true,AsyhQ3SLxc8dnRqjR,Sometimes there is power,"[ ""Grid (e.g. Eskom)"" ]",,,Qzm8u4imxajBRWLE5
KHANGEZILE PRIMARY SCHOOL,Pontsho9,true,4hwE9eFB4WcgpC9ip,There is a regular power supply,"[ ""Grid (e.g. Eskom)"" ]",,,KDmkojmtPfcEEQ3vv
QHAKAZANI PRIMARY SCHOOL,tshepo20,true,mdAXGcR53idyEkDkd,There is a regular power supply,"[ ""Grid (e.g. Eskom)"" ]",,,Y2gH7TZojYSgJ6J3i
TLHOKOMELO PRIMARY SCHOOL,Joseph1,true,vKNABiRyGeGX6Sv45,There is a regular power supply,"[ ""Grid (e.g. Eskom)"" ]",,,y3Rzmw2pDYqioZ8WC
HULWAZI SECONDARY SCHOOL,Tshepo1,true,3E9nfwksayag4uTpK,There is a regular power supply,"[ ""Grid (e.g. Eskom)"" ]",,,Tnm69CSqqbdHg9obr
MAKAPANE PRIMARY SCHOOL,Joseph verified,true,zq2LgiRXnzpdq99wm,There is a regular power supply,"[ ""Grid (e.g. Eskom)"" ]",,,X4uSNwu6z2y2MdNwA
DUMEHLEZI INTERMEDIATE SCHOOL,Joseph verified,true,jsikXFPpiS49n9hDT,There is a regular power supply,,,,uvAsG8PGNZNED5pxz
Nxineni Primary,Nxineni Primary,false,bBvHq2hzGqonaLd8A,There is a regular power supply,"[ ""Grid (e.g. Eskom)"" ]",,,eiaeXipXaywPNGZ7X
CHARLOTTE MAXEKE SECONDARY SCHOOL,V2 Yossi Bank,true,tySmpKRv2s9845ND9,Sometimes there is power,"[ ""Grid (e.g. Eskom)"" ]",,No electricity in classes.,HMfiK9msnxvBpZRTv
TSHIRELETSO PRIMARY SCHOOL,Joseph1,true,BuzAEpz2KRietbxWJ,There is a regular power supply,"[ ""Grid (e.g. Eskom)"" ]",,,syBSsyuaG3J2rk8ky
DR WF NKOMO SECONDARY SCHOOL,Sympathy Varified,true,hhvggAPd8FtzAHFMQ,There is a regular power supply,"[ ""Grid (e.g. Eskom)"" ]",,,u2mAvGSYipuFCETW2
KHOMANANI PRIMARY SCHOOL,SABELO VERIFIED,true,Wwi8YXbGJLaMhWGjw,There is a regular power supply,"[ ""Grid (e.g. Eskom)"" ]",,,myEbntbNmwtRJAXXn
BOPHELONG SECONDARY SCHOOL,Joseph verified,true,nFosENy53jmZ9GiXq,There is a regular power supply,"[ ""Grid (e.g. Eskom)"" ]",,,AQmqsTKLbbQgfAmzP
MONTSOSI PRIMARY SCHOOL,SABELO1,true,TMnXXDNWbtrdrr24G,There is a regular power supply,"[ ""Grid (e.g. Eskom)"" ]",,,rCApJ97XLJY5xuoJY
IMFUNDO MIDDLE SCHOOL,Tshepo25,true,DB3uhjm68pX2sy9xp,There is a regular power supply,"[ ""Grid (e.g. Eskom)"" ]",,,pamnvbjX3nHtQtv4D
IKAGE PRIMARY SCHOOL,Sympathy varified,true,Cfr6tsLuJQvumqodD,There is a regular power supply,"[ ""Grid (e.g. Eskom)"" ]",,,NY3CpQoLXKGkXkq8b
TSHIRELA PRIMARY SCHOOL,Joseph verified,true,D5ikZHYRHbwgPQrw7,There is a regular power supply,"[ ""Grid (e.g. Eskom)"" ]",,,93KanXF8i8wGs4YKw
DR KNAK PRIMARY SCHOOL,"SABELO VERIFIED
pontsho 20",true,ixXuCjCGnh7sbL8em,There is a regular power supply,"[ ""Grid (e.g. Eskom)"" ]",,,FkDMg4ekjDHWExDuv
MABUYA SECONDARY SCHOOL,Joseph1,true,JgLvbPjqgqQxo85iz,,,,,656hyBavtd4QHF6yx
THUTO KITSO SECONDARY SCHOOL,sabelo1,true,FC5W8mECheKL37AAR,There is a regular power supply,"[ ""Grid (e.g. Eskom)"" ]",,,2zRbjDBfz4zB8Tv6q
REAMOHETSOE PRIMARY SCHOOL,V2-Jaydin Krok,true,QpENLrJyhNcSsEEfo,Unsure,,,,zpLEh72kC58ryRpxt
THUTHUKA PRIMARY SCHOOL,SABELO VERIFIED,false,bTzRkJGYewzQd3WL6,There is a regular power supply,"[ ""Grid (e.g. Eskom)"" ]",,,q7rLbRb4nxtPxfoSc
THETHA SECONDARY SCHOOL,SABELO VERFIED,true,ioa3GYnr83pttfDC3,There is a regular power supply,"[ ""Grid (e.g. Eskom)"" ]",,,dnFyeB4sC6kfmj2Q6
BATLOUNG INTERMEDIATE SCHOOL,Symps,true,aWSuucSwpuiqma4e3,There is a regular power supply,"[ ""Grid (e.g. Eskom)"" ]",,,FEAD8jBu7LbHezy2j
ENTSHONALANGA PRIMARY SCHOOL,SABELO VERIFIED,true,ewiYLX3Td3EjhskiR,There is a regular power supply,"[ ""Grid (e.g. Eskom)"" ]",,,qYqekSfSRExjXJrGM
PATOGENG PRIMARY SCHOOL,Joseph verified,true,AwsDF6qBbaMobnGbE,There is a regular power supply,"[ ""Grid (e.g. Eskom)"" ]",,,Rvf9JkpRBRozBsyiq
EMMANUEL PRIMARY SCHOOL,Joseph verified,true,LqYc9vLyjxXEnFjkC,There is a regular power supply,"[ ""Grid (e.g. Eskom)"" ]",,,DwG2tAAFC8W79Ckxx
MADUME PRIMARY SCHOOL,SABELO VERIFIED,true,aTHhpTQYTNjnEymAp,There is a regular power supply,"[ ""Grid (e.g. Eskom)"" ]",,,r5bdwdb45e7jr6JZB
MATSIE STEYN PRIMARY SCHOOL,Joseph verified,true,NmtZ3S6RseQfwmosj,There is a regular power supply,"[ ""Grid (e.g. Eskom)"" ]",,,74LtY73iZk5nAgKN4
AHA-THUTO SECONDARY SCHOOL,Sabelo verified,true,88wYGaANmYDtohZqC,There is a regular power supply,,,,5PhvChXDzSoaBymWp
TIYANI Junior secondary SCHOOL,SABELO VERIFIED,true,RnfAbiSScut4mt9uE,There is a regular power supply,"[ ""Grid (e.g. Eskom)"" ]",,,gZKefKr3T7kQ7yZdd
UNITY SECONDARY SCHOOL,Tshepo3,true,YTFyp2DuesztKXjL3,There is a regular power supply,"[ ""Grid (e.g. Eskom)"" ]",,,68f6ufafjEtTD87dK
LANGAVILLE PRIMARY SCHOOL,Sympathy varified,true,hL84iXuKjzqqNZhsH,There is a regular power supply,"[ ""Grid (e.g. Eskom)"" ]",,,3uXaw9N4tJkFZKXSt
POELANO SECONDARY SCHOOL,Joseph verified,true,RKxqv8xw63acYjAER,There is a regular power supply,"[ ""Grid (e.g. Eskom)"" ]",,,S3LbwsmZGkiiekXEX
NOMINI PRIMARY SCHOOL,Sabelo verified,true,CcMwgDiSArr7a56Pj,There is a regular power supply,,,,Sue8DWeGKHPKAyQBi
HLABANGANE PRIMARY SCHOOL,Joseph verified,false,F93hFjZGQqxh4LujR,There is a regular power supply,"[ ""Grid (e.g. Eskom)"" ]",,,A9g2JXbafa9hggA23
LETSIE PRIMARY SCHOOL,KHOLWANI8,true,j38ewiB7LmdRcJ7Ms,There is a regular power supply,"[ ""Grid (e.g. Eskom)"" ]",,,gPuKrSrjRHYQAhofp
THOPODI PRIMARY SCHOOL,SABELO VERIFIED,true,kP7K3NvDY5wJG2kpG,There is a regular power supply,"[ ""Grid (e.g. Eskom)"" ]",,,eaN2HpTXfZTyuJHLY
REAGILE PRIMARY SCHOOL,Freddy11,true,4TA3nhfAYybbtawT2,There is a regular power supply,"[ ""Grid (e.g. Eskom)"" ]",,,3CZM6LyxfbGxQ676w
RESIDENSIA SECONDARY SCHOOL,Symps,true,icQubXiWjJDptW6x3,There is a regular power supply,"[ ""Grid (e.g. Eskom)"" ]",,,Sa8QfeRArxjpbStqt
MASISEBENZE COMPREHENSIVE SCHOOL,Zanele V1,true,dTzmpAAnuAFaTbz3L,There is a regular power supply,"[ ""Grid (e.g. Eskom)"" ]",,,vQsgY2cMuHRHHxN5X
TSWELOPELE SECONDARY SCHOOL,Zanele V1,true,sqTGMXKfWK684MPuX,There is a regular power supply,"[ ""Grid (e.g. Eskom)"" ]",,,bHZpmA7SpQzx29CQk
LESEDI LA KRESTE ANGLICAN PRIMARY SCHOOL,V2-Jaydin Krok,true,yZYNp9iYyGgxGwzcj,There is a regular power supply,"[ ""Grid (e.g. Eskom)"" ]",,,BL89Y49hLjtAgtj9C
MOHLOLI SECONDARY SCHOOL,symps,true,2SyGzYjAfsF2n5KYg,There is a regular power supply,"[ ""Grid (e.g. Eskom)"" ]",,,Pye3fvQETS2TCPKyt
UMTHAMBEKA PRIMARY SCHOOL,Freddy12,true,7tCLd74TEueboirXt,There is a regular power supply,"[ ""Grid (e.g. Eskom)"" ]",,,MrCRY4JkG2RtXRzjf
MOSHOESHOE PRIMARY SCHOOL,Joseph verified,true,voCqnyipMXu5rgCeT,There is a regular power supply,"[ ""Unsure"" ]",,,vPSPXjGpC6ABc9Szc
BOVET PRIMARY SCHOOL,Joseph verified,true,mjA35GjDGF54PkkmC,There is a regular power supply,"[ ""Grid (e.g. Eskom)"" ]",,,JMwctXTYdunvweNYD
KAMOHELO PUBLIC SCHOOL,Joseph,true,YEDDekQXHg2T8r6JD,There is a regular power supply,"[ ""Grid (e.g. Eskom)"" ]",,,hk4XMrnHxTastfL7s
MOSIOA PRIMARY SCHOOL,Joseph verified,true,ufLdWfuSGWkcceuTd,There is a regular power supply,"[ ""Grid (e.g. Eskom)"" ]",,,AGiLx4gigQqYMN4fT
IPONTSHE PRIMARY SCHOOL,V2 Adam Dison,true,QR9XEZPNX8W2jKaBg,There is a regular power supply,"[ ""Grid (e.g. Eskom)"" ]",,,x39JZC9Q749pXeEbY
KENNETH MASEKELA SECONDARY SCHOOL,Pontsho7,true,JrW4ie5iBLdh7vhxJ,There is a regular power supply,"{ ""0"" : ""Grid (e.g. Eskom)"" }",,,yuLFP8PQcXB6aAAm6
EVATON PRIMARY SCHOOL,kholwani23,true,DLGiyZXyPRuhpcbfM,There is no power supply,,,NO ELECTRICITY SINCE 2014,2gqMBsR5BKHB3TEv6
BOITUMELONG SECONDARY SCHOOL,Zanele V1,true,CMQTQzxRbs9crTZiH,There is a regular power supply,"{ ""0"" : ""Grid (e.g. Eskom)"" }",,,XYLgc3p2tmFJ6nGJb
SOZIZWE PRIMARY SCHOOL,Tshepo3,true,sQHteKgFof8ACEMZo,There is a regular power supply,"[ ""Generators"" ]",,,6yXgt6quvcZfmQiWf
zitha primary,sabelo1,true,SgsX4ArKpegyBCedk,There is a regular power supply,"[ ""Grid (e.g. Eskom)"" ]",,there are 11 classes without electricity,k652o58moXsybbDfm
TSITSIBOGA PRIMARY SCHOOL,SABELO1,true,nTcPvgqCY5KKyQMo9,There is a regular power supply,"[ ""Grid (e.g. Eskom)"" ]",,,hrfAaJLuuBvdukdf9
TSWELELANG PRIMARY SCHOOL,Joseph verified,true,imA2otfnAG6N6NmyK,There is a regular power supply,"[ ""Grid (e.g. Eskom)"" ]",,,Dddj3YJBuiuGmAQFQ
ALEXANDRA SECONDARY SCHOOL,Jake Pencharz,true,jXeTXfWobyZraqFD8,There is a regular power supply,"[ ""Grid (e.g. Eskom)"" ]",,,dmcSwWf7Zcge6eHR8
FRED HABEDI PRIMARY SCHOOL,Pontsho11,true,ors4ZmCTouA2S2Qt5,There is a regular power supply,"[ ""Grid (e.g. Eskom)"", ""Solar Panel"" ]",,Solar power is used at the kitchen only,qCqx8rN4JLCHpEwF4
THEMBALIKAZULU PRIMARY SCHOOL,KHOLWANI10,true,JStpgPLv3ahAKd8AB,There is a regular power supply,"{ ""0"" : ""Grid (e.g. Eskom)"" }",,,jSDZSbr7cMPKgibe7
PHOMOLONG PRIMARY SCHOOL,Sympathy varified,true,E9tbBg7xRbTbwnaGr,There is a regular power supply,"[ ""Grid (e.g. Eskom)"" ]",,,J8iGazpt3MwprEvbp
BOTLEHADI PRIMARY SCHOOL,Sabelo1,true,NQkRNADdFMp7MKNAM,There is a regular power supply,"[ ""Grid (e.g. Eskom)"" ]",,,FpTsqHm4D3ttwK8dY
SHADRACK MBAMBO PRIMARY SCHOOL,Sympathy Varified,true,NzdzRZSt5CaB5cCSL,There is a regular power supply,"[ ""Grid (e.g. Eskom)"" ]",,,7sAKJvmox8vK6GJBv
