school_name,survey_name,isverified,_id,labname,labcondition,hasnecessaryequipment,comment,version_id
DR HARRY GWALA SECONDARY SCHOOL,Tshepo3,false,ezKEs2jgcKQHCdqdE,,No,Yes,There is no running water. No efficient electricity,SNuf4DBJszmQrAzS4
FUNUKUKHANYA PRIMARY SCHOOL,KHOLWANI3,true,85cSiu4BnGqxBFhMu,0,No,No,,55foHoJLBDfwGwTWD
VULAMAZIBUKO PRIMARY SCHOOL,V2 Yossi Bank,true,Tios8KWX5h9hRzJTM,1,No,Yes,,4F5Qwq5cmL34WsvHP
GEORGE MBILASE PRIMARY SCHOOL,Joseph,true,gizhnig2dmuxr8ynF,Lab 1,Yes,Yes,,bMEYkfLEMjEHiTFux
ZITIKENI SECONDARY SCHOOL,SABELO VERIFIED,false,sc5biL8pYDe7M8Dtb,Lab 1,Yes,Yes,The lab is used effectively everyday,A7HS55Lmpv7eWduhv
TSAKANE PRIMARY SCHOOL,Sympathy Varified,true,LLpDn9yCWBNqGg6iR,0,No,No,,MYuCFef7Fjt8yRX8d
LEBONE PRIMARY SCHOOL,KHOLWANI7,true,dsPPs3T4kuHpmvCBZ,1,Yes,Yes,2 Air fans,drsWF9n9G7CxbrANB
PHOMOLONG SECONDARY SCHOOL,V2 - Adam Dison,true,PTpZTWdvsZGy4GCC9,Science Labratory,No,Yes,Not in working condition and is used as an office.,xuTGawqPYaYusxnm8
O.R TAMBO PRIMARY SCHOOL,Zanele V1,true,Zd6ZwtZ5xkhJXpTTt,SL 1,Yes,Yes,The lab is in good  condition,Gfj3WRS3Y8w4dmyph
TLAKULA SECONDARY SCHOOL,Sympathy Varified,true,rpZPXm5CXWFxWzz6M,LAB 1,Yes,Yes,,uiiC6LpdXHBickDqX
OR TAMBO PRIMARY SCHOOL,Sympathy verified,false,acfh8h62ieWcSkucy,Lab1,Yes,Yes,In good condition,xp2bxhMm4Yoeu9jho
HOFMEYR SECONDARY SCHOOL,Joseph verified,true,TEAxurX9R7kJmp9jq,lab 1,No,Yes,,Z9wz3QcLwmRfGuaeT
PHELINDABA SECONDARY SCHOOL,Sabelo verified,true,xNaTTXJ2gC6BRMg4M,,Yes,Yes,,yAYPTyMxnk5pj2zT9
TOKELO SECONDARY SCHOOL,Joseph verified,true,ECxwmztyx8tTw6XLH,School lab 3,Unsure,No,,WszeF9gAuQuHMNHLC
TOKELO SECONDARY SCHOOL,Joseph verified,true,qmb3S8je8dZRgGEXe,School lab 2,Unsure,No,,WszeF9gAuQuHMNHLC
TOKELO SECONDARY SCHOOL,Joseph verified,true,yQsdBRncttjrfqqzR,School lab,,No,,WszeF9gAuQuHMNHLC
LEEMA-MOKOTULI PRIMARY SCHOOL,Sabelo1,false,B23CiYwPK2ewyaKAY,,No,,,2smWdy5ZETPXoRrYG
BOKAMOSO SECONDARY SCHOOL,Zanele V1,true,49k7sidsJg6naeZzp,Lab 1,Yes,Yes,,H2wSN9EFbKzeSGjCh
WINNIE MANDELA PRIMARY SCHOOL,SABELO VERIFIED,true,bNuCdFpkYFgSKtx58,Lab 1,No,No,Doesn't have any material.,qqTGPEnmDQRrarBSw
ZIMISELE SECONDARY SCHOOL,Pontsho3,true,xcSqZbwWWyPxHg2Nf,School lab,No,No,This applies in both labs at the school,bEf9GjYAyqAqY3bhw
CARTER PRIMARY SCHOOL,Joseph verified,true,9oj5o7WFdXqRkZJtQ,Lab 1,Yes,Yes,,tdRzrm36MQJ2raFea
MAHLAHLE PRIMARY SCHOOL,SABELO VERIFIED,true,xyBggYpAonmxvWj9Z,,,,,YLYWLt3BFmbGuRHBQ
VEZUKHONO SECONDARY SCHOOL,Joseph,false,HwKnANGgLDtYgniaB,Lab 1,No,No,,8FucY8f4FTzL2XmhY
DIEPDALE SECONDARY SCHOOL,V2-Jaydin krok,true,9HgAj9q9HNomM4732,Lab 1,No,No,,EyHGQ2ctZRGcPQ4Lc
ZIFUNELENI JUNIOR SECONDARY  (COMB. PRIMARY) SCHOOL,SABELO VERIFIED,true,trsaHFJMe6Y7ohEDS,,No,No,,HE7QyZrdjZD4TwigW
MENZI PRIMARY SCHOOL,Sympathy varified,true,ifHje7HEQMjSmSP6B,0,No,No,THERE IS NO LAB,eqJ28tbWRDYX6YPkp
LEBOHANG SECONDARY SCHOOL,Sabelo1,true,WBxvX5v5fHbHQntE7,,,Yes,,KrNZ7H2XmHuPpHRrN
THUTO LORE SECONDARY SCHOOL,Tamir Shklaz,true,gGyR4orE5SgKSr4zn,,Yes,Unsure,,A82Sqxg6dWo9BjRw7
MICHAEL ZULU PRIMARY SCHOOL,Sympathy varified,true,p5ry4qTy9yM28nSb5,0,No,No,,3tbjfT8zZ2fPGfiwc
LABAN MOTLHABI COMPREHENSIVE SCHOOL,Pontsho6,true,6cGK9gNNMWqaPE4Rc,School labs,No,No,This applies in all the school labs,922NEXkq8CZy6PH7L
GOVAN MBEKI PRIMARY SCHOOL,Sabelo verified,true,BG9Ww4nuQaytXHDTW,1,Yes,Yes,,dBu8rGN6ZLKj4rb4e
MOYISELA PRIMARY SCHOOL,Sabelo verified,false,eucivx7FMZKFMiaFB,2,Yes,No,,XTL9gvLr9S2MmMsjJ
MOYISELA PRIMARY SCHOOL,Sabelo verified,false,nk5pZq5Ty3FoBGNyA,1,Yes,No,,XTL9gvLr9S2MmMsjJ
KGALEMA PRIMARY SCHOOL,V2-Jaydin krok,true,fnqtxbvMuT949dsHW,1,Yes,Yes,,MYybcL4ntNLDfPjZt
UMSOBOMVU PRIMARY SCHOOL,KHOLWANI11,false,6JfvrytaFjawcAC5e,1,Yes,Yes,,2Qm9dY2unum62oDu7
NKABINDE PRIMARY SCHOOL,V2 Yossi Bank,true,XCPrrDGC85qCAKDN5,0,No,No,,LrmX8FAuJMKckWE6c
NKUMBULO SECONDARY SCHOOL,Pontsho4,true,k8mdXnKf3eq8Q5Xjx,b,Yes,Yes,,2G6DH4Aiu8dpRQyrD
NKUMBULO SECONDARY SCHOOL,Pontsho4,true,q2M5r7h5yytFyZzP8,a,Yes,Yes,,2G6DH4Aiu8dpRQyrD
LETSATSING COMBINED SCHOOL,SABELO 1,true,sLt8wrgxtNEDRnRjQ,,Yes,No,,hBG3H9epZYnScCbtp
TLHOLO INTERMEDIATE SCHOOL,Joseph1,true,uHQKMjC38Ggt3CDP4,LAB 1,,No,,bPfY5thaXn4EAdkXw
ZAMANI PRIMARY SCHOOL,Sympathy Varified,true,sPP4nRhtabaxeB6Ya,Lab 1,No,Yes,Students are not using it,sfN5HAvKti5hRvPxZ
MOKGOME SECONDARY SCHOOL,Joseph verified,true,KCyEtgc9NB6XzS64j,2,Yes,Yes,There are no good material for experimenting,QBmBALzw89kwmHz2B
MOKGOME SECONDARY SCHOOL,Joseph verified,true,kxLpJNNxJcNXMPv27,3,Yes,Yes,There is no good material for experimenting,QBmBALzw89kwmHz2B
MOKGOME SECONDARY SCHOOL,Joseph verified,true,yCienCo7esFepDJH3,1,Yes,Yes,There are no material for experimenting,QBmBALzw89kwmHz2B
BONA COMPREHENSIVE SCHOOL,SABELO VERIFIED,true,sBkTrB7Hn5kr3iyM4,lab,Yes,Yes,,xsLXqpcynPeYTwiXE
DAVID HELLEN PETA SECONDARY SCHOOL,Joseph verified,false,mob9TfRRKYYuP6WmS,Lab 1,Yes,Yes,The water that come out of the taps is not in good condition,BpGigPup4eyijh28x
JORDAN SECONDARY SCHOOL,Sabelo1,true,MWJiAxrg8b5yW669j,,No,No,,ZQvS49GgfM6XNnqij
JORDAN SECONDARY SCHOOL,Sabelo1,true,NuWurCKSbffFd2aMa,,No,No,,ZQvS49GgfM6XNnqij
JORDAN SECONDARY SCHOOL,Sabelo1,true,qjGPZCmSMKTbrkfZF,,No,No,,ZQvS49GgfM6XNnqij
JORDAN SECONDARY SCHOOL,Sabelo1,true,v37bPg86RSQgQec7c,,No,No,,ZQvS49GgfM6XNnqij
JORDAN SECONDARY SCHOOL,Sabelo1,true,vSnhs4TjwfvwmbPoZ,,No,No,,ZQvS49GgfM6XNnqij
LESHATA SECONDARY SCHOOL,Sabelo verified,true,6jq5vzG6Br6SJSRwq,1,Yes,Yes,,opzRuPL9N8RSzCNsi
DR WF NKOMO SECONDARY SCHOOL,Sympathy Varified,true,bAQDcNfjn6qwknBoF,Lab1,Yes,No,,u2mAvGSYipuFCETW2
MADUME PRIMARY SCHOOL,SABELO VERIFIED,true,Nry4jWdz7waz8dkpT,Lab A,No,Yes,,r5bdwdb45e7jr6JZB
AHA-THUTO SECONDARY SCHOOL,Sabelo verified,true,g6fWtEkctzPZhv7Yc,1,No,No,,5PhvChXDzSoaBymWp
LANGAVILLE PRIMARY SCHOOL,Sympathy varified,true,PQFoZkwjsFHgeoNcK,0,No,No,there is no lab,3uXaw9N4tJkFZKXSt
POELANO SECONDARY SCHOOL,Joseph verified,true,HyYE3nBTEketyxvoA,School lab,Yes,Yes,,S3LbwsmZGkiiekXEX
RESIDENSIA SECONDARY SCHOOL,Symps,true,qBicbaX6crnqt2Rna,Lab,No,No,,Sa8QfeRArxjpbStqt
TSWELOPELE SECONDARY SCHOOL,Zanele V1,true,MLSiANkG5rQpbbW5W,LabA,Yes,Yes,Poorly resourced,bHZpmA7SpQzx29CQk
MOHLOLI SECONDARY SCHOOL,symps,true,kicNXcstw5QP2Lgye,Lab,No,No,,Pye3fvQETS2TCPKyt
MOSHOESHOE PRIMARY SCHOOL,Joseph verified,true,eQQE94rJoXzD3CrM3,Lab 1,No,Unsure,Lack of apparatus,vPSPXjGpC6ABc9Szc
KENNETH MASEKELA SECONDARY SCHOOL,Pontsho7,true,Mt23zvESeM2nHEkAC,School labs,No,No,All the equipment are old and the labs are now used as classes,yuLFP8PQcXB6aAAm6
BOITUMELONG SECONDARY SCHOOL,Zanele V1,true,CRzCaZGuMoZgxuZh6,A,Yes,Yes,,XYLgc3p2tmFJ6nGJb
BOITUMELONG SECONDARY SCHOOL,Zanele V1,true,nmpXv4skfrFcHyuWv,B,Yes,Yes,,XYLgc3p2tmFJ6nGJb
CAIPHUS NYOKA SECONDARY SCHOOL,Joseph veried,true,JhivBJeQtbeYifBnq,,Yes,No,,dLHdmSdFbLWF2kJqy
JABULILE SECONDARY SCHOOL,SABELO VERIFIED,true,e9S7ES88wL4KZwvHh,Lab A,Yes,Yes,,GdT4e3QnaH2fX4vAA
ALEXANDRA SECONDARY SCHOOL,Jake Pencharz,true,5w6RsoHkTuW9tiFXQ,unknown,Yes,No,,dmcSwWf7Zcge6eHR8
ALEXANDRA SECONDARY SCHOOL,Jake Pencharz,true,cdtL6pEN3uhmcWwRD,unknown,Yes,No,,dmcSwWf7Zcge6eHR8
FRED HABEDI PRIMARY SCHOOL,Pontsho11,true,5bzswkmsjD9E2K9pJ,School lab,Yes,Yes,,qCqx8rN4JLCHpEwF4
THEMBALIKAZULU PRIMARY SCHOOL,KHOLWANI10,false,wXyYpmXw4K58EnudZ,0,No,No,,jSDZSbr7cMPKgibe7
PHOMOLONG PRIMARY SCHOOL,Sympathy varified,false,TAJCjJAa8wSMeGg8q,Lab1,No,No,,J8iGazpt3MwprEvbp
SHADRACK MBAMBO PRIMARY SCHOOL,Sympathy Varified,true,aFsgDeGRGuaFziYyR,0,No,No,,7sAKJvmox8vK6GJBv
