school_name,survey_name,isverified,_id,haslab,numberoflabs,version_id
SEEISO PRIMARY SCHOOL,Joseph verified,true,WvuHH9HrsZtHEAXrQ,No,,LZ7sJWsXTML9asLdD
LEFIKA PRIMARY SCHOOL,V1,true,bvD9q3Sj8Pi9CHqCY,No,,GaE7jrBwPxNR4AK72
LOTUS GARDENS PRIMARY SCHOOL,Joseph verified,true,myso7SCBKz4W832WM,No,,hJppCjP9YgzQPhsxp
MELODI PRIMARY SCHOOL,V2 - Daniel Kartun,true,bmcc8CPu6bCA53H9S,No,,6nyrh8pzbNxMHyu4J
FADIMEHA PRIMARY SCHOOL,Joseph verified,true,MP5Kr3y2dF5LWKHtc,,,ZMuo7tqss7QrYPuwZ
DR HARRY GWALA SECONDARY SCHOOL,Tshepo3,false,PnXN2AqdArCcBwGKQ,Yes,1,SNuf4DBJszmQrAzS4
ZITHEMBENI PRIMARY SCHOOL,kholwani21,true,q6MFidSdoCekedewo,No,0,2rqTjwusZ8tc8nbYt
MQINISWA PRIMARY SCHOOL,Joseph verified,true,hRnXKqFLEWAGaaxx8,No,,6XmRH2cDbjXJd8Zri
INKONJANE JUNIOR SECONDARY SCHOOL,V2 Yossi Bank,true,iQYteTYuh4mRTAByL,No,,Zyuc4wPBmxQPcNyjF
LEFA-IFA SECONDARY SCHOOL,KHOLWANE13,true,q6oJkPoaWequuH2e7,Yes,1,5QzLWMPF8grmhh3G5
MASHEMONG PRIMARY SCHOOL,Joseph verified,true,xMXWnoo7yLE8nnrWh,No,,wfdMKsnKg56v7y6uJ
ZITHATHELE PRIMARY SCHOOL,Joseph verified,true,EG9oHfZ9Dg7QCzdh5,No,,sXauHMaoiXsoSamWK
QEDUSIZI PRIMARY SCHOOL,Pontsho8,true,K3g45hgHEXysgaNqB,No,,tC7ee9TXmJ8oDEcRe
FUNUKUKHANYA PRIMARY SCHOOL,KHOLWANI3,true,hGJ3yEHpJoSnbepm7,No,0,55foHoJLBDfwGwTWD
VULAMAZIBUKO PRIMARY SCHOOL,V2 Yossi Bank,true,vknGLpn9QP4w3JSKv,Yes,1,4F5Qwq5cmL34WsvHP
MABOELLENG PRIMARY SCHOOL,Joseph,true,mMDuNp3Yan7SoXTZ7,No,,3XdLNoiuCRA5T5Dfc
GEORGE MBILASE PRIMARY SCHOOL,Joseph,true,L7H5eorXjhkXgdLG9,Yes,1,bMEYkfLEMjEHiTFux
MANGWELE PRIMARY SCHOOL,SABELO VERIFIED,true,wr3hsPSwH3drghCig,No,,HZFjNDTejF5ga78Sx
ZITIKENI SECONDARY SCHOOL,SABELO VERIFIED,false,EoGvfyd9kbdmQwvaL,Yes,1,A7HS55Lmpv7eWduhv
TSAKANE PRIMARY SCHOOL,Sympathy Varified,true,fKbp5C6qwTvc3hwth,No,0,MYuCFef7Fjt8yRX8d
LEBONE PRIMARY SCHOOL,KHOLWANI7,true,AduFxRKqkdjkdAGhT,Yes,1,drsWF9n9G7CxbrANB
Radibapi Primary,sabelo,true,YKc3GM8S2QK5ZvDj9,No,,Acd6f7D8RbhpthZHN
PHAMEHLO PRIMARY SCHOOL,Symps,true,b7fMc6rQTCvGH6RmH,Yes,,eg2P5ZFGTcwctmdcA
DITAWANA PRIMARY SCHOOL,pontsho 21,true,KACd48YLDDj8Toieu,No,,LBujyFwCgPkGzWSZy
SECHABA PRIMARY SCHOOL,KHOLWANI14,true,ZCxWFL6ubFDgJ7Cuu,No,,ufaeHuMMa97ge5aCK
PHOMOLONG SECONDARY SCHOOL,V2 - Adam Dison,false,2GozKzGFYLMEQj3Me,,,xuTGawqPYaYusxnm8
LEJOELEPUTSOA PRIMARY SCHOOL,Freddy4,false,APjzZg2Lmw9tvGCSq,No,,EtsNuLzuvqcqdM943
DR NHLAPO INTERMEDIATE SCHOOL,Joseph verified,true,LnzyHktEe5W7frwsM,No,,Hjqy94n4PwNqwN5uA
O.R TAMBO PRIMARY SCHOOL,Zanele V1,true,LnNRWBgxzPvDhZL6n,Yes,1,Gfj3WRS3Y8w4dmyph
ZENZELENI PRIMARY SCHOOL,Sympathy Varification,false,K9icYYFbFvGLdiv2C,No,,hTroeBPPurCSNxDGe
EKUKHANYISWENI PRIMARY SCHOOL,SABELO VERIFIED,true,B2GhvBPB9fFdDR3Jm,No,,EbrJ8dHAyrQTpSaNj
TLAKULA SECONDARY SCHOOL,Sympathy Varified,true,LwddLRdGKKn6kdQTj,Yes,1,uiiC6LpdXHBickDqX
TLHAKANANG PRIMARY SCHOOL,Tlhakanang Primary School,true,EY8CHWRkq7RbysjBA,No,,3acdePaA3PaTzXLaP
OR TAMBO PRIMARY SCHOOL,Sympathy verified,false,5sQvpKNDiaRYFrLPh,Yes,1,xp2bxhMm4Yoeu9jho
PHUTHULLA PRIMARY SCHOOL,Joseph verified,true,DqqSgtmNADQoLqpxA,,,pRKnFJGLubdAiTZEy
SEOTLOANA PRIMARY SCHOOL,Zanele V1,true,BtAxesbLm6nxAugBK,Unsure,,Qmhp6bLYHrRTc42wc
EMMANGWENI PRIMARY SCHOOL,Zanele v1,true,fJpMeWhdRY8onMRJd,No,,SeRiR2xnt35DWtRzX
TSIMONG PRIMARY SCHOOL,KHOLWANI19,false,fbt3ZzyKMbnRnzrTG,No,,jR3LMPDnnHi7xvLcp
REALO  SECONDARY SCHOOL,SABELO VERIFIED,true,udM6k28NaNDcCqxbP,No,,6iixm3MYropadAMjX
SEDIBENG PRIMARY SCHOOL,Zanele V1,true,YhNFuH8m5BQb6Dcy6,No,,8pdqiKPuW9emmvdMA
INKATHA KA ZULU PRIMARY SCHOOL,Tshepo1,true,agi4ccojmTYjxbGzc,No,0,srdTLx3pxML3nwKPr
SIVUSE PRIMARY SCHOOL,SABELO1,false,ZREHTZKXgFs9WEq4P,No,,JeGKrkaqdgboxbxAd
N'WA MHINGA PRIMARY SCHOOL,V2-Jaydin krok,false,8ubcW4jy3rAJb2RJx,No,,S47bpHzXts94zC2ke
JABULANI THABANG PRIMARY SCHOOL,Sabelo1,true,LuYas2Dqb2WgWRi8D,No,,MtKWmrDmPtx6hTjXm
ZAKHENI PRIMARY SCHOOL,Sympathy varified,true,ySLh24LcPvavKTERL,No,,HKHTs5NYM9YcNKmA3
HOFMEYR SECONDARY SCHOOL,Joseph verified,true,Ndd7kqG7NnToKJxrw,Yes,,Z9wz3QcLwmRfGuaeT
DITAWANE,Joseph verified,true,2Ay8F4NtoSsXJJsT4,No,,ZQpQXXcpAjvZC2ony
WESTFIELDS PRIMARY SCHOOL,SABELO 1,true,MR8ARDJ4rP2WaerQT,No,,ghEZdTPoThhpWNWiw
PHELINDABA SECONDARY SCHOOL,Sabelo verified,true,oY3ujFgkN9M5A2cef,Yes,1,yAYPTyMxnk5pj2zT9
LERESCHE PRIMARY SCHOOL,Joseph verified,true,2GrTgoBu2W5v6v2hs,No,,giGaTXuXxZQxCGaMd
TSOELOPELE PRIMARY SCHOOL,Joseph verified,false,upet7qRrevmP5YswA,No,,ZrghZT93L2bSWSofg
JET NTEO SECONDARY SCHOOL,Sabelo1,true,TZvhHhdQZP8YjtNSB,No,,RKz4SAhiQgbHCmTpZ
LIVHUWANI PRIMARY SCHOOL,SABELO VERIFIED,true,fGrkjdmKGACisM2tF,No,,PySjA6yQMoXAyS2z8
NYIKO PRIMARY SCHOOL,Freddy9,true,gZ3tqvoYydESrppZx,No,,6cFA5fAxPtQzaP5bz
TOKELO SECONDARY SCHOOL,Joseph verified,true,HbMLuapaMNodADNqD,Yes,3,WszeF9gAuQuHMNHLC
LEHLASEDI PRIMARY SCHOOL,Sabelo1,true,pe7wThcNogKTcqAWL,No,,efr9txWNfPHw3AhD7
GORDON PRIMARY SCHOOL,SFISO V1,true,Rp2gfQNiPi456fb5u,No,,qsXPNNQE3pWkdTbfb
MASIQHAKAZE SECONDARY SCHOOL,V1,true,hBhq8k8xnRkhYhsv5,Yes,1,e6s5EEf389EeLo6Tz
MASIMINI PRIMARY SCHOOL,V2 Adam Dison,true,jnPBseT4kdQTArapC,No,,E7KSgcfSqaoDb5BEE
LEEMA-MOKOTULI PRIMARY SCHOOL,Sabelo1,false,Goq3paFKenCPyfRtn,No,0,2smWdy5ZETPXoRrYG
SIBONELO PRIMARY SCHOOL,Sympathy verified,true,NxYkghZYPWMsYqTSw,No,,GQPE7rurt9bb7DM5a
IPHUTHENG PRIMARY SCHOOL,Sympathy varified,true,DigGBpGaefbvTC2uL,No,,tqMTBWRbAuYsAqATz
LETSEMA-ILIMA PRIMARY SCHOOL,Symps,true,eognzr8hzvQ3foin5,No,,ZNXsgBEk2evJkTYso
BOKAMOSO SECONDARY SCHOOL,Zanele V1,true,ZcG9AepCaeoHWhuxm,Yes,1,H2wSN9EFbKzeSGjCh
KGOLAGANO PRIMARY SCHOOL,Joseph verified,true,XKHuDDbtfw4qsmTYj,No,,o6KRqZ8m5YyPCmxEu
Tsimona Primary School,Tsimona Primary School,false,KwTSXNbQCjko9ejPb,No,,LJC3JBYxgkbi8GzAP
STEVE BIKO PRIMARY SCHOOL,SABELO VERIFIED,false,YyfnQmGWFTbbFwfmd,No,,g6orxjw6EmCqYup83
STRETFORD EXT 8 PRIMARY SCHOOL,Sfiso v1,true,fL6Ed2EdwFCkgQ6Jy,No,,4zo5MNwbBvTPykbFg
MEADOWLANDS PRIMARY SCHOOL,Tamir Shklaz,true,k9fQKGbvwHk4TeYtr,No,,ogTK6SAt8Ndg38xPc
WINNIE MANDELA PRIMARY SCHOOL,SABELO VERIFIED,true,YsfmLu8aXoAoay5R3,Yes,1,qqTGPEnmDQRrarBSw
SELELEKELA SECONDARY SCHOOL,SABELO 1,false,dnHwtuPP5KkmYfEmF,Yes,2,Ayck7PmsY3mNr3gZQ
ZIMISELE SECONDARY SCHOOL,Pontsho3,true,N6AM4QSq7KpR3e33u,Yes,2,bEf9GjYAyqAqY3bhw
CARTER PRIMARY SCHOOL,Joseph verified,true,nfpY9djia9R8Eh5ST,Unsure,,tdRzrm36MQJ2raFea
QUANTUM SECONDARY SCHOOL,Tshepo2,true,daNDQbb4oszvN7rif,No,,cQQF5juB8JG3jNbNs
EMFUNDISWENI PRIMARY SCHOOL,SABELO VERIFIED,true,Sz2M4KDpJbevxyMYr,No,,8TjXzm5mqedTkvZ5n
THOHO-YA-NDOU PRIMARY SCHOOL,Joseph verified,false,9zfvaeh9PRphJGAcW,No,,q7vvj7t7uptnim45G
SIPHIWE PRIMARY SCHOOL,Zanele V1,false,NFqoT3gpGpxGAc3Rq,No,,8EkWbb3qMosGvaWyT
NTSIKANA PRIMARY SCHOOL,Sympathy Varified,true,iurwhdLzJteTrpbGb,No,,95AYoAp6AiYz3KZ2t
KHULA SIZWE PRIMARY SCHOOL,Freddy7,true,xsJWR7HDtzcKaQTkP,No,,ayNNoGKj3iCnECzSg
TOTOMENG PRIMARY SCHOOL,Joseph verified,true,FXvjxxFksPcvfvLQb,No,,tMjiiRvEEAsNmSJGx
PUDUMO PRIMARY SCHOOL,SABELO 1,true,Adp8z7AkEyQBGYbue,No,,fXPmfwBo9N6rx7mLh
PHORORONG PRIMARY SCHOOL,Joseph,true,GZMSxf5xdCGKqsGZu,No,,qs4DrHmATWN59Tptg
THEMBALIHLE PRIMARY SCHOOL,SABELO1,true,pzrbXcPDg5bQnGZ33,No,,AHHiQixZscHdnSQpM
VEZUKHONO SECONDARY SCHOOL,Joseph,true,SAq2zoweFf5yyW77P,Yes,1,8FucY8f4FTzL2XmhY
AMOS MAPHANGA SECONDARY,V2 Yossi Bank,true,c3zppqSArNY2AhDnC,No,,ra2zX3jjBPguj6bc3
TEMBISA SECONDARY SCHOOL,V1,true,c9KK3cLRgR6o97bLT,Yes,2,LTccQvtsRbQdnvd4x
DIEPDALE SECONDARY SCHOOL,V2-Jaydin krok,true,T6ADg2FX5JCdw4Wgd,Yes,1,EyHGQ2ctZRGcPQ4Lc
NTOKOZWENI PRIMARY SCHOOL,Pontsho12,true,FbqmLaNnA89FaLRHM,No,,EtHDHYs97BCxasggi
PHANDIMFUNDO SECONDARY SCHOOL,SABELO VERIFIED,true,mnDs6B36ntyceuRjk,Yes,,tDKj5hfjzok3tbGs9
AB XUMA PRIMARY SCHOOL,V2-jaydin krok,true,nExsGyKQyaGbSjqWj,No,,r8FrZJWZGiB9zPmmc
TSIETSI MASHININI PRIMARY SCHOOL,Sympathy varified,true,dD26F44JqbkpTAtFB,No,,n9gEojJ6K5eKYJ4c2
VUYO PRIMARY SCHOOL,Joseph,false,5ghzNQM8qxXCSXt6x,No,,esLPjFoMCrf7aGwqS
MENZI PRIMARY SCHOOL,Sympathy varified,true,Tc3kwkSzPd4SpnWrW,No,,eqJ28tbWRDYX6YPkp
SAPPHIRE SECONDARY SCHOOL,Joseph verified,true,tGnAsJc98yDB2yJ96,Yes,,mu6wNPMzZ754NLLnE
LUKHOLWENI PRIMARY SCHOOL,Joseph verified,true,6FAr6rwo5rFBSXNpF,No,,gpABZNKAeZxGARLNE
LEBOHANG SECONDARY SCHOOL,Sabelo1,true,JAnoT6aspbf3axkWZ,Yes,,KrNZ7H2XmHuPpHRrN
EAST BANK HIGH SCHOOL,Sympathy varified,true,LRHuEa7PA5nBhk4rm,No,,LD7hazozFmAuLNBgP
THUTO LORE SECONDARY SCHOOL,Tamir Shklaz,true,HSn4QLtDmnrCWStdR,Yes,,A82Sqxg6dWo9BjRw7
LERATONG PRIMARY SCHOOL,sfisov1,false,sN4Hgxu8tpfzCvqgX,No,,8Q8hLajqT7vMWrbeA
KUZIMISELA PRIMARY SCHOOL,Tshepo,true,4zhThZYeHfyTj2QcC,No,0,HushLZncKDsTyJhfN
DITAU PRIMARY SCHOOL,Sympathy varified,true,qGsChQZBsyWCCgxrA,No,,SDQzcRxtroyWa7uGB
INXIWENI PRIMARY SCHOOL,Freddy8,true,iWAnsZEZPeE2t5hA2,No,,g2zngXhSLP6Xe7qtg
MOGOGODI PRIMARY SCHOOL,Joseph1,true,BGrWE92uctBWvw5yc,No,,rgipwMLK9skQK2EuA
PHUTHUMANI PRIMARY SCHOOL,Sympathy Varified,true,z8boto8r3Bu6zA2sF,No,0,6ZNqRnThWfJTjmtzh
MICHAEL ZULU PRIMARY SCHOOL,Sympathy varified,true,g8ggTCkmnbyhZmFG9,No,0,3tbjfT8zZ2fPGfiwc
ITSEBENG PRIMARY SCHOOL,SABELO1,true,8RsDnEYBZA5WkxwZD,No,,bAExKd8RN5BhHzb3z
LABAN MOTLHABI COMPREHENSIVE SCHOOL,Pontsho6,true,4EnbhRyLcxAEHbRju,Yes,2,922NEXkq8CZy6PH7L
GOVAN MBEKI PRIMARY SCHOOL,Sabelo verified,true,4qPath7Co2bAAF9FW,Yes,,dBu8rGN6ZLKj4rb4e
MOYISELA PRIMARY SCHOOL,Sabelo verified,false,EJbw4XHPjuFQKTg88,Yes,,XTL9gvLr9S2MmMsjJ
BHEKIMFUNDO PRIMARY SCHOOL,Joseph verified,true,v9NYZ3L5R4i9KvEHd,No,,JpDqQfLuuC9qJrici
NTSELE PRIMARY SCHOOL,Sabelo1,true,GZT4vCTGD7mS92aQx,No,,aQ4BMeoFWmo4HrHqF
SAKHELWE PRIMARY SCHOOL,Pontsho 10,true,3Btzf38Bsd2vvjyGn,No,,7jdhLaYzWcCtFduQg
THUTOLORE SECONDARY SCHOOL,Joseph verified,true,ttNTac6gjc3stqdnP,No,,BwK89vufnm6iCSJhQ
SELIBA PRIMARY SCHOOL,Joseph verified,false,KExiGRsQKKm9ys37f,No,,RHG8484wnsaqifrig
KGALEMA PRIMARY SCHOOL,V2-Jaydin krok,true,bWGfJhzywnJqZx9jy,No,,MYybcL4ntNLDfPjZt
UMSOBOMVU PRIMARY SCHOOL,KHOLWANI11,false,yosPEwbpHXKzDcu9H,Yes,,2Qm9dY2unum62oDu7
KGOMOCO PRIMARY SCHOOL,Joseph verified,true,TbpxYJR6iZbbFKECM,No,,METTMMRQRhoWxKdRt
KOKOSI PRIMARY SCHOOL,Symps,true,PjX2yjE6NaMs7BWR7,No,,sfgS3CrJFoTBvFQ72
REAKGONA PRIMARY SCHOOL,Tamir Shklaz\,true,NEnv6rddDjheZpGd8,No,,WdTssNZoaRHCT3LMG
NKABINDE PRIMARY SCHOOL,V2 Yossi Bank,true,yFrq9TYeMfyaAja5W,No,0,LrmX8FAuJMKckWE6c
JOB MASEKO PRIMARY SCHOOL,KHOLWANI12,true,K3nFrncu9c6fAv37x,No,0,7Lt26udxHfpKtyAwY
BUHLEBEMFUNDO SECONDARY SCHOOL,Joseph verified,true,2S2wmhAbWFzEJBgqq,Yes,,Ch6HJ6DZmFCYxKkww
NKUMBULO SECONDARY SCHOOL,Pontsho4,true,uQXhSgZCvy3wKXRs2,Yes,2,2G6DH4Aiu8dpRQyrD
LETSATSING COMBINED SCHOOL,SABELO 1,true,QgrH6dStWKdBmSgbR,Yes,,hBG3H9epZYnScCbtp
TLHOLO INTERMEDIATE SCHOOL,Joseph1,true,AZfm4LgKJAjmuNBZC,Yes,,bPfY5thaXn4EAdkXw
ENDULWENI PRIMARY SCHOOL,Joseph verified,true,Qp4gq2TGJSktoQ7sT,No,,ocFaNqXzeBvD5hiAZ
ORANGE FARM PRIMARY SCHOOL,V1,true,jLJacssf9CgLRWx9b,No,,kY8pdvG9t8eN5CY4h
ISEKELO PRIMARY SCHOOL,Joseph verified,true,aCmC5yP9xSXRCDzeC,No,,rRCnvnKF3KB68xQfw
BUD MBELLE PRIMARY SCHOOL,SABELO VERIFIED,true,omrGuBfY4SXRQH2L9,No,,bf5Ltec4dXsz7pEX9
NCHABELENG PRIMARY SCHOOL,KHOLWANI9,true,3LGATcnDD7ffLMcq8,Unsure,,5iHufHeS6B2XBsHTB
ZAMANI PRIMARY SCHOOL,Sympathy Varified,true,4GHvEohBq5r7gc6oH,Yes,1,sfN5HAvKti5hRvPxZ
MODUOPO PRIMARY SCHOOL,Zanele V1,true,Cm4aMRAW2jgbqx48z,No,,Q2SemXMcpEX5NfYsD
MOKGOME SECONDARY SCHOOL,Joseph verified,true,e3HNcyvzdD5MCFWTL,Yes,3,QBmBALzw89kwmHz2B
BONA COMPREHENSIVE SCHOOL,SABELO VERIFIED,true,yY4eS3trG7Wc6W3DK,Yes,1,xsLXqpcynPeYTwiXE
ESIKHISINI PRIMARY SCHOOL,Joseph verified,true,ZzHrnoDQLXmfNMnHk,No,,CoWKa7AHpYehwgjN4
DAVID HELLEN PETA SECONDARY SCHOOL,Joseph verified,false,TfCM5snxJGK4sncZh,Yes,1,BpGigPup4eyijh28x
GOROGANG PRIMARY SCHOOL,Pontsho5,true,LWttEmWNNyDaNBBLh,No,,fkuEy7WKs5HL2NM6z
LEBOWA PRIMARY SCHOOL,Joseph,true,9ZP5KGcfG4HjvTv7S,No,,KhtEcF9mnhkNyqnW3
SELOPE-THEMA PRIMARY SCHOOL,SABELO VERIFIED,true,zQrPiFaBbM7WiLfgp,No,,Kqq9XsRqsRQM6PjGn
GAHLANSO PRIMARY SCHOOL,Zanele V1,true,X4eevqxhWWm2tiMPb,No,,WeXHdZMumEMFyckHq
BOPASENATLA SECONDARY SCHOOL,Joseph verified,true,KDjA2CseHDxXnwPGd,Yes,1,cDYo2z98FGZzNHPMM
MUZOMSHA PRIMARY SCHOOL,KHOLWANI18,true,hvngFLEvygLhPkfng,No,,NTo8EK8jnLkjB93Hd
DINOTO TECHNICAL SECONDARY SCHOOL,Tshepo3,true,phA7f4R9mEsWDhZEC,Yes,2,pqm6NksjcwAhrDwyH
JORDAN SECONDARY SCHOOL,Sabelo1,true,PETDcjYgdEmQaM8GM,Yes,5,ZQvS49GgfM6XNnqij
RETLILE PRIMARY SCHOOL,Jake Pencharz,true,cTr5JDQpCedkzfEFS,No,,y8vNYzZpy3A9BHx6W
NQUBELA PRIMARY SCHOOL,Sympathy Varified,false,iNfFtzXgoMfXPNZfW,No,,mobhBo8uKGxkvNsjR
PHUTHADITSHABA PRIMARY SCHOOL,SABELO VERIFIED,true,dW6tdNg3w7YC3qNhp,No,,ojqksxwnmxWXpM8n6
LESHATA SECONDARY SCHOOL,Sabelo verified,true,ynxgyZfifzvRFkwCH,Yes,1,opzRuPL9N8RSzCNsi
HLANGABEZA PRIMARY SCHOOL,Symps,true,p56ZrQEEy39CWsfPT,No,,uyB7xpWYkTuuhsLzS
ROLIHLAHLA PRIMARY SCHOOL,Tshepo2,true,RZL6fQ9HEqr3x5A3t,No,,Qzm8u4imxajBRWLE5
KHANGEZILE PRIMARY SCHOOL,Pontsho9,true,JuhdXLzRY3WsLWdBo,No,,KDmkojmtPfcEEQ3vv
QHAKAZANI PRIMARY SCHOOL,tshepo20,true,7rqWH5JBiCgcALHd4,No,,Y2gH7TZojYSgJ6J3i
TLHOKOMELO PRIMARY SCHOOL,Joseph1,true,nvqYYz7qsByp72BTp,No,,y3Rzmw2pDYqioZ8WC
HULWAZI SECONDARY SCHOOL,Tshepo1,true,w7JBwQn8sLnRGGj6N,Yes,4,Tnm69CSqqbdHg9obr
MAKAPANE PRIMARY SCHOOL,Joseph verified,true,zZ5QNhNNPq95i9sKT,No,,X4uSNwu6z2y2MdNwA
DUMEHLEZI INTERMEDIATE SCHOOL,Joseph verified,true,eEJdfgw5rGmHjwe2B,,,uvAsG8PGNZNED5pxz
Nxineni Primary,Nxineni Primary,false,oTwfyXdk2BnLFW2M5,No,,eiaeXipXaywPNGZ7X
JOB RATHEBE PRIMARY SCHOOL,Sabelo verified,true,kcnxrSdStmkZxgwNS,No,,4z6ESappfnPWNQ98D
CHARLOTTE MAXEKE SECONDARY SCHOOL,V2 Yossi Bank,true,8v34prERpigfaDLTz,Yes,1,HMfiK9msnxvBpZRTv
TSHIRELETSO PRIMARY SCHOOL,Joseph1,true,TK6HXkiP8NH3EznSk,No,,syBSsyuaG3J2rk8ky
DR WF NKOMO SECONDARY SCHOOL,Sympathy Varified,true,eYheRaWhT5XzYzDFb,Yes,1,u2mAvGSYipuFCETW2
KHOMANANI PRIMARY SCHOOL,SABELO VERIFIED,true,WLt3Zs5QzXYfoc8uX,No,,myEbntbNmwtRJAXXn
BOPHELONG SECONDARY SCHOOL,Joseph verified,true,X79Aw6mgT5JwcqBZk,,,AQmqsTKLbbQgfAmzP
MONTSOSI PRIMARY SCHOOL,SABELO1,true,NjCBpEtAS8QydWcuX,No,,rCApJ97XLJY5xuoJY
IMFUNDO MIDDLE SCHOOL,Tshepo25,true,n5RwJDadsnScB5XrA,No,,pamnvbjX3nHtQtv4D
IKAGE PRIMARY SCHOOL,Sympathy varified,true,EYqkvNNt97QLN4pic,No,,NY3CpQoLXKGkXkq8b
TSHIRELA PRIMARY SCHOOL,Joseph verified,true,w5mNNeTmXKFp5vsH6,No,,93KanXF8i8wGs4YKw
DR KNAK PRIMARY SCHOOL,"SABELO VERIFIED
pontsho 20",true,nXBMusExn5omehD3E,No,,FkDMg4ekjDHWExDuv
MABUYA SECONDARY SCHOOL,Joseph1,true,QgfYRujfKyJpt6nFC,No,,656hyBavtd4QHF6yx
THUTO KITSO SECONDARY SCHOOL,sabelo1,true,yy97AivS3xQ8wjX8x,Yes,,2zRbjDBfz4zB8Tv6q
REAMOHETSOE PRIMARY SCHOOL,V2-Jaydin Krok,true,F2ZJBuvYew5rzBoqm,No,,zpLEh72kC58ryRpxt
THUTHUKA PRIMARY SCHOOL,SABELO VERIFIED,false,LY6JAEYdTNoHn2Cck,No,,q7rLbRb4nxtPxfoSc
THETHA SECONDARY SCHOOL,SABELO VERFIED,true,vzs5qjTqfv2ZuMWSQ,No,,dnFyeB4sC6kfmj2Q6
BATLOUNG INTERMEDIATE SCHOOL,Symps,true,TgHLRu6LxXHbG7kuN,No,0,FEAD8jBu7LbHezy2j
ENTSHONALANGA PRIMARY SCHOOL,SABELO VERIFIED,true,J2ZPERzkssNe4s4Ry,No,,qYqekSfSRExjXJrGM
PATOGENG PRIMARY SCHOOL,Joseph verified,true,9re8EBARKhMNTMgLD,No,,Rvf9JkpRBRozBsyiq
EMMANUEL PRIMARY SCHOOL,Joseph verified,true,5SXzuiGPqmTLMo3zd,No,,DwG2tAAFC8W79Ckxx
MADUME PRIMARY SCHOOL,SABELO VERIFIED,true,dLZPavQyHH7Lg8YLz,Yes,1,r5bdwdb45e7jr6JZB
MATSIE STEYN PRIMARY SCHOOL,Joseph verified,true,jFZuWxuFm2fd9MK94,No,0,74LtY73iZk5nAgKN4
AHA-THUTO SECONDARY SCHOOL,Sabelo verified,true,5aepNQJjL2FM9SJjf,Yes,1,5PhvChXDzSoaBymWp
TIYANI Junior secondary SCHOOL,SABELO VERIFIED,true,niQ3MLvAfLncYKGqs,No,,gZKefKr3T7kQ7yZdd
UNITY SECONDARY SCHOOL,Tshepo3,true,h8yCNfRaCAS5Qj5mr,No,,68f6ufafjEtTD87dK
LANGAVILLE PRIMARY SCHOOL,Sympathy varified,true,XcXZ4xKD2okDYeX32,,,3uXaw9N4tJkFZKXSt
POELANO SECONDARY SCHOOL,Joseph verified,true,x8WhgNCu9qGKqiRBd,Yes,1,S3LbwsmZGkiiekXEX
NOMINI PRIMARY SCHOOL,Sabelo verified,true,h6G3f3aCT6Mc7TMYp,No,,Sue8DWeGKHPKAyQBi
HLABANGANE PRIMARY SCHOOL,Joseph verified,false,SJ7AN8R2WKMh9jrhR,No,,A9g2JXbafa9hggA23
THOPODI PRIMARY SCHOOL,SABELO VERIFIED,true,MtQZjTeoN5egKWerx,Yes,1,eaN2HpTXfZTyuJHLY
REAGILE PRIMARY SCHOOL,Freddy11,true,GufmLsEooqNFf93yx,No,,3CZM6LyxfbGxQ676w
RESIDENSIA SECONDARY SCHOOL,Symps,true,r4LzFB6L5QrYWHwbi,Yes,2,Sa8QfeRArxjpbStqt
MASISEBENZE COMPREHENSIVE SCHOOL,Zanele V1,true,BYqZGh44LssRy3Y23,No,,vQsgY2cMuHRHHxN5X
TSWELOPELE SECONDARY SCHOOL,Zanele V1,true,Cda3YNGoKhu86j5TY,Yes,1,bHZpmA7SpQzx29CQk
LESEDI LA KRESTE ANGLICAN PRIMARY SCHOOL,V2-Jaydin Krok,true,YzqMyFQyK2PQ7WHqs,No,,BL89Y49hLjtAgtj9C
MOHLOLI SECONDARY SCHOOL,symps,true,yYADev9PGHe7Qmgwk,Yes,,Pye3fvQETS2TCPKyt
UMTHAMBEKA PRIMARY SCHOOL,Freddy12,true,iGTZbHQvsd2gkoGA6,No,,MrCRY4JkG2RtXRzjf
MOSHOESHOE PRIMARY SCHOOL,Joseph verified,true,vMJm8YPhZxnZz5pup,Yes,,vPSPXjGpC6ABc9Szc
BOVET PRIMARY SCHOOL,Joseph verified,true,7jTwoqsWHSisSS2tn,No,,JMwctXTYdunvweNYD
KAMOHELO PUBLIC SCHOOL,Joseph,true,sosZZQiS7gB2omu7Z,No,,hk4XMrnHxTastfL7s
MOSIOA PRIMARY SCHOOL,Joseph verified,true,uCcF9HAsbwL7nz7yB,No,,AGiLx4gigQqYMN4fT
IPONTSHE PRIMARY SCHOOL,V2 Adam Dison,true,2YqMRgMNtE7g7Kh4Y,No,,x39JZC9Q749pXeEbY
KENNETH MASEKELA SECONDARY SCHOOL,Pontsho7,true,Mk7EuHSkzSDEFdYce,Yes,2,yuLFP8PQcXB6aAAm6
EVATON PRIMARY SCHOOL,kholwani23,false,tpKaqCs5mSmYbR86M,No,,2gqMBsR5BKHB3TEv6
BOITUMELONG SECONDARY SCHOOL,Zanele V1,true,vrrC7GRs7dDeZr2Wz,Yes,2,XYLgc3p2tmFJ6nGJb
SOZIZWE PRIMARY SCHOOL,Tshepo3,true,J79LJJCfJsZPpsmyv,No,,6yXgt6quvcZfmQiWf
CAIPHUS NYOKA SECONDARY SCHOOL,Joseph veried,true,x4w7XBNKXyn9i9Wdm,Yes,,dLHdmSdFbLWF2kJqy
zitha primary,sabelo1,true,MvipqKbDxd8KxxfH5,No,,k652o58moXsybbDfm
TSITSIBOGA PRIMARY SCHOOL,SABELO1,true,XoWBaaEWmE2Pndafw,No,,hrfAaJLuuBvdukdf9
TSWELELANG PRIMARY SCHOOL,Joseph verified,true,xPsrtLbxDLREMx8NC,No,,Dddj3YJBuiuGmAQFQ
JABULILE SECONDARY SCHOOL,SABELO VERIFIED,true,FktaZJQEa2yRirPdp,Yes,1,GdT4e3QnaH2fX4vAA
ALEXANDRA SECONDARY SCHOOL,Jake Pencharz,false,CFLqfbGLi2eYk8GgD,Yes,2,dmcSwWf7Zcge6eHR8
FRED HABEDI PRIMARY SCHOOL,Pontsho11,true,fzyS2ax3KyDmRAToK,Yes,1,qCqx8rN4JLCHpEwF4
THEMBALIKAZULU PRIMARY SCHOOL,KHOLWANI10,false,Tb95oJXGACRR8CxKT,No,0,jSDZSbr7cMPKgibe7
PHOMOLONG PRIMARY SCHOOL,Sympathy varified,true,kYqtpoXe5acCgDpjp,Yes,1,J8iGazpt3MwprEvbp
BOTLEHADI PRIMARY SCHOOL,Sabelo1,true,AdpQzhFCSfCkqWLN5,No,,FpTsqHm4D3ttwK8dY
SHADRACK MBAMBO PRIMARY SCHOOL,Sympathy Varified,true,Sexbn7BXLM3DKnq8e,No,0,7sAKJvmox8vK6GJBv
BATHOKWA PRIMARY SCHOOL,SABELO VERIFIED,true,9zTg6sdmpmcLC37Mo,No,,P4wqK6rnJQahfhFTr
