school_name,survey_name,isverified,_id,hasnutritioncentre,nutritionprogram,comment,version_id
SEEISO PRIMARY SCHOOL,Joseph verified,true,5utonA8qR2wZmfBer,Yes,Works well,,LZ7sJWsXTML9asLdD
LEFIKA PRIMARY SCHOOL,V1,true,x39Yc9WeK4RFsFJws,Yes,,,GaE7jrBwPxNR4AK72
LOTUS GARDENS PRIMARY SCHOOL,Joseph verified,true,ZsQEfMkJAGNKAMhNw,Yes,Works well,,hJppCjP9YgzQPhsxp
MELODI PRIMARY SCHOOL,V2 - Daniel Kartun,true,bGbp5WxTQdQapyvZ8,Yes,Works well,,6nyrh8pzbNxMHyu4J
FADIMEHA PRIMARY SCHOOL,Joseph verified,true,kd8rH85f3yK4ntvBR,Yes,Works well,"It's clean, but has no kitchen and sink",ZMuo7tqss7QrYPuwZ
DR HARRY GWALA SECONDARY SCHOOL,Tshepo3,false,9BhSKHyRgbeG2mz2p,Yes,Works well,,SNuf4DBJszmQrAzS4
ZITHEMBENI PRIMARY SCHOOL,kholwani21,true,754Crizsz7svHKbi6,Yes,Works well,,2rqTjwusZ8tc8nbYt
MQINISWA PRIMARY SCHOOL,Joseph verified,true,rmNGoWpbTRBX5thbG,Yes,Works well,,6XmRH2cDbjXJd8Zri
INKONJANE JUNIOR SECONDARY SCHOOL,V2 Yossi Bank,true,75M5ibvLhwwjJ5wLH,Yes,Works well,,Zyuc4wPBmxQPcNyjF
LEFA-IFA SECONDARY SCHOOL,KHOLWANE13,true,pCL9nw8Z5ZnkZYxEm,No,No nutrition program but school needs one,,5QzLWMPF8grmhh3G5
MASHEMONG PRIMARY SCHOOL,Joseph verified,true,3NrbrFBNN89EsDg2a,Yes,Works well,,wfdMKsnKg56v7y6uJ
ZITHATHELE PRIMARY SCHOOL,Joseph verified,true,Hk9rBr7rWywurckAc,Yes,Works well,,sXauHMaoiXsoSamWK
REKGUTLILE PRIMARY SCHOOL,SABELO VERIFEID,true,WsXuFjaWS27aaS5s4,Yes,Works well,,9NYELJLrE2z96eKGu
QEDUSIZI PRIMARY SCHOOL,Pontsho8,true,AKt4AvBhw7oQjjxMy,Yes,Works well,,tC7ee9TXmJ8oDEcRe
FUNUKUKHANYA PRIMARY SCHOOL,KHOLWANI3,true,3mpwNG7ZaJ7T8Crt3,Yes,Works well,,55foHoJLBDfwGwTWD
VULAMAZIBUKO PRIMARY SCHOOL,V2 Yossi Bank,true,newXn9dvEX7LQkRNH,Yes,Works well,Works well but not enough equipment,4F5Qwq5cmL34WsvHP
MABOELLENG PRIMARY SCHOOL,Joseph,true,KGuehx2pJbNy5HJXu,Yes,Works well,,3XdLNoiuCRA5T5Dfc
GEORGE MBILASE PRIMARY SCHOOL,Joseph,true,bXEKBA8WswYbuMsuz,Yes,Works well,,bMEYkfLEMjEHiTFux
MANGWELE PRIMARY SCHOOL,SABELO VERIFIED,true,xt8ei9e5qnMYjLasc,No,Works well,,HZFjNDTejF5ga78Sx
ZITIKENI SECONDARY SCHOOL,SABELO VERIFIED,false,xMSGQPJHmRm77Ff8x,Yes,Works well,Their nutrition programme includes a variety of vegetable and fruit.,A7HS55Lmpv7eWduhv
TSAKANE PRIMARY SCHOOL,Sympathy Varified,true,XwtzRxQaZw3evQSwo,Yes,Works well,,MYuCFef7Fjt8yRX8d
LEBONE PRIMARY SCHOOL,KHOLWANI7,true,3aaaA5oXBpPyyCiYg,Yes,Works well,,drsWF9n9G7CxbrANB
Radibapi Primary,sabelo,true,gvyKEiPwSc5TF3noM,Yes,Works well,,Acd6f7D8RbhpthZHN
PHAMEHLO PRIMARY SCHOOL,Symps,true,vwF2GFZucuaMJ9SK4,Yes,No nutrition program but school needs one,there is no celling no carbords. floor is cracking no frigde to restore at all,eg2P5ZFGTcwctmdcA
ORLANDO SECONDARY SCHOOL,SABELO VERIFIED,true,QvWksFuRkEz9wWT63,Yes,Works well,,XKxt23fR8Fujkyiim
DITAWANA PRIMARY SCHOOL,pontsho 21,true,Jou6WdCmtqtaqNLpX,Yes,Works well,,LBujyFwCgPkGzWSZy
SECHABA PRIMARY SCHOOL,KHOLWANI14,true,zcDn5sEChSDp2d8uk,Yes,Unsure,,ufaeHuMMa97ge5aCK
PHOMOLONG SECONDARY SCHOOL,V2 - Adam Dison,false,sQn7mtRveP37tMyGH,Yes,Works well,,xuTGawqPYaYusxnm8
LEJOELEPUTSOA PRIMARY SCHOOL,Freddy4,false,bYaYH69Qrv9aduCCL,Yes,Works well,,EtsNuLzuvqcqdM943
TEMBISA WEST SECONDARY SCHOOL,Freddy10,true,MQm3JWMJDXarPypoF,Yes,Works well,,4avNjjRgrzrEpwKMN
DR NHLAPO INTERMEDIATE SCHOOL,Joseph verified,true,CF3okYBX7LBMT694w,Yes,Works well,,Hjqy94n4PwNqwN5uA
O.R TAMBO PRIMARY SCHOOL,Zanele V1,true,D89RFqJiEcKQavCSk,Yes,Works well,The condition of the nutrition centre is very good and clean but they use a class.,Gfj3WRS3Y8w4dmyph
ZENZELENI PRIMARY SCHOOL,Sympathy Varification,false,KqqJpXTDNYZAkKRRw,Yes,Works well,,hTroeBPPurCSNxDGe
EKUKHANYISWENI PRIMARY SCHOOL,SABELO VERIFIED,true,qdNaZ2wwiFbp6vK4n,Yes,Works well,,EbrJ8dHAyrQTpSaNj
TLAKULA SECONDARY SCHOOL,Sympathy Varified,true,yZ8AvkZ3476fW7ABT,Yes,Works well,THE EQUALISERS ARE HAPPY WITH THE SCHOOL NUTRIITION CENTRE,uiiC6LpdXHBickDqX
TLHAKANANG PRIMARY SCHOOL,Tlhakanang Primary School,true,kfe8aGDdESukwETiu,Yes,Works well,,3acdePaA3PaTzXLaP
OR TAMBO PRIMARY SCHOOL,Sympathy verified,false,xreJ7eACZhSquxFS7,Yes,Works well,The condition is very good but they use a class as nutrition centre.,xp2bxhMm4Yoeu9jho
PHUTHULLA PRIMARY SCHOOL,Joseph verified,true,BJurndDgT8iGChHjg,Unsure,Works well,,pRKnFJGLubdAiTZEy
SEOTLOANA PRIMARY SCHOOL,Zanele V1,true,T2TGSnMgQGEQXTeAW,Yes,Works well,,Qmhp6bLYHrRTc42wc
EMMANGWENI PRIMARY SCHOOL,Zanele v1,true,XJ2pmhRLGumD279S6,Yes,Works well,The nutrition is in a good condition at its own separate place and it works well.,SeRiR2xnt35DWtRzX
SAULRIDGE SECONDARY SCHOOL,Sabelo verified,true,C7cR58r2TqvnFXpcB,Yes,Works well,,ZgR4zqFothSycL9hz
TSIMONG PRIMARY SCHOOL,KHOLWANI19,false,L7FBv7KwCH5nyCXHL,Yes,Works well,,jR3LMPDnnHi7xvLcp
REALO  SECONDARY SCHOOL,SABELO VERIFIED,true,QMEqn2GsBJRTogNFN,Yes,Works well,,6iixm3MYropadAMjX
SEDIBENG PRIMARY SCHOOL,Zanele V1,true,NEisPH8WB8oaaE2De,Yes,Works well,,8pdqiKPuW9emmvdMA
INKATHA KA ZULU PRIMARY SCHOOL,Tshepo1,true,tPeyxYyM3JnEazZeN,Yes,Works well,,srdTLx3pxML3nwKPr
SIVUSE PRIMARY SCHOOL,SABELO1,false,iiz893W4RtHchRfYb,Yes,Works well,,JeGKrkaqdgboxbxAd
N'WA MHINGA PRIMARY SCHOOL,V2-Jaydin krok,false,AK39XqMhmj3hfznv8,Yes,Works well,,S47bpHzXts94zC2ke
JABULANI THABANG PRIMARY SCHOOL,Sabelo1,true,wSd7WdBvsGMk7a3k4,Yes,Works well,,MtKWmrDmPtx6hTjXm
ZAKHENI PRIMARY SCHOOL,Sympathy varified,true,HnuypgvTRBHNs8vLh,Yes,Works well,,HKHTs5NYM9YcNKmA3
HOFMEYR SECONDARY SCHOOL,Joseph verified,true,mEj87ShutkNv8P6Kn,No,No nutrition program but school needs one,,Z9wz3QcLwmRfGuaeT
DITAWANE,Joseph verified,true,oa2MSweamqzPtgYFL,Yes,Works well,,ZQpQXXcpAjvZC2ony
WESTFIELDS PRIMARY SCHOOL,SABELO 1,true,pPrFXtJquxcf54LxS,No,No nutrition program necessary,,ghEZdTPoThhpWNWiw
PHELINDABA SECONDARY SCHOOL,Sabelo verified,true,Avsu5GbDXMAmXx55c,Yes,Works well,,yAYPTyMxnk5pj2zT9
LERESCHE PRIMARY SCHOOL,Joseph verified,true,zfFDxxE95QHcutWjQ,Yes,Works well,,giGaTXuXxZQxCGaMd
TSOELOPELE PRIMARY SCHOOL,Joseph verified,false,qiTPepFLN9uGECfcy,Yes,Works well,,ZrghZT93L2bSWSofg
JET NTEO SECONDARY SCHOOL,Sabelo1,true,w3LB5tJQCaXJzTLyM,No,,,RKz4SAhiQgbHCmTpZ
LIVHUWANI PRIMARY SCHOOL,SABELO VERIFIED,true,fyLWGnDBp5MoNTQzk,Yes,Works well,,PySjA6yQMoXAyS2z8
NYIKO PRIMARY SCHOOL,Freddy9,true,2ggqPaZ8n4LLxMCPH,Yes,Works well,The nutrition centre is very clean,6cFA5fAxPtQzaP5bz
TOKELO SECONDARY SCHOOL,Joseph verified,true,KgF4pNuDNdQXgsa2X,Yes,Works well,,WszeF9gAuQuHMNHLC
LEHLASEDI PRIMARY SCHOOL,Sabelo1,true,rEGkioico7Bq4LYLp,Yes,Works well,,efr9txWNfPHw3AhD7
GORDON PRIMARY SCHOOL,SFISO V1,true,Dw4TZW5QQhXSXmQYg,Yes,Works well,,qsXPNNQE3pWkdTbfb
MASIQHAKAZE SECONDARY SCHOOL,V1,true,PQcesLSBri7tYLjQF,Yes,Works well,,e6s5EEf389EeLo6Tz
MASIMINI PRIMARY SCHOOL,V2 Adam Dison,true,jDLH8qea84Nhws8zL,Yes,Works well,,E7KSgcfSqaoDb5BEE
LEEMA-MOKOTULI PRIMARY SCHOOL,Sabelo1,false,g5hz3ejR9ZAGd3WBd,No,Works well,need building for it,2smWdy5ZETPXoRrYG
SIBONELO PRIMARY SCHOOL,Sympathy verified,true,nFcS2E5fadZYjgAH2,Yes,Works well,,GQPE7rurt9bb7DM5a
IPHUTHENG PRIMARY SCHOOL,Sympathy varified,true,rCMnEJynET5AHECMT,Yes,Works well,,tqMTBWRbAuYsAqATz
LETSEMA-ILIMA PRIMARY SCHOOL,Symps,true,ucbvgzG2MsiHnXQXJ,Yes,Works well,,ZNXsgBEk2evJkTYso
BOKAMOSO SECONDARY SCHOOL,Zanele V1,true,ngATpqWPhzFAkvA7h,Yes,Works well,,H2wSN9EFbKzeSGjCh
KGOLAGANO PRIMARY SCHOOL,Joseph verified,true,hoPcXL3nbaXLPeRrf,Yes,Works well,,o6KRqZ8m5YyPCmxEu
Tsimona Primary School,Tsimona Primary School,false,oDHuKTqXyqBf3KgHb,Yes,Works well,,LJC3JBYxgkbi8GzAP
STEVE BIKO PRIMARY SCHOOL,SABELO VERIFIED,false,qP8eFRLohEyGQgRCr,Yes,Works well,,g6orxjw6EmCqYup83
STRETFORD EXT 8 PRIMARY SCHOOL,Sfiso v1,true,pv2tk6wFAfP3wMfxu,Yes,Works well,,4zo5MNwbBvTPykbFg
MEADOWLANDS PRIMARY SCHOOL,Tamir Shklaz,true,RLRAtzY8dnQsZXcuD,Yes,Works well,,ogTK6SAt8Ndg38xPc
WINNIE MANDELA PRIMARY SCHOOL,SABELO VERIFIED,true,WTdYwwWzin5cz55dJ,Yes,Works well,,qqTGPEnmDQRrarBSw
SELELEKELA SECONDARY SCHOOL,SABELO 1,false,Zopzke3rCYFWtyo3R,Yes,Works well,,Ayck7PmsY3mNr3gZQ
ZIMISELE SECONDARY SCHOOL,Pontsho3,true,KXv9QpE52myapphqT,No,Works well,,bEf9GjYAyqAqY3bhw
CARTER PRIMARY SCHOOL,Joseph verified,true,8oKyWrXqsZXZYMbBb,Yes,Works well,,tdRzrm36MQJ2raFea
MAHLAHLE PRIMARY SCHOOL,SABELO VERIFIED,true,bbi9kupvyHCmfRHuL,Yes,Works well,,YLYWLt3BFmbGuRHBQ
QUANTUM SECONDARY SCHOOL,Tshepo2,true,FMgntr8msMzc6mKq7,Yes,Sometimes or rarely works well,,cQQF5juB8JG3jNbNs
EMFUNDISWENI PRIMARY SCHOOL,SABELO VERIFIED,true,kXH2KpkWLrogfmkPh,Yes,Works well,,8TjXzm5mqedTkvZ5n
THOHO-YA-NDOU PRIMARY SCHOOL,Joseph verified,false,aJ98Wn8hfkfeRRfhY,Yes,Works well,,q7vvj7t7uptnim45G
SIPHIWE PRIMARY SCHOOL,Zanele V1,false,dQTkjkRx3N6GztKPa,Yes,Works well,,8EkWbb3qMosGvaWyT
KHULA SIZWE PRIMARY SCHOOL,Freddy7,true,guT6p5pPdwr3FDYYW,Yes,Works well,,ayNNoGKj3iCnECzSg
TOTOMENG PRIMARY SCHOOL,Joseph verified,true,EoA2ZsMcTvCKucnsr,Yes,Works well,The ceiling is falling,tMjiiRvEEAsNmSJGx
PUDUMO PRIMARY SCHOOL,SABELO 1,true,cptvmvTQxTeaMbxrC,Yes,Works well,,fXPmfwBo9N6rx7mLh
PHORORONG PRIMARY SCHOOL,Joseph,true,aXRhf4coypehSEnQE,Yes,Works well,,qs4DrHmATWN59Tptg
THEMBALIHLE PRIMARY SCHOOL,SABELO1,true,7sm4LtYxMGrDqHTke,Yes,Works well,,AHHiQixZscHdnSQpM
VEZUKHONO SECONDARY SCHOOL,Joseph,true,5J7sLRk8aCwqzghyQ,Yes,Works well,,8FucY8f4FTzL2XmhY
AMOS MAPHANGA SECONDARY,V2 Yossi Bank,true,S9zEM3CLF7Lk32twc,Yes,Works well,,ra2zX3jjBPguj6bc3
TEMBISA SECONDARY SCHOOL,V1,true,NzX5menszhLKvzA9y,Yes,Works well,,LTccQvtsRbQdnvd4x
DIEPDALE SECONDARY SCHOOL,V2-Jaydin krok,true,n3SuseDDQWELorXCm,Yes,Sometimes or rarely works well,,EyHGQ2ctZRGcPQ4Lc
NTOKOZWENI PRIMARY SCHOOL,Pontsho12,true,4ytoP29s3eeBBjrH8,Yes,Works well,,EtHDHYs97BCxasggi
PHANDIMFUNDO SECONDARY SCHOOL,SABELO VERIFIED,true,yta2ckAHJBdse369u,Yes,Works well,,tDKj5hfjzok3tbGs9
AB XUMA PRIMARY SCHOOL,V2-jaydin krok,true,9AcDRoxMTvj2sobKS,Yes,Works well,,r8FrZJWZGiB9zPmmc
TSIETSI MASHININI PRIMARY SCHOOL,Sympathy varified,true,2dZXKjLorCzp6wfwe,Yes,Works well,,n9gEojJ6K5eKYJ4c2
ZIFUNELENI JUNIOR SECONDARY  (COMB. PRIMARY) SCHOOL,SABELO VERIFIED,true,tJqGmR5FJo7yrz67q,Yes,Works well,,HE7QyZrdjZD4TwigW
VUYO PRIMARY SCHOOL,Joseph,false,j6n2ic6t3oq3x2DiM,Yes,Works well,Classroom used as kitchen,esLPjFoMCrf7aGwqS
MENZI PRIMARY SCHOOL,Sympathy varified,true,FL9RoEn4ce6wMdmF7,Yes,Works well,,eqJ28tbWRDYX6YPkp
SAPPHIRE SECONDARY SCHOOL,Joseph verified,true,F2XBuhhkm8KGcLRBh,Yes,Works well,,mu6wNPMzZ754NLLnE
LUKHOLWENI PRIMARY SCHOOL,Joseph verified,true,P35X245PzM7kkHLB3,Yes,Works well,,gpABZNKAeZxGARLNE
LEBOHANG SECONDARY SCHOOL,Sabelo1,true,62rDBj5sy97DkRqY4,Yes,Works well,,KrNZ7H2XmHuPpHRrN
EAST BANK HIGH SCHOOL,Sympathy varified,true,zZqLmqiSABs9CBroY,Yes,Works well,,LD7hazozFmAuLNBgP
THUTO LORE SECONDARY SCHOOL,Tamir Shklaz,true,QCRExvgrgrw5YdAsP,Yes,Works well,,A82Sqxg6dWo9BjRw7
KUZIMISELA PRIMARY SCHOOL,Tshepo,true,YPzYvH9ETNTgvKBEt,Yes,Works well,,HushLZncKDsTyJhfN
DITAU PRIMARY SCHOOL,Sympathy varified,true,o2ye7dsFPfoSBSTq4,No,Works well,,SDQzcRxtroyWa7uGB
INXIWENI PRIMARY SCHOOL,Freddy8,true,LwJhJRjMRHAZ34yxw,Yes,Works well,,g2zngXhSLP6Xe7qtg
MOGOGODI PRIMARY SCHOOL,Joseph1,true,REw6QtppCbnNAb5Fc,Yes,Sometimes or rarely works well,"there's no electricity in the nutrition room, and they fetch water outside.",rgipwMLK9skQK2EuA
PHUTHUMANI PRIMARY SCHOOL,Sympathy Varified,true,guxR3dSGurLkC932q,Yes,Works well,,6ZNqRnThWfJTjmtzh
MICHAEL ZULU PRIMARY SCHOOL,Sympathy varified,true,hqA9eDNdHvWbJwaqa,Yes,Works well,Load shedding is barrier,3tbjfT8zZ2fPGfiwc
ITHUTE PRIMARY SCHOOL,Sympathy Varified,true,67cuyY9xNJptQjtcw,Yes,Works well,,tkbM3Jp4KjPx4H5qC
ITSEBENG PRIMARY SCHOOL,SABELO1,true,5XRMNdW4niiJkrxLF,Yes,Works well,,bAExKd8RN5BhHzb3z
LABAN MOTLHABI COMPREHENSIVE SCHOOL,Pontsho6,true,4duhFrfXFgjZowepD,Yes,Works well,,922NEXkq8CZy6PH7L
GOVAN MBEKI PRIMARY SCHOOL,Sabelo verified,true,gvLfft4qFzAwhN5gs,Yes,Works well,,dBu8rGN6ZLKj4rb4e
MOYISELA PRIMARY SCHOOL,Sabelo verified,false,MjsQfJiKLkudQdmJH,Yes,Works well,,XTL9gvLr9S2MmMsjJ
BHEKIMFUNDO PRIMARY SCHOOL,Joseph verified,true,QBn2eH2iCNXYkz2hn,Yes,Works well,,JpDqQfLuuC9qJrici
NTSELE PRIMARY SCHOOL,Sabelo1,true,HAvz2XGDgAXNS6xzz,Yes,Sometimes or rarely works well,,aQ4BMeoFWmo4HrHqF
SAKHELWE PRIMARY SCHOOL,Pontsho 10,true,ZD7qQSt7hBuDMmLyN,Yes,Works well,,7jdhLaYzWcCtFduQg
THUTOLORE SECONDARY SCHOOL,Joseph verified,true,8krcvjZ3TsnAonRRP,Yes,Works well,,BwK89vufnm6iCSJhQ
SELIBA PRIMARY SCHOOL,Joseph verified,false,RNbA6Geapx5Azk5Yc,Yes,Works well,,RHG8484wnsaqifrig
KGALEMA PRIMARY SCHOOL,V2-Jaydin krok,true,uuyQBGDgPNKkrCBy7,Yes,Works well,,MYybcL4ntNLDfPjZt
UMSOBOMVU PRIMARY SCHOOL,KHOLWANI11,false,GCmtWekHjXpR9YeZb,Yes,Works well,,2Qm9dY2unum62oDu7
KGOMOCO PRIMARY SCHOOL,Joseph verified,true,7e84SdnjtDw64diBC,Yes,Works well,,METTMMRQRhoWxKdRt
KOKOSI PRIMARY SCHOOL,Symps,true,7ws8L6G8gvhkZrbYe,Yes,Sometimes or rarely works well,It is a stark not big enough for six staff,sfgS3CrJFoTBvFQ72
REAKGONA PRIMARY SCHOOL,Tamir Shklaz\,true,nWtRAiQQ5Z6rwWFxg,Yes,Works well,,WdTssNZoaRHCT3LMG
NKABINDE PRIMARY SCHOOL,V2 Yossi Bank,true,opioNMzmKic3tHpfE,Yes,Works well,,LrmX8FAuJMKckWE6c
JOB MASEKO PRIMARY SCHOOL,KHOLWANI12,true,i2ua7YrKi3NXymYZt,Yes,Works well,,7Lt26udxHfpKtyAwY
ISIZIBA PRIMARY SCHOOL,V1,true,gLxbutyX9wBm93kpM,Yes,Works well,,vZkChYaMACHarXWxC
BUHLEBEMFUNDO SECONDARY SCHOOL,Joseph verified,true,qpPqpyxyDNrwHdxCa,,,,Ch6HJ6DZmFCYxKkww
NKUMBULO SECONDARY SCHOOL,Pontsho4,true,wqEAjEpDQfdDyYXy2,Yes,Works well,,2G6DH4Aiu8dpRQyrD
LETSATSING COMBINED SCHOOL,SABELO 1,true,XpHQ8fSKebR3rnJ4F,Yes,Works well,,hBG3H9epZYnScCbtp
TLHOLO INTERMEDIATE SCHOOL,Joseph1,true,MLuAgti6vArbn8ZN2,Yes,Works well,,bPfY5thaXn4EAdkXw
ENDULWENI PRIMARY SCHOOL,Joseph verified,true,HuXgNkxBjqNZnfXLM,Yes,Works well,,ocFaNqXzeBvD5hiAZ
ORANGE FARM PRIMARY SCHOOL,V1,true,agQfihGnbqNNfcYfx,Yes,Works well,,kY8pdvG9t8eN5CY4h
ISEKELO PRIMARY SCHOOL,Joseph verified,true,rFJKputxZMmgLXEWr,Yes,Works well,,rRCnvnKF3KB68xQfw
BUD MBELLE PRIMARY SCHOOL,SABELO VERIFIED,true,sGxs4Z4Dq6cqdHccm,Yes,Works well,,bf5Ltec4dXsz7pEX9
NCHABELENG PRIMARY SCHOOL,KHOLWANI9,true,vKGmCo5zuB2uGXf8N,Yes,Works well,,5iHufHeS6B2XBsHTB
ZAMANI PRIMARY SCHOOL,Sympathy Varified,true,W42pGoiQFj3N5z7Bc,Yes,Works well,,sfN5HAvKti5hRvPxZ
MODUOPO PRIMARY SCHOOL,Zanele V1,true,DtNYvTdt5hP2AsXut,Yes,Works well,They have  nutrition programme for everyday of the week.,Q2SemXMcpEX5NfYsD
MOKGOME SECONDARY SCHOOL,Joseph verified,true,u2LturDS4wE6bBogJ,Yes,Works well,,QBmBALzw89kwmHz2B
BONA COMPREHENSIVE SCHOOL,SABELO VERIFIED,true,22taof3nhiTcie74X,Yes,Works well,,xsLXqpcynPeYTwiXE
ESIKHISINI PRIMARY SCHOOL,Joseph verified,true,bYiAqRvmSXLPauW89,Yes,Works well,,CoWKa7AHpYehwgjN4
DAVID HELLEN PETA SECONDARY SCHOOL,Joseph verified,false,RsARPazAftePEL78S,Yes,Works well,The nutrition centre is as an office one as a store.,BpGigPup4eyijh28x
GOROGANG PRIMARY SCHOOL,Pontsho5,true,mxRLKQeStZshNESKr,Yes,Works well,,fkuEy7WKs5HL2NM6z
LEBOWA PRIMARY SCHOOL,Joseph,true,ij3mGE73K97HvauSs,Yes,Works well,,KhtEcF9mnhkNyqnW3
SELOPE-THEMA PRIMARY SCHOOL,SABELO VERIFIED,true,pduKtfrve9cLWBL4z,Yes,Works well,,Kqq9XsRqsRQM6PjGn
GAHLANSO PRIMARY SCHOOL,Zanele V1,true,pSBt2qbMNho5sf4SN,Yes,Works well,,WeXHdZMumEMFyckHq
BOPASENATLA SECONDARY SCHOOL,Joseph verified,true,S3piyMJrFPdputFTE,Yes,Sometimes or rarely works well,,cDYo2z98FGZzNHPMM
MUZOMSHA PRIMARY SCHOOL,KHOLWANI18,true,8TCk2GFaAZZj3cB2S,Yes,Works well,,NTo8EK8jnLkjB93Hd
MVELAPHANDA PRIMARY SCHOOL,Freddy9,true,97aMqK2qfMZrDSHB9,Yes,Works well,,aMRD37JGNEmrz9FZ9
DINOTO TECHNICAL SECONDARY SCHOOL,Tshepo3,true,8pRYKeGH7tFbZz4BQ,Yes,Works well,,pqm6NksjcwAhrDwyH
JORDAN SECONDARY SCHOOL,Sabelo1,true,C4guMF9JsbjjLKz2n,Yes,Works well,,ZQvS49GgfM6XNnqij
RETLILE PRIMARY SCHOOL,Jake Pencharz,true,9zjKZ6sqe8turrSuY,Yes,Works well,,y8vNYzZpy3A9BHx6W
NQUBELA PRIMARY SCHOOL,Sympathy Varified,false,qmdmsHsRmAD2FPsPs,Yes,Works well,,mobhBo8uKGxkvNsjR
PHUTHADITSHABA PRIMARY SCHOOL,SABELO VERIFIED,true,sY6t97k7s29DZeinL,Yes,Works well,,ojqksxwnmxWXpM8n6
LESHATA SECONDARY SCHOOL,Sabelo verified,true,atXNyQgNds9TuzDQK,Yes,Sometimes or rarely works well,,opzRuPL9N8RSzCNsi
HLANGABEZA PRIMARY SCHOOL,Symps,true,8faZTz4wLJ9xXAkoA,Yes,Works well,,uyB7xpWYkTuuhsLzS
ROLIHLAHLA PRIMARY SCHOOL,Tshepo2,true,oXWPa7PMu3YjhAwv8,Yes,Works well,,Qzm8u4imxajBRWLE5
KHANGEZILE PRIMARY SCHOOL,Pontsho9,true,tFWtS4L5MNWjCpFPz,Yes,Works well,,KDmkojmtPfcEEQ3vv
QHAKAZANI PRIMARY SCHOOL,tshepo20,true,hrcPBG6MR5AWkw73e,Yes,Works well,,Y2gH7TZojYSgJ6J3i
TLHOKOMELO PRIMARY SCHOOL,Joseph1,true,d9sMwdob9wB23CoDn,Yes,Works well,,y3Rzmw2pDYqioZ8WC
HULWAZI SECONDARY SCHOOL,Tshepo1,true,ic79AKKoKs9HLzSNC,Yes,Works well,,Tnm69CSqqbdHg9obr
MAKAPANE PRIMARY SCHOOL,Joseph verified,true,QzTkXT4jgwnkqFDQh,Yes,Works well,,X4uSNwu6z2y2MdNwA
DUMEHLEZI INTERMEDIATE SCHOOL,Joseph verified,true,eiREjxYGfsxw3MaL6,Yes,Sometimes or rarely works well,,uvAsG8PGNZNED5pxz
Nxineni Primary,Nxineni Primary,false,h5v9L7AnGv78Lmmke,Yes,Works well,,eiaeXipXaywPNGZ7X
CHARLOTTE MAXEKE SECONDARY SCHOOL,V2 Yossi Bank,true,BnTu492buQrSb9H58,Yes,Works well,The environment used is not in a good condition,HMfiK9msnxvBpZRTv
TSHIRELETSO PRIMARY SCHOOL,Joseph1,true,A5ciAEJyBkovhSFnD,Yes,Works well,,syBSsyuaG3J2rk8ky
DR WF NKOMO SECONDARY SCHOOL,Sympathy Varified,true,REZG28JuYPa44ttn9,Yes,Works well,,u2mAvGSYipuFCETW2
KHOMANANI PRIMARY SCHOOL,SABELO VERIFIED,true,gTcwBSDH6opRkmhXK,Yes,Works well,,myEbntbNmwtRJAXXn
BOPHELONG SECONDARY SCHOOL,Joseph verified,true,NCfLQc6RTWzWuDenW,Yes,Works well,,AQmqsTKLbbQgfAmzP
MONTSOSI PRIMARY SCHOOL,SABELO1,true,PDfQjyBZcdoEcx4Py,No,No nutrition program but school needs one,,rCApJ97XLJY5xuoJY
IMFUNDO MIDDLE SCHOOL,Tshepo25,true,e8SPSJ6io6Q42WFtE,Yes,Works well,,pamnvbjX3nHtQtv4D
IKAGE PRIMARY SCHOOL,Sympathy varified,true,4ZPdnFAXjhDrzrqaH,Yes,Works well,,NY3CpQoLXKGkXkq8b
TSHIRELA PRIMARY SCHOOL,Joseph verified,true,T8T7ww3jBGder2ZYd,Yes,Works well,,93KanXF8i8wGs4YKw
DR KNAK PRIMARY SCHOOL,"SABELO VERIFIED
pontsho 20",true,AcPi9eGk49itrfdEv,Yes,Works well,,FkDMg4ekjDHWExDuv
THUTO KITSO SECONDARY SCHOOL,sabelo1,true,C2yQTNAt488b6MkE9,Yes,Works well,,2zRbjDBfz4zB8Tv6q
REAMOHETSOE PRIMARY SCHOOL,V2-Jaydin Krok,true,c59KfgMhXYJL9BZxn,Unsure,Unsure,,zpLEh72kC58ryRpxt
THUTHUKA PRIMARY SCHOOL,SABELO VERIFIED,false,9DuNoke3Fz7jiXc5y,Yes,Works well,,q7rLbRb4nxtPxfoSc
THETHA SECONDARY SCHOOL,SABELO VERFIED,true,GFxkuzKGKZf5YRHFh,Yes,Sometimes or rarely works well,,dnFyeB4sC6kfmj2Q6
BATLOUNG INTERMEDIATE SCHOOL,Symps,true,h7QkfZWi7CDrmWaiP,Yes,Sometimes or rarely works well,,FEAD8jBu7LbHezy2j
ENTSHONALANGA PRIMARY SCHOOL,SABELO VERIFIED,true,8yhSDmbChF637upqP,Yes,Works well,,qYqekSfSRExjXJrGM
PATOGENG PRIMARY SCHOOL,Joseph verified,true,CMDq7PsY7zv8B4Qsw,Yes,Works well,,Rvf9JkpRBRozBsyiq
EMMANUEL PRIMARY SCHOOL,Joseph verified,true,6KaH6yCKftzRD4Kpg,Yes,Works well,,DwG2tAAFC8W79Ckxx
MADUME PRIMARY SCHOOL,SABELO VERIFIED,true,3BEtuZKZGoGndoxHt,Yes,Works well,,r5bdwdb45e7jr6JZB
MATSIE STEYN PRIMARY SCHOOL,Joseph verified,true,4ZQHsJ9s4oRSqSwYk,Yes,Works well,,74LtY73iZk5nAgKN4
AHA-THUTO SECONDARY SCHOOL,Sabelo verified,true,P9uwrcyie3FA7squR,Yes,Sometimes or rarely works well,,5PhvChXDzSoaBymWp
TIYANI Junior secondary SCHOOL,SABELO VERIFIED,true,9z7zN2MrhHD9hHYsW,Yes,Works well,,gZKefKr3T7kQ7yZdd
UNITY SECONDARY SCHOOL,Tshepo3,true,Xguxpgubt4Z376e8n,Yes,Works well,,68f6ufafjEtTD87dK
LANGAVILLE PRIMARY SCHOOL,Sympathy varified,true,5rqnLj7yMXeFbWpes,Yes,Works well,"CLEAN,HEALTHY",3uXaw9N4tJkFZKXSt
POELANO SECONDARY SCHOOL,Joseph verified,true,H68ncArp8areAfsjf,Yes,Works well,,S3LbwsmZGkiiekXEX
NOMINI PRIMARY SCHOOL,Sabelo verified,true,HoJyeDomjiQeQ3pfX,Yes,,,Sue8DWeGKHPKAyQBi
HLABANGANE PRIMARY SCHOOL,Joseph verified,false,Bp7LCTsHJh2oHDCu9,Yes,Works well,,A9g2JXbafa9hggA23
LETSIE PRIMARY SCHOOL,KHOLWANI8,true,GGm5WZKwjJkfsy2WC,Yes,Works well,,gPuKrSrjRHYQAhofp
THOPODI PRIMARY SCHOOL,SABELO VERIFIED,true,EkCrHeJPuCA9G4tKR,Yes,Works well,,eaN2HpTXfZTyuJHLY
REAGILE PRIMARY SCHOOL,Freddy11,true,exDjufifFrbW7tA7f,Yes,Works well,,3CZM6LyxfbGxQ676w
RESIDENSIA SECONDARY SCHOOL,Symps,true,e3REbaYCiadSWNhcB,Yes,Works well,,Sa8QfeRArxjpbStqt
MASISEBENZE COMPREHENSIVE SCHOOL,Zanele V1,true,xAE9GeTBeZk6u5XzL,No,No nutrition program but school needs one,,vQsgY2cMuHRHHxN5X
TSWELOPELE SECONDARY SCHOOL,Zanele V1,true,7yJqunE8fL8vTCoDs,Yes,Works well,,bHZpmA7SpQzx29CQk
LESEDI LA KRESTE ANGLICAN PRIMARY SCHOOL,V2-Jaydin Krok,true,J7RdC9SPBeQPiepsT,Yes,Works well,,BL89Y49hLjtAgtj9C
MOHLOLI SECONDARY SCHOOL,symps,true,NwEarHur4W8s3qjYr,Yes,Works well,,Pye3fvQETS2TCPKyt
UMTHAMBEKA PRIMARY SCHOOL,Freddy12,true,SHyduTdskgCi5Rif2,Yes,Works well,,MrCRY4JkG2RtXRzjf
MOSHOESHOE PRIMARY SCHOOL,Joseph verified,true,Ncc4c5C5dw4Gn4ERC,Yes,Works well,,vPSPXjGpC6ABc9Szc
BOVET PRIMARY SCHOOL,Joseph verified,true,32CAeuCqxF5fPAqFk,Yes,Works well,,JMwctXTYdunvweNYD
KAMOHELO PUBLIC SCHOOL,Joseph,true,WgdHWfTWPgeuE3wpD,Yes,Works well,,hk4XMrnHxTastfL7s
MOSIOA PRIMARY SCHOOL,Joseph verified,true,6s5yXTappsceWwEeQ,No,Unsure,,AGiLx4gigQqYMN4fT
IPONTSHE PRIMARY SCHOOL,V2 Adam Dison,true,vqDmxbqWL6mYiZKnS,Yes,Works well,,x39JZC9Q749pXeEbY
KENNETH MASEKELA SECONDARY SCHOOL,Pontsho7,true,Xv6qcHPbqm6Dagv3k,Yes,Works well,,yuLFP8PQcXB6aAAm6
EVATON PRIMARY SCHOOL,kholwani23,false,hfeeuYknLtMrRHNdS,Yes,Sometimes or rarely works well,,2gqMBsR5BKHB3TEv6
BOITUMELONG SECONDARY SCHOOL,Zanele V1,true,hJ2x3rjTrb9Kght3n,Yes,Sometimes or rarely works well,,XYLgc3p2tmFJ6nGJb
SOZIZWE PRIMARY SCHOOL,Tshepo3,true,ZqTmteYPxoDtGjTBY,Yes,Works well,,6yXgt6quvcZfmQiWf
CAIPHUS NYOKA SECONDARY SCHOOL,Joseph veried,true,aJW6K9FcgzSX67qq3,Yes,Works well,,dLHdmSdFbLWF2kJqy
zitha primary,sabelo1,true,saYquzK36AcT8Bjbv,Yes,Works well,the kitchen has no furniture,k652o58moXsybbDfm
TSITSIBOGA PRIMARY SCHOOL,SABELO1,true,saEwayWtZhZbmaWi7,Yes,Works well,,hrfAaJLuuBvdukdf9
TSWELELANG PRIMARY SCHOOL,Joseph verified,true,gPuZzWitGjTGaSDLz,Yes,Works well,,Dddj3YJBuiuGmAQFQ
JABULILE SECONDARY SCHOOL,SABELO VERIFIED,true,Bp4wbftK2oCv5r3up,Yes,Sometimes or rarely works well,,GdT4e3QnaH2fX4vAA
ALEXANDRA SECONDARY SCHOOL,Jake Pencharz,false,SsELPHrGDLaMbE5PW,Yes,Works well,,dmcSwWf7Zcge6eHR8
FRED HABEDI PRIMARY SCHOOL,Pontsho11,true,MEizEFQSH6nndgNgA,Yes,Works well,They cook everyday and they cook healthy food,qCqx8rN4JLCHpEwF4
THEMBALIKAZULU PRIMARY SCHOOL,KHOLWANI10,false,txcA6oQWFSaizQyC2,Yes,Works well,THEY ALWAYS COOK SOYA(FOOD IMPROVEMENTS,jSDZSbr7cMPKgibe7
PHOMOLONG PRIMARY SCHOOL,Sympathy varified,true,wts3tHCumkygcttYv,Yes,Works well,,J8iGazpt3MwprEvbp
BOTLEHADI PRIMARY SCHOOL,Sabelo1,true,h2uSRfZiwomYwi4LL,No,No nutrition program but school needs one,,FpTsqHm4D3ttwK8dY
SHADRACK MBAMBO PRIMARY SCHOOL,Sympathy Varified,true,e7c2DspWe8T5XadKc,Yes,Works well,,7sAKJvmox8vK6GJBv
