Statistics for Gauteng Province,Number,Total observed,Percentage
Schools that do comply with N&S (per toilet),123,210,58.57
Schools that do comply with N&S (per working toilet),70,210,33.33
Schools that do comply with WHO standards (per toilet),47,210,22.38
Schools with over 100 students per toilet (per working toilet),31,210,14.76
Locked toilet blocks (percentage represents percentage of total toilet blocks observed),50,1159,4.31
Broken toilets (percentage represents percentage of total toilets observed),1087,5093,21.34
Broken taps (percentage represents percentage of total taps observed),958,3799,25.22
Irregular or no access to water,0,210,0.00
Primary schools with soap in toilet blocks,60,145,41.38
Primary schools with toilet paper in toilet blocks,58,145,40.00
Primary schools with sanitary bins in toilet blocks,70,145,48.28
Primary schools with access to soap via teacher,40,145,27.59
Primary schools with access to toilet paper via teacher,67,145,46.21
Primary schools with access to sanitary pads via teacher,45,145,31.03
Secondary schools with soap in toilet blocks,12,55,21.82
Secondary schools with toilet paper in toilet blocks,26,55,47.27
Secondary schools with sanitary bins in toilet blocks,15,55,27.27
Secondary schools with access to soap via teacher,2,55,3.64
Secondary schools with access to toilet paper via teacher,6,55,10.91
Secondary schools with access to sanitary pads via teacher,19,55,34.55
Schools covered in original GDE upgrades with outstanding sanitation challenges,,,
Schools not covered in original GDE upgrades with outstanding sanitation challenges,,,
