school_name,_id,name,startdate,enddate,isverified,school_id
TSHITSO PRIMARY SCHOOL,qNgGZm2CTNoa336qY,V1,,,true,25aYgPkZaSp4W98Sc
SEEISO PRIMARY SCHOOL,LZ7sJWsXTML9asLdD,Joseph verified,2015-04-25T00:00:00.000Z,2015-04-26T00:00:00.000Z,true,2CdfbFJXguorK94qK
LEFIKA PRIMARY SCHOOL,GaE7jrBwPxNR4AK72,V1,,,true,2hjdgSkdwexMqzQzN
LOTUS GARDENS PRIMARY SCHOOL,hJppCjP9YgzQPhsxp,Joseph verified,2015-04-26T00:00:00.000Z,2015-04-27T00:00:00.000Z,true,2kCbh8W54SDKDo7Gi
MELODI PRIMARY SCHOOL,6nyrh8pzbNxMHyu4J,V2 - Daniel Kartun,2015-04-27T00:00:00.000Z,2015-04-28T00:00:00.000Z,true,35BCz7JqqhekBAr57
FADIMEHA PRIMARY SCHOOL,ZMuo7tqss7QrYPuwZ,Joseph verified,2015-04-26T00:00:00.000Z,2015-04-27T00:00:00.000Z,true,3YpZ8R44xWbRZBcnE
DR HARRY GWALA SECONDARY SCHOOL,SNuf4DBJszmQrAzS4,Tshepo3,2015-04-10T00:00:00.000Z,2015-04-11T00:00:00.000Z,true,3qbofgHJxGRZS83Qg
ZITHEMBENI PRIMARY SCHOOL,2rqTjwusZ8tc8nbYt,kholwani21,2015-04-28T00:00:00.000Z,2015-04-29T00:00:00.000Z,true,3yxp9hsueB7EJ5RXe
MQINISWA PRIMARY SCHOOL,6XmRH2cDbjXJd8Zri,Joseph verified,2015-04-25T00:00:00.000Z,2015-04-27T00:00:00.000Z,true,44DgBedXuojbRPZ28
INKONJANE JUNIOR SECONDARY SCHOOL,Zyuc4wPBmxQPcNyjF,V2 Yossi Bank,2015-04-27T00:00:00.000Z,2015-04-28T00:00:00.000Z,true,46n4oyMnczZw2tJzv
LEFA-IFA SECONDARY SCHOOL,5QzLWMPF8grmhh3G5,KHOLWANE13,,,true,4LJWLPBWTtZZG8du3
KING DAVID HIGH SCHOOL (VICTORY PARK),tCtKh6DnzT7ZXMeHw,Version 1,2015-03-31T00:00:00.000Z,2015-04-02T00:00:00.000Z,false,4RdAodhbn5cykY9bf
KING DAVID HIGH SCHOOL (VICTORY PARK),siZhhkH29MMEnswvu,Version 2,2015-04-07T00:00:00.000Z,2015-04-12T00:00:00.000Z,false,4RdAodhbn5cykY9bf
MASHEMONG PRIMARY SCHOOL,wfdMKsnKg56v7y6uJ,Joseph verified,2015-04-26T00:00:00.000Z,2015-04-27T00:00:00.000Z,true,4iDQuLTfWizgi77wM
ZITHATHELE PRIMARY SCHOOL,sXauHMaoiXsoSamWK,Joseph verified,2015-04-26T00:00:00.000Z,2015-04-27T00:00:00.000Z,true,5Cg9DLfWgmYJt9c9C
REKGUTLILE PRIMARY SCHOOL,9NYELJLrE2z96eKGu,SABELO VERIFEID,2015-04-26T00:00:00.000Z,2015-04-27T00:00:00.000Z,true,5E7E8LdwQk5mN8SzJ
QEDUSIZI PRIMARY SCHOOL,tC7ee9TXmJ8oDEcRe,Pontsho8,2015-04-08T00:00:00.000Z,2015-04-08T00:00:00.000Z,true,5prheirjAwbuLafca
FUNUKUKHANYA PRIMARY SCHOOL,55foHoJLBDfwGwTWD,KHOLWANI3,2015-04-07T00:00:00.000Z,2015-04-08T00:00:00.000Z,true,6AYTGkkMTPEJvuWr5
VULAMAZIBUKO PRIMARY SCHOOL,4F5Qwq5cmL34WsvHP,V2 Yossi Bank,2015-04-27T00:00:00.000Z,2015-04-28T00:00:00.000Z,true,6Dq4eCtytGXrkKZnv
MABOELLENG PRIMARY SCHOOL,3XdLNoiuCRA5T5Dfc,Joseph,2015-04-25T00:00:00.000Z,2015-04-28T00:00:00.000Z,true,7NJX7fCmnPexvMctm
GEORGE MBILASE PRIMARY SCHOOL,bMEYkfLEMjEHiTFux,Joseph,2015-04-25T00:00:00.000Z,2015-04-26T00:00:00.000Z,true,7Z9iXgHc86ag9ZN9o
MANGWELE PRIMARY SCHOOL,HZFjNDTejF5ga78Sx,SABELO VERIFIED,2015-04-26T00:00:00.000Z,2015-04-27T00:00:00.000Z,true,7hYDkCSvtTtfgZT4t
ZITIKENI SECONDARY SCHOOL,A7HS55Lmpv7eWduhv,SABELO VERIFIED,2015-04-26T00:00:00.000Z,2015-04-27T00:00:00.000Z,true,7iLx2BKSXXzQAzgZu
TSAKANE PRIMARY SCHOOL,MYuCFef7Fjt8yRX8d,Sympathy Varified,2015-04-26T00:00:00.000Z,2015-04-27T00:00:00.000Z,true,7rBkk8yCFPSfvmtuE
LEBONE PRIMARY SCHOOL,drsWF9n9G7CxbrANB,KHOLWANI7,2015-04-07T00:00:00.000Z,2015-04-07T00:00:00.000Z,true,8kaaLjfjqaem9NM3H
Radibapi Primary,Acd6f7D8RbhpthZHN,sabelo,2015-04-25T00:00:00.000Z,2015-04-26T00:00:00.000Z,true,8oabbzc7iuhD5qd4o
PHAMEHLO PRIMARY SCHOOL,eg2P5ZFGTcwctmdcA,Symps,2015-04-25T00:00:00.000Z,2015-04-26T00:00:00.000Z,true,9CYsZozoyHucNv5Pt
ORLANDO SECONDARY SCHOOL,XKxt23fR8Fujkyiim,SABELO VERIFIED,2015-04-26T00:00:00.000Z,2015-04-27T00:00:00.000Z,true,9GXAdy5eGoaooitqc
DITAWANA PRIMARY SCHOOL,LBujyFwCgPkGzWSZy,pontsho 21,2015-04-20T00:00:00.000Z,2015-04-20T00:00:00.000Z,true,9LhJ56jMTXeQXaLk3
SECHABA PRIMARY SCHOOL,ufaeHuMMa97ge5aCK,KHOLWANI14,2015-04-10T00:00:00.000Z,2015-04-11T00:00:00.000Z,true,9QdZCixvMkkYuEni3
PHOMOLONG SECONDARY SCHOOL,xuTGawqPYaYusxnm8,V2 - Adam Dison,2015-04-27T00:00:00.000Z,,true,9R2gy3wRvgn2YPY8n
LEJOELEPUTSOA PRIMARY SCHOOL,EtsNuLzuvqcqdM943,Freddy4,2015-04-08T00:00:00.000Z,2015-04-09T00:00:00.000Z,false,9cJb3PzMJw36hKbkS
TEMBISA WEST SECONDARY SCHOOL,4avNjjRgrzrEpwKMN,Freddy10,2015-04-10T00:00:00.000Z,2015-04-11T00:00:00.000Z,true,9gqBpCL4tP3yzPLRL
DR NHLAPO INTERMEDIATE SCHOOL,Hjqy94n4PwNqwN5uA,Joseph verified,2015-04-26T00:00:00.000Z,2015-04-27T00:00:00.000Z,true,9yXCaJvFh7awMrTid
O.R TAMBO PRIMARY SCHOOL,Gfj3WRS3Y8w4dmyph,Zanele V1,2015-04-07T00:00:00.000Z,2015-04-08T00:00:00.000Z,true,9z4RYqzf8npfTKKCf
ZENZELENI PRIMARY SCHOOL,hTroeBPPurCSNxDGe,Sympathy Varification,2015-04-26T00:00:00.000Z,2015-04-27T00:00:00.000Z,false,A4DgHftdfZSCoGKGP
EKUKHANYISWENI PRIMARY SCHOOL,EbrJ8dHAyrQTpSaNj,SABELO VERIFIED,2015-04-26T00:00:00.000Z,2015-04-27T00:00:00.000Z,true,A69daYFMcq5dvJRuB
TLAKULA SECONDARY SCHOOL,uiiC6LpdXHBickDqX,Sympathy Varified,2015-04-26T00:00:00.000Z,2015-04-27T00:00:00.000Z,true,A9hamtpiXA3HvTcRd
TLHAKANANG PRIMARY SCHOOL,3acdePaA3PaTzXLaP,Tlhakanang Primary School,2015-04-27T00:00:00.000Z,2015-04-27T00:00:00.000Z,true,AMkXecC8FdPoS8Wo7
OR TAMBO PRIMARY SCHOOL,xp2bxhMm4Yoeu9jho,Sympathy verified,2015-04-26T00:00:00.000Z,2015-04-27T00:00:00.000Z,false,ARd8kqPAKk8cggX8q
PHUTHULLA PRIMARY SCHOOL,pRKnFJGLubdAiTZEy,Joseph verified,2015-04-26T00:00:00.000Z,2015-04-27T00:00:00.000Z,true,AtpXn8bGpdjDXkX2X
SEOTLOANA PRIMARY SCHOOL,Qmhp6bLYHrRTc42wc,Zanele V1,2015-04-10T00:00:00.000Z,2015-04-11T00:00:00.000Z,true,BKGhGLeSJaeo9cavr
EMMANGWENI PRIMARY SCHOOL,SeRiR2xnt35DWtRzX,Zanele v1,2015-04-08T00:00:00.000Z,2015-04-09T00:00:00.000Z,true,BKf7wb4PzjWwNoj6v
SAULRIDGE SECONDARY SCHOOL,ZgR4zqFothSycL9hz,Sabelo verified,2015-04-26T00:00:00.000Z,2015-04-25T00:00:00.000Z,true,BNLjgKdhFJo4G8BEy
TSIMONG PRIMARY SCHOOL,jR3LMPDnnHi7xvLcp,KHOLWANI19,2015-04-13T00:00:00.000Z,2015-04-14T00:00:00.000Z,true,BdjGYXX4M4zzPWhqi
REALO  SECONDARY SCHOOL,6iixm3MYropadAMjX,SABELO VERIFIED,2015-04-25T00:00:00.000Z,2015-04-26T00:00:00.000Z,true,Bi8x9CwissYRtPN4E
SEDIBENG PRIMARY SCHOOL,8pdqiKPuW9emmvdMA,Zanele V1,2015-04-10T00:00:00.000Z,2015-04-11T00:00:00.000Z,true,BxcrpWYpXGdfdAeH2
INKATHA KA ZULU PRIMARY SCHOOL,srdTLx3pxML3nwKPr,Tshepo1,2015-04-07T00:00:00.000Z,2015-04-08T00:00:00.000Z,true,Cfwoys8TWgMPWSjTW
KING DAVID PRIMARY (SANDTON) SCHOOL,GJjARmM57MEtGaW29,Survey 1,2015-04-02T00:00:00.000Z,2015-04-04T00:00:00.000Z,false,DBGW6FbD4wPM7FYz9
SIVUSE PRIMARY SCHOOL,JeGKrkaqdgboxbxAd,SABELO1,2015-04-26T00:00:00.000Z,2015-04-27T00:00:00.000Z,false,DNzFdwPm4uFHLRr2t
N'WA MHINGA PRIMARY SCHOOL,S47bpHzXts94zC2ke,V2-Jaydin krok,,,false,DQsKN7aEup4gKoRoq
JABULANI THABANG PRIMARY SCHOOL,MtKWmrDmPtx6hTjXm,Sabelo1,2015-04-19T00:00:00.000Z,2015-04-20T00:00:00.000Z,true,DYXn6ecBERtTFN7Wm
ZAKHENI PRIMARY SCHOOL,HKHTs5NYM9YcNKmA3,Sympathy varified,2015-04-25T00:00:00.000Z,2015-04-26T00:00:00.000Z,true,EWL7HMPvnGNmjoPZr
HOFMEYR SECONDARY SCHOOL,Z9wz3QcLwmRfGuaeT,Joseph verified,2015-04-26T00:00:00.000Z,2015-04-27T00:00:00.000Z,true,EdAGhDjGAwR5QHqAf
DITAWANE,ZQpQXXcpAjvZC2ony,Joseph verified,2015-04-26T00:00:00.000Z,2015-04-27T00:00:00.000Z,true,F97jeqwGDCLirEcc6
WESTFIELDS PRIMARY SCHOOL,ghEZdTPoThhpWNWiw,SABELO 1,2015-04-26T00:00:00.000Z,2015-04-27T00:00:00.000Z,true,FA898nv2euY5CHoZo
PHELINDABA SECONDARY SCHOOL,yAYPTyMxnk5pj2zT9,Sabelo verified,2015-04-25T00:00:00.000Z,2015-04-26T00:00:00.000Z,true,FDBLyYsKbbGzy2m99
LERESCHE PRIMARY SCHOOL,giGaTXuXxZQxCGaMd,Joseph verified,2015-04-26T00:00:00.000Z,2015-04-27T00:00:00.000Z,true,FeywHD5TCRfMtzcwp
TSOELOPELE PRIMARY SCHOOL,ZrghZT93L2bSWSofg,Joseph verified,2015-04-26T00:00:00.000Z,2015-04-27T00:00:00.000Z,false,FgGng3wJFQ7DunpM2
JET NTEO SECONDARY SCHOOL,RKz4SAhiQgbHCmTpZ,Sabelo1,2015-04-19T00:00:00.000Z,2015-04-20T00:00:00.000Z,true,FvMma23JtBNvvDmWP
LIVHUWANI PRIMARY SCHOOL,PySjA6yQMoXAyS2z8,SABELO VERIFIED,2015-04-26T00:00:00.000Z,2015-04-27T00:00:00.000Z,true,FzapHesR2dB8mohzY
NYIKO PRIMARY SCHOOL,6cFA5fAxPtQzaP5bz,Freddy9,2015-04-10T00:00:00.000Z,2015-04-11T00:00:00.000Z,true,GFrWnYNdtjEEb5spW
TOKELO SECONDARY SCHOOL,WszeF9gAuQuHMNHLC,Joseph verified,2015-04-26T00:00:00.000Z,2015-04-27T00:00:00.000Z,true,GJv3W9ZAYjt9fmw2n
LEHLASEDI PRIMARY SCHOOL,efr9txWNfPHw3AhD7,Sabelo1,2015-04-19T00:00:00.000Z,2015-04-20T00:00:00.000Z,true,GN7JXs9sADiNKDxm4
GORDON PRIMARY SCHOOL,qsXPNNQE3pWkdTbfb,SFISO V1,2015-04-07T00:00:00.000Z,2015-04-08T00:00:00.000Z,true,GXKZ8zc5YLJjTqKmX
MASIQHAKAZE SECONDARY SCHOOL,e6s5EEf389EeLo6Tz,V1,2015-03-16T00:00:00.000Z,,true,GdFRz8SxGfrcssASy
MASIMINI PRIMARY SCHOOL,E7KSgcfSqaoDb5BEE,V2 Adam Dison,2015-04-27T00:00:00.000Z,2015-04-28T00:00:00.000Z,true,Gp3CL67vEGgrnuXmA
LEEMA-MOKOTULI PRIMARY SCHOOL,2smWdy5ZETPXoRrYG,Sabelo1,2015-04-19T00:00:00.000Z,2015-04-20T00:00:00.000Z,true,HCCGxappCyNaGFgCX
SIBONELO PRIMARY SCHOOL,GQPE7rurt9bb7DM5a,Sympathy verified,2015-04-26T00:00:00.000Z,2015-04-27T00:00:00.000Z,true,HJw3AnsPG8vLrDhM8
IPHUTHENG PRIMARY SCHOOL,tqMTBWRbAuYsAqATz,Sympathy varified,2015-04-26T00:00:00.000Z,2015-04-27T00:00:00.000Z,true,HMDP7QPixBHanbGzA
LETSEMA-ILIMA PRIMARY SCHOOL,h35vTG52Xd5j7Kz6R,Sabelo,2015-04-25T00:00:00.000Z,2015-04-26T00:00:00.000Z,false,J3pxHaGGhxNMzyqbj
LETSEMA-ILIMA PRIMARY SCHOOL,gHKvcd2hMaXTtiNbj,,,,false,J3pxHaGGhxNMzyqbj
LETSEMA-ILIMA PRIMARY SCHOOL,ZNXsgBEk2evJkTYso,Symps,2015-04-25T00:00:00.000Z,2015-04-26T00:00:00.000Z,true,J3pxHaGGhxNMzyqbj
LETSEMA-ILIMA PRIMARY SCHOOL,ZBqGu3MqDqmm58rMH,Sabelo,2015-04-25T00:00:00.000Z,2015-04-26T00:00:00.000Z,false,J3pxHaGGhxNMzyqbj
LETSEMA-ILIMA PRIMARY SCHOOL,X8iDZBx3CbJnWCRTb,,,,false,J3pxHaGGhxNMzyqbj
LETSEMA-ILIMA PRIMARY SCHOOL,BRsfRCgjvJjMdHvuH,Sabelo,2015-04-25T00:00:00.000Z,2015-04-26T00:00:00.000Z,false,J3pxHaGGhxNMzyqbj
LETSEMA-ILIMA PRIMARY SCHOOL,8qA6KspD8dEA9LYGN,Sabelo 1,2015-04-25T00:00:00.000Z,2015-04-26T00:00:00.000Z,false,J3pxHaGGhxNMzyqbj
LETSEMA-ILIMA PRIMARY SCHOOL,3ppcMdRen9wtkQvnH,Sabelo,2015-04-25T00:00:00.000Z,2015-04-26T00:00:00.000Z,false,J3pxHaGGhxNMzyqbj
BOKAMOSO PRIMARY SCHOOL,H2wSN9EFbKzeSGjCh,Zanele V1,2015-04-10T00:00:00.000Z,2015-04-11T00:00:00.000Z,true,JCCKjH2kYnzqyXkvJ
KGOLAGANO PRIMARY SCHOOL,o6KRqZ8m5YyPCmxEu,Joseph verified,2015-04-26T00:00:00.000Z,2015-04-27T00:00:00.000Z,true,JYs5rzkSpqxpx7Apu
Tsimona Primary School,LJC3JBYxgkbi8GzAP,Tsimona Primary School,2015-03-17T00:00:00.000Z,,false,JdGBhk6oj6eDyhDgR
STEVE BIKO PRIMARY SCHOOL,g6orxjw6EmCqYup83,SABELO VERIFIED,2015-04-26T00:00:00.000Z,2015-04-27T00:00:00.000Z,true,JoB4YjDLLtcLF9uno
STRETFORD EXT 8 PRIMARY SCHOOL,4zo5MNwbBvTPykbFg,Sfiso v1,2015-04-08T00:00:00.000Z,2015-04-09T00:00:00.000Z,true,JvctsCdy3WnCyyjKa
MEADOWLANDS PRIMARY SCHOOL,ogTK6SAt8Ndg38xPc,Tamir Shklaz,2015-04-27T00:00:00.000Z,2015-04-28T00:00:00.000Z,true,JyzopMX2fBSfZnAxG
WINNIE MANDELA PRIMARY SCHOOL,qqTGPEnmDQRrarBSw,SABELO VERIFIED,2015-04-26T00:00:00.000Z,2015-04-27T00:00:00.000Z,true,KDJeNL8gnrwaBb4Fb
SELELEKELA SECONDARY SCHOOL,Ayck7PmsY3mNr3gZQ,SABELO 1,2015-04-26T00:00:00.000Z,2015-04-27T00:00:00.000Z,true,KLTSee3FuvFwZfFmT
ZIMISELE SECONDARY SCHOOL,bEf9GjYAyqAqY3bhw,Pontsho3,2015-04-08T00:00:00.000Z,2015-04-08T00:00:00.000Z,true,KeXNxzHvXARk3Qzy4
CARTER PRIMARY SCHOOL,tdRzrm36MQJ2raFea,Joseph verified,2015-04-26T00:00:00.000Z,2015-04-27T00:00:00.000Z,true,KjBZWW5QuieebNEWn
MAHLAHLE PRIMARY SCHOOL,YLYWLt3BFmbGuRHBQ,SABELO VERIFIED,2015-04-25T00:00:00.000Z,2015-04-26T00:00:00.000Z,true,Kkd4pwSZjJYvH7u3c
QUANTUM SECONDARY SCHOOL,cQQF5juB8JG3jNbNs,Tshepo2,2015-04-08T00:00:00.000Z,2015-04-09T00:00:00.000Z,true,Km2TibRg8zHBr7Tku
EMFUNDISWENI PRIMARY SCHOOL,8TjXzm5mqedTkvZ5n,SABELO VERIFIED,2015-04-26T00:00:00.000Z,2015-04-27T00:00:00.000Z,true,L8puFwYJeSW79HGyo
THOHO-YA-NDOU PRIMARY SCHOOL,q7vvj7t7uptnim45G,Joseph verified,2015-04-26T00:00:00.000Z,2015-04-27T00:00:00.000Z,true,LbosSJ2EtBgbSeWHe
SIPHIWE PRIMARY SCHOOL,8EkWbb3qMosGvaWyT,Zanele V1,2015-04-07T00:00:00.000Z,2015-04-08T00:00:00.000Z,true,Lqv7fiyJJcCPNtP36
NTSIKANA PRIMARY SCHOOL,95AYoAp6AiYz3KZ2t,Sympathy Varified,2015-04-26T00:00:00.000Z,2015-04-27T00:00:00.000Z,true,M4kBc3CXrLLZrCTvh
KHULA SIZWE PRIMARY SCHOOL,ayNNoGKj3iCnECzSg,Freddy7,2015-04-10T00:00:00.000Z,2015-04-11T00:00:00.000Z,true,MFJ4XwDAmN6Rs3SWC
TOTOMENG PRIMARY SCHOOL,tMjiiRvEEAsNmSJGx,Joseph verified,2015-04-25T00:00:00.000Z,2015-04-26T00:00:00.000Z,true,MJ7eLcP3Knb7rM5ay
PUDUMO PRIMARY SCHOOL,fXPmfwBo9N6rx7mLh,SABELO 1,2015-04-26T00:00:00.000Z,2015-04-27T00:00:00.000Z,true,N672sLBwGEggxopdN
PHORORONG PRIMARY SCHOOL,qs4DrHmATWN59Tptg,Joseph,2015-04-25T00:00:00.000Z,2015-04-28T00:00:00.000Z,true,NFuNLMWvy5qoXxFHG
THEMBALIHLE PRIMARY SCHOOL,AHHiQixZscHdnSQpM,SABELO1,2015-04-26T00:00:00.000Z,2015-04-27T00:00:00.000Z,true,NjL2nHXXzyGBzYMby
VEZUKHONO SECONDARY SCHOOL,mDwDpssp9xiy5oAgB,Joseph1,2015-04-25T00:00:00.000Z,2015-04-26T00:00:00.000Z,false,P5eR9ewzqWvuTkbWN
VEZUKHONO SECONDARY SCHOOL,8FucY8f4FTzL2XmhY,Joseph,2015-04-25T00:00:00.000Z,2015-04-26T00:00:00.000Z,true,P5eR9ewzqWvuTkbWN
AMOS MAPHANGA SECONDARY,ra2zX3jjBPguj6bc3,V2 Yossi Bank,2015-04-27T00:00:00.000Z,2015-04-28T00:00:00.000Z,true,PE8JfrpWJJssfiaXM
TEMBISA SECONDARY SCHOOL,LTccQvtsRbQdnvd4x,V1,2015-03-17T00:00:00.000Z,,true,PcEFo3B4d7FgaiYvM
DIEPDALE SECONDARY SCHOOL,EyHGQ2ctZRGcPQ4Lc,V2-Jaydin krok,,,true,Q6ou5sB273gFQ7JPr
NTOKOZWENI PRIMARY SCHOOL,EtHDHYs97BCxasggi,Pontsho12,2015-04-10T00:00:00.000Z,2015-04-10T00:00:00.000Z,true,Q8kiWauRtS5oKpcii
PHANDIMFUNDO SECONDARY SCHOOL,tDKj5hfjzok3tbGs9,SABELO VERIFIED,2015-04-26T00:00:00.000Z,2015-04-27T00:00:00.000Z,true,QeinGxEF8GwFQvDvR
AB XUMA PRIMARY SCHOOL,r8FrZJWZGiB9zPmmc,V2-jaydin krok,,,true,QiCCzcdEYnZPtdHf5
TSIETSI MASHININI PRIMARY SCHOOL,n9gEojJ6K5eKYJ4c2,Sympathy varified,2015-04-25T00:00:00.000Z,2015-04-26T00:00:00.000Z,true,R7ZEvEyPtbpXisuq8
ZIFUNELENI JUNIOR SECONDARY  (COMB. PRIMARY) SCHOOL,HE7QyZrdjZD4TwigW,SABELO VERIFIED,2015-04-25T00:00:00.000Z,2015-04-26T00:00:00.000Z,true,R9K6phMQ6JYALhhYj
VUYO PRIMARY SCHOOL,esLPjFoMCrf7aGwqS,Joseph,2015-04-25T00:00:00.000Z,2015-04-26T00:00:00.000Z,false,REHfqEX7MAj9DjLY2
MENZI PRIMARY SCHOOL,eqJ28tbWRDYX6YPkp,Sympathy varified,2015-04-26T00:00:00.000Z,2015-04-27T00:00:00.000Z,true,Rero3Wud7LEDr2pHL
SAPPHIRE SECONDARY SCHOOL,mu6wNPMzZ754NLLnE,Joseph verified,2015-04-26T00:00:00.000Z,2015-04-27T00:00:00.000Z,true,S3yfktPSheRWDHbkd
LUKHOLWENI PRIMARY SCHOOL,gpABZNKAeZxGARLNE,Joseph verified,2015-04-26T00:00:00.000Z,2015-04-27T00:00:00.000Z,true,S42Aq6eoMDgrb9SuJ
WINNIE MANDELA SECONDARY SCHOOL,wDCWL3rxm6NDcHY37,SABELO VERIFIED,2015-04-26T00:00:00.000Z,2015-04-27T00:00:00.000Z,true,SfguRdqMXPhGK5HsN
LEBOHANG SECONDARY SCHOOL,KrNZ7H2XmHuPpHRrN,Sabelo1,2015-04-19T00:00:00.000Z,2015-04-20T00:00:00.000Z,true,Sy6AABPcNMuLJpk3p
EAST BANK HIGH SCHOOL,LD7hazozFmAuLNBgP,Sympathy varified,2015-04-25T00:00:00.000Z,2015-04-26T00:00:00.000Z,true,TM3Yr4nxiBrZC7vgx
THUTO LORE SECONDARY SCHOOL,A82Sqxg6dWo9BjRw7,Tamir Shklaz,2015-04-27T00:00:00.000Z,2015-04-28T00:00:00.000Z,true,TNtgkwAcFivceX3cQ
LERATONG PRIMARY SCHOOL,8Q8hLajqT7vMWrbeA,sfisov1,2015-04-20T00:00:00.000Z,2015-04-21T00:00:00.000Z,false,TSdyiMoNYjMMPuy4u
KUZIMISELA PRIMARY SCHOOL,HushLZncKDsTyJhfN,Tshepo,2015-04-07T00:00:00.000Z,2015-04-08T00:00:00.000Z,true,Tb26t2ZJSaWdYhnHc
DITAU PRIMARY SCHOOL,SDQzcRxtroyWa7uGB,Sympathy varified,2015-04-25T00:00:00.000Z,2015-04-26T00:00:00.000Z,true,TfBu6LKq6gvHvgqQ3
INXIWENI PRIMARY SCHOOL,g2zngXhSLP6Xe7qtg,Freddy8,2015-04-08T00:00:00.000Z,2015-04-09T00:00:00.000Z,true,W22behkCwKSmtyJhy
MOGOGODI PRIMARY SCHOOL,rgipwMLK9skQK2EuA,Joseph1,2015-04-25T00:00:00.000Z,2015-04-26T00:00:00.000Z,true,W2dNTH3v95vkD26c3
PHUTHUMANI PRIMARY SCHOOL,6ZNqRnThWfJTjmtzh,Sympathy Varified,2015-04-26T00:00:00.000Z,2015-04-27T00:00:00.000Z,true,WBifQrurWcvmNESkH
MICHAEL ZULU PRIMARY SCHOOL,3tbjfT8zZ2fPGfiwc,Sympathy varified,2015-04-07T00:00:00.000Z,2015-04-08T00:00:00.000Z,true,WFiPd6sE8tpNj2fFi
ITHUTE PRIMARY SCHOOL,tkbM3Jp4KjPx4H5qC,Sympathy Varified,2015-04-26T00:00:00.000Z,2015-04-27T00:00:00.000Z,true,WgbderTpsZqAGyWQG
ITSEBENG PRIMARY SCHOOL,bAExKd8RN5BhHzb3z,SABELO1,2015-04-25T00:00:00.000Z,2015-04-26T00:00:00.000Z,true,Wi3o4uhSxQ8QXTp9J
LABAN MOTLHABI COMPREHENSIVE SCHOOL,922NEXkq8CZy6PH7L,Pontsho6,2015-04-08T00:00:00.000Z,2015-04-08T00:00:00.000Z,true,WmYzsTmyw84ogzq2N
GOVAN MBEKI PRIMARY SCHOOL,dBu8rGN6ZLKj4rb4e,Sabelo verified,2015-04-25T00:00:00.000Z,2015-04-26T00:00:00.000Z,true,WphoZsNMeQiHdoo2a
MOYISELA PRIMARY SCHOOL,XTL9gvLr9S2MmMsjJ,Sabelo verified,2015-04-25T00:00:00.000Z,2015-04-26T00:00:00.000Z,false,WzudoSDAr9ApDajXY
BHEKIMFUNDO PRIMARY SCHOOL,JpDqQfLuuC9qJrici,Joseph verified,2015-05-02T00:00:00.000Z,2015-05-03T00:00:00.000Z,false,XAWapZvR3fXdrwTh8
NTSELE PRIMARY SCHOOL,aQ4BMeoFWmo4HrHqF,Sabelo1,2015-04-19T00:00:00.000Z,2015-04-20T00:00:00.000Z,true,XRxiHzGGxzrbQiA5a
SAKHELWE PRIMARY SCHOOL,7jdhLaYzWcCtFduQg,Pontsho 10,2015-04-10T00:00:00.000Z,2015-04-10T00:00:00.000Z,true,XsZR8DaRJjxqk2mqd
THUTOLORE SECONDARY SCHOOL,BwK89vufnm6iCSJhQ,Joseph verified,2015-04-25T00:00:00.000Z,2015-04-26T00:00:00.000Z,true,Xx3PY7JWQk2SPaCKr
SELIBA PRIMARY SCHOOL,RHG8484wnsaqifrig,Joseph verified,2015-04-26T00:00:00.000Z,2015-04-27T00:00:00.000Z,true,YFkP4HAR2yhDzgYNn
KGALEMA PRIMARY SCHOOL,MYybcL4ntNLDfPjZt,V2-Jaydin krok,,,true,YhEmH96RcvGizJDhw
UMSOBOMVU PRIMARY SCHOOL,2Qm9dY2unum62oDu7,KHOLWANI11,2015-10-04T00:00:00.000Z,2015-11-04T00:00:00.000Z,false,ZNpokSid5rjPdk9TN
KGOMOCO PRIMARY SCHOOL,METTMMRQRhoWxKdRt,Joseph verified,2015-04-26T00:00:00.000Z,2015-04-27T00:00:00.000Z,true,ZeacF7828Qm5FX528
KOKOSI PRIMARY SCHOOL,sfgS3CrJFoTBvFQ72,Symps,2015-04-25T00:00:00.000Z,2015-04-26T00:00:00.000Z,true,ZxPRDSKN5webdJeMr
REAKGONA PRIMARY SCHOOL,WdTssNZoaRHCT3LMG,Tamir Shklaz\,2015-04-27T00:00:00.000Z,2015-04-28T00:00:00.000Z,true,a2rNv5xxsDsoWXzqi
NKABINDE PRIMARY SCHOOL,LrmX8FAuJMKckWE6c,V2 Yossi Bank,2015-04-27T00:00:00.000Z,2015-04-28T00:00:00.000Z,true,aFfw6EDMv6qz8ERao
JOB MASEKO PRIMARY SCHOOL,7Lt26udxHfpKtyAwY,KHOLWANI12,2015-04-10T00:00:00.000Z,2015-04-11T00:00:00.000Z,true,aMBB6CFrfqAgPbMrp
ISIZIBA PRIMARY SCHOOL,vZkChYaMACHarXWxC,V1,2015-04-10T00:00:00.000Z,2015-04-11T00:00:00.000Z,true,bELHecSip3AKdyrkn
BUHLEBEMFUNDO SECONDARY SCHOOL,Ch6HJ6DZmFCYxKkww,Joseph verified,2015-04-26T00:00:00.000Z,2015-04-27T00:00:00.000Z,true,bNHtDf4FTJzuZSK2a
NKUMBULO SECONDARY SCHOOL,2G6DH4Aiu8dpRQyrD,Pontsho4,2015-04-08T00:00:00.000Z,2015-04-08T00:00:00.000Z,true,bumrcJyBzLgQNsEkc
LETSATSING COMBINED SCHOOL,hBG3H9epZYnScCbtp,SABELO 1,2015-04-15T00:00:00.000Z,2015-04-15T00:00:00.000Z,true,cCRbYn4tyhNhPfpko
TLHOLO INTERMEDIATE SCHOOL,bPfY5thaXn4EAdkXw,Joseph1,2015-04-25T00:00:00.000Z,2015-04-26T00:00:00.000Z,true,cnvRjXuczr5WXr6cv
ENDULWENI PRIMARY SCHOOL,ocFaNqXzeBvD5hiAZ,Joseph verified,2015-04-26T00:00:00.000Z,2015-04-27T00:00:00.000Z,true,cqdqqFn7tTnwNbmqR
ORANGE FARM PRIMARY SCHOOL,kY8pdvG9t8eN5CY4h,V1,,,true,dTfGpbfWJJ2yeYDoy
ISEKELO PRIMARY SCHOOL,rRCnvnKF3KB68xQfw,Joseph verified,2015-04-26T00:00:00.000Z,2015-04-27T00:00:00.000Z,true,eDwuJ6JBxC5YEBRAi
BUD MBELLE PRIMARY SCHOOL,bf5Ltec4dXsz7pEX9,SABELO VERIFIED,2015-04-25T00:00:00.000Z,2015-04-26T00:00:00.000Z,true,eTTG2NKtGiBjR2u97
test,aiBSX6cmH9icpEn7C,Test,2015-04-11T00:00:00.000Z,2015-04-11T00:00:00.000Z,false,eiPLFFjFBE5yqxYjj
NCHABELENG PRIMARY SCHOOL,5iHufHeS6B2XBsHTB,KHOLWANI9,2015-03-08T00:00:00.000Z,2015-03-09T00:00:00.000Z,true,ejjaqTbn849G5Gcoh
ZAMANI PRIMARY SCHOOL,sfN5HAvKti5hRvPxZ,Sympathy Varified,2015-04-26T00:00:00.000Z,2015-04-27T00:00:00.000Z,true,fFQ2beYFprTjRdcKG
MODUOPO PRIMARY SCHOOL,Q2SemXMcpEX5NfYsD,Zanele V1,2015-04-08T00:00:00.000Z,2015-04-09T00:00:00.000Z,true,fdwJZwXdpW8XykLgp
MOKGOME SECONDARY SCHOOL,QBmBALzw89kwmHz2B,Joseph verified,2015-04-25T00:00:00.000Z,2015-04-26T00:00:00.000Z,true,fyJ9yZamxLLkFQM6q
BONA COMPREHENSIVE SCHOOL,xsLXqpcynPeYTwiXE,SABELO VERIFIED,2015-04-25T00:00:00.000Z,2015-04-26T00:00:00.000Z,true,fytoqzYYGd99GNWKT
ESIKHISINI PRIMARY SCHOOL,CoWKa7AHpYehwgjN4,Joseph verified,2015-04-26T00:00:00.000Z,2015-04-27T00:00:00.000Z,true,g2kpw4kMBJTN5E5JG
SPHIWE PRIMARY SCHOOL,E4srgmkj2uCu4Coxb,SFISOV1,2015-04-28T00:00:00.000Z,2015-04-29T00:00:00.000Z,false,g5qxXC3EzownrJoa4
LESIBA SECONDARY SCHOOL,RfniT8dpTobMmBWDg,Freddy1,,,false,gAMFiRZvaYx7vM2bX
DAVID HELLEN PETA SECONDARY SCHOOL,BpGigPup4eyijh28x,Joseph verified,2015-04-26T00:00:00.000Z,2015-04-27T00:00:00.000Z,true,gHYNiZyHqhSx6Svoa
GOROGANG PRIMARY SCHOOL,fkuEy7WKs5HL2NM6z,Pontsho5,2015-04-08T00:00:00.000Z,2015-04-08T00:00:00.000Z,true,ge7wR8Paoq8B8ytis
LEBOWA PRIMARY SCHOOL,KhtEcF9mnhkNyqnW3,Joseph,2015-04-25T00:00:00.000Z,2015-04-26T00:00:00.000Z,true,hC2rNb27tDwFm6ptZ
SELOPE-THEMA PRIMARY SCHOOL,Kqq9XsRqsRQM6PjGn,SABELO VERIFIED,2015-04-25T00:00:00.000Z,2015-04-26T00:00:00.000Z,true,hMBoFadXyimpmAA9B
GAHLANSO PRIMARY SCHOOL,WeXHdZMumEMFyckHq,Zanele V1,2015-04-08T00:00:00.000Z,2015-04-09T00:00:00.000Z,true,hd5oYbd6gkWoKkWzC
BOPASENATLA SECONDARY SCHOOL,cDYo2z98FGZzNHPMM,Joseph verified,2015-04-26T00:00:00.000Z,2015-04-27T00:00:00.000Z,true,iQdoyzzN7cXbiJDaH
testing,BQfg3z63ZB9CEwvQ8,test,,,false,idJ7MH9BBvWJfHR2d
MUZOMSHA PRIMARY SCHOOL,NTo8EK8jnLkjB93Hd,KHOLWANI18,2015-04-13T00:00:00.000Z,2015-04-14T00:00:00.000Z,true,iz79XoptMLverznfx
MVELAPHANDA PRIMARY SCHOOL,aMRD37JGNEmrz9FZ9,Freddy9,2015-04-10T00:00:00.000Z,2015-04-11T00:00:00.000Z,true,j4CyqoGhmbxFvTahz
DINOTO TECHNICAL SECONDARY SCHOOL,pqm6NksjcwAhrDwyH,Tshepo3,2015-04-10T00:00:00.000Z,2015-04-11T00:00:00.000Z,true,jFLvrx8qbcRhdcMWk
JORDAN SECONDARY SCHOOL,ZQvS49GgfM6XNnqij,Sabelo1,2015-04-19T00:00:00.000Z,2015-04-20T00:00:00.000Z,true,jdruTPMAFLZpR5Yor
RETLILE PRIMARY SCHOOL,y8vNYzZpy3A9BHx6W,Jake Pencharz,2015-04-27T00:00:00.000Z,2015-04-28T00:00:00.000Z,true,jwu8BDHqbWbZCiB7N
NQUBELA PRIMARY SCHOOL,mobhBo8uKGxkvNsjR,Sympathy Varified,2015-04-26T00:00:00.000Z,2015-04-27T00:00:00.000Z,true,jxdvnitGhmmJmf3RZ
PHUTHADITSHABA PRIMARY SCHOOL,ojqksxwnmxWXpM8n6,SABELO VERIFIED,2015-04-25T00:00:00.000Z,2015-04-26T00:00:00.000Z,true,jyJWjSxpyzaFi5xzy
LESHATA SECONDARY SCHOOL,opzRuPL9N8RSzCNsi,Sabelo verified,2015-04-25T00:00:00.000Z,2015-04-26T00:00:00.000Z,true,kXSCDEKFavFjWwRh6
HLANGABEZA PRIMARY SCHOOL,uyB7xpWYkTuuhsLzS,Symps,2015-04-25T00:00:00.000Z,2015-04-26T00:00:00.000Z,true,kYCce5RHTuifpGEjD
ROLIHLAHLA PRIMARY SCHOOL,Qzm8u4imxajBRWLE5,Tshepo2,2015-04-08T00:00:00.000Z,2015-04-09T00:00:00.000Z,true,kYmSsD6sLNa48yq3B
KHANGEZILE PRIMARY SCHOOL,KDmkojmtPfcEEQ3vv,Pontsho9,2015-04-10T00:00:00.000Z,2015-04-10T00:00:00.000Z,true,kdeFTgvbrBdvAZ3jo
QHAKAZANI PRIMARY SCHOOL,Y2gH7TZojYSgJ6J3i,tshepo20,2015-04-21T00:00:00.000Z,2015-04-22T00:00:00.000Z,true,mKSgTkpsYgDJ8KMoc
TLHOKOMELO PRIMARY SCHOOL,y3Rzmw2pDYqioZ8WC,Joseph1,2015-04-25T00:00:00.000Z,2015-04-26T00:00:00.000Z,true,miijuHXTgknAEpauD
HULWAZI SECONDARY SCHOOL,Tnm69CSqqbdHg9obr,Tshepo1,2015-04-07T00:00:00.000Z,2015-04-08T00:00:00.000Z,true,mqyhsJ2kLyY796ti3
MAKAPANE PRIMARY SCHOOL,X4uSNwu6z2y2MdNwA,Joseph verified,2015-04-26T00:00:00.000Z,2015-04-27T00:00:00.000Z,true,mvS7kQosyiAuq7y8o
DUMEHLEZI INTERMEDIATE SCHOOL,uvAsG8PGNZNED5pxz,Joseph verified,2015-04-26T00:00:00.000Z,2015-04-27T00:00:00.000Z,false,mzvEj75w7giNPw42h
Nxineni Primary,eiaeXipXaywPNGZ7X,Nxineni Primary,,,false,nNfgmGgefJT292PrQ
JOB RATHEBE PRIMARY SCHOOL,4z6ESappfnPWNQ98D,Sabelo verified,2015-04-25T00:00:00.000Z,2015-04-26T00:00:00.000Z,true,naCm7anFfDFG8a8xr
CHARLOTTE MAXEKE SECONDARY SCHOOL,HMfiK9msnxvBpZRTv,V2 Yossi Bank,2015-04-27T00:00:00.000Z,2015-04-28T00:00:00.000Z,true,nsZY5MpZj6Qv4hkQm
TSHIRELETSO PRIMARY SCHOOL,syBSsyuaG3J2rk8ky,Joseph1,2015-04-25T00:00:00.000Z,2015-04-28T00:00:00.000Z,true,nxtbufhDB5w8FKhfn
DR WF NKOMO SECONDARY SCHOOL,u2mAvGSYipuFCETW2,Sympathy Varified,2015-04-26T00:00:00.000Z,2015-04-27T00:00:00.000Z,true,oWbeFZNmb5sYLH9ua
KHOMANANI PRIMARY SCHOOL,myEbntbNmwtRJAXXn,SABELO VERIFIED,2015-04-26T00:00:00.000Z,2015-04-27T00:00:00.000Z,true,oZeuq2GwT7HarAkif
BOPHELONG SECONDARY SCHOOL,AQmqsTKLbbQgfAmzP,Joseph verified,2015-04-26T00:00:00.000Z,2015-04-27T00:00:00.000Z,true,oxkcsJw7ibHe3RXhu
MONTSOSI PRIMARY SCHOOL,rCApJ97XLJY5xuoJY,SABELO1,2015-04-25T00:00:00.000Z,2015-04-28T00:00:00.000Z,true,p3gqoLjBQyybjyJEx
IMFUNDO MIDDLE SCHOOL,pamnvbjX3nHtQtv4D,Tshepo25,2015-04-28T00:00:00.000Z,2015-04-29T00:00:00.000Z,true,p7KxBwZy7u74Aokfv
IKAGE PRIMARY SCHOOL,NY3CpQoLXKGkXkq8b,Sympathy varified,2015-04-26T00:00:00.000Z,2015-04-27T00:00:00.000Z,true,pBBsxzJo5M4DoP4km
TSHIRELA PRIMARY SCHOOL,93KanXF8i8wGs4YKw,Joseph verified,2015-04-26T00:00:00.000Z,2015-04-27T00:00:00.000Z,true,pHLiPLSxDnkkEHThb
DR KNAK PRIMARY SCHOOL,FkDMg4ekjDHWExDuv,"SABELO VERIFIED
pontsho 20",2015-04-25T00:00:00.000Z,2015-04-26T00:00:00.000Z,true,pPoEM8Ngvupfmt6MD
MABUYA SECONDARY SCHOOL,656hyBavtd4QHF6yx,Joseph1,2015-04-25T00:00:00.000Z,2015-04-26T00:00:00.000Z,true,pSsTbhxrkyzApe6Lo
THUTO KITSO SECONDARY SCHOOL,2zRbjDBfz4zB8Tv6q,sabelo1,2015-04-25T00:00:00.000Z,2015-04-26T00:00:00.000Z,true,pc95GYaJKjTcuz6NG
REAMOHETSOE PRIMARY SCHOOL,zpLEh72kC58ryRpxt,V2-Jaydin Krok,,,true,pm6BHERh3juv98LzD
THUTHUKA PRIMARY SCHOOL,q7rLbRb4nxtPxfoSc,SABELO VERIFIED,2015-04-26T00:00:00.000Z,2015-04-27T00:00:00.000Z,true,psEg38R6mppLMtMyG
THETHA SECONDARY SCHOOL,dnFyeB4sC6kfmj2Q6,SABELO VERFIED,2015-04-26T00:00:00.000Z,2015-04-25T00:00:00.000Z,true,q87zen5HgKKxJ99Lc
BATLOUNG INTERMEDIATE SCHOOL,FEAD8jBu7LbHezy2j,Symps,2015-04-25T00:00:00.000Z,2015-04-26T00:00:00.000Z,true,qNjtc48fcLm7nwuM7
ENTSHONALANGA PRIMARY SCHOOL,qYqekSfSRExjXJrGM,SABELO VERIFIED,2015-04-26T00:00:00.000Z,2015-04-27T00:00:00.000Z,true,qjiPzjesbNgJySiAF
PATOGENG PRIMARY SCHOOL,Rvf9JkpRBRozBsyiq,Joseph verified,2015-04-26T00:00:00.000Z,2015-04-27T00:00:00.000Z,true,queoWSP7FQYoTfCw6
EMMANUEL PRIMARY SCHOOL,DwG2tAAFC8W79Ckxx,Joseph verified,2015-04-26T00:00:00.000Z,2015-04-27T00:00:00.000Z,true,qvpqRtiaKyB5mzEFo
MADUME PRIMARY SCHOOL,r5bdwdb45e7jr6JZB,SABELO VERIFIED,2015-04-13T00:00:00.000Z,2015-04-14T00:00:00.000Z,true,r6uCPiS8JbRQREE7K
MATSIE STEYN PRIMARY SCHOOL,74LtY73iZk5nAgKN4,Joseph verified,2015-04-26T00:00:00.000Z,2015-04-27T00:00:00.000Z,true,rPNAmWbKhr7KMJ9KP
AHA-THUTO SECONDARY SCHOOL,5PhvChXDzSoaBymWp,Sabelo verified,2015-04-25T00:00:00.000Z,2015-04-26T00:00:00.000Z,true,rgQXvwmDLMXMiuWDK
TIYANI Junior secondary SCHOOL,gZKefKr3T7kQ7yZdd,SABELO VERIFIED,2015-04-26T00:00:00.000Z,2015-04-27T00:00:00.000Z,true,ruLNBjshmg9GFZfoi
UNITY SECONDARY SCHOOL,68f6ufafjEtTD87dK,Tshepo3,2015-04-10T00:00:00.000Z,2015-04-11T00:00:00.000Z,true,s2XqBHiCHwz2JtJv6
LANGAVILLE PRIMARY SCHOOL,3uXaw9N4tJkFZKXSt,Sympathy varified,2015-04-26T00:00:00.000Z,2015-04-27T00:00:00.000Z,true,sFD8SKsp8Pi36RoZc
POELANO SECONDARY SCHOOL,S3LbwsmZGkiiekXEX,Joseph verified,2015-04-25T00:00:00.000Z,2015-04-26T00:00:00.000Z,true,sHepoMyGxu7vajjn9
NOMINI PRIMARY SCHOOL,Sue8DWeGKHPKAyQBi,Sabelo verified,2015-04-25T00:00:00.000Z,2015-04-26T00:00:00.000Z,true,suNMuozCzh9vzWxKv
HLABANGANE PRIMARY SCHOOL,A9g2JXbafa9hggA23,Joseph verified,2015-04-25T00:00:00.000Z,2015-04-26T00:00:00.000Z,true,t6sdeSdyqSbTNYs3T
LETSIE PRIMARY SCHOOL,gPuKrSrjRHYQAhofp,KHOLWANI8,2015-04-08T00:00:00.000Z,2015-04-09T00:00:00.000Z,true,tPF56zuAa7Yv4h5pR
THOPODI PRIMARY SCHOOL,eaN2HpTXfZTyuJHLY,SABELO VERIFIED,2015-04-26T00:00:00.000Z,2015-04-27T00:00:00.000Z,true,tXNX7HXf8MFPj694L
REAGILE PRIMARY SCHOOL,3CZM6LyxfbGxQ676w,Freddy11,2015-04-10T00:00:00.000Z,2015-04-11T00:00:00.000Z,true,tjZuM97hcQSzs99qH
RESIDENSIA SECONDARY SCHOOL,Sa8QfeRArxjpbStqt,Symps,2015-04-25T00:00:00.000Z,2015-04-26T00:00:00.000Z,true,tuAiDmTHjzXDEcQpm
MASISEBENZE COMPREHENSIVE SCHOOL,vQsgY2cMuHRHHxN5X,Zanele V1,2015-04-10T00:00:00.000Z,2015-04-11T00:00:00.000Z,true,tzX8JpuRB7btgHLFJ
TSWELOPELE SECONDARY SCHOOL,bHZpmA7SpQzx29CQk,Zanele V1,2015-04-10T00:00:00.000Z,2015-04-11T00:00:00.000Z,true,u7DDHnAiuQME8Ea45
LESEDI LA KRESTE ANGLICAN PRIMARY SCHOOL,BL89Y49hLjtAgtj9C,V2-Jaydin Krok,,,true,uJLfbPeZPNeTPmQr2
MOHLOLI SECONDARY SCHOOL,Pye3fvQETS2TCPKyt,symps,2015-04-25T00:00:00.000Z,2015-04-26T00:00:00.000Z,true,uSLXTxcinmzfpJeZL
UMTHAMBEKA PRIMARY SCHOOL,MrCRY4JkG2RtXRzjf,Freddy12,2015-04-10T00:00:00.000Z,2015-04-11T00:00:00.000Z,true,vTEbgcvPSvM6MGQ9H
MOSHOESHOE PRIMARY SCHOOL,vPSPXjGpC6ABc9Szc,Joseph verified,2015-04-26T00:00:00.000Z,2015-04-27T00:00:00.000Z,true,vaowCxxLXhwWz2Pho
BOVET PRIMARY SCHOOL,JMwctXTYdunvweNYD,Joseph verified,2015-04-26T00:00:00.000Z,2015-04-27T00:00:00.000Z,true,vghaztSbAbPBBYWRQ
KAMOHELO PUBLIC SCHOOL,hk4XMrnHxTastfL7s,Joseph,2015-04-25T00:00:00.000Z,2015-04-26T00:00:00.000Z,true,vwgqKGm5RQon5hXHo
MOSIOA PRIMARY SCHOOL,AGiLx4gigQqYMN4fT,Joseph verified,2015-04-26T00:00:00.000Z,2015-04-27T00:00:00.000Z,true,wTqoT6Fahb3qjxkq4
IPONTSHE PRIMARY SCHOOL,x39JZC9Q749pXeEbY,V2 Adam Dison,2015-04-27T00:00:00.000Z,2015-04-28T00:00:00.000Z,true,wXEutByfDcCbHu5Qd
KENNETH MASEKELA SECONDARY SCHOOL,yuLFP8PQcXB6aAAm6,Pontsho7,2015-04-08T00:00:00.000Z,2015-04-08T00:00:00.000Z,true,wZZXQGomrEjj5a2uY
EVATON PRIMARY SCHOOL,2gqMBsR5BKHB3TEv6,kholwani23,2015-04-28T00:00:00.000Z,2015-04-29T00:00:00.000Z,true,wa9suRWqaroAXzGWK
BOITUMELONG SECONDARY SCHOOL,XYLgc3p2tmFJ6nGJb,Zanele V1,2015-04-08T00:00:00.000Z,2015-04-28T00:00:00.000Z,true,waYnGd3whuoW7bgRs
SOZIZWE PRIMARY SCHOOL,6yXgt6quvcZfmQiWf,Tshepo3,2015-04-10T00:00:00.000Z,2015-04-11T00:00:00.000Z,true,wdRmNmSF7PZRcYwLT
CAIPHUS NYOKA SECONDARY SCHOOL,dLHdmSdFbLWF2kJqy,Joseph veried,2015-05-02T00:00:00.000Z,2015-05-03T00:00:00.000Z,false,wqkQz5WCK925Bo5eq
zitha primary,k652o58moXsybbDfm,sabelo1,2015-04-25T00:00:00.000Z,2015-04-28T00:00:00.000Z,true,wxGvzQKnBHb83AErS
TSITSIBOGA PRIMARY SCHOOL,hrfAaJLuuBvdukdf9,SABELO1,2015-04-25T00:00:00.000Z,2015-04-26T00:00:00.000Z,true,x7MgCDNYKaFzg98QY
TSWELELANG PRIMARY SCHOOL,Dddj3YJBuiuGmAQFQ,Joseph verified,2015-04-25T00:00:00.000Z,2015-04-26T00:00:00.000Z,true,xPBJwuF45am3zetom
PHOLOSHO PRIMARY SCHOOL,c8PScP7JjuF3RvjuN,Sfiso V1,2015-04-07T00:00:00.000Z,2015-04-08T00:00:00.000Z,false,xX6znodofgALpAaJg
JABULILE SECONDARY SCHOOL,GdT4e3QnaH2fX4vAA,SABELO VERIFIED,2015-04-26T00:00:00.000Z,2015-04-27T00:00:00.000Z,true,xapETP39ebDL77Jvo
ALEXANDRA SECONDARY SCHOOL,dmcSwWf7Zcge6eHR8,Jake Pencharz,2015-04-27T00:00:00.000Z,2015-04-28T00:00:00.000Z,true,xh94G3hSG7NoS7bcY
FRED HABEDI PRIMARY SCHOOL,qCqx8rN4JLCHpEwF4,Pontsho11,2015-04-10T00:00:00.000Z,2015-04-10T00:00:00.000Z,true,xjBMtwSX3K5LMHFte
THEMBALIKAZULU PRIMARY SCHOOL,jSDZSbr7cMPKgibe7,KHOLWANI10,2015-04-08T00:00:00.000Z,2015-04-09T00:00:00.000Z,true,xuGqaBapphciMGBKD
PHOMOLONG PRIMARY SCHOOL,J8iGazpt3MwprEvbp,Sympathy varified,2015-04-26T00:00:00.000Z,2015-04-27T00:00:00.000Z,false,xwsCtAq2khrBdBGhZ
BOTLEHADI PRIMARY SCHOOL,FpTsqHm4D3ttwK8dY,Sabelo1,2015-04-19T00:00:00.000Z,2015-04-20T00:00:00.000Z,true,yeHXSQ7vQwnnsDxtM
SHADRACK MBAMBO PRIMARY SCHOOL,7sAKJvmox8vK6GJBv,Sympathy Varified,2015-04-26T00:00:00.000Z,2015-04-27T00:00:00.000Z,true,zNCZvqexkbEPXcoLq
BATHOKWA PRIMARY SCHOOL,P4wqK6rnJQahfhFTr,SABELO VERIFIED,2015-04-25T00:00:00.000Z,2015-04-26T00:00:00.000Z,true,zXpAz8Zm9eS5mYnYq
