Statistics for Gauteng Province,Number,Total observed,Percentage
Schools with 1+ classes with 35+ students/teacher,72,128,56.25
Schools with 1+ classes with 40+ students/teacher,65,128,50.78
Schools with 1+ classes with 45+ students/teacher,58,128,45.31
Schools with 1+ classes with 50+ students/teacher,41,128,32.03
Schools with 1+ teachers without a desk,113,128,88.28
Schools with over 10 students without a chair,2,128,1.56
Schools with over 10 students without a desk,1,128,0.78
Schools with classrooms with a hole in ceiling or floor,65,128,50.78
Schools with irregular use of a classroom[1],20,128,15.63
Broken desks (percentage represents percentage of total desks observed),2536,28302,8.96
Broken chairs (percentage represents percentage of total chairs observed),4339,45707,9.49
Broken windows (percentage represents percentage of total chairs observed),1277,12044,10.60
