Statistics for Gauteng Province,Number,Total observed,Percentage
Schools with 1+ classes with 35+ students/teacher,71,126,56.35
Schools with 1+ classes with 40+ students/teacher,64,126,50.79
Schools with 1+ classes with 45+ students/teacher,59,126,46.83
Schools with 1+ classes with 50+ students/teacher,42,126,33.33
Schools with 1+ teachers without a desk,111,126,88.10
Schools with over 10 students without a chair,2,126,1.59
Schools with over 10 students without a desk,1,126,0.79
Schools with classrooms with a hole in ceiling or floor,63,126,50.00
Schools with irregular use of a classroom[1],20,126,15.87
Broken desks (percentage represents percentage of total desks observed),2491,27786,8.96
Broken chairs (percentage represents percentage of total chairs observed),4282,44751,9.57
Broken windows (percentage represents percentage of total chairs observed),1118,11842,9.44
