School Name,Version Name,District,NEIMS,Province,Type,Total Number of Male Students,Total Number of Female Students,Total Number of Students,Total Number of Teachers,Does the school have mixed gender blocks?,Total Number of Male Student Toilets,Total Number of Female Student Toilets,Total Number of Teacher Toilets,Total Number of Non-Working Male Toilets,Total Number of Non-Working Female Student Toilets,Total Number of Non-Working Teacher Toilets,Total Number of Working Male Toilets,Total Number of Working Female Toilets,Total Number of Working Teacher Toilets,Number of Male Students to One Toilet,Number of Female Students to One Toilet,Number of Male Students to One  Working Toilet,Number of Female Students to One  Working Toilet,Number of Teachers to one Toilet,Number of Teachers to One Working Toilet,Total number of disabled toilets,Maintenance Staff,Number of Students to One Cleaning Staff Member,Total taps,Total number of non-working taps,WHO Compliance - Male,WHO Compliance - Female,Norms & Standards Compliance - Male,Norms & Standards Compliance - Female
AB XUMA PRIMARY SCHOOL,V2-jaydin krok,JOHANNESBURG NORTH,700131805,GAUTENG,Primary,436,430,866,20,f,,,,,,,,,,,,,,,,one,2,433.00,19,2,"","","",""
AHA-THUTO SECONDARY SCHOOL,Sabelo verified,JOHANNESBURG SOUTH,700330696,GAUTENG,Secondary,596,613,1209,43,f,,,,,,,,,,,,,,,,,,,12,4,"","","",""
ALEXANDRA SECONDARY SCHOOL,Jake Pencharz,JOHANNESBURG EAST,700152009,GAUTENG,Secondary,840,949,1789,67,f,,,,,,,,,,,,,,,,one,3,596.33,48,18,"","","",""
AMOS MAPHANGA SECONDARY,V2 Yossi Bank,GAUTENG EAST,700400398,GAUTENG,Secondary,548,502,1050,31,t,,,,,,,,,,,,,,,,zero,19,55.26,24,0,"","","",""
BATHOKWA PRIMARY SCHOOL,SABELO VERIFIED,TSHWANE SOUTH,700231530,GAUTENG,Primary,408,424,832,17,f,19,14,,3,2,,14,10,,21.47,30.29,29.14,42.40,,,Unsure,2,416.00,18,1,complies,does not comply,"",""
BATLOUNG INTERMEDIATE SCHOOL,Symps,SEDIBENG WEST,700320309,GAUTENG,Primary,,,,8,f,,,,,,,,,,,,,,,,zero,0,,28,0,"","","",""
BOITUMELONG SECONDARY SCHOOL,Zanele V1,EKURHULENI NORTH,700260620,GAUTENG,Secondary,596,681,1277,28,f,,,,,,,,,,,,,,,,zero,,,17,8,"","","",""
BOKAMOSO PRIMARY SCHOOL,Zanele V1,TSHWANE WEST,700241810,GAUTENG,Secondary,616,695,1311,104,f,,,,,,,,,,,,,,,,3 or more,,,26,10,"","","",""
BONA COMPREHENSIVE SCHOOL,SABELO VERIFIED,JOHANNESBURG NORTH,700131961,GAUTENG,Secondary,,,,,f,,,,,,,,,,,,,,,,zero,,,23,7,"","","",""
BOPASENATLA SECONDARY SCHOOL,Joseph verified,JOHANNESBURG NORTH,700140426,GAUTENG,Secondary,210,243,453,453,f,,,,,,,,,,,,,,,,,2,226.50,5,1,"","","",""
BOPHELONG SECONDARY SCHOOL,Joseph verified,SEDIBENG WEST,700400355,GAUTENG,Secondary,530,552,1082,38,f,,,,,,,,,,,,,,,,,6,180.33,12,8,"","","",""
BOTLEHADI PRIMARY SCHOOL,Sabelo1,SEDIBENG WEST,700320366,GAUTENG,Primary,269,296,565,14,f,,,,,,,,,,,,,,,,zero,,,6,1,"","","",""
BOVET PRIMARY SCHOOL,Joseph verified,JOHANNESBURG EAST,700152041,GAUTENG,Primary,859,802,1661,43,f,,,,,,,,,,,,,,,,3 or more,3,553.67,46,1,"","","",""
BUD MBELLE PRIMARY SCHOOL,SABELO VERIFIED,TSHWANE SOUTH,700231563,GAUTENG,Primary,436,435,871,,f,11,13,,1,0,,9,12,,39.64,33.46,48.44,36.25,,,,,,16,1,complies,does not comply,"",""
BUHLEBEMFUNDO SECONDARY SCHOOL,Joseph verified,GAUTENG EAST,700310938,GAUTENG,Secondary,846,890,1736,40,f,,,,,,,,,,,,,,,,one,,,12,6,"","","",""
CARTER PRIMARY SCHOOL,Joseph verified,JOHANNESBURG EAST,700152058,GAUTENG,Primary,623,640,1263,30,f,,,,,,,,,,,,,,,,zero,,,21,2,"","","",""
CHARLOTTE MAXEKE SECONDARY SCHOOL,V2 Yossi Bank,EKURHULENI NORTH,700400351,GAUTENG,Secondary,,,,20,f,,,,,,,,,,,,,,,,zero,,,5,0,"","","",""
DAVID HELLEN PETA SECONDARY SCHOOL,Joseph verified,TSHWANE SOUTH,700231605,GAUTENG,Secondary,516,428,944,30,f,,,,,,,,,,,,,,,,two,5,188.80,22,6,"","","",""
DIEPDALE SECONDARY SCHOOL,V2-Jaydin krok,JOHANNESBURG NORTH,700140434,GAUTENG,Secondary,380,391,771,39,f,,,,,,,,,,,,,,,,zero,2,385.50,15,2,"","","",""
DINOTO TECHNICAL SECONDARY SCHOOL,Tshepo3,EKURHULENI NORTH,700310995,GAUTENG,Secondary,551,600,1151,79,f,,,,,,,,,,,,,,,,zero,,,16,1,"","","",""
DITAU PRIMARY SCHOOL,Sympathy varified,JOHANNESBURG NORTH,700132068,GAUTENG,Primary,,,,10,f,,,,,,,,,,,,,,,,zero,,,8,2,"","","",""
DITAWANA PRIMARY SCHOOL,pontsho 21,JOHANNESBURG NORTH,700132076,GAUTENG,Primary,,,,,f,,,,,,,,,,,,,,,,zero,,,,,"","","",""
DITAWANE,Joseph verified,,,GAUTENG,Primary,,,,,f,,,,,,,,,,,,,,,,zero,,,3,0,"","","",""
DR HARRY GWALA SECONDARY SCHOOL,Tshepo3,GAUTENG EAST,700311001,GAUTENG,Secondary,615,633,1248,43,f,,,,,,,,,,,,,,,,zero,2,624.00,10,1,"","","",""
DR KNAK PRIMARY SCHOOL,"SABELO VERIFIED
pontsho 20",JOHANNESBURG EAST,700152082,GAUTENG,Primary,,,,,f,,,,,,,,,,,,,,,,zero,,,8,1,"","","",""
DR NHLAPO INTERMEDIATE SCHOOL,Joseph verified,SEDIBENG WEST,700320440,GAUTENG,Primary,438,436,874,41,f,,,,,,,,,,,,,,,,zero,2,437.00,8,1,"","","",""
DR WF NKOMO SECONDARY SCHOOL,Sympathy Varified,TSHWANE SOUTH,700231613,GAUTENG,Secondary,436,589,1025,33,f,,,,,,,,,,,,,,,,Unsure,,,8,4,"","","",""
EAST BANK HIGH SCHOOL,Sympathy varified,JOHANNESBURG EAST,700152090,GAUTENG,Secondary,659,726,1385,,f,,,,,,,,,,,,,,,,zero,,,20,7,"","","",""
EKUKHANYISWENI PRIMARY SCHOOL,SABELO VERIFIED,JOHANNESBURG EAST,700152108,GAUTENG,Primary,601,539,1140,32,t,17,24,,3,5,,11,16,,35.35,22.46,54.64,33.69,,,two,5,228.00,47,14,does not comply,does not comply,"",""
EMFUNDISWENI PRIMARY SCHOOL,SABELO VERIFIED,JOHANNESBURG EAST,700152116,GAUTENG,Primary,,,,31,f,,,,,,,,,,,,,,,,two,4,,34,10,"","","",""
EMMANGWENI PRIMARY SCHOOL,Zanele v1,EKURHULENI NORTH,700260729,GAUTENG,Primary,897,876,1773,36,f,,,,,,,,,,,,,,,,one,6,295.50,19,0,"","","",""
EMMANUEL PRIMARY SCHOOL,Joseph verified,SEDIBENG EAST,700330837,GAUTENG,Primary,443,403,846,20,f,,,,,,,,,,,,,,,,zero,3,282.00,16,0,"","","",""
ENDULWENI PRIMARY SCHOOL,Joseph verified,EKURHULENI NORTH,700260745,GAUTENG,Primary,547,506,1053,29,f,,,,,,,,,,,,,,,,zero,,,16,5,"","","",""
ENTSHONALANGA PRIMARY SCHOOL,SABELO VERIFIED,EKURHULENI NORTH,700260752,KZN,Primary,787,724,1511,,f,,,,,,,,,,,,,,,,3 or more,9,167.89,15,6,"","","",""
ESIKHISINI PRIMARY SCHOOL,Joseph verified,TSHWANE SOUTH,700231662,GAUTENG,Primary,310,251,561,1050,f,,,,,,,,,,,,,,,,,2,280.50,4,3,"","","",""
EVATON PRIMARY SCHOOL,kholwani23,SEDIBENG WEST,700320952,GAUTENG,Primary,315,270,585,,f,,,,,,,,,,,,,,,,zero,1,585.00,30,0,"","","",""
FADIMEHA PRIMARY SCHOOL,Joseph verified,SEDIBENG WEST,700320523,GAUTENG,Primary,241,203,444,,f,,,,,,,,,,,,,,,,,,,4,0,"","","",""
FRED HABEDI PRIMARY SCHOOL,Pontsho11,GAUTENG EAST,700350702,GAUTENG,Primary,,,,22,f,,,,,,,,,,,,,,,,zero,5,,32,3,"","","",""
FUNUKUKHANYA PRIMARY SCHOOL,KHOLWANI3,GAUTENG EAST,700311068,GAUTENG,Primary,,,,21,f,,,,,,,,,,,,,,,,zero,,,18,7,"","","",""
GAHLANSO PRIMARY SCHOOL,Zanele V1,EKURHULENI NORTH,700260828,GAUTENG,Primary,505,598,1103,28,f,,,,,,,,,,,,,,,,zero,4,275.75,14,4,"","","",""
GEORGE MBILASE PRIMARY SCHOOL,Joseph,GAUTENG EAST,700311076,GAUTENG,Primary,419,392,811,,f,,,,,,,,,,,,,,,,zero,,,0,0,"","","",""
GORDON PRIMARY SCHOOL,SFISO V1,JOHANNESBURG EAST,700152132,GAUTENG,Primary,,,,34,f,,,,,,,,,,,,,,,,3 or more,,,9,7,"","","",""
GOROGANG PRIMARY SCHOOL,Pontsho5,GAUTENG EAST,700350728,GAUTENG,Primary,180,174,354,9,f,,,,,,,,,,,,,,,,zero,1,354.00,0,0,"","","",""
GOVAN MBEKI PRIMARY SCHOOL,Sabelo verified,JOHANNESBURG SOUTH,700332099,GAUTENG,Primary,663,615,1278,29,f,,,,,,,,,,,,,,,,zero,7,182.57,26,0,"","","",""
HLABANGANE PRIMARY SCHOOL,Joseph verified,JOHANNESBURG WEST,700140541,GAUTENG,Primary,,,,7,f,,,,,,,,,,,,,,,,zero,,,14,4,"","","",""
HLANGABEZA PRIMARY SCHOOL,Symps,GAUTENG WEST,700270736,GAUTENG,Primary,545,582,1127,1127,f,,,,,,,,,,,,,,,,two,2,563.50,,,"","","",""
HOFMEYR SECONDARY SCHOOL,Joseph verified,TSHWANE SOUTH,700231746,GAUTENG,Secondary,525,495,1020,32,f,,,,,,,,,,,,,,,,zero,5,204.00,24,20,"","","",""
HULWAZI SECONDARY SCHOOL,Tshepo1,EKURHULENI NORTH,700311100,GAUTENG,Secondary,704,979,1683,30,f,,,,,,,,,,,,,,,,zero,2,841.50,14,5,"","","",""
IKAGE PRIMARY SCHOOL,Sympathy varified,JOHANNESBURG EAST,700152140,GAUTENG,Primary,,,,,f,,,,,,,,,,,,,,,,zero,5,,51,0,"","","",""
IMFUNDO MIDDLE SCHOOL,Tshepo25,SEDIBENG WEST,700320598,NORTHERN_CAPE,Primary,505,407,912,22,f,,,,,,,,,,,,,,,,,,,31,23,"","","",""
INKATHA KA ZULU PRIMARY SCHOOL,Tshepo1,GAUTENG EAST,700311118,GAUTENG,Primary,554,477,1031,23,f,,,,,,,,,,,,,,,,two,,,,,"","","",""
INKONJANE JUNIOR SECONDARY SCHOOL,V2 Yossi Bank,JOHANNESBURG WEST,700140582,GAUTENG,Other,,,,,f,,,,,,,,,,,,,,,,3 or more,,,10,3,"","","",""
INXIWENI PRIMARY SCHOOL,Freddy8,EKURHULENI NORTH,700260893,GAUTENG,Primary,693,653,1346,27,f,,,,,,,,,,,,,,,,,,,28,13,"","","",""
IPHUTHENG PRIMARY SCHOOL,Sympathy varified,JOHANNESBURG EAST,700152165,GAUTENG,Primary,,,,,f,,,,,,,,,,,,,,,,3 or more,,,36,2,"","","",""
IPONTSHE PRIMARY SCHOOL,V2 Adam Dison,EKURHULENI NORTH,700260901,GAUTENG,Primary,498,536,1034,26,f,,,,,,,,,,,,,,,,zero,3,344.67,39,0,"","","",""
ISEKELO PRIMARY SCHOOL,Joseph verified,EKURHULENI NORTH,700260919,GAUTENG,Primary,654,594,1248,,f,,,,,,,,,,,,,,,,,,,,,"","","",""
ISIZIBA PRIMARY SCHOOL,V1,EKURHULENI NORTH,700260943,GAUTENG,Primary,623,631,1254,28,f,22,10,,0,0,,21,9,,28.32,63.10,29.67,70.11,,,one,5,250.80,41,8,complies,does not comply,"",""
ITHUTE PRIMARY SCHOOL,Sympathy Varified,JOHANNESBURG EAST,700152173,GAUTENG,Primary,696,681,1377,,f,,,,,,,,,,,,,,,,zero,,,37,0,"","","",""
ITSEBENG PRIMARY SCHOOL,SABELO1,SEDIBENG WEST,700320630,GAUTENG,Primary,425,406,831,,f,,,,,,,,,,,,,,,,,1,831.00,,2,"","","",""
JABULANI THABANG PRIMARY SCHOOL,Sabelo1,SEDIBENG WEST,700320648,GAUTENG,Primary,412,395,807,19,f,,,,,,,,,,,,,,,,zero,,,6,0,"","","",""
JABULILE SECONDARY SCHOOL,SABELO VERIFIED,JOHANNESBURG SOUTH,700331611,GAUTENG,Secondary,677,873,1550,54,f,,,,,,,,,,,,,,,,zero,,,19,6,"","","",""
JET NTEO SECONDARY SCHOOL,Sabelo1,SEDIBENG WEST,700320663,GAUTENG,Secondary,483,411,894,28,f,,,,,,,,,,,,,,,,zero,,,24,18,"","","",""
JOB MASEKO PRIMARY SCHOOL,KHOLWANI12,GAUTENG EAST,700350777,GAUTENG,Primary,546,459,1005,25,f,,,,,,,,,,,,,,,,zero,,,,,"","","",""
JOB RATHEBE PRIMARY SCHOOL,Sabelo verified,JOHANNESBURG NORTH,700132332,GAUTENG,Other,,,,24,f,,,,,,,,,,,,,,,,,2,,13,3,"","","",""
JORDAN SECONDARY SCHOOL,Sabelo1,SEDIBENG WEST,700320671,GAUTENG,Secondary,483,461,944,33,f,,,,,,,,,,,,,,,,zero,5,188.80,56,41,"","","",""
KAMOHELO PUBLIC SCHOOL,Joseph,GAUTENG WEST,700270801,GAUTENG,Other,,,,25,f,,,,,,,,,,,,,,,,zero,3,,6,3,"","","",""
KENNETH MASEKELA SECONDARY SCHOOL,Pontsho7,GAUTENG EAST,700350793,GAUTENG,Secondary,669,714,1383,43,f,,,,,,,,,,,,,,,,one,4,345.75,6,0,"","","",""
KGALEMA PRIMARY SCHOOL,V2-Jaydin krok,GAUTENG EAST,700311175,GAUTENG,Primary,661,586,1247,30,f,,,,,,,,,,,,,,,,zero,,,,,"","","",""
KGOLAGANO PRIMARY SCHOOL,Joseph verified,GAUTENG EAST,700311811,GAUTENG,Primary,730,725,1455,33,t,25,,,1,,,15,,,29.20,,48.67,,,,Unsure,6,242.50,23,0,complies,"","",""
KGOMOCO PRIMARY SCHOOL,Joseph verified,SEDIBENG EAST,700330902,GAUTENG,Primary,463,499,962,20,f,,,,,,,,,,,,,,,,zero,,,,,"","","",""
KHANGEZILE PRIMARY SCHOOL,Pontsho9,GAUTENG EAST,700350801,GAUTENG,Primary,202,219,421,9,f,,,,,,,,,,,,,,,,zero,2,210.50,9,4,"","","",""
KHOMANANI PRIMARY SCHOOL,SABELO VERIFIED,JOHANNESBURG NORTH,700140640,GAUTENG,Primary,,,,25,f,,,,,,,,,,,,,,,,zero,1,,,11,"","","",""
KHULA SIZWE PRIMARY SCHOOL,Freddy7,EKURHULENI NORTH,700260992,GAUTENG,Primary,494,427,921,22,f,,,,,,,,,,,,,,,,zero,,,35,0,"","","",""
KOKOSI PRIMARY SCHOOL,Symps,GAUTENG WEST,700930749,GAUTENG,Primary,659,583,1242,30,f,,,,,,,,,,,,,,,,,3,414.00,21,3,"","","",""
KUZIMISELA PRIMARY SCHOOL,Tshepo,EKURHULENI NORTH,700311209,GAUTENG,Primary,384,340,724,19,f,,,,,,,,,,,,,,,,zero,,,6,2,"","","",""
LABAN MOTLHABI COMPREHENSIVE SCHOOL,Pontsho6,GAUTENG EAST,700350843,GAUTENG,Secondary,431,399,830,,f,,,,,,,,,,,,,,,,zero,1,830.00,18,0,"","","",""
LANGAVILLE PRIMARY SCHOOL,Sympathy varified,GAUTENG EAST,700312140,GAUTENG,Primary,,,,40,f,,,,,,,,,,,,,,,,one,4,,29,5,"","","",""
LEBOHANG SECONDARY SCHOOL,Sabelo1,SEDIBENG WEST,700320788,GAUTENG,Secondary,503,428,931,28,f,,,,,,,,,,,,,,,,zero,,,,,"","","",""
LEBONE PRIMARY SCHOOL,KHOLWANI7,GAUTENG EAST,700311217,GAUTENG,Primary,619,553,1172,,f,,,,,,,,,,,,,,,,zero,,,40,0,"","","",""
LEBOWA PRIMARY SCHOOL,Joseph,SEDIBENG EAST,700330928,GAUTENG,Primary,,,,12,f,,,,,,,,,,,,,,,,,,,8,5,"","","",""
LEEMA-MOKOTULI PRIMARY SCHOOL,Sabelo1,SEDIBENG WEST,700400110,GAUTENG,Primary,155,168,323,,f,,,,,,,,,,,,,,,,zero,1,323.00,14,1,"","","",""
LEFA-IFA SECONDARY SCHOOL,KHOLWANE13,GAUTENG EAST,700350850,GAUTENG,Secondary,,,,37,f,,,,,,,,,,,,,,,,zero,1,,24,10,"","","",""
LEFIKA PRIMARY SCHOOL,V1,SEDIBENG WEST,700320804,GAUTENG,Primary,452,412,864,21,f,,,,,,,,,,,,,,,,,,,7,4,"","","",""
LEHLASEDI PRIMARY SCHOOL,Sabelo1,SEDIBENG EAST,700330936,GAUTENG,Primary,320,314,634,15,f,,,,,,,,,,,,,,,,zero,,,,,"","","",""
LERESCHE PRIMARY SCHOOL,Joseph verified,JOHANNESBURG NORTH,700132407,GAUTENG,Primary,,,,16,f,,,,,,,,,,,,,,,,zero,,,7,0,"","","",""
LESEDI LA KRESTE ANGLICAN PRIMARY SCHOOL,V2-Jaydin Krok,JOHANNESBURG SOUTH,700330712,GAUTENG,Primary,,,,,f,,,,,,,,,,,,,,,,zero,,,19,4,"","","",""
LESHATA SECONDARY SCHOOL,Sabelo verified,JOHANNESBURG SOUTH,700330969,GAUTENG,Secondary,899,965,1864,63,f,,,,,,,,,,,,,,,,zero,,,8,8,"","","",""
LETSATSING COMBINED SCHOOL,SABELO 1,,,GAUTENG,Primary,454,383,837,43,t,,,,,,,7,18,,,,64.86,21.28,,,,,,3,4,does not comply,complies,"",""
LETSEMA-ILIMA PRIMARY SCHOOL,Symps,SEDIBENG WEST,700321331,GAUTENG,Primary,668,679,1347,39,f,,,,,,,,,,,,,,,,zero,6,224.50,24,6,"","","",""
LETSIE PRIMARY SCHOOL,KHOLWANI8,GAUTENG EAST,700311274,GAUTENG,Primary,458,439,897,,f,,,,,,,,,,,,,,,,,,,28,0,"","","",""
LIVHUWANI PRIMARY SCHOOL,SABELO VERIFIED,JOHANNESBURG WEST,700140731,GAUTENG,Primary,327,387,714,19,f,,,,,,,,,,,,,,,,one,2,357.00,4,2,"","","",""
LOTUS GARDENS PRIMARY SCHOOL,Joseph verified,TSHWANE WEST,700400154,GAUTENG,Primary,617,602,1219,29,f,,,,,,,,,,,,,,,,zero,,,14,1,"","","",""
LUKHOLWENI PRIMARY SCHOOL,Joseph verified,JOHANNESBURG NORTH,700132456,GAUTENG,Primary,,,,,f,,,,,,,,,,,,,,,,zero,,,12,1,"","","",""
MABOELLENG PRIMARY SCHOOL,Joseph,SEDIBENG WEST,700320879,GAUTENG,Primary,,,,13,f,,,,,,,,,,,,,,,,zero,2,,13,3,"","","",""
MABUYA SECONDARY SCHOOL,Joseph1,EKURHULENI NORTH,700311290,GAUTENG,Secondary,797,776,1573,53,f,,24,,,4,,,14,,,32.33,,55.43,,,,,,21,5,"",does not comply,"",""
MADUME PRIMARY SCHOOL,SABELO VERIFIED,JOHANNESBURG SOUTH,700330985,GAUTENG,Primary,477,483,960,26,f,,,,,,,,,,,,,,,,zero,,,25,1,"","","",""
MAHLAHLE PRIMARY SCHOOL,SABELO VERIFIED,TSHWANE SOUTH,700231894,GAUTENG,Primary,564,542,1106,24,f,,,,,,,,,,,,,,,,,,,14,14,"","","",""
MAKAPANE PRIMARY SCHOOL,Joseph verified,SEDIBENG WEST,700320903,GAUTENG,Primary,561,531,1092,27,f,,,,,,,,,,,,,,,,zero,,,23,12,"","","",""
MANGWELE PRIMARY SCHOOL,SABELO VERIFIED,JOHANNESBURG NORTH,700140764,GAUTENG,Primary,233,183,416,28,f,,,,,,,,,,,,,,,,zero,2,208.00,8,3,"","","",""
MASHEMONG PRIMARY SCHOOL,Joseph verified,EKURHULENI NORTH,700261040,GAUTENG,Primary,536,597,1133,35,f,,,,,,,,,,,,,,,,,,,24,0,"","","",""
MASIMINI PRIMARY SCHOOL,V2 Adam Dison,GAUTENG EAST,700350892,GAUTENG,Primary,,,,19,f,16,13,,0,0,,14,11,,,,,,,,,,,25,0,"","","",""
MASIQHAKAZE SECONDARY SCHOOL,V1,EKURHULENI NORTH,700261057,GAUTENG,Secondary,827,839,1666,48,f,,,,,,,,,,,,,,,,,,,24,24,"","","",""
MASISEBENZE COMPREHENSIVE SCHOOL,Zanele V1,,700261065,GAUTENG,Secondary,,,,80,f,,,,,,,,,,,,,,,,zero,1,,10,0,"","","",""
MATSIE STEYN PRIMARY SCHOOL,Joseph verified,SEDIBENG EAST,700331017,GAUTENG,Primary,,,,16,f,,,,,,,,,,,,,,,,,3,,12,3,"","","",""
MEADOWLANDS PRIMARY SCHOOL,Tamir Shklaz,JOHANNESBURG WEST,700140947,GAUTENG,Primary,220,195,415,415,f,,,,,,,,,,,,,,,,zero,,,8,0,"","","",""
MELODI PRIMARY SCHOOL,V2 - Daniel Kartun,GAUTENG EAST,700311373,GAUTENG,Primary,773,710,1483,45,t,,,,,,,,,,,,,,,,zero,,,15,0,"","","",""
MENZI PRIMARY SCHOOL,Sympathy varified,GAUTENG EAST,700400234,GAUTENG,Primary,,,,35,f,,,,,,,,,,,,,,,,zero,1,,17,0,"","","",""
MICHAEL ZULU PRIMARY SCHOOL,Sympathy varified,GAUTENG EAST,700311381,GAUTENG,Primary,,,,38,f,,,,,,,,,,,,,,,,zero,1,,24,24,"","","",""
MODUOPO PRIMARY SCHOOL,Zanele V1,EKURHULENI NORTH,700261099,GAUTENG,Primary,536,527,1063,28,f,,,,,,,,,,,,,,,,zero,,,27,5,"","","",""
MOGOGODI PRIMARY SCHOOL,Joseph1,SEDIBENG WEST,700321018,GAUTENG,Primary,201,99,300,9,f,,,,,,,,,,,,,,,,two,2,150.00,10,1,"","","",""
MOHLOLI SECONDARY SCHOOL,symps,SEDIBENG EAST,700331074,GAUTENG,Secondary,639,650,1289,45,f,,,,,,,,,,,,,,,,,5,257.80,0,2,"","","",""
MOKGOME SECONDARY SCHOOL,Joseph verified,JOHANNESBURG WEST,700140814,GAUTENG,Secondary,471,375,846,30,f,,,,,,,,,,,,,,,,,3,282.00,14,7,"","","",""
MONTSOSI PRIMARY SCHOOL,SABELO1,SEDIBENG WEST,700321075,GAUTENG,Primary,194,182,376,,f,,,,,,,,,,,,,,,,,,,,,"","","",""
MOSHOESHOE PRIMARY SCHOOL,Joseph verified,GAUTENG EAST,700311399,GAUTENG,Primary,461,581,1042,35,f,,,,,,,,,,,,,,,,3 or more,,,,,"","","",""
MOSIOA PRIMARY SCHOOL,Joseph verified,SEDIBENG WEST,700321117,GAUTENG,Primary,247,250,497,,f,,,,,,,,,,,,,,,,zero,,,13,2,"","","",""
MQINISWA PRIMARY SCHOOL,Joseph verified,SEDIBENG WEST,700321141,GAUTENG,Primary,529,553,1082,,f,,,,,,,,,,,,,,,,3 or more,4,270.50,18,11,"","","",""
MUZOMSHA PRIMARY SCHOOL,KHOLWANI18,GAUTENG EAST,700350926,GAUTENG,Primary,,,,15,f,,,,,,,,,,,,,,,,,3,,31,0,"","","",""
MVELAPHANDA PRIMARY SCHOOL,Freddy9,EKURHULENI NORTH,700261123,GAUTENG,Primary,443,391,834,19,f,,,,,,,,,,,,,,,,zero,,,33,2,"","","",""
NCHABELENG PRIMARY SCHOOL,KHOLWANI9,GAUTENG EAST,700311407,GAUTENG,Primary,426,437,863,36,f,,,,,,,,,,,,,,,,zero,,,9,0,"","","",""
NKABINDE PRIMARY SCHOOL,V2 Yossi Bank,GAUTENG EAST,700350942,GAUTENG,Primary,394,371,765,24,f,,,,,,,,,,,,,,,,Unsure,2,382.50,3,2,"","","",""
NKUMBULO SECONDARY SCHOOL,Pontsho4,GAUTENG EAST,700350959,GAUTENG,Secondary,629,633,1262,45,f,,,,,,,,,,,,,,,,zero,3,420.67,60,4,"","","",""
NOMINI PRIMARY SCHOOL,Sabelo verified,JOHANNESBURG SOUTH,700331108,GAUTENG,Other,,,,31,f,,,,,,,,,,,,,,,,zero,,,,,"","","",""
NQUBELA PRIMARY SCHOOL,Sympathy Varified,EKURHULENI SOUTH,700341032,GAUTENG,Primary,199,159,358,24,f,,,,,,,,,,,,,,,,one,,,13,10,"","","",""
NTOKOZWENI PRIMARY SCHOOL,Pontsho12,GAUTENG EAST,700350975,GAUTENG,Primary,517,440,957,,f,,,,,,,,,,,,,,,,two,,,4,0,"","","",""
NTSELE PRIMARY SCHOOL,Sabelo1,SEDIBENG WEST,700321208,GAUTENG,Primary,542,554,1096,26,f,,,,,,,,,,,,,,,,zero,4,274.00,3,6,"","","",""
NTSIKANA PRIMARY SCHOOL,Sympathy Varified,GAUTENG EAST,700311423,GAUTENG,Primary,346,333,679,8,f,,,,,,,,,,,,,,,,zero,4,169.75,29,1,"","","",""
NYIKO PRIMARY SCHOOL,Freddy9,EKURHULENI NORTH,700261131,GAUTENG,Primary,,,,29,f,22,10,,0,0,,21,9,,,,,,,,,,,41,8,"","","",""
O.R TAMBO PRIMARY SCHOOL,Zanele V1,EKURHULENI SOUTH,700400248,GAUTENG,Primary,635,563,1198,23,f,,,,,,,,,,,,,,,,zero,,,30,9,"","","",""
ORANGE FARM PRIMARY SCHOOL,V1,JOHANNESBURG SOUTH,700331637,GAUTENG,Primary,,,,42,f,,,,,,,,,,,,,,,,zero,,,24,9,"","","",""
ORLANDO SECONDARY SCHOOL,SABELO VERIFIED,JOHANNESBURG NORTH,700132670,GAUTENG,Secondary,,,,31,f,,,,,,,,,,,,,,,,3 or more,,,12,2,"","","",""
PATOGENG PRIMARY SCHOOL,Joseph verified,TSHWANE SOUTH,700232082,GAUTENG,Primary,358,319,677,17,f,,,,,,,,,,,,,,,,zero,,,,,"","","",""
PHAMEHLO PRIMARY SCHOOL,Symps,SEDIBENG WEST,700321232,GAUTENG,Primary,279,269,548,,f,,,,,,,,,,,,,,,,zero,3,182.67,1,1,"","","",""
PHANDIMFUNDO SECONDARY SCHOOL,SABELO VERIFIED,GAUTENG EAST,700311431,GAUTENG,Secondary,700,860,1560,51,t,,,,,,,,,,,,,,,,,,,12,0,"","","",""
PHELINDABA SECONDARY SCHOOL,Sabelo verified,TSHWANE SOUTH,700232124,GAUTENG,Secondary,495,564,1059,23,f,,,,,,,,,,,,,,,,,,,9,2,"","","",""
PHOMOLONG SECONDARY SCHOOL,V2 - Adam Dison,EKURHULENI NORTH,700400138,GAUTENG,Secondary,714,913,1627,156,f,,,,,,,,,,,,,,,,3 or more,,,27,3,"","","",""
PHORORONG PRIMARY SCHOOL,Joseph,GAUTENG WEST,700271015,GAUTENG,Other,,,,23,f,,,,,,,,,,,,,,,,zero,3,,10,4,"","","",""
PHUTHADITSHABA PRIMARY SCHOOL,SABELO VERIFIED,TSHWANE SOUTH,700232661,GAUTENG,Primary,808,758,1566,45,f,,,,,,,,,,,,,,,,,,,21,0,"","","",""
PHUTHULLA PRIMARY SCHOOL,Joseph verified,SEDIBENG WEST,700321265,GAUTENG,Primary,406,385,791,18,f,,,,,,,,,,,,,,,,3 or more,,,16,4,"","","",""
PHUTHUMANI PRIMARY SCHOOL,Sympathy Varified,EKURHULENI NORTH,700261149,GAUTENG,Primary,589,572,1161,28,f,,,,,,,,,,,,,,,,,,,20,12,"","","",""
POELANO SECONDARY SCHOOL,Joseph verified,SEDIBENG WEST,700321281,GAUTENG,Secondary,583,654,1237,38,f,,,,,,,,,,,,,,,,zero,8,154.63,24,1,"","","",""
PUDUMO PRIMARY SCHOOL,SABELO 1,JOHANNESBURG SOUTH,700331165,GAUTENG,Primary,,,,,f,,,,,,,,,,,,,,,,zero,,,16,9,"","","",""
QEDUSIZI PRIMARY SCHOOL,Pontsho8,GAUTENG EAST,700351015,GAUTENG,Primary,,,,40,f,,,,,,,,,,,,,,,,one,,,39,0,"","","",""
QHAKAZANI PRIMARY SCHOOL,tshepo20,JOHANNESBURG SOUTH,700331173,GAUTENG,Primary,580,492,1072,26,f,,,,,,,,,,,,,,,,zero,,,24,1,"","","",""
QUANTUM SECONDARY SCHOOL,Tshepo2,GAUTENG EAST,700400152,GAUTENG,Secondary,417,567,984,31,f,,,,,,,,,,,,,,,,,,,,,"","","",""
REAGILE PRIMARY SCHOOL,Freddy11,EKURHULENI NORTH,700261694,GAUTENG,Primary,851,877,1728,,t,44,52,7,12,14,0,15,21,5,19.34,16.87,56.73,41.76,,,zero,8,216.00,39,1,does not comply,does not comply,"",""
REAKGONA PRIMARY SCHOOL,Tamir Shklaz\,GAUTENG WEST,700931778,GAUTENG,Primary,514,509,1023,25,f,,,,,,,,,,,,,,,,zero,,,16,9,"","","",""
REALO  SECONDARY SCHOOL,SABELO VERIFIED,JOHANNESBURG EAST,700152314,GAUTENG,Secondary,881,912,1793,63,f,,,,,,,,,,,,,,,,zero,,,13,0,"","","",""
REAMOHETSOE PRIMARY SCHOOL,V2-Jaydin Krok,JOHANNESBURG SOUTH,700331231,GAUTENG,Primary,,,,,f,,,,,,,,,,,,,,,,zero,,,23,4,"","","",""
REKGUTLILE PRIMARY SCHOOL,SABELO VERIFEID,JOHANNESBURG SOUTH,700331264,GAUTENG,Primary,573,500,1073,24,f,,,,,,,,,,,,,,,,zero,2,536.50,24,2,"","","",""
RESIDENSIA SECONDARY SCHOOL,Symps,SEDIBENG WEST,700321380,GAUTENG,Secondary,,,,43,f,,,,,,,,,,,,,,,,3 or more,4,,21,17,"","","",""
RETLILE PRIMARY SCHOOL,Jake Pencharz,GAUTENG WEST,700934044,GAUTENG,Primary,,,,,f,,,,,,,,,,,,,,,,Unsure,4,,16,4,"","","",""
ROLIHLAHLA PRIMARY SCHOOL,Tshepo2,GAUTENG EAST,700311472,GAUTENG,Primary,639,514,1153,31,f,,,,,,,,,,,,,,,,,,,11,6,"","","",""
Radibapi Primary,sabelo,,,GAUTENG,Primary,475,463,938,28,f,,,,,,,,,,,,,,,,,,,24,0,"","","",""
SAKHELWE PRIMARY SCHOOL,Pontsho 10,GAUTENG EAST,700351049,GAUTENG,Primary,,,,13,f,,,,,,,,,,,,,,,,zero,2,,12,0,"","","",""
SAPPHIRE SECONDARY SCHOOL,Joseph verified,SEDIBENG WEST,700321406,GAUTENG,Secondary,648,825,1473,,f,,,,,,,,,,,,,,,,,3,491.00,19,7,"","","",""
SAULRIDGE SECONDARY SCHOOL,Sabelo verified,TSHWANE SOUTH,700232223,GAUTENG,Secondary,472,559,1031,39,f,,,,,,,,,,,,,,,,,,,10,0,"","","",""
SECHABA PRIMARY SCHOOL,KHOLWANI14,GAUTENG EAST,700351064,GAUTENG,Primary,223,200,423,12,f,,,,,,,,,,,,,,,,zero,,,13,4,"","","",""
SEDIBENG PRIMARY SCHOOL,Zanele V1,EKURHULENI NORTH,700261180,GAUTENG,Primary,423,402,825,18,f,20,,,1,,,15,,,21.15,,28.20,,,,,4,206.25,17,3,complies,"","",""
SEEISO PRIMARY SCHOOL,Joseph verified,SEDIBENG WEST,700321422,GAUTENG,Primary,,,,27,f,,,,,,,,,,,,,,,,,1,,11,4,"","","",""
SELELEKELA SECONDARY SCHOOL,SABELO 1,JOHANNESBURG NORTH,700132902,GAUTENG,Secondary,,,,36,f,,,,,,,,,,,,,,,,one,3,,6,1,"","","",""
SELIBA PRIMARY SCHOOL,Joseph verified,SEDIBENG EAST,700331314,GAUTENG,Other,,,,12,f,,,,,,,,,,,,,,,,,,,,,"","","",""
SELOPE-THEMA PRIMARY SCHOOL,SABELO VERIFIED,JOHANNESBURG NORTH,700132910,GAUTENG,Primary,,,,11,f,,,,,,,,,,,,,,,,zero,,,9,1,"","","",""
SEOTLOANA PRIMARY SCHOOL,Zanele V1,EKURHULENI NORTH,700261198,GAUTENG,Primary,,,,30,t,,,,,,,,,,,,,,,,3 or more,2,,34,13,"","","",""
SHADRACK MBAMBO PRIMARY SCHOOL,Sympathy Varified,GAUTENG EAST,700311480,GAUTENG,Primary,,,,26,f,,,,,,,,,,,,,,,,zero,4,,24,0,"","","",""
SIBONELO PRIMARY SCHOOL,Sympathy verified,EKURHULENI NORTH,700311498,GAUTENG,Primary,,,,20,f,,,,,,,,,,,,,,,,,,,17,0,"","","",""
SIPHIWE PRIMARY SCHOOL,Zanele V1,EKURHULENI NORTH,700261214,GAUTENG,Primary,689,666,1355,31,f,,,,,,,,,,,,,,,,zero,,,22,0,"","","",""
SOZIZWE PRIMARY SCHOOL,Tshepo3,EKURHULENI NORTH,700311530,GAUTENG,Primary,241,3538,3779,11,f,,,,,,,,,,,,,,,,,2,1889.50,,,"","","",""
STEVE BIKO PRIMARY SCHOOL,SABELO VERIFIED,JOHANNESBURG SOUTH,700400077,GAUTENG,Primary,,,,,f,,,,,,,,,,,,,,,,,,,24,15,"","","",""
STRETFORD EXT 8 PRIMARY SCHOOL,Sfiso v1,JOHANNESBURG SOUTH,700331918,GAUTENG,Primary,498,499,997,24,t,9,12,,1,1,,6,9,,55.33,41.58,83.00,55.44,,,Unsure,2,498.50,18,5,does not comply,does not comply,"",""
TEMBISA SECONDARY SCHOOL,V1,EKURHULENI NORTH,700261305,MPUMALANGA,Secondary,984,1054,2038,52,f,,,,,,,,,,,,,,,,3 or more,,,32,18,"","","",""
TEMBISA WEST SECONDARY SCHOOL,Freddy10,EKURHULENI NORTH,700400117,GAUTENG,Secondary,659,644,1303,39,f,,,,,,,,,,,,,,,,,,,13,3,"","","",""
THEMBALIHLE PRIMARY SCHOOL,SABELO1,JOHANNESBURG NORTH,700133132,GAUTENG,Primary,596,550,1146,24,f,,,,,,,,,,,,,,,,one,,,8,2,"","","",""
THEMBALIKAZULU PRIMARY SCHOOL,KHOLWANI10,GAUTENG EAST,700351148,GAUTENG,Primary,228,201,429,12,f,,,,,,,,,,,,,,,,,2,214.50,42,5,"","","",""
THETHA SECONDARY SCHOOL,SABELO VERFIED,JOHANNESBURG SOUTH,700331645,GAUTENG,Secondary,,,,,f,,,,,,,,,,,,,,,,zero,,,26,6,"","","",""
THOHO-YA-NDOU PRIMARY SCHOOL,Joseph verified,TSHWANE SOUTH,700232272,GAUTENG,Primary,321,310,631,15,f,,,,,,,,,,,,,,,,one,,,29,5,"","","",""
THOPODI PRIMARY SCHOOL,SABELO VERIFIED,GAUTENG EAST,700311555,GAUTENG,Primary,,,,27,t,,,,,,,,,,,,,,,,,,,20,0,"","","",""
THUTHUKA PRIMARY SCHOOL,SABELO VERIFIED,EKURHULENI NORTH,700261347,GAUTENG,Primary,525,512,1037,40,f,,,,,,,,,,,,,,,,zero,4,259.25,27,6,"","","",""
THUTO KITSO SECONDARY SCHOOL,sabelo1,GAUTENG WEST,700932124,GAUTENG,Secondary,580,597,1177,42,f,,,,,,,,,,,,,,,,Unsure,6,196.17,24,2,"","","",""
THUTO LORE SECONDARY SCHOOL,Tamir Shklaz,SEDIBENG EAST,700331413,GAUTENG,Secondary,418,386,804,34,f,,,,,,,,,,,,,,,,zero,,,,,"","","",""
THUTOLORE SECONDARY SCHOOL,Joseph verified,JOHANNESBURG WEST,700141002,GAUTENG,Secondary,,,,,f,,,,,,,,,,,,,,,,zero,,,10,3,"","","",""
TIYANI Junior secondary SCHOOL,SABELO VERIFIED,JOHANNESBURG NORTH,700141028,GAUTENG,Other,,,,19,f,,,,,,,,,,,,,,,,zero,2,,6,0,"","","",""
TLAKULA SECONDARY SCHOOL,Sympathy Varified,GAUTENG EAST,700351171,GAUTENG,Secondary,,,,41,f,,,,,,,,,,,,,,,,zero,,,13,1,"","","",""
TLHAKANANG PRIMARY SCHOOL,Tlhakanang Primary School,EKURHULENI NORTH,700261388,GAUTENG,Primary,487,455,942,21,f,,,,,,,,,,,,,,,,zero,1,942.00,8,0,"","","",""
TLHOKOMELO PRIMARY SCHOOL,Joseph1,JOHANNESBURG WEST,700141044,GAUTENG,Primary,100,94,194,,f,,,,,,,,,,,,,,,,zero,1,194.00,21,1,"","","",""
TLHOLO INTERMEDIATE SCHOOL,Joseph1,SEDIBENG WEST,700321596,GAUTENG,Primary,402,370,772,18,f,,,,,,,,,,,,,,,,two,3,257.33,6,0,"","","",""
TOKELO SECONDARY SCHOOL,Joseph verified,SEDIBENG WEST,700321604,GAUTENG,Secondary,456,415,871,30,f,,,,,,,,,,,,,,,,,,,,,"","","",""
TOTOMENG PRIMARY SCHOOL,Joseph verified,JOHANNESBURG WEST,700141069,GAUTENG,Primary,131,139,270,,f,,,,,,,,,,,,,,,,zero,,,,,"","","",""
TSAKANE PRIMARY SCHOOL,Sympathy Varified,GAUTENG EAST,700311571,GAUTENG,Primary,,,,19,f,,,,,,,,,,,,,,,,zero,1,,29,5,"","","",""
TSHIRELA PRIMARY SCHOOL,Joseph verified,SEDIBENG WEST,700321653,GAUTENG,Primary,450,440,890,23,f,,,,,,,,,,,,,,,,zero,,,26,4,"","","",""
TSHIRELETSO PRIMARY SCHOOL,Joseph1,JOHANNESBURG WEST,700141085,GAUTENG,Primary,,,,,f,,,,,,,,,,,,,,,,zero,3,,22,0,"","","",""
TSHITSO PRIMARY SCHOOL,V1,SEDIBENG WEST,700321661,GAUTENG,Primary,181,205,386,10,f,,,,,,,,,,,,,,,,,,,13,3,"","","",""
TSIETSI MASHININI PRIMARY SCHOOL,Sympathy varified,JOHANNESBURG WEST,700140822,GAUTENG,Primary,210,198,408,10,f,,,,,,,,,,,,,,,,one,2,204.00,21,8,"","","",""
TSIMONG PRIMARY SCHOOL,KHOLWANI19,GAUTENG EAST,700351197,GAUTENG,Primary,,,,15,f,,,,,,,,,,,,,,,,zero,1,,25,4,"","","",""
TSITSIBOGA PRIMARY SCHOOL,SABELO1,GAUTENG WEST,700271130,GAUTENG,Other,,,,27,f,,,,,,,,,,,,,,,,zero,4,,14,4,"","","",""
TSWELELANG PRIMARY SCHOOL,Joseph verified,JOHANNESBURG WEST,700141119,GAUTENG,Primary,,,,,f,,,,,,,,,,,,,,,,zero,,,11,1,"","","",""
TSWELOPELE SECONDARY SCHOOL,Zanele V1,EKURHULENI NORTH,700400400,GAUTENG,Secondary,618,659,1277,,f,,,,,,,,,,,,,,,,zero,4,319.25,27,1,"","","",""
UMTHAMBEKA PRIMARY SCHOOL,Freddy12,EKURHULENI NORTH,700261438,GAUTENG,Primary,464,491,955,25,f,,,,,,,,,,,,,,,,Unsure,3,318.33,17,5,"","","",""
UNITY SECONDARY SCHOOL,Tshepo3,EKURHULENI NORTH,700311613,GAUTENG,Secondary,886,1024,1910,58,f,,,,,,,,,,,,,,,,Unsure,1,1910.00,30,3,"","","",""
VEZUKHONO SECONDARY SCHOOL,Joseph,GAUTENG EAST,700311852,GAUTENG,Secondary,646,629,1275,49,f,,,,,,,,,,,,,,,,zero,,,18,12,"","","",""
VULAMAZIBUKO PRIMARY SCHOOL,V2 Yossi Bank,JOHANNESBURG NORTH,700141150,GAUTENG,Other,,,,14,f,,,,,,,,,,,,,,,,zero,1,,8,2,"","","",""
WESTFIELDS PRIMARY SCHOOL,SABELO 1,GAUTENG WEST,700270579,GAUTENG,Primary,560,619,1179,,f,4,5,,0,0,,3,4,,140.00,123.80,186.67,154.75,,,,,,10,0,does not comply,does not comply,"",""
WINNIE MANDELA PRIMARY SCHOOL,SABELO VERIFIED,EKURHULENI NORTH,700400236,GAUTENG,Primary,,,,32,t,24,28,,1,2,,19,22,,,,,,,,3 or more,,,68,1,"","","",""
WINNIE MANDELA SECONDARY SCHOOL,SABELO VERIFIED,EKURHULENI NORTH,700400514,GAUTENG,Secondary,,,,,t,16,33,,0,2,,13,28,,,,,,,,,,,62,0,"","","",""
ZAKHENI PRIMARY SCHOOL,Sympathy varified,JOHANNESBURG NORTH,700133306,GAUTENG,Other,,,,15,f,,,,,,,,,,,,,,,,,,,8,2,"","","",""
ZAMANI PRIMARY SCHOOL,Sympathy Varified,GAUTENG EAST,700351288,GAUTENG,Primary,401,423,824,21,f,,,,,,,,,,,,,,,,zero,,,4,0,"","","",""
ZIFUNELENI JUNIOR SECONDARY  (COMB. PRIMARY) SCHOOL,SABELO VERIFIED,JOHANNESBURG NORTH,700133314,GAUTENG,Other,,,,33,f,,,,,,,,,,,,,,,,,,,37,9,"","","",""
ZIMISELE SECONDARY SCHOOL,Pontsho3,GAUTENG EAST,700351304,GAUTENG,Secondary,475,518,993,37,f,,,,,,,,,,,,,,,,zero,6,165.50,38,24,"","","",""
ZITHATHELE PRIMARY SCHOOL,Joseph verified,JOHANNESBURG NORTH,700133322,GAUTENG,Primary,747,660,1407,39,f,,,,,,,,,,,,,,,,one,2,703.50,8,3,"","","",""
ZITHEMBENI PRIMARY SCHOOL,kholwani21,GAUTENG EAST,700351312,GAUTENG,Primary,424,365,789,18,f,,,,,,,,,,,,,,,,zero,1,789.00,33,0,"","","",""
ZITIKENI SECONDARY SCHOOL,SABELO VERIFIED,EKURHULENI NORTH,700261479,GAUTENG,Secondary,795,819,1614,90,t,,,,,,,,,,,,,,,,zero,7,230.57,38,8,"","","",""
zitha primary,sabelo1,,,GAUTENG,Primary,239,250,489,489,f,,,,,,,,,,,,,,,,,,,10,2,"","","",""
