School name,Version name,Is Verified,District,NEIMS Number,Province,Type,Grade 8 Students,Grade 8 Teachers,Grade 8 Classrooms,Grade 8 Number of Students to 1 Teacher,Grade 9 Students,Grade 9 Teachers,Grade 9 Classrooms,Grade 9 Number of Students to 1 Teacher,Grade 10 Students,Grade 10 Teachers,Grade 10 Classrooms,Grade 10 Number of Students to 1 Teacher,Grade 11 Students,Grade 11 Teachers,Grade 11 Classrooms,Grade 11 Number of Students to 1 Teacher,Grade 12 Students,Grade 12 Teachers,Grade 12 Classrooms,Grade 12 Number of Students to 1 Teacher,Total Students in School,Total Teachers in School,Total Classrooms in School,Total Number of Students to 1 Teacher
AHA-THUTO SECONDARY SCHOOL,Sabelo verified,true,JOHANNESBURG SOUTH,700330696,GAUTENG,Secondary,265,,,,234,,,,260,,,,310,,,,140,,,,1226,43,,28.12
ALEXANDRA SECONDARY SCHOOL,Jake Pencharz,true,JOHANNESBURG EAST,700152009,GAUTENG,Secondary,535,,,,390,,,,426,,,,292,,,,146,,,,1898,67,,26.70
AMOS MAPHANGA SECONDARY,V2 Yossi Bank,true,GAUTENG EAST,700400398,GAUTENG,Secondary,228,,4,,168,,4,,350,,8,,204,,4,,101,,3,,1004,31,,33.90
BOITUMELONG SECONDARY SCHOOL,Zanele V1,true,EKURHULENI NORTH,700260620,GAUTENG,Secondary,226,5,6,45.20,262,7,7,37.43,292,6,9,48.67,287,7,7,41.00,202,3,5,67.33,1362,28,,45.61
BOKAMOSO PRIMARY SCHOOL,Zanele V1,true,TSHWANE WEST,700241810,GAUTENG,Secondary,228,13,4,17.54,180,15,4,12.00,397,26,7,15.27,228,28,6,8.14,278,22,6,12.64,1390,104,,0.26
BONA COMPREHENSIVE SCHOOL,SABELO VERIFIED,true,JOHANNESBURG NORTH,700131961,GAUTENG,Secondary,,,,,,,,,313,,,,301,,,,190,,,,794,,,
BOPASENATLA SECONDARY SCHOOL,Joseph verified,true,JOHANNESBURG NORTH,700140426,GAUTENG,Secondary,62,2,2,31.00,70,2,2,35.00,94,3,3,31.33,138,3,3,46.00,89,3,3,29.67,486,453,,0.03
BOPHELONG SECONDARY SCHOOL,Joseph verified,true,SEDIBENG WEST,700400355,GAUTENG,Secondary,203,,5,,177,,5,,324,,7,,213,,6,,165,,4,,1104,38,,28.47
BUHLEBEMFUNDO SECONDARY SCHOOL,Joseph verified,true,GAUTENG EAST,700310938,GAUTENG,Secondary,314,7,7,44.86,326,6,6,54.33,383,10,10,38.30,485,11,11,44.09,321,6,6,53.50,1780,40,,43.48
CHARLOTTE MAXEKE SECONDARY SCHOOL,V2 Yossi Bank,true,EKURHULENI NORTH,700400351,GAUTENG,Secondary,270,,,,245,,,,223,,,,155,,,,,,,,1000,20,,44.65
DAVID HELLEN PETA SECONDARY SCHOOL,Joseph verified,true,TSHWANE SOUTH,700231605,GAUTENG,Secondary,248,16,5,15.50,191,12,5,15.92,232,18,6,12.89,171,20,5,8.55,102,16,3,6.38,856,30,,31.47
DIEPDALE SECONDARY SCHOOL,V2-Jaydin krok,true,JOHANNESBURG NORTH,700140434,GAUTENG,Secondary,87,10,5,8.70,120,10,4,12.00,245,7,6,35.00,204,6,4,34.00,115,6,4,19.17,782,39,,19.77
DINOTO TECHNICAL SECONDARY SCHOOL,Tshepo3,true,EKURHULENI NORTH,700310995,GAUTENG,Secondary,229,14,4,16.36,274,17,6,16.12,296,16,7,18.50,214,17,5,12.59,138,15,5,9.20,1200,79,,0.34
DR HARRY GWALA SECONDARY SCHOOL,Tshepo3,true,GAUTENG EAST,700311001,GAUTENG,Secondary,237,,5,,298,,6,,279,,6,,268,,4,,166,,4,,1266,43,,29.02
DR WF NKOMO SECONDARY SCHOOL,Sympathy Varified,true,TSHWANE SOUTH,700231613,GAUTENG,Secondary,222,6,6,37.00,218,6,6,36.33,286,7,7,40.86,140,5,5,28.00,159,5,5,31.80,1178,33,,31.06
EAST BANK HIGH SCHOOL,Sympathy varified,true,JOHANNESBURG EAST,700152090,GAUTENG,Secondary,178,,,,328,,,,346,,,,396,,,,137,,,,1452,,,
HOFMEYR SECONDARY SCHOOL,Joseph verified,true,TSHWANE SOUTH,700231746,GAUTENG,Secondary,144,,3,,172,,4,,332,,8,,183,,6,,189,,6,,990,32,,25.31
HULWAZI SECONDARY SCHOOL,Tshepo1,true,EKURHULENI NORTH,700311100,GAUTENG,Secondary,519,10,10,51.90,306,6,6,51.00,290,13,13,22.31,375,8,8,46.88,268,6,6,44.67,1958,30,,58.60
JABULILE SECONDARY SCHOOL,SABELO VERIFIED,true,JOHANNESBURG SOUTH,700331611,GAUTENG,Secondary,232,,6,,300,,7,,458,,10,,337,7,,48.14,223,,7,,1746,54,,28.70
JET NTEO SECONDARY SCHOOL,Sabelo1,true,SEDIBENG WEST,700320663,GAUTENG,Secondary,,,,,,,,,,,,,,,,,,,,,822,28,,31.93
JORDAN SECONDARY SCHOOL,Sabelo1,true,SEDIBENG WEST,700320671,GAUTENG,Secondary,183,,4,,186,,5,,259,,7,,212,,6,,104,,3,,922,33,,28.61
KENNETH MASEKELA SECONDARY SCHOOL,Pontsho7,true,GAUTENG EAST,700350793,GAUTENG,Secondary,247,6,6,41.17,191,8,5,23.88,224,11,6,20.36,440,10,10,44.00,281,8,8,35.13,1428,43,,32.21
LABAN MOTLHABI COMPREHENSIVE SCHOOL,Pontsho6,true,GAUTENG EAST,700350843,GAUTENG,Secondary,134,,,,174,,,,255,,,,165,,,,99,,,,798,,,
LEBOHANG SECONDARY SCHOOL,Sabelo1,true,SEDIBENG WEST,700320788,GAUTENG,Secondary,229,,,,169,,,,248,,,,212,,,,91,,,,856,28,,33.89
LEFA-IFA SECONDARY SCHOOL,KHOLWANE13,true,GAUTENG EAST,700350850,GAUTENG,Secondary,,,,,,,,,,,,,,,,,,,,,1287,37,,34.78
LESHATA SECONDARY SCHOOL,Sabelo verified,true,JOHANNESBURG SOUTH,700330969,GAUTENG,Secondary,293,,,,452,,,,566,,,,369,,,,182,,,,1930,63,,29.56
MABUYA SECONDARY SCHOOL,Joseph1,true,EKURHULENI NORTH,700311290,GAUTENG,Secondary,306,,6,,411,,10,,316,,8,,358,,8,,182,,5,,1552,53,,29.68
MASIQHAKAZE SECONDARY SCHOOL,V1,true,EKURHULENI NORTH,700261057,GAUTENG,Secondary,266,,,,370,,,,490,,,,331,,,,205,,,,1678,48,,34.63
MASISEBENZE COMPREHENSIVE SCHOOL,Zanele V1,true,,700261065,GAUTENG,Secondary,,17,10,,,15,11,,,19,8,,,16,9,,,13,6,,90,80,,
MOHLOLI SECONDARY SCHOOL,symps,true,SEDIBENG EAST,700331074,GAUTENG,Secondary,313,,6,,349,,7,,282,,7,,182,,5,,163,,4,,1300,45,,28.64
MOKGOME SECONDARY SCHOOL,Joseph verified,true,JOHANNESBURG WEST,700140814,GAUTENG,Secondary,108,,,,122,,,,262,,,,242,,,,112,,,,750,30,,28.20
NKUMBULO SECONDARY SCHOOL,Pontsho4,true,GAUTENG EAST,700350959,GAUTENG,Secondary,184,,,,235,,,,373,,,,299,,,,171,,,,1266,45,,28.04
ORLANDO SECONDARY SCHOOL,SABELO VERIFIED,true,JOHANNESBURG NORTH,700132670,GAUTENG,Secondary,,,,,,,,,297,,8,,265,,8,,198,,6,,646,31,,24.52
PHANDIMFUNDO SECONDARY SCHOOL,SABELO VERIFIED,true,GAUTENG EAST,700311431,GAUTENG,Secondary,372,,,,283,,,,420,,,,262,,,,233,,,,1720,51,,30.59
PHELINDABA SECONDARY SCHOOL,Sabelo verified,true,TSHWANE SOUTH,700232124,GAUTENG,Secondary,232,5,5,46.40,206,4,4,51.50,228,5,5,45.60,264,6,6,44.00,129,3,3,43.00,1128,23,,46.04
PHOMOLONG SECONDARY SCHOOL,V2 - Adam Dison,true,EKURHULENI NORTH,700400138,GAUTENG,Secondary,285,23,6,12.39,274,27,7,10.15,409,37,9,11.05,309,33,8,9.36,350,36,9,9.72,1826,156,,10.43
POELANO SECONDARY SCHOOL,Joseph verified,true,SEDIBENG WEST,700321281,GAUTENG,Secondary,290,,6,,255,,6,,354,,9,,169,,5,,169,,5,,1308,38,,33.03
QUANTUM SECONDARY SCHOOL,Tshepo2,true,GAUTENG EAST,700400152,GAUTENG,Secondary,257,,,,196,,,,273,,,,170,,,,88,,,,1134,31,,31.74
REALO  SECONDARY SCHOOL,SABELO VERIFIED,true,JOHANNESBURG EAST,700152314,GAUTENG,Secondary,357,,,,328,,,,529,,,,272,,,,271,,,,1824,63,,27.89
RESIDENSIA SECONDARY SCHOOL,Symps,true,SEDIBENG WEST,700321380,GAUTENG,Secondary,301,,6,,218,,5,,316,,9,,212,,6,,250,,8,,1297,43,,30.16
SAPPHIRE SECONDARY SCHOOL,Joseph verified,true,SEDIBENG WEST,700321406,GAUTENG,Secondary,329,5,,65.80,293,5,,58.60,380,7,,54.29,332,7,,47.43,139,4,,34.75,1650,,,
SAULRIDGE SECONDARY SCHOOL,Sabelo verified,true,TSHWANE SOUTH,700232223,GAUTENG,Secondary,238,,6,,206,,5,,299,,7,,198,,5,,90,,3,,1118,39,,26.44
SELELEKELA SECONDARY SCHOOL,SABELO 1,true,JOHANNESBURG NORTH,700132902,GAUTENG,Secondary,,,,,,,,,504,,11,,371,,,,279,,,,952,36,,
TEMBISA SECONDARY SCHOOL,V1,true,EKURHULENI NORTH,700261305,MPUMALANGA,Secondary,369,10,10,36.90,469,11,11,42.64,466,11,11,42.36,365,10,10,36.50,342,10,,34.20,2108,52,,38.67
TEMBISA WEST SECONDARY SCHOOL,Freddy10,true,EKURHULENI NORTH,700400117,GAUTENG,Secondary,319,,,,245,,,,329,,,,274,,,,136,,,,1288,39,,33.41
THETHA SECONDARY SCHOOL,SABELO VERFIED,true,JOHANNESBURG SOUTH,700331645,GAUTENG,Secondary,,,,,,,,,,,,,,,,,,,,,,,,
THUTO KITSO SECONDARY SCHOOL,sabelo1,true,GAUTENG WEST,700932124,GAUTENG,Secondary,176,,,,203,,,,322,,,,224,,,,253,,,,1194,42,,28.02
THUTO LORE SECONDARY SCHOOL,Tamir Shklaz,true,SEDIBENG EAST,700331413,GAUTENG,Secondary,167,,,,138,,,,196,,,,212,,,,91,,,,772,34,,23.65
THUTOLORE SECONDARY SCHOOL,Joseph verified,true,JOHANNESBURG WEST,700141002,GAUTENG,Secondary,,,,,,,,,,,,,,,,,,,,,978,,,
TLAKULA SECONDARY SCHOOL,Sympathy Varified,true,GAUTENG EAST,700351171,GAUTENG,Secondary,,,,,,,,,,,,,,,,,,,,,1168,41,,28.49
TOKELO SECONDARY SCHOOL,Joseph verified,true,SEDIBENG WEST,700321604,GAUTENG,Secondary,199,,,,191,,,,247,,,,103,,,,131,,,,830,30,,29.03
TSWELOPELE SECONDARY SCHOOL,Zanele V1,true,EKURHULENI NORTH,700400400,GAUTENG,Secondary,258,,,,256,,,,367,,,,261,,,,135,,,,1318,,,
UNITY SECONDARY SCHOOL,Tshepo3,true,EKURHULENI NORTH,700311613,GAUTENG,Secondary,427,10,10,42.70,410,10,10,41.00,494,12,12,41.17,307,7,7,43.86,272,8,8,34.00,2048,58,,32.93
VEZUKHONO SECONDARY SCHOOL,Joseph,true,GAUTENG EAST,700311852,GAUTENG,Secondary,246,,,,200,,,,420,,,,266,,,,143,,,,1258,49,,26.02
WINNIE MANDELA SECONDARY SCHOOL,SABELO VERIFIED,true,EKURHULENI NORTH,700400514,GAUTENG,Secondary,,,,,,,,,,,,,,,,,,,,,,,,
ZIMISELE SECONDARY SCHOOL,Pontsho3,true,GAUTENG EAST,700351304,GAUTENG,Secondary,206,8,5,25.75,236,8,5,29.50,269,7,6,38.43,161,7,4,23.00,121,7,3,17.29,1036,37,,26.84
ZITIKENI SECONDARY SCHOOL,SABELO VERIFIED,true,EKURHULENI NORTH,700261479,GAUTENG,Secondary,351,,8,,372,,8,,340,,9,,337,,10,,213,,10,,1638,90,,18.16
