School name,Version name,Is Verified,District,NEIMS Number,Province,Complies with Norms & Standards,No water supply,Sometimes there is water,There is a regular water supply,Municipal,Rain water,Mobile tanker,Borehole,Dam or reservoir,Other
AB XUMA PRIMARY SCHOOL,V2-jaydin krok,true,JOHANNESBURG NORTH,700131805,GAUTENG,full compliance,,,1,1,,,,,
AHA-THUTO SECONDARY SCHOOL,Sabelo verified,true,JOHANNESBURG SOUTH,700330696,GAUTENG,full compliance,,,1,1,,,,,
ALEXANDRA SECONDARY SCHOOL,Jake Pencharz,true,JOHANNESBURG EAST,700152009,GAUTENG,full compliance,,1,,1,,,,,
AMOS MAPHANGA SECONDARY,V2 Yossi Bank,true,GAUTENG EAST,700400398,GAUTENG,full compliance,,1,,1,,,,,
BATHOKWA PRIMARY SCHOOL,SABELO VERIFIED,true,TSHWANE SOUTH,700231530,GAUTENG,full compliance,,,1,1,,,,,
BATLOUNG INTERMEDIATE SCHOOL,Symps,true,SEDIBENG WEST,700320309,GAUTENG,full compliance,,1,,1,,,,,
BHEKIMFUNDO PRIMARY SCHOOL,Joseph verified,true,EKURHULENI NORTH,700310920,GAUTENG,full compliance,,,1,,,,1,1,
BOKAMOSO PRIMARY SCHOOL,Zanele V1,true,TSHWANE WEST,700241810,GAUTENG,full compliance,,,1,1,,,,,
BONA COMPREHENSIVE SCHOOL,SABELO VERIFIED,true,JOHANNESBURG NORTH,700131961,GAUTENG,no data,,,,,,,,,
BOPASENATLA SECONDARY SCHOOL,Joseph verified,true,JOHANNESBURG NORTH,700140426,GAUTENG,no data,,,,,,,,,
BOPHELONG SECONDARY SCHOOL,Joseph verified,true,SEDIBENG WEST,700400355,GAUTENG,full compliance,,,1,1,,,,,
BOTLEHADI PRIMARY SCHOOL,Sabelo1,true,SEDIBENG WEST,700320366,GAUTENG,full compliance,,,1,1,,,,,
BOVET PRIMARY SCHOOL,Joseph verified,true,JOHANNESBURG EAST,700152041,GAUTENG,full compliance,,,1,1,1,1,,,
BUD MBELLE PRIMARY SCHOOL,SABELO VERIFIED,true,TSHWANE SOUTH,700231563,GAUTENG,no data,,,,,,,,,
BUHLEBEMFUNDO SECONDARY SCHOOL,Joseph verified,true,GAUTENG EAST,700310938,GAUTENG,full compliance,,,1,1,,,,,
CAIPHUS NYOKA SECONDARY SCHOOL,Joseph veried,true,GAUTENG EAST,700311837,GAUTENG,full compliance,,,1,1,,,,,
CARTER PRIMARY SCHOOL,Joseph verified,true,JOHANNESBURG EAST,700152058,GAUTENG,full compliance,,,1,1,,,,,
CHARLOTTE MAXEKE SECONDARY SCHOOL,V2 Yossi Bank,true,EKURHULENI NORTH,700400351,GAUTENG,full compliance,,1,,1,,,,,
DIEPDALE SECONDARY SCHOOL,V2-Jaydin krok,true,JOHANNESBURG NORTH,700140434,GAUTENG,full compliance,,,1,1,,,,,
DINOTO TECHNICAL SECONDARY SCHOOL,Tshepo3,true,EKURHULENI NORTH,700310995,GAUTENG,full compliance,,,1,1,,,,,
DITAU PRIMARY SCHOOL,Sympathy varified,true,JOHANNESBURG NORTH,700132068,GAUTENG,no data,,,,,,,,,
DITAWANA PRIMARY SCHOOL,pontsho 21,true,JOHANNESBURG NORTH,700132076,GAUTENG,full compliance,,,1,1,,,,,
DITAWANE,Joseph verified,true,,,GAUTENG,full compliance,,,1,1,,,,,
DR KNAK PRIMARY SCHOOL,"SABELO VERIFIED
pontsho 20",true,JOHANNESBURG EAST,700152082,GAUTENG,full compliance,,,1,1,1,1,,,
DR NHLAPO INTERMEDIATE SCHOOL,Joseph verified,true,SEDIBENG WEST,700320440,GAUTENG,full compliance,,,1,,,,,,
DR WF NKOMO SECONDARY SCHOOL,Sympathy Varified,true,TSHWANE SOUTH,700231613,GAUTENG,full compliance,,,1,1,,,,,
DUMEHLEZI INTERMEDIATE SCHOOL,Joseph verified,true,GAUTENG EAST,700311019,GAUTENG,full compliance,,,1,1,,,,,
EAST BANK HIGH SCHOOL,Sympathy varified,true,JOHANNESBURG EAST,700152090,GAUTENG,full compliance,,,1,1,,1,,,
EKUKHANYISWENI PRIMARY SCHOOL,SABELO VERIFIED,true,JOHANNESBURG EAST,700152108,GAUTENG,full compliance,,,1,1,,,,,
EMFUNDISWENI PRIMARY SCHOOL,SABELO VERIFIED,true,JOHANNESBURG EAST,700152116,GAUTENG,full compliance,,,1,1,1,1,,,
EMMANGWENI PRIMARY SCHOOL,Zanele v1,true,EKURHULENI NORTH,700260729,GAUTENG,full compliance,,,1,1,,,,,
EMMANUEL PRIMARY SCHOOL,Joseph verified,true,SEDIBENG EAST,700330837,GAUTENG,full compliance,,,1,1,1,,,,
ENDULWENI PRIMARY SCHOOL,Joseph verified,true,EKURHULENI NORTH,700260745,GAUTENG,full compliance,,,1,1,,,,,
ENTSHONALANGA PRIMARY SCHOOL,SABELO VERIFIED,true,EKURHULENI NORTH,700260752,KZN,full compliance,,,1,1,,,,,
ESIKHISINI PRIMARY SCHOOL,Joseph verified,true,TSHWANE SOUTH,700231662,GAUTENG,full compliance,,,1,1,,,,,
EVATON PRIMARY SCHOOL,kholwani23,true,SEDIBENG WEST,700320952,GAUTENG,full compliance,,,1,1,,,,,
FADIMEHA PRIMARY SCHOOL,Joseph verified,true,SEDIBENG WEST,700320523,GAUTENG,full compliance,,,1,1,,,,,
FRED HABEDI PRIMARY SCHOOL,Pontsho11,true,GAUTENG EAST,700350702,GAUTENG,full compliance,,,1,1,,,,,
FUNUKUKHANYA PRIMARY SCHOOL,KHOLWANI3,true,GAUTENG EAST,700311068,GAUTENG,full compliance,,1,,1,,,,,
GAHLANSO PRIMARY SCHOOL,Zanele V1,true,EKURHULENI NORTH,700260828,GAUTENG,full compliance,,,1,,,,,,
GEORGE MBILASE PRIMARY SCHOOL,Joseph,true,GAUTENG EAST,700311076,GAUTENG,full compliance,,,1,1,,,,,
GOROGANG PRIMARY SCHOOL,Pontsho5,true,GAUTENG EAST,700350728,GAUTENG,full compliance,,,1,1,1,,,,
GOVAN MBEKI PRIMARY SCHOOL,Sabelo verified,true,JOHANNESBURG SOUTH,700332099,GAUTENG,full compliance,,,,1,,,,,
HLABANGANE PRIMARY SCHOOL,Joseph verified,true,JOHANNESBURG WEST,700140541,GAUTENG,full compliance,,,1,1,,,,,
HLANGABEZA PRIMARY SCHOOL,Symps,true,GAUTENG WEST,700270736,GAUTENG,full compliance,,,1,1,,,,,
HOFMEYR SECONDARY SCHOOL,Joseph verified,true,TSHWANE SOUTH,700231746,GAUTENG,full compliance,,,1,1,,,,,
HULWAZI SECONDARY SCHOOL,Tshepo1,true,EKURHULENI NORTH,700311100,GAUTENG,full compliance,,1,,1,1,1,,,
IKAGE PRIMARY SCHOOL,Sympathy varified,true,JOHANNESBURG EAST,700152140,GAUTENG,full compliance,,,1,,,,,,
IMFUNDO MIDDLE SCHOOL,Tshepo25,true,SEDIBENG WEST,700320598,NORTHERN_CAPE,no data,,,,,,,,,
INKATHA KA ZULU PRIMARY SCHOOL,Tshepo1,true,GAUTENG EAST,700311118,GAUTENG,full compliance,,,1,1,,,,,
INKONJANE JUNIOR SECONDARY SCHOOL,V2 Yossi Bank,true,JOHANNESBURG WEST,700140582,GAUTENG,full compliance,,,1,1,,,,,
INXIWENI PRIMARY SCHOOL,Freddy8,true,EKURHULENI NORTH,700260893,GAUTENG,no data,,,,,,,,,
IPHUTHENG PRIMARY SCHOOL,Sympathy varified,true,JOHANNESBURG EAST,700152165,GAUTENG,full compliance,,,1,1,,,,,
IPONTSHE PRIMARY SCHOOL,V2 Adam Dison,true,EKURHULENI NORTH,700260901,GAUTENG,full compliance,,,1,1,,,,,
ISEKELO PRIMARY SCHOOL,Joseph verified,true,EKURHULENI NORTH,700260919,GAUTENG,full compliance,,,1,1,,1,,,
ISIZIBA PRIMARY SCHOOL,V1,true,EKURHULENI NORTH,700260943,GAUTENG,full compliance,,,1,1,,1,,,
ITHUTE PRIMARY SCHOOL,Sympathy Varified,true,JOHANNESBURG EAST,700152173,GAUTENG,full compliance,,,1,1,,,,,
ITSEBENG PRIMARY SCHOOL,SABELO1,true,SEDIBENG WEST,700320630,GAUTENG,full compliance,,,1,,,,,,
JABULANI THABANG PRIMARY SCHOOL,Sabelo1,true,SEDIBENG WEST,700320648,GAUTENG,full compliance,,,1,1,,,,,
JABULILE SECONDARY SCHOOL,SABELO VERIFIED,true,JOHANNESBURG SOUTH,700331611,GAUTENG,full compliance,,,1,1,,,,,
JET NTEO SECONDARY SCHOOL,Sabelo1,true,SEDIBENG WEST,700320663,GAUTENG,full compliance,,,1,1,,,,,
JOB MASEKO PRIMARY SCHOOL,KHOLWANI12,true,GAUTENG EAST,700350777,GAUTENG,full compliance,,,1,1,,,,,
JOB RATHEBE PRIMARY SCHOOL,Sabelo verified,true,JOHANNESBURG NORTH,700132332,GAUTENG,no data,,,,,,,,,
JORDAN SECONDARY SCHOOL,Sabelo1,true,SEDIBENG WEST,700320671,GAUTENG,full compliance,,,1,1,,,,,
KAMOHELO PUBLIC SCHOOL,Joseph,true,GAUTENG WEST,700270801,GAUTENG,full compliance,,,1,1,,,,,
KENNETH MASEKELA SECONDARY SCHOOL,Pontsho7,true,GAUTENG EAST,700350793,GAUTENG,full compliance,,,1,1,,,,,
KGALEMA PRIMARY SCHOOL,V2-Jaydin krok,true,GAUTENG EAST,700311175,GAUTENG,full compliance,,,1,1,,,,,
KGOLAGANO PRIMARY SCHOOL,Joseph verified,true,GAUTENG EAST,700311811,GAUTENG,full compliance,,1,,1,,,,,
KGOMOCO PRIMARY SCHOOL,Joseph verified,true,SEDIBENG EAST,700330902,GAUTENG,full compliance,,,1,1,,,,,
KHANGEZILE PRIMARY SCHOOL,Pontsho9,true,GAUTENG EAST,700350801,GAUTENG,full compliance,,,1,1,,,,,
KHOMANANI PRIMARY SCHOOL,SABELO VERIFIED,true,JOHANNESBURG NORTH,700140640,GAUTENG,full compliance,,,1,1,,,,,
KHULA SIZWE PRIMARY SCHOOL,Freddy7,true,EKURHULENI NORTH,700260992,GAUTENG,full compliance,,,1,1,,,,,
KOKOSI PRIMARY SCHOOL,Symps,true,GAUTENG WEST,700930749,GAUTENG,full compliance,,,1,1,,,,,
KUZIMISELA PRIMARY SCHOOL,Tshepo,true,EKURHULENI NORTH,700311209,GAUTENG,full compliance,,,1,1,,,,,
LABAN MOTLHABI COMPREHENSIVE SCHOOL,Pontsho6,true,GAUTENG EAST,700350843,GAUTENG,full compliance,,,1,1,,,,,
LANGAVILLE PRIMARY SCHOOL,Sympathy varified,true,GAUTENG EAST,700312140,GAUTENG,full compliance,,,1,1,,,,,
LEBOHANG SECONDARY SCHOOL,Sabelo1,true,SEDIBENG WEST,700320788,GAUTENG,full compliance,,,1,,,,,,
LEBONE PRIMARY SCHOOL,KHOLWANI7,true,GAUTENG EAST,700311217,GAUTENG,full compliance,,,1,1,,,,,
LEBOWA PRIMARY SCHOOL,Joseph,true,SEDIBENG EAST,700330928,GAUTENG,full compliance,,,1,1,,,,,
LEEMA-MOKOTULI PRIMARY SCHOOL,Sabelo1,true,SEDIBENG WEST,700400110,GAUTENG,full compliance,,,1,1,,,,,
LEFA-IFA SECONDARY SCHOOL,KHOLWANE13,true,GAUTENG EAST,700350850,GAUTENG,full compliance,,,1,1,,,,,
LEFIKA PRIMARY SCHOOL,V1,true,SEDIBENG WEST,700320804,GAUTENG,full compliance,,,1,1,,,,,
LEHLASEDI PRIMARY SCHOOL,Sabelo1,true,SEDIBENG EAST,700330936,GAUTENG,full compliance,,,1,1,,,,,
LERESCHE PRIMARY SCHOOL,Joseph verified,true,JOHANNESBURG NORTH,700132407,GAUTENG,full compliance,,,1,1,,,,,
LESEDI LA KRESTE ANGLICAN PRIMARY SCHOOL,V2-Jaydin Krok,true,JOHANNESBURG SOUTH,700330712,GAUTENG,full compliance,,,1,1,,,,,
LESHATA SECONDARY SCHOOL,Sabelo verified,true,JOHANNESBURG SOUTH,700330969,GAUTENG,full compliance,,,1,1,,,,,
LETSATSING COMBINED SCHOOL,SABELO 1,true,,,GAUTENG,no data,,,,,,,,,
LETSEMA-ILIMA PRIMARY SCHOOL,Symps,true,SEDIBENG WEST,700321331,GAUTENG,full compliance,,,1,1,,,,,
LETSIE PRIMARY SCHOOL,KHOLWANI8,true,GAUTENG EAST,700311274,GAUTENG,full compliance,,,1,1,,,,,
LIVHUWANI PRIMARY SCHOOL,SABELO VERIFIED,true,JOHANNESBURG WEST,700140731,GAUTENG,full compliance,,,1,1,,,,,
LOTUS GARDENS PRIMARY SCHOOL,Joseph verified,true,TSHWANE WEST,700400154,GAUTENG,full compliance,,,1,1,,,,,
LUKHOLWENI PRIMARY SCHOOL,Joseph verified,true,JOHANNESBURG NORTH,700132456,GAUTENG,full compliance,,,1,1,,,,,
MABOELLENG PRIMARY SCHOOL,Joseph,true,SEDIBENG WEST,700320879,GAUTENG,full compliance,,,1,1,,,,,
MABUYA SECONDARY SCHOOL,Joseph1,true,EKURHULENI NORTH,700311290,GAUTENG,no data,,,,,,,,,
MADUME PRIMARY SCHOOL,SABELO VERIFIED,true,JOHANNESBURG SOUTH,700330985,GAUTENG,full compliance,,,1,1,,,,,
MAHLAHLE PRIMARY SCHOOL,SABELO VERIFIED,true,TSHWANE SOUTH,700231894,GAUTENG,no data,,,,,,,,,
MAKAPANE PRIMARY SCHOOL,Joseph verified,true,SEDIBENG WEST,700320903,GAUTENG,full compliance,,,1,1,,,,,
MANGWELE PRIMARY SCHOOL,SABELO VERIFIED,true,JOHANNESBURG NORTH,700140764,GAUTENG,full compliance,,,1,1,,,,,
MASHEMONG PRIMARY SCHOOL,Joseph verified,true,EKURHULENI NORTH,700261040,GAUTENG,full compliance,,,1,1,,,,,
MASIMINI PRIMARY SCHOOL,V2 Adam Dison,true,GAUTENG EAST,700350892,GAUTENG,no data,,,,,,,,,
MASIQHAKAZE SECONDARY SCHOOL,V1,true,EKURHULENI NORTH,700261057,GAUTENG,full compliance,,,1,1,,,,,
MASISEBENZE COMPREHENSIVE SCHOOL,Zanele V1,true,,700261065,GAUTENG,full compliance,,,1,1,,,,,
MATSIE STEYN PRIMARY SCHOOL,Joseph verified,true,SEDIBENG EAST,700331017,GAUTENG,full compliance,,,1,1,,,,,
MEADOWLANDS PRIMARY SCHOOL,Tamir Shklaz,true,JOHANNESBURG WEST,700140947,GAUTENG,full compliance,,,1,1,,,,,
MELODI PRIMARY SCHOOL,V2 - Daniel Kartun,true,GAUTENG EAST,700311373,GAUTENG,full compliance,,,1,1,,,,,
MENZI PRIMARY SCHOOL,Sympathy varified,true,GAUTENG EAST,700400234,GAUTENG,full compliance,,,1,,,,,,
MICHAEL ZULU PRIMARY SCHOOL,Sympathy varified,true,GAUTENG EAST,700311381,GAUTENG,full compliance,,,1,1,,,,,
MODUOPO PRIMARY SCHOOL,Zanele V1,true,EKURHULENI NORTH,700261099,GAUTENG,full compliance,,,1,1,,1,,,
MOGOGODI PRIMARY SCHOOL,Joseph1,true,SEDIBENG WEST,700321018,GAUTENG,full compliance,,,1,1,,,,,
MOHLOLI SECONDARY SCHOOL,symps,true,SEDIBENG EAST,700331074,GAUTENG,full compliance,,,1,1,,,,,
MOKGOME SECONDARY SCHOOL,Joseph verified,true,JOHANNESBURG WEST,700140814,GAUTENG,full compliance,,1,,1,,,,,
MONTSOSI PRIMARY SCHOOL,SABELO1,true,SEDIBENG WEST,700321075,GAUTENG,full compliance,,,1,1,,,,,
MOSHOESHOE PRIMARY SCHOOL,Joseph verified,true,GAUTENG EAST,700311399,GAUTENG,full compliance,,,1,1,,,,,
MOSIOA PRIMARY SCHOOL,Joseph verified,true,SEDIBENG WEST,700321117,GAUTENG,full compliance,,,1,1,,,,,
MQINISWA PRIMARY SCHOOL,Joseph verified,true,SEDIBENG WEST,700321141,GAUTENG,full compliance,,,1,1,,,,,
MUZOMSHA PRIMARY SCHOOL,KHOLWANI18,true,GAUTENG EAST,700350926,GAUTENG,full compliance,,,1,1,,,,,
MVELAPHANDA PRIMARY SCHOOL,Freddy9,true,EKURHULENI NORTH,700261123,GAUTENG,full compliance,,,1,1,,1,,,
NCHABELENG PRIMARY SCHOOL,KHOLWANI9,true,GAUTENG EAST,700311407,GAUTENG,full compliance,,,1,1,,,,,
NKABINDE PRIMARY SCHOOL,V2 Yossi Bank,true,GAUTENG EAST,700350942,GAUTENG,no data,,,,,,,,,
NKUMBULO SECONDARY SCHOOL,Pontsho4,true,GAUTENG EAST,700350959,GAUTENG,full compliance,,1,,1,,,,,
NOMINI PRIMARY SCHOOL,Sabelo verified,true,JOHANNESBURG SOUTH,700331108,GAUTENG,full compliance,,,1,1,,1,,,
NQUBELA PRIMARY SCHOOL,Sympathy Varified,true,EKURHULENI SOUTH,700341032,GAUTENG,full compliance,,1,,1,,,,,
NTOKOZWENI PRIMARY SCHOOL,Pontsho12,true,GAUTENG EAST,700350975,GAUTENG,full compliance,,,1,1,,,,,
NTSELE PRIMARY SCHOOL,Sabelo1,true,SEDIBENG WEST,700321208,GAUTENG,full compliance,,,1,1,,,,,
NTSIKANA PRIMARY SCHOOL,Sympathy Varified,true,GAUTENG EAST,700311423,GAUTENG,full compliance,,,1,1,,,,,
NYIKO PRIMARY SCHOOL,Freddy9,true,EKURHULENI NORTH,700261131,GAUTENG,full compliance,,,,1,,,,,
O.R TAMBO PRIMARY SCHOOL,Zanele V1,true,EKURHULENI SOUTH,700400248,GAUTENG,full compliance,,,1,1,,,,,
ORANGE FARM PRIMARY SCHOOL,V1,true,JOHANNESBURG SOUTH,700331637,GAUTENG,full compliance,,,1,1,,,,,
ORLANDO SECONDARY SCHOOL,SABELO VERIFIED,true,JOHANNESBURG NORTH,700132670,GAUTENG,full compliance,,,1,1,,,,,
PATOGENG PRIMARY SCHOOL,Joseph verified,true,TSHWANE SOUTH,700232082,GAUTENG,full compliance,,,1,1,,,,,
PHAMEHLO PRIMARY SCHOOL,Symps,true,SEDIBENG WEST,700321232,GAUTENG,full compliance,,,1,1,,,,,
PHANDIMFUNDO SECONDARY SCHOOL,SABELO VERIFIED,true,GAUTENG EAST,700311431,GAUTENG,full compliance,,,1,1,,,,,
PHELINDABA SECONDARY SCHOOL,Sabelo verified,true,TSHWANE SOUTH,700232124,GAUTENG,no data,,,,,,,,,
PHOMOLONG SECONDARY SCHOOL,V2 - Adam Dison,true,EKURHULENI NORTH,700400138,GAUTENG,full compliance,,,1,1,,,,,
PHORORONG PRIMARY SCHOOL,Joseph,true,GAUTENG WEST,700271015,GAUTENG,full compliance,,,1,1,,,,,
PHUTHADITSHABA PRIMARY SCHOOL,SABELO VERIFIED,true,TSHWANE SOUTH,700232661,GAUTENG,no data,,,,,,,,,
PHUTHULLA PRIMARY SCHOOL,Joseph verified,true,SEDIBENG WEST,700321265,GAUTENG,full compliance,,,1,1,,,,,
PHUTHUMANI PRIMARY SCHOOL,Sympathy Varified,true,EKURHULENI NORTH,700261149,GAUTENG,no data,,,,,,,,,
POELANO SECONDARY SCHOOL,Joseph verified,true,SEDIBENG WEST,700321281,GAUTENG,full compliance,,,1,1,,,,,
PUDUMO PRIMARY SCHOOL,SABELO 1,true,JOHANNESBURG SOUTH,700331165,GAUTENG,full compliance,,,,1,1,1,,,
QEDUSIZI PRIMARY SCHOOL,Pontsho8,true,GAUTENG EAST,700351015,GAUTENG,full compliance,,,1,1,,,,,
QHAKAZANI PRIMARY SCHOOL,tshepo20,true,JOHANNESBURG SOUTH,700331173,GAUTENG,full compliance,,,1,1,,,,,
QUANTUM SECONDARY SCHOOL,Tshepo2,true,GAUTENG EAST,700400152,GAUTENG,full compliance,,,1,1,,,,,
REAGILE PRIMARY SCHOOL,Freddy11,true,EKURHULENI NORTH,700261694,GAUTENG,full compliance,,,1,1,,,,,
REAKGONA PRIMARY SCHOOL,Tamir Shklaz\,true,GAUTENG WEST,700931778,GAUTENG,full compliance,,,1,1,,,,,
REALO  SECONDARY SCHOOL,SABELO VERIFIED,true,JOHANNESBURG EAST,700152314,GAUTENG,full compliance,,,1,1,,,,,
REAMOHETSOE PRIMARY SCHOOL,V2-Jaydin Krok,true,JOHANNESBURG SOUTH,700331231,GAUTENG,does not comply,,1,,,,,,,
REKGUTLILE PRIMARY SCHOOL,SABELO VERIFEID,true,JOHANNESBURG SOUTH,700331264,GAUTENG,full compliance,,,1,1,,,,,
RESIDENSIA SECONDARY SCHOOL,Symps,true,SEDIBENG WEST,700321380,GAUTENG,no data,,,,,,,,,
RETLILE PRIMARY SCHOOL,Jake Pencharz,true,GAUTENG WEST,700934044,GAUTENG,full compliance,,,1,1,,,,,
ROLIHLAHLA PRIMARY SCHOOL,Tshepo2,true,GAUTENG EAST,700311472,GAUTENG,no data,,,,,,,,,
Radibapi Primary,sabelo,true,,,GAUTENG,full compliance,,,1,1,,,,,
SAKHELWE PRIMARY SCHOOL,Pontsho 10,true,GAUTENG EAST,700351049,GAUTENG,full compliance,,,1,1,,,,,
SAPPHIRE SECONDARY SCHOOL,Joseph verified,true,SEDIBENG WEST,700321406,GAUTENG,full compliance,,,1,1,,,,,
SAULRIDGE SECONDARY SCHOOL,Sabelo verified,true,TSHWANE SOUTH,700232223,GAUTENG,no data,,,,,,,,,
SECHABA PRIMARY SCHOOL,KHOLWANI14,true,GAUTENG EAST,700351064,GAUTENG,full compliance,,,1,1,,,,,
SEDIBENG PRIMARY SCHOOL,Zanele V1,true,EKURHULENI NORTH,700261180,GAUTENG,full compliance,,,1,1,,,,,
SEEISO PRIMARY SCHOOL,Joseph verified,true,SEDIBENG WEST,700321422,GAUTENG,full compliance,,,1,1,,,,,
SELELEKELA SECONDARY SCHOOL,SABELO 1,true,JOHANNESBURG NORTH,700132902,GAUTENG,full compliance,,,1,1,,,,,
SELIBA PRIMARY SCHOOL,Joseph verified,true,SEDIBENG EAST,700331314,GAUTENG,full compliance,,,,1,1,,1,,
SELOPE-THEMA PRIMARY SCHOOL,SABELO VERIFIED,true,JOHANNESBURG NORTH,700132910,GAUTENG,full compliance,,,1,1,,,,,
SEOTLOANA PRIMARY SCHOOL,Zanele V1,true,EKURHULENI NORTH,700261198,GAUTENG,full compliance,,,1,1,,,,,
SHADRACK MBAMBO PRIMARY SCHOOL,Sympathy Varified,true,GAUTENG EAST,700311480,GAUTENG,full compliance,,,1,1,,,,,
SIBONELO PRIMARY SCHOOL,Sympathy verified,true,EKURHULENI NORTH,700311498,GAUTENG,no data,,,,,,,,,
SIPHIWE PRIMARY SCHOOL,Zanele V1,true,EKURHULENI NORTH,700261214,GAUTENG,full compliance,,,1,1,,,,,
SOZIZWE PRIMARY SCHOOL,Tshepo3,true,EKURHULENI NORTH,700311530,GAUTENG,no data,,,,,,,,,
STEVE BIKO PRIMARY SCHOOL,SABELO VERIFIED,true,JOHANNESBURG SOUTH,700400077,GAUTENG,full compliance,,,1,1,,1,,,
STRETFORD EXT 8 PRIMARY SCHOOL,Sfiso v1,true,JOHANNESBURG SOUTH,700331918,GAUTENG,full compliance,,,1,1,,,,,
TEMBISA SECONDARY SCHOOL,V1,true,EKURHULENI NORTH,700261305,MPUMALANGA,full compliance,,,1,1,,,,,
TEMBISA WEST SECONDARY SCHOOL,Freddy10,true,EKURHULENI NORTH,700400117,GAUTENG,full compliance,,,1,1,,,,,
THEMBALIHLE PRIMARY SCHOOL,SABELO1,true,JOHANNESBURG NORTH,700133132,GAUTENG,full compliance,,,1,1,,,,,
THEMBALIKAZULU PRIMARY SCHOOL,KHOLWANI10,true,GAUTENG EAST,700351148,GAUTENG,full compliance,,,1,1,,,,,
THETHA SECONDARY SCHOOL,SABELO VERFIED,true,JOHANNESBURG SOUTH,700331645,GAUTENG,full compliance,,,1,,,,,,
THOHO-YA-NDOU PRIMARY SCHOOL,Joseph verified,true,TSHWANE SOUTH,700232272,GAUTENG,full compliance,,,1,1,,,,,
THOPODI PRIMARY SCHOOL,SABELO VERIFIED,true,GAUTENG EAST,700311555,GAUTENG,no data,,,,,,,,,
THUTHUKA PRIMARY SCHOOL,SABELO VERIFIED,true,EKURHULENI NORTH,700261347,GAUTENG,full compliance,,,1,1,,,,,
THUTO KITSO SECONDARY SCHOOL,sabelo1,true,GAUTENG WEST,700932124,GAUTENG,full compliance,,,1,1,,,,,
THUTO LORE SECONDARY SCHOOL,Tamir Shklaz,true,SEDIBENG EAST,700331413,GAUTENG,full compliance,,,1,1,,,,,
THUTOLORE SECONDARY SCHOOL,Joseph verified,true,JOHANNESBURG WEST,700141002,GAUTENG,full compliance,,,1,1,,,,,
TIYANI Junior secondary SCHOOL,SABELO VERIFIED,true,JOHANNESBURG NORTH,700141028,GAUTENG,full compliance,,,1,1,,,,,
TLAKULA SECONDARY SCHOOL,Sympathy Varified,true,GAUTENG EAST,700351171,GAUTENG,full compliance,,1,,1,,1,1,,
TLHAKANANG PRIMARY SCHOOL,Tlhakanang Primary School,true,EKURHULENI NORTH,700261388,GAUTENG,full compliance,,,1,1,,,,,
TLHOKOMELO PRIMARY SCHOOL,Joseph1,true,JOHANNESBURG WEST,700141044,GAUTENG,full compliance,,,1,1,,,,,
TLHOLO INTERMEDIATE SCHOOL,Joseph1,true,SEDIBENG WEST,700321596,GAUTENG,full compliance,,,1,1,,,,,
TOKELO SECONDARY SCHOOL,Joseph verified,true,SEDIBENG WEST,700321604,GAUTENG,full compliance,,,1,1,,,,,
TOTOMENG PRIMARY SCHOOL,Joseph verified,true,JOHANNESBURG WEST,700141069,GAUTENG,full compliance,,,1,1,,,,,
TSAKANE PRIMARY SCHOOL,Sympathy Varified,true,GAUTENG EAST,700311571,GAUTENG,full compliance,,,1,1,,,,,
TSHIRELA PRIMARY SCHOOL,Joseph verified,true,SEDIBENG WEST,700321653,GAUTENG,no data,,,,,,,,,
TSHIRELETSO PRIMARY SCHOOL,Joseph1,true,JOHANNESBURG WEST,700141085,GAUTENG,full compliance,,,1,1,,,,,
TSHITSO PRIMARY SCHOOL,V1,true,SEDIBENG WEST,700321661,GAUTENG,no data,,,,,,,,,
TSIETSI MASHININI PRIMARY SCHOOL,Sympathy varified,true,JOHANNESBURG WEST,700140822,GAUTENG,full compliance,,,1,1,,,,,
TSIMONG PRIMARY SCHOOL,KHOLWANI19,true,GAUTENG EAST,700351197,GAUTENG,full compliance,,1,,1,,,,,
TSITSIBOGA PRIMARY SCHOOL,SABELO1,true,GAUTENG WEST,700271130,GAUTENG,full compliance,,,1,1,,1,,,
TSWELELANG PRIMARY SCHOOL,Joseph verified,true,JOHANNESBURG WEST,700141119,GAUTENG,full compliance,,,1,1,,,,,
TSWELOPELE SECONDARY SCHOOL,Zanele V1,true,EKURHULENI NORTH,700400400,GAUTENG,full compliance,,,1,1,,,,,
UMTHAMBEKA PRIMARY SCHOOL,Freddy12,true,EKURHULENI NORTH,700261438,GAUTENG,full compliance,,,1,1,,,,,
UNITY SECONDARY SCHOOL,Tshepo3,true,EKURHULENI NORTH,700311613,GAUTENG,full compliance,,,1,1,,,,,
VEZUKHONO SECONDARY SCHOOL,Joseph,true,GAUTENG EAST,700311852,GAUTENG,full compliance,,,,1,,,,,
VULAMAZIBUKO PRIMARY SCHOOL,V2 Yossi Bank,true,JOHANNESBURG NORTH,700141150,GAUTENG,full compliance,,,1,1,,,,,
WESTFIELDS PRIMARY SCHOOL,SABELO 1,true,GAUTENG WEST,700270579,GAUTENG,full compliance,,,1,1,,,,,
WINNIE MANDELA PRIMARY SCHOOL,SABELO VERIFIED,true,EKURHULENI NORTH,700400236,GAUTENG,full compliance,,,1,1,,1,,,
WINNIE MANDELA SECONDARY SCHOOL,SABELO VERIFIED,true,EKURHULENI NORTH,700400514,GAUTENG,no data,,,,,,,,,
ZAKHENI PRIMARY SCHOOL,Sympathy varified,true,JOHANNESBURG NORTH,700133306,GAUTENG,full compliance,,,1,1,,,,,
ZAMANI PRIMARY SCHOOL,Sympathy Varified,true,GAUTENG EAST,700351288,GAUTENG,full compliance,,1,,1,,,,,
ZIFUNELENI JUNIOR SECONDARY  (COMB. PRIMARY) SCHOOL,SABELO VERIFIED,true,JOHANNESBURG NORTH,700133314,GAUTENG,no data,,,,,,,,,
ZIMISELE SECONDARY SCHOOL,Pontsho3,true,GAUTENG EAST,700351304,GAUTENG,full compliance,,,1,1,,,,,
ZITHATHELE PRIMARY SCHOOL,Joseph verified,true,JOHANNESBURG NORTH,700133322,GAUTENG,full compliance,,,1,1,,,,,
ZITHEMBENI PRIMARY SCHOOL,kholwani21,true,GAUTENG EAST,700351312,GAUTENG,full compliance,,,1,1,,,,,
ZITIKENI SECONDARY SCHOOL,SABELO VERIFIED,true,EKURHULENI NORTH,700261479,GAUTENG,full compliance,,,1,1,,1,,,
zitha primary,sabelo1,true,,,GAUTENG,no data,,,,,,,,,
