school_name,school_classification,school_province,survey_name,isverified,_id,haslab,numberoflabs,version_id
DITAWANE PRIMARY SCHOOL,Primary,GAUTENG,Joseph verified,true,2Ay8F4NtoSsXJJsT4,No,,ZQpQXXcpAjvZC2ony
PHOMOLONG SECONDARY SCHOOL,Secondary,GAUTENG,V2 - Adam Dison,true,2GozKzGFYLMEQj3Me,Yes,,xuTGawqPYaYusxnm8
LERESCHE PRIMARY SCHOOL,Primary,GAUTENG,Mabuza verified,true,2GrTgoBu2W5v6v2hs,No,,giGaTXuXxZQxCGaMd
BUHLEBEMFUNDO SECONDARY SCHOOL,Secondary,GAUTENG,Joseph verified,true,2S2wmhAbWFzEJBgqq,Yes,,Ch6HJ6DZmFCYxKkww
IPONTSHE PRIMARY SCHOOL,Primary,GAUTENG,V2 Adam Dison,true,2YqMRgMNtE7g7Kh4Y,No,,x39JZC9Q749pXeEbY
SAKHELWE PRIMARY SCHOOL,Primary,GAUTENG,Pontsho 10,true,3Btzf38Bsd2vvjyGn,No,,7jdhLaYzWcCtFduQg
NCHABELENG PRIMARY SCHOOL,Primary,GAUTENG,KHOLWANI9,true,3LGATcnDD7ffLMcq8,Unsure,,5iHufHeS6B2XBsHTB
LABAN MOTLHABI COMPREHENSIVE SCHOOL,Secondary,GAUTENG,Pontsho6,true,4EnbhRyLcxAEHbRju,Yes,2,922NEXkq8CZy6PH7L
ZAMANI PRIMARY SCHOOL,Primary,GAUTENG,Sympathy Varified,true,4GHvEohBq5r7gc6oH,Yes,1,sfN5HAvKti5hRvPxZ
GOVAN MBEKI PRIMARY SCHOOL,Primary,GAUTENG,Sabelo verified,false,4qPath7Co2bAAF9FW,Yes,,dBu8rGN6ZLKj4rb4e
KUZIMISELA PRIMARY SCHOOL,Primary,GAUTENG,Tshepo,true,4zhThZYeHfyTj2QcC,No,0,HushLZncKDsTyJhfN
EMMANUEL PRIMARY SCHOOL,Primary,GAUTENG,Joseph verified,true,5SXzuiGPqmTLMo3zd,No,,DwG2tAAFC8W79Ckxx
AHA-THUTO SECONDARY SCHOOL,Secondary,GAUTENG,Sabelo verified,true,5aepNQJjL2FM9SJjf,Yes,1,5PhvChXDzSoaBymWp
VUYO PRIMARY SCHOOL,Primary,GAUTENG,Joseph,true,5ghzNQM8qxXCSXt6x,No,,esLPjFoMCrf7aGwqS
OR TAMBO PRIMARY SCHOOL,Primary,GAUTENG,Sympathy verified,false,5sQvpKNDiaRYFrLPh,Yes,1,xp2bxhMm4Yoeu9jho
LUKHOLWENI PRIMARY SCHOOL,Primary,GAUTENG,Joseph verified,true,6FAr6rwo5rFBSXNpF,No,,gpABZNKAeZxGARLNE
LESIBA SECONDARY SCHOOL,Unknown,GAUTENG,Freddy1,true,6bvoiurG6yywJTja3,,,RfniT8dpTobMmBWDg
BOVET PRIMARY SCHOOL,Primary,GAUTENG,Joseph verified,true,7jTwoqsWHSisSS2tn,No,,JMwctXTYdunvweNYD
QHAKAZANI PRIMARY SCHOOL,Primary,GAUTENG,tshepo20,true,7rqWH5JBiCgcALHd4,No,,Y2gH7TZojYSgJ6J3i
ITSEBENG PRIMARY SCHOOL,Primary,GAUTENG,SABELO1,true,8RsDnEYBZA5WkxwZD,No,,bAExKd8RN5BhHzb3z
N'WA MHINGA PRIMARY SCHOOL,Primary,GAUTENG,V2-Jaydin krok,true,8ubcW4jy3rAJb2RJx,No,,S47bpHzXts94zC2ke
CHARLOTTE MAXEKE SECONDARY SCHOOL,Secondary,GAUTENG,V2 Yossi Bank,true,8v34prERpigfaDLTz,Yes,1,HMfiK9msnxvBpZRTv
LEBOWA PRIMARY SCHOOL,Primary,GAUTENG,Joseph,true,9ZP5KGcfG4HjvTv7S,No,,KhtEcF9mnhkNyqnW3
PATOGENG PRIMARY SCHOOL,Primary,GAUTENG,Joseph verified,true,9re8EBARKhMNTMgLD,No,,Rvf9JkpRBRozBsyiq
BATHOKWA PRIMARY SCHOOL,Primary,GAUTENG,SABELO VERIFIED,true,9zTg6sdmpmcLC37Mo,No,,P4wqK6rnJQahfhFTr
THOHO-YA-NDOU PRIMARY SCHOOL,Primary,GAUTENG,Joseph verified,true,9zfvaeh9PRphJGAcW,No,,q7vvj7t7uptnim45G
LEJOELEPUTSOA PRIMARY SCHOOL,Primary,GAUTENG,Freddy4,true,APjzZg2Lmw9tvGCSq,No,,EtsNuLzuvqcqdM943
TLHOLO INTERMEDIATE SCHOOL,Primary,GAUTENG,Joseph1,true,AZfm4LgKJAjmuNBZC,Yes,,bPfY5thaXn4EAdkXw
PUDUMO PRIMARY SCHOOL,Primary,GAUTENG,SABELO 1,true,Adp8z7AkEyQBGYbue,No,,fXPmfwBo9N6rx7mLh
BOTLEHADI PRIMARY SCHOOL,Primary,GAUTENG,Sabelo1,true,AdpQzhFCSfCkqWLN5,No,,FpTsqHm4D3ttwK8dY
LEBONE PRIMARY SCHOOL,Primary,GAUTENG,KHOLWANI7,true,AduFxRKqkdjkdAGhT,Yes,1,drsWF9n9G7CxbrANB
EKUKHANYISWENI PRIMARY SCHOOL,Primary,GAUTENG,SABELO VERIFIED,true,B2GhvBPB9fFdDR3Jm,No,,EbrJ8dHAyrQTpSaNj
MOGOGODI PRIMARY SCHOOL,Primary,GAUTENG,Joseph1,true,BGrWE92uctBWvw5yc,No,,rgipwMLK9skQK2EuA
MASISEBENZE COMPREHENSIVE SCHOOL,Secondary,GAUTENG,Zanele V1,true,BYqZGh44LssRy3Y23,No,,vQsgY2cMuHRHHxN5X
SEOTLOANA PRIMARY SCHOOL,Primary,GAUTENG,Zanele V1,true,BtAxesbLm6nxAugBK,Unsure,,Qmhp6bLYHrRTc42wc
ALEXANDRA SECONDARY SCHOOL,Secondary,GAUTENG,Jake Pencharz,true,CFLqfbGLi2eYk8GgD,Yes,2,dmcSwWf7Zcge6eHR8
TSWELOPELE SECONDARY SCHOOL,Secondary,GAUTENG,Zanele V1,true,Cda3YNGoKhu86j5TY,Yes,1,bHZpmA7SpQzx29CQk
MODUOPO PRIMARY SCHOOL,Primary,GAUTENG,Zanele V1,true,Cm4aMRAW2jgbqx48z,No,,Q2SemXMcpEX5NfYsD
IPHUTHENG PRIMARY SCHOOL,Primary,GAUTENG,Sympathy varified,true,DigGBpGaefbvTC2uL,No,,tqMTBWRbAuYsAqATz
PHUTHULLA PRIMARY SCHOOL,Primary,GAUTENG,Joseph verified,true,DqqSgtmNADQoLqpxA,,,pRKnFJGLubdAiTZEy
ZITHATHELE PRIMARY SCHOOL,Primary,GAUTENG,Joseph verified,true,EG9oHfZ9Dg7QCzdh5,No,,sXauHMaoiXsoSamWK
MOYISELA PRIMARY SCHOOL,Primary,GAUTENG,Sabelo verified,true,EJbw4XHPjuFQKTg88,Yes,,XTL9gvLr9S2MmMsjJ
TLHAKANANG PRIMARY SCHOOL,Primary,GAUTENG,Tlhakanang Primary School,true,EY8CHWRkq7RbysjBA,No,,3acdePaA3PaTzXLaP
IKAGE PRIMARY SCHOOL,Primary,GAUTENG,Sympathy varified,true,EYqkvNNt97QLN4pic,No,,NY3CpQoLXKGkXkq8b
ZITIKENI SECONDARY SCHOOL,Secondary,GAUTENG,SABELO VERIFIED,true,EoGvfyd9kbdmQwvaL,Yes,1,A7HS55Lmpv7eWduhv
REAMOHETSOE PRIMARY SCHOOL,Primary,GAUTENG,V2-Jaydin Krok,true,F2ZJBuvYew5rzBoqm,No,,zpLEh72kC58ryRpxt
TOTOMENG PRIMARY SCHOOL,Primary,GAUTENG,Joseph verified,true,FXvjxxFksPcvfvLQb,No,,tMjiiRvEEAsNmSJGx
NTOKOZWENI PRIMARY SCHOOL,Primary,GAUTENG,Pontsho12,true,FbqmLaNnA89FaLRHM,No,,EtHDHYs97BCxasggi
JABULILE SECONDARY SCHOOL,Secondary,GAUTENG,SABELO VERIFIED,true,FktaZJQEa2yRirPdp,Yes,1,GdT4e3QnaH2fX4vAA
PHORORONG PRIMARY SCHOOL,Other,GAUTENG,Joseph,true,GZMSxf5xdCGKqsGZu,No,,qs4DrHmATWN59Tptg
NTSELE PRIMARY SCHOOL,Primary,GAUTENG,Sabelo1,true,GZT4vCTGD7mS92aQx,No,,aQ4BMeoFWmo4HrHqF
LEEMA-MOKOTULI PRIMARY SCHOOL,Primary,GAUTENG,Sabelo1,true,Goq3paFKenCPyfRtn,No,0,2smWdy5ZETPXoRrYG
REAGILE PRIMARY SCHOOL,Primary,GAUTENG,Freddy11,true,GufmLsEooqNFf93yx,No,,3CZM6LyxfbGxQ676w
THUTO LORE SECONDARY SCHOOL,Secondary,GAUTENG,Tamir Shklaz,false,HSn4QLtDmnrCWStdR,Yes,,A82Sqxg6dWo9BjRw7
TOKELO SECONDARY SCHOOL,Secondary,GAUTENG,Joseph verified,true,HbMLuapaMNodADNqD,Yes,3,WszeF9gAuQuHMNHLC
ENTSHONALANGA PRIMARY SCHOOL,Primary,GAUTENG,SABELO VERIFIED,true,J2ZPERzkssNe4s4Ry,No,,qYqekSfSRExjXJrGM
SOZIZWE PRIMARY SCHOOL,Primary,GAUTENG,Tshepo3,true,J79LJJCfJsZPpsmyv,No,,6yXgt6quvcZfmQiWf
LEBOHANG SECONDARY SCHOOL,Secondary,GAUTENG,Sabelo1,true,JAnoT6aspbf3axkWZ,Yes,,KrNZ7H2XmHuPpHRrN
KHANGEZILE PRIMARY SCHOOL,Primary,GAUTENG,Pontsho9,true,JuhdXLzRY3WsLWdBo,No,,KDmkojmtPfcEEQ3vv
QEDUSIZI PRIMARY SCHOOL,Primary,GAUTENG,Pontsho8,true,K3g45hgHEXysgaNqB,No,,tC7ee9TXmJ8oDEcRe
JOB MASEKO PRIMARY SCHOOL,Primary,GAUTENG,KHOLWANI12,true,K3nFrncu9c6fAv37x,No,0,7Lt26udxHfpKtyAwY
ZENZELENI PRIMARY SCHOOL,Primary,GAUTENG,Sympathy Varification,true,K9icYYFbFvGLdiv2C,No,,hTroeBPPurCSNxDGe
DITAWANA PRIMARY SCHOOL,Primary,GAUTENG,pontsho 21,false,KACd48YLDDj8Toieu,No,,LBujyFwCgPkGzWSZy
BOPASENATLA SECONDARY SCHOOL,Secondary,GAUTENG,Joseph verified,true,KDjA2CseHDxXnwPGd,Yes,1,cDYo2z98FGZzNHPMM
SELIBA PRIMARY SCHOOL,Other,GAUTENG,Joseph verified,true,KExiGRsQKKm9ys37f,No,,RHG8484wnsaqifrig
TSIMONA PRIMARY SCHOOL,Other,GAUTENG,Tsimona Primary School,false,KwTSXNbQCjko9ejPb,No,,LJC3JBYxgkbi8GzAP
GEORGE MBILASE PRIMARY SCHOOL,Primary,GAUTENG,Joseph,true,L7H5eorXjhkXgdLG9,Yes,1,bMEYkfLEMjEHiTFux
EAST BANK HIGH SCHOOL,Secondary,GAUTENG,Sympathy varified,true,LRHuEa7PA5nBhk4rm,No,,LD7hazozFmAuLNBgP
GOROGANG PRIMARY SCHOOL,Primary,GAUTENG,Pontsho5,true,LWttEmWNNyDaNBBLh,No,,fkuEy7WKs5HL2NM6z
THUTHUKA PRIMARY SCHOOL,Primary,GAUTENG,SABELO VERIFIED,true,LY6JAEYdTNoHn2Cck,No,,q7rLbRb4nxtPxfoSc
O.R TAMBO PRIMARY SCHOOL,Primary,GAUTENG,Zanele V1,true,LnNRWBgxzPvDhZL6n,Yes,1,Gfj3WRS3Y8w4dmyph
DR NHLAPO INTERMEDIATE SCHOOL,Primary,GAUTENG,Joseph verified,true,LnzyHktEe5W7frwsM,No,,Hjqy94n4PwNqwN5uA
JABULANI THABANG PRIMARY SCHOOL,Primary,GAUTENG,Sabelo1,true,LuYas2Dqb2WgWRi8D,No,,MtKWmrDmPtx6hTjXm
TLAKULA SECONDARY SCHOOL,Secondary,GAUTENG,Sympathy Varified,true,LwddLRdGKKn6kdQTj,Yes,1,uiiC6LpdXHBickDqX
FADIMEHA PRIMARY SCHOOL,Primary,GAUTENG,Joseph verified,true,MP5Kr3y2dF5LWKHtc,,,ZMuo7tqss7QrYPuwZ
WESTFIELDS PRIMARY SCHOOL,Primary,GAUTENG,SABELO 1,true,MR8ARDJ4rP2WaerQT,No,,ghEZdTPoThhpWNWiw
KENNETH MASEKELA SECONDARY SCHOOL,Secondary,GAUTENG,Pontsho7,true,Mk7EuHSkzSDEFdYce,Yes,2,yuLFP8PQcXB6aAAm6
THOPODI PRIMARY SCHOOL,Primary,GAUTENG,SABELO VERIFIED,true,MtQZjTeoN5egKWerx,Yes,1,eaN2HpTXfZTyuJHLY
ZITHA PRIMARY,Primary,GAUTENG,sabelo1,true,MvipqKbDxd8KxxfH5,No,,k652o58moXsybbDfm
ZIMISELE SECONDARY SCHOOL,Secondary,GAUTENG,Pontsho3,true,N6AM4QSq7KpR3e33u,Yes,2,bEf9GjYAyqAqY3bhw
REAKGONA PRIMARY SCHOOL,Primary,GAUTENG,Tamir Shklaz\,true,NEnv6rddDjheZpGd8,No,,WdTssNZoaRHCT3LMG
SIPHIWE PRIMARY SCHOOL,Primary,GAUTENG,Zanele V1,true,NFqoT3gpGpxGAc3Rq,No,,8EkWbb3qMosGvaWyT
HOFMEYR SECONDARY SCHOOL,Secondary,GAUTENG,Joseph verified,true,Ndd7kqG7NnToKJxrw,Yes,,Z9wz3QcLwmRfGuaeT
MONTSOSI PRIMARY SCHOOL,Primary,GAUTENG,SABELO1,true,NjCBpEtAS8QydWcuX,No,,rCApJ97XLJY5xuoJY
SIBONELO PRIMARY SCHOOL,Primary,GAUTENG,Sympathy verified,true,NxYkghZYPWMsYqTSw,No,,GQPE7rurt9bb7DM5a
JORDAN SECONDARY SCHOOL,Secondary,GAUTENG,Sabelo1,true,PETDcjYgdEmQaM8GM,Yes,5,ZQvS49GgfM6XNnqij
TEMBISA WEST SECONDARY SCHOOL,Secondary,GAUTENG,Freddy10,true,PcEzCAaPtc4Sf6Ye2,Unsure,,4avNjjRgrzrEpwKMN
KOKOSI PRIMARY SCHOOL,Primary,GAUTENG,Mabuza verified,true,PjX2yjE6NaMs7BWR7,No,,sfgS3CrJFoTBvFQ72
DR HARRY GWALA SECONDARY SCHOOL,Secondary,GAUTENG,Tshepo3,true,PnXN2AqdArCcBwGKQ,Yes,1,SNuf4DBJszmQrAzS4
MABUYA SECONDARY SCHOOL,Secondary,GAUTENG,Joseph1,true,QgfYRujfKyJpt6nFC,No,,656hyBavtd4QHF6yx
LETSATSING COMBINED SCHOOL,Secondary,GAUTENG,SABELO 1,true,QgrH6dStWKdBmSgbR,Yes,,hBG3H9epZYnScCbtp
ENDULWENI PRIMARY SCHOOL,Primary,GAUTENG,Joseph verified,true,Qp4gq2TGJSktoQ7sT,No,,ocFaNqXzeBvD5hiAZ
ROLIHLAHLA PRIMARY SCHOOL,Primary,GAUTENG,Tshepo2,true,RZL6fQ9HEqr3x5A3t,No,,Qzm8u4imxajBRWLE5
GORDON PRIMARY SCHOOL,Primary,GAUTENG,SFISO V1,true,Rp2gfQNiPi456fb5u,No,,qsXPNNQE3pWkdTbfb
VEZUKHONO SECONDARY SCHOOL,Secondary,GAUTENG,Joseph,true,SAq2zoweFf5yyW77P,Yes,1,8FucY8f4FTzL2XmhY
HLABANGANE PRIMARY SCHOOL,Primary,GAUTENG,Joseph verified,true,SJ7AN8R2WKMh9jrhR,No,,A9g2JXbafa9hggA23
SHADRACK MBAMBO PRIMARY SCHOOL,Primary,GAUTENG,Sympathy Varified,true,Sexbn7BXLM3DKnq8e,No,0,7sAKJvmox8vK6GJBv
EMFUNDISWENI PRIMARY SCHOOL,Primary,GAUTENG,SABELO VERIFIED,true,Sz2M4KDpJbevxyMYr,No,,8TjXzm5mqedTkvZ5n
DIEPDALE SECONDARY SCHOOL,Secondary,GAUTENG,V2-Jaydin krok,true,T6ADg2FX5JCdw4Wgd,Yes,1,EyHGQ2ctZRGcPQ4Lc
TSHIRELETSO PRIMARY SCHOOL,Primary,GAUTENG,Joseph1,true,TK6HXkiP8NH3EznSk,No,,syBSsyuaG3J2rk8ky
JET NTEO SECONDARY SCHOOL,Secondary,GAUTENG,Sabelo1,true,TZvhHhdQZP8YjtNSB,No,,RKz4SAhiQgbHCmTpZ
THEMBALIKAZULU PRIMARY SCHOOL,Primary,GAUTENG,KHOLWANI10,true,Tb95oJXGACRR8CxKT,No,0,jSDZSbr7cMPKgibe7
KGOMOCO PRIMARY SCHOOL,Primary,GAUTENG,Joseph verified,true,TbpxYJR6iZbbFKECM,No,,METTMMRQRhoWxKdRt
MENZI PRIMARY SCHOOL,Primary,GAUTENG,Sympathy varified,true,Tc3kwkSzPd4SpnWrW,No,,eqJ28tbWRDYX6YPkp
DAVID HELLEN PETA SECONDARY SCHOOL,Secondary,GAUTENG,Joseph verified,true,TfCM5snxJGK4sncZh,Yes,1,BpGigPup4eyijh28x
BATLOUNG INTERMEDIATE SCHOOL,Primary,GAUTENG,Symps,true,TgHLRu6LxXHbG7kuN,No,0,FEAD8jBu7LbHezy2j
KHOMANANI PRIMARY SCHOOL,Primary,GAUTENG,SABELO VERIFIED,true,WLt3Zs5QzXYfoc8uX,No,,myEbntbNmwtRJAXXn
SEEISO PRIMARY SCHOOL,Primary,GAUTENG,Joseph verified,true,WvuHH9HrsZtHEAXrQ,No,,LZ7sJWsXTML9asLdD
GAHLANSO PRIMARY SCHOOL,Primary,GAUTENG,Zanele V1,true,X4eevqxhWWm2tiMPb,No,,WeXHdZMumEMFyckHq
BOPHELONG SECONDARY SCHOOL,Secondary,GAUTENG,Joseph verified,true,X79Aw6mgT5JwcqBZk,Unsure,,AQmqsTKLbbQgfAmzP
KGOLAGANO PRIMARY SCHOOL,Primary,GAUTENG,Joseph verified,true,XKHuDDbtfw4qsmTYj,No,,o6KRqZ8m5YyPCmxEu
LANGAVILLE PRIMARY SCHOOL,Primary,GAUTENG,Sympathy varified,true,XcXZ4xKD2okDYeX32,,,3uXaw9N4tJkFZKXSt
TSITSIBOGA PRIMARY SCHOOL,Other,GAUTENG,SABELO1,true,XoWBaaEWmE2Pndafw,No,,hrfAaJLuuBvdukdf9
Radibapi Primary,Primary,GAUTENG,sabelo,true,YKc3GM8S2QK5ZvDj9,No,,Acd6f7D8RbhpthZHN
SEDIBENG PRIMARY SCHOOL,Primary,GAUTENG,Zanele V1,true,YhNFuH8m5BQb6Dcy6,No,,8pdqiKPuW9emmvdMA
WINNIE MANDELA PRIMARY SCHOOL,Primary,GAUTENG,SABELO VERIFIED,true,YsfmLu8aXoAoay5R3,Yes,1,qqTGPEnmDQRrarBSw
STEVE BIKO PRIMARY SCHOOL,Primary,GAUTENG,SABELO VERIFIED,true,YyfnQmGWFTbbFwfmd,No,,g6orxjw6EmCqYup83
LESEDI LA KRESTE ANGLICAN PRIMARY SCHOOL,Primary,GAUTENG,V2-Jaydin Krok,true,YzqMyFQyK2PQ7WHqs,No,,BL89Y49hLjtAgtj9C
SECHABA PRIMARY SCHOOL,Primary,GAUTENG,KHOLWANI14,true,ZCxWFL6ubFDgJ7Cuu,No,,ufaeHuMMa97ge5aCK
SIVUSE PRIMARY SCHOOL,Primary,GAUTENG,SABELO1,true,ZREHTZKXgFs9WEq4P,No,,JeGKrkaqdgboxbxAd
BOKAMOSO SECONDARY SCHOOL,Secondary,GAUTENG,Zanele V1,true,ZcG9AepCaeoHWhuxm,Yes,1,H2wSN9EFbKzeSGjCh
ESIKHISINI PRIMARY SCHOOL,Primary,GAUTENG,Joseph verified,true,ZzHrnoDQLXmfNMnHk,No,,CoWKa7AHpYehwgjN4
ISEKELO PRIMARY SCHOOL,Primary,GAUTENG,Joseph verified,true,aCmC5yP9xSXRCDzeC,No,,rRCnvnKF3KB68xQfw
SAULRIDGE SECONDARY SCHOOL,Secondary,GAUTENG,Sabelo verified,true,aEd7vA5F6g9iDG8uN,Yes,,ZgR4zqFothSycL9hz
INKATHA KA ZULU PRIMARY SCHOOL,Primary,GAUTENG,Tshepo1,true,agi4ccojmTYjxbGzc,No,0,srdTLx3pxML3nwKPr
PHAMEHLO PRIMARY SCHOOL,Primary,GAUTENG,Symps,true,b7fMc6rQTCvGH6RmH,Yes,,eg2P5ZFGTcwctmdcA
KGALEMA PRIMARY SCHOOL,Primary,GAUTENG,V2-Jaydin krok,true,bWGfJhzywnJqZx9jy,No,,MYybcL4ntNLDfPjZt
MELODI PRIMARY SCHOOL,Primary,GAUTENG,V2 - Daniel Kartun,true,bmcc8CPu6bCA53H9S,No,,6nyrh8pzbNxMHyu4J
LEFIKA PRIMARY SCHOOL,Primary,GAUTENG,V1,true,bvD9q3Sj8Pi9CHqCY,No,,GaE7jrBwPxNR4AK72
AMOS MAPHANGA SECONDARY,Secondary,GAUTENG,V2 Yossi Bank,true,c3zppqSArNY2AhDnC,No,,ra2zX3jjBPguj6bc3
TEMBISA SECONDARY SCHOOL,Secondary,GAUTENG,V1,true,c9KK3cLRgR6o97bLT,Yes,2,LTccQvtsRbQdnvd4x
RETLILE PRIMARY SCHOOL,Primary,GAUTENG,Jake Pencharz,true,cTr5JDQpCedkzfEFS,No,,y8vNYzZpy3A9BHx6W
TSIETSI MASHININI PRIMARY SCHOOL,Primary,GAUTENG,Sympathy varified,true,dD26F44JqbkpTAtFB,No,,n9gEojJ6K5eKYJ4c2
MADUME PRIMARY SCHOOL,Primary,GAUTENG,SABELO VERIFIED,true,dLZPavQyHH7Lg8YLz,Yes,1,r5bdwdb45e7jr6JZB
PHUTHADITSHABA PRIMARY SCHOOL,Primary,GAUTENG,SABELO VERIFIED,true,dW6tdNg3w7YC3qNhp,No,,ojqksxwnmxWXpM8n6
QUANTUM SECONDARY SCHOOL,Secondary,GAUTENG,Tshepo2,true,daNDQbb4oszvN7rif,Yes,,cQQF5juB8JG3jNbNs
SELELEKELA SECONDARY SCHOOL,Secondary,GAUTENG,SABELO 1,true,dnHwtuPP5KkmYfEmF,Yes,2,Ayck7PmsY3mNr3gZQ
MOKGOME SECONDARY SCHOOL,Secondary,GAUTENG,Joseph verified,true,e3HNcyvzdD5MCFWTL,Yes,3,QBmBALzw89kwmHz2B
DUMEHLEZI INTERMEDIATE SCHOOL,Primary,GAUTENG,Joseph verified,true,eEJdfgw5rGmHjwe2B,,,uvAsG8PGNZNED5pxz
DR WF NKOMO SECONDARY SCHOOL,Secondary,GAUTENG,Sympathy Varified,true,eYheRaWhT5XzYzDFb,Yes,1,u2mAvGSYipuFCETW2
LETSEMA-ILIMA PRIMARY SCHOOL,Primary,GAUTENG,Symps,true,eognzr8hzvQ3foin5,No,,ZNXsgBEk2evJkTYso
LIVHUWANI PRIMARY SCHOOL,Primary,GAUTENG,SABELO VERIFIED,true,fGrkjdmKGACisM2tF,No,,PySjA6yQMoXAyS2z8
EMMANGWENI PRIMARY SCHOOL,Primary,GAUTENG,Zanele v1,true,fJpMeWhdRY8onMRJd,No,,SeRiR2xnt35DWtRzX
TSAKANE PRIMARY SCHOOL,Primary,GAUTENG,Sympathy Varified,true,fKbp5C6qwTvc3hwth,No,0,MYuCFef7Fjt8yRX8d
STRETFORD EXT 8 PRIMARY SCHOOL,Primary,GAUTENG,Sfiso v1,true,fL6Ed2EdwFCkgQ6Jy,No,,4zo5MNwbBvTPykbFg
TSIMONG PRIMARY SCHOOL,Primary,GAUTENG,Kholwani19,true,fbt3ZzyKMbnRnzrTG,No,,jR3LMPDnnHi7xvLcp
WINNIE MANDELA SECONDARY SCHOOL,Secondary,GAUTENG,SABELO VERIFIED,true,fgFq9EzfjNjeTfHAg,Yes,,wDCWL3rxm6NDcHY37
FRED HABEDI PRIMARY SCHOOL,Primary,GAUTENG,Pontsho11,true,fzyS2ax3KyDmRAToK,Yes,1,qCqx8rN4JLCHpEwF4
MICHAEL ZULU PRIMARY SCHOOL,Primary,GAUTENG,Sympathy varified,true,g8ggTCkmnbyhZmFG9,No,0,3tbjfT8zZ2fPGfiwc
NYIKO PRIMARY SCHOOL,Primary,GAUTENG,Freddy9,true,gZ3tqvoYydESrppZx,No,,6cFA5fAxPtQzaP5bz
NOMINI PRIMARY SCHOOL,Other,GAUTENG,Sabelo verified,true,h6G3f3aCT6Mc7TMYp,No,,Sue8DWeGKHPKAyQBi
UNITY SECONDARY SCHOOL,Secondary,GAUTENG,Tshepo3,true,h8yCNfRaCAS5Qj5mr,Yes,1,68f6ufafjEtTD87dK
MASIQHAKAZE SECONDARY SCHOOL,Secondary,GAUTENG,V1,true,hBhq8k8xnRkhYhsv5,Yes,1,e6s5EEf389EeLo6Tz
FUNUKUKHANYA PRIMARY SCHOOL,Primary,GAUTENG,KHOLWANI3,true,hGJ3yEHpJoSnbepm7,No,0,55foHoJLBDfwGwTWD
MQINISWA PRIMARY SCHOOL,Primary,GAUTENG,Joseph verified,true,hRnXKqFLEWAGaaxx8,No,,6XmRH2cDbjXJd8Zri
MUZOMSHA PRIMARY SCHOOL,Primary,GAUTENG,KHOLWANI18,true,hvngFLEvygLhPkfng,No,,NTo8EK8jnLkjB93Hd
UMTHAMBEKA PRIMARY SCHOOL,Primary,GAUTENG,Freddy12,true,iGTZbHQvsd2gkoGA6,No,,MrCRY4JkG2RtXRzjf
NQUBELA PRIMARY SCHOOL,Primary,GAUTENG,Sympathy Varified,true,iNfFtzXgoMfXPNZfW,No,,mobhBo8uKGxkvNsjR
INKONJANE JUNIOR SECONDARY SCHOOL,Other,GAUTENG,V2 Yossi Bank,true,iQYteTYuh4mRTAByL,No,,Zyuc4wPBmxQPcNyjF
INXIWENI PRIMARY SCHOOL,Primary,GAUTENG,Freddy8,true,iWAnsZEZPeE2t5hA2,No,,g2zngXhSLP6Xe7qtg
NTSIKANA PRIMARY SCHOOL,Primary,GAUTENG,Sympathy Varified,true,iurwhdLzJteTrpbGb,No,,95AYoAp6AiYz3KZ2t
MATSIE STEYN PRIMARY SCHOOL,Primary,GAUTENG,Joseph verified,true,jFZuWxuFm2fd9MK94,No,0,74LtY73iZk5nAgKN4
ORANGE FARM PRIMARY SCHOOL,Primary,GAUTENG,V1,true,jLJacssf9CgLRWx9b,No,,kY8pdvG9t8eN5CY4h
MASIMINI PRIMARY SCHOOL,Primary,GAUTENG,V2 Adam Dison,true,jnPBseT4kdQTArapC,No,,E7KSgcfSqaoDb5BEE
MEADOWLANDS PRIMARY SCHOOL,Primary,GAUTENG,Tamir Shklaz,true,k9fQKGbvwHk4TeYtr,No,,ogTK6SAt8Ndg38xPc
PHOMOLONG PRIMARY SCHOOL,Primary,GAUTENG,Sympathy varified,true,kYqtpoXe5acCgDpjp,Yes,1,J8iGazpt3MwprEvbp
JOB RATHEBE PRIMARY SCHOOL,Other,GAUTENG,Sabelo verified,true,kcnxrSdStmkZxgwNS,No,,4z6ESappfnPWNQ98D
MABOELLENG PRIMARY SCHOOL,Primary,GAUTENG,Joseph,true,mMDuNp3Yan7SoXTZ7,No,,3XdLNoiuCRA5T5Dfc
PHANDIMFUNDO SECONDARY SCHOOL,Secondary,GAUTENG,SABELO VERIFIED,true,mnDs6B36ntyceuRjk,Yes,,tDKj5hfjzok3tbGs9
LOTUS GARDENS PRIMARY SCHOOL,Primary,GAUTENG,Joseph verified,true,myso7SCBKz4W832WM,No,,hJppCjP9YgzQPhsxp
IMFUNDO MIDDLE SCHOOL,Primary,GAUTENG,Tshepo25,true,n5RwJDadsnScB5XrA,No,,pamnvbjX3nHtQtv4D
AB XUMA PRIMARY SCHOOL,Primary,GAUTENG,V2-jaydin krok,true,nExsGyKQyaGbSjqWj,No,,r8FrZJWZGiB9zPmmc
DR KNAK PRIMARY SCHOOL,Primary,GAUTENG,"SABELO VERIFIED
pontsho 20",true,nXBMusExn5omehD3E,No,,FkDMg4ekjDHWExDuv
CARTER PRIMARY SCHOOL,Primary,GAUTENG,Joseph verified,true,nfpY9djia9R8Eh5ST,Unsure,,tdRzrm36MQJ2raFea
TIYANI Junior secondary SCHOOL,Other,GAUTENG,SABELO VERIFIED,true,niQ3MLvAfLncYKGqs,No,,gZKefKr3T7kQ7yZdd
TLHOKOMELO PRIMARY SCHOOL,Primary,GAUTENG,Joseph1,true,nvqYYz7qsByp72BTp,No,,y3Rzmw2pDYqioZ8WC
Nxineni Primary,Primary,GAUTENG,Nxineni Primary,true,oTwfyXdk2BnLFW2M5,No,,eiaeXipXaywPNGZ7X
PHELINDABA SECONDARY SCHOOL,Secondary,GAUTENG,Sabelo verified,true,oY3ujFgkN9M5A2cef,Yes,1,yAYPTyMxnk5pj2zT9
BUD MBELLE PRIMARY SCHOOL,Primary,GAUTENG,SABELO VERIFIED,true,omrGuBfY4SXRQH2L9,No,,bf5Ltec4dXsz7pEX9
HLANGABEZA PRIMARY SCHOOL,Primary,GAUTENG,Symps,true,p56ZrQEEy39CWsfPT,No,,uyB7xpWYkTuuhsLzS
LEHLASEDI PRIMARY SCHOOL,Primary,GAUTENG,Sabelo1,true,pe7wThcNogKTcqAWL,No,,efr9txWNfPHw3AhD7
DINOTO TECHNICAL SECONDARY SCHOOL,Secondary,GAUTENG,Tshepo3,true,phA7f4R9mEsWDhZEC,Yes,2,pqm6NksjcwAhrDwyH
THEMBALIHLE PRIMARY SCHOOL,Primary,GAUTENG,SABELO1,true,pzrbXcPDg5bQnGZ33,No,,AHHiQixZscHdnSQpM
ZITHEMBENI PRIMARY SCHOOL,Primary,GAUTENG,kholwani21,true,q6MFidSdoCekedewo,No,0,2rqTjwusZ8tc8nbYt
LEFA-IFA SECONDARY SCHOOL,Secondary,GAUTENG,KHOLWANE13,true,q6oJkPoaWequuH2e7,Yes,1,5QzLWMPF8grmhh3G5
DITAU PRIMARY SCHOOL,Primary,GAUTENG,Sympathy varified,true,qGsChQZBsyWCCgxrA,No,,SDQzcRxtroyWa7uGB
RESIDENSIA SECONDARY SCHOOL,Secondary,GAUTENG,Symps,true,r4LzFB6L5QrYWHwbi,Yes,2,Sa8QfeRArxjpbStqt
LERATONG PRIMARY SCHOOL,Primary,GAUTENG,sfisov1,false,sN4Hgxu8tpfzCvqgX,No,,8Q8hLajqT7vMWrbeA
KAMOHELO PUBLIC SCHOOL,Other,GAUTENG,Joseph,false,sosZZQiS7gB2omu7Z,No,,hk4XMrnHxTastfL7s
SAPPHIRE SECONDARY SCHOOL,Secondary,GAUTENG,Joseph verified,true,tGnAsJc98yDB2yJ96,Yes,,mu6wNPMzZ754NLLnE
EVATON PRIMARY SCHOOL,Primary,GAUTENG,kholwani23,true,tpKaqCs5mSmYbR86M,No,,2gqMBsR5BKHB3TEv6
THUTOLORE SECONDARY SCHOOL,Secondary,GAUTENG,Joseph verified,true,ttNTac6gjc3stqdnP,No,,BwK89vufnm6iCSJhQ
MOSIOA PRIMARY SCHOOL,Primary,GAUTENG,Joseph verified,false,uCcF9HAsbwL7nz7yB,No,,AGiLx4gigQqYMN4fT
NKUMBULO SECONDARY SCHOOL,Secondary,GAUTENG,Pontsho4,true,uQXhSgZCvy3wKXRs2,Yes,2,2G6DH4Aiu8dpRQyrD
REALO  SECONDARY SCHOOL,Secondary,GAUTENG,SABELO VERIFIED,true,udM6k28NaNDcCqxbP,No,,6iixm3MYropadAMjX
TSOELOPELE PRIMARY SCHOOL,Primary,GAUTENG,Joseph verified,true,upet7qRrevmP5YswA,No,,ZrghZT93L2bSWSofg
BHEKIMFUNDO PRIMARY SCHOOL,Primary,GAUTENG,Joseph verified,true,v9NYZ3L5R4i9KvEHd,No,,JpDqQfLuuC9qJrici
MOSHOESHOE PRIMARY SCHOOL,Primary,GAUTENG,Joseph verified,true,vMJm8YPhZxnZz5pup,Yes,,vPSPXjGpC6ABc9Szc
VULAMAZIBUKO PRIMARY SCHOOL,Other,GAUTENG,V2 Yossi Bank,true,vknGLpn9QP4w3JSKv,Yes,1,4F5Qwq5cmL34WsvHP
BOITUMELONG SECONDARY SCHOOL,Secondary,GAUTENG,Zanele V1,true,vrrC7GRs7dDeZr2Wz,Yes,2,XYLgc3p2tmFJ6nGJb
THETHA SECONDARY SCHOOL,Secondary,GAUTENG,SABELO VERFIED,true,vzs5qjTqfv2ZuMWSQ,No,,dnFyeB4sC6kfmj2Q6
TSHIRELA PRIMARY SCHOOL,Primary,GAUTENG,Joseph verified,true,w5mNNeTmXKFp5vsH6,No,,93KanXF8i8wGs4YKw
HULWAZI SECONDARY SCHOOL,Secondary,GAUTENG,Tshepo1,true,w7JBwQn8sLnRGGj6N,Yes,4,Tnm69CSqqbdHg9obr
MANGWELE PRIMARY SCHOOL,Primary,GAUTENG,SABELO VERIFIED,true,wr3hsPSwH3drghCig,No,,HZFjNDTejF5ga78Sx
CAIPHUS NYOKA SECONDARY SCHOOL,Secondary,GAUTENG,Joseph veried,true,x4w7XBNKXyn9i9Wdm,Yes,,dLHdmSdFbLWF2kJqy
POELANO SECONDARY SCHOOL,Secondary,GAUTENG,Joseph verified,true,x8WhgNCu9qGKqiRBd,Yes,1,S3LbwsmZGkiiekXEX
MASHEMONG PRIMARY SCHOOL,Primary,GAUTENG,Joseph verified,true,xMXWnoo7yLE8nnrWh,No,,wfdMKsnKg56v7y6uJ
TSWELELANG PRIMARY SCHOOL,Primary,GAUTENG,Joseph verified,true,xPsrtLbxDLREMx8NC,No,,Dddj3YJBuiuGmAQFQ
ORLANDO SECONDARY SCHOOL,Secondary,GAUTENG,SABELO VERIFIED,true,xWXwAeGSA3S5hL4hQ,Yes,,XKxt23fR8Fujkyiim
KHULA SIZWE PRIMARY SCHOOL,Primary,GAUTENG,Freddy7,true,xsJWR7HDtzcKaQTkP,No,,ayNNoGKj3iCnECzSg
NKABINDE PRIMARY SCHOOL,Primary,GAUTENG,V2 Yossi Bank,true,yFrq9TYeMfyaAja5W,No,0,LrmX8FAuJMKckWE6c
ZAKHENI PRIMARY SCHOOL,Other,GAUTENG,Sympathy varified,true,ySLh24LcPvavKTERL,No,,HKHTs5NYM9YcNKmA3
BONA COMPREHENSIVE SCHOOL,Secondary,GAUTENG,SABELO VERIFIED,true,yY4eS3trG7Wc6W3DK,Yes,1,xsLXqpcynPeYTwiXE
MOHLOLI SECONDARY SCHOOL,Secondary,GAUTENG,symps,true,yYADev9PGHe7Qmgwk,Yes,,Pye3fvQETS2TCPKyt
LESHATA SECONDARY SCHOOL,Secondary,GAUTENG,Sabelo verified,true,ynxgyZfifzvRFkwCH,Yes,1,opzRuPL9N8RSzCNsi
UMSOBOMVU PRIMARY SCHOOL,Primary,GAUTENG,KHOLWANI11,false,yosPEwbpHXKzDcu9H,Yes,,2Qm9dY2unum62oDu7
THUTO KITSO SECONDARY SCHOOL,Secondary,GAUTENG,sabelo1,true,yy97AivS3xQ8wjX8x,Yes,,2zRbjDBfz4zB8Tv6q
PHUTHUMANI PRIMARY SCHOOL,Primary,GAUTENG,Sympathy Varified,true,z8boto8r3Bu6zA2sF,No,0,6ZNqRnThWfJTjmtzh
SELOPE-THEMA PRIMARY SCHOOL,Primary,GAUTENG,SABELO VERIFIED,true,zQrPiFaBbM7WiLfgp,No,,Kqq9XsRqsRQM6PjGn
MAKAPANE PRIMARY SCHOOL,Primary,GAUTENG,Joseph verified,true,zZ5QNhNNPq95i9sKT,No,,X4uSNwu6z2y2MdNwA
