school_name,school_classification,school_province,survey_name,isverified,_id,specialneeds,comment,version_id
SEEISO PRIMARY SCHOOL,Primary,GAUTENG,Joseph verified,true,RinyN6jr3QfmM4byh,"[ ""Visual aids for the deaf"" ]",,LZ7sJWsXTML9asLdD
LEFIKA PRIMARY SCHOOL,Primary,GAUTENG,V1,true,47hqrkwY2Xj87SkCN,,,GaE7jrBwPxNR4AK72
LOTUS GARDENS PRIMARY SCHOOL,Primary,GAUTENG,Joseph verified,true,ahoXzgg34q3HmqD59,"[ ""Visual aids for the deaf"" ]",,hJppCjP9YgzQPhsxp
MELODI PRIMARY SCHOOL,Primary,GAUTENG,V2 - Daniel Kartun,true,2tFMgzY2hBZywjnPx,,,6nyrh8pzbNxMHyu4J
FADIMEHA PRIMARY SCHOOL,Primary,GAUTENG,Joseph verified,true,dSwcJsNY9MJTZ6mev,"[ ""Ramps"" ]",,ZMuo7tqss7QrYPuwZ
DR HARRY GWALA SECONDARY SCHOOL,Secondary,GAUTENG,Tshepo3,true,9ScSJwEJT4ATbyg3L,,,SNuf4DBJszmQrAzS4
ZITHEMBENI PRIMARY SCHOOL,Primary,GAUTENG,kholwani21,true,yH3sxjxBtegajrwjv,,,2rqTjwusZ8tc8nbYt
MQINISWA PRIMARY SCHOOL,Primary,GAUTENG,Joseph verified,true,77NuLkWnAePtMEfwW,"[ ""Ramps"", ""Visual aids for the deaf"" ]",,6XmRH2cDbjXJd8Zri
INKONJANE JUNIOR SECONDARY SCHOOL,Other,GAUTENG,V2 Yossi Bank,true,yqhpH39tN6Wn5ZQpC,"[ ""Ramps"" ]",,Zyuc4wPBmxQPcNyjF
LEFA-IFA SECONDARY SCHOOL,Secondary,GAUTENG,KHOLWANE13,true,nGwP8rsX8tBSC9beK,"[ ""Parking for persons with disabilities"" ]",,5QzLWMPF8grmhh3G5
KING DAVID HIGH SCHOOL (VICTORY PARK),Secondary,GAUTENG,Version 2,false,e5ESAanSphDBGkRSn,,,siZhhkH29MMEnswvu
MASHEMONG PRIMARY SCHOOL,Primary,GAUTENG,Joseph verified,true,nooBzwHKdTax5eL5o,,,wfdMKsnKg56v7y6uJ
ZITHATHELE PRIMARY SCHOOL,Primary,GAUTENG,Joseph verified,true,LqhD5Nq4vSFSghjwx,,,sXauHMaoiXsoSamWK
QEDUSIZI PRIMARY SCHOOL,Primary,GAUTENG,Pontsho8,true,oNbimvrWT5yW6MtNe,,None,tC7ee9TXmJ8oDEcRe
FUNUKUKHANYA PRIMARY SCHOOL,Primary,GAUTENG,KHOLWANI3,true,vFxFTktvLRj3MQkWF,,,55foHoJLBDfwGwTWD
VULAMAZIBUKO PRIMARY SCHOOL,Other,GAUTENG,V2 Yossi Bank,true,LqvHeHWY4h9NqFtG5,"[ ""Visual aids for the deaf"" ]",,4F5Qwq5cmL34WsvHP
MABOELLENG PRIMARY SCHOOL,Primary,GAUTENG,Joseph,true,kLytgr7pZZ8JxkCrK,"[ ""Visual aids for the deaf"" ]",,3XdLNoiuCRA5T5Dfc
GEORGE MBILASE PRIMARY SCHOOL,Primary,GAUTENG,Joseph,true,v3pxwGpHpP7M9HBRA,,,bMEYkfLEMjEHiTFux
MANGWELE PRIMARY SCHOOL,Primary,GAUTENG,SABELO VERIFIED,true,hJbyh2ov48mR3HDW9,"[ ""Visual aids for the deaf"" ]",,HZFjNDTejF5ga78Sx
TSAKANE PRIMARY SCHOOL,Primary,GAUTENG,Sympathy Varified,true,qzxgvRd5BGptn24Az,,,MYuCFef7Fjt8yRX8d
LEBONE PRIMARY SCHOOL,Primary,GAUTENG,KHOLWANI7,true,bd5vR94dcbcqLZXqD,,,drsWF9n9G7CxbrANB
PHAMEHLO PRIMARY SCHOOL,Primary,GAUTENG,Symps,true,7uqD8vaKHvMSXfCaX,"[ ""Ramps"" ]",,eg2P5ZFGTcwctmdcA
ORLANDO SECONDARY SCHOOL,Secondary,GAUTENG,SABELO VERIFIED,true,dvZzMcqWK2BXZw3if,"[ ""Visual aids for the deaf"" ]",,XKxt23fR8Fujkyiim
DITAWANA PRIMARY SCHOOL,Primary,GAUTENG,pontsho 21,false,BpmDC3dFwMF8bTDKb,"[ ""Visual aids for the deaf"" ]",,LBujyFwCgPkGzWSZy
SECHABA PRIMARY SCHOOL,Primary,GAUTENG,KHOLWANI14,true,SWwc67qL7bci2PQ7s,"[ ""Ramps"", ""Toilets for the disabled"" ]",,ufaeHuMMa97ge5aCK
TEMBISA WEST SECONDARY SCHOOL,Secondary,GAUTENG,Freddy10,true,wm3MS22mqhirMDSKQ,"[ ""Toilets for the disabled"" ]",,4avNjjRgrzrEpwKMN
DR NHLAPO INTERMEDIATE SCHOOL,Primary,GAUTENG,Joseph verified,true,RzxmrJmavsL4T7hbL,"[ ""Ramps"" ]",,Hjqy94n4PwNqwN5uA
ZENZELENI PRIMARY SCHOOL,Primary,GAUTENG,Sympathy Varification,true,6gP2DZ2ezesjb4i2x,"[ ""Visual aids for the deaf"" ]",,hTroeBPPurCSNxDGe
EKUKHANYISWENI PRIMARY SCHOOL,Primary,GAUTENG,SABELO VERIFIED,true,38QqfrFn6QW2fFSPA,"[ ""Toilets for the disabled"", ""Visual aids for the deaf"" ]",,EbrJ8dHAyrQTpSaNj
TLAKULA SECONDARY SCHOOL,Secondary,GAUTENG,Sympathy Varified,true,Kh2DzkYE8TB3jetga,,,uiiC6LpdXHBickDqX
PHUTHULLA PRIMARY SCHOOL,Primary,GAUTENG,Joseph verified,true,uKgL2mYnt8qpvL62S,"[ ""Ramps"", ""Toilets for the disabled"" ]",,pRKnFJGLubdAiTZEy
SEOTLOANA PRIMARY SCHOOL,Primary,GAUTENG,Zanele V1,true,N4uMJgDeufjuGzKPW,"[ ""Ramps"", ""Toilets for the disabled"" ]",,Qmhp6bLYHrRTc42wc
EMMANGWENI PRIMARY SCHOOL,Primary,GAUTENG,Zanele v1,true,8pyjr6DPPcKyZpxXr,,,SeRiR2xnt35DWtRzX
TSIMONG PRIMARY SCHOOL,Primary,GAUTENG,Kholwani19,true,H2FPyiAXedWC6Yp6d,,,jR3LMPDnnHi7xvLcp
REALO  SECONDARY SCHOOL,Secondary,GAUTENG,SABELO VERIFIED,true,XrauyQYTQP6XT6fCv,,none,6iixm3MYropadAMjX
INKATHA KA ZULU PRIMARY SCHOOL,Primary,GAUTENG,Tshepo1,true,oh3TDuScYLCAkxrJN,"[ ""Toilets for the disabled"" ]",,srdTLx3pxML3nwKPr
N'WA MHINGA PRIMARY SCHOOL,Primary,GAUTENG,V2-Jaydin krok,true,gKtxbXPFBDpvGiXtN,"[ ""Visual aids for the deaf"" ]",,S47bpHzXts94zC2ke
JABULANI THABANG PRIMARY SCHOOL,Primary,GAUTENG,Sabelo1,true,t7wgD269PKSxWRNiQ,,,MtKWmrDmPtx6hTjXm
ZAKHENI PRIMARY SCHOOL,Other,GAUTENG,Sympathy varified,true,sHLSgfLCtP5ruzNqj,,,HKHTs5NYM9YcNKmA3
HOFMEYR SECONDARY SCHOOL,Secondary,GAUTENG,Joseph verified,true,2AR9oGDCY7pcsFuY4,"[ ""Visual aids for the deaf"" ]",,Z9wz3QcLwmRfGuaeT
DITAWANE PRIMARY SCHOOL,Primary,GAUTENG,Joseph verified,true,N9vWooinTMsMkiDqM,"[ ""Visual aids for the deaf"" ]",,ZQpQXXcpAjvZC2ony
LERESCHE PRIMARY SCHOOL,Primary,GAUTENG,Mabuza verified,true,B4fPCkTjLvmp9PTRa,,,giGaTXuXxZQxCGaMd
TSOELOPELE PRIMARY SCHOOL,Primary,GAUTENG,Joseph verified,true,DgXSXDL5JMMcb7LAb,"[ ""Ramps"" ]",,ZrghZT93L2bSWSofg
NYIKO PRIMARY SCHOOL,Primary,GAUTENG,Freddy9,true,E7qgnG7ZisLdpKyi3,,,6cFA5fAxPtQzaP5bz
TOKELO SECONDARY SCHOOL,Secondary,GAUTENG,Joseph verified,true,i9YY6BbopxWmfSgRK,,,WszeF9gAuQuHMNHLC
LEHLASEDI PRIMARY SCHOOL,Primary,GAUTENG,Sabelo1,true,pNs5qCma9KqDQ4kiG,"[ ""Ramps"" ]",,efr9txWNfPHw3AhD7
GORDON PRIMARY SCHOOL,Primary,GAUTENG,SFISO V1,true,saaj8u2y5aXvyqcRn,"[ ""Toilets for the disabled"", ""Visual aids for the deaf"" ]",,qsXPNNQE3pWkdTbfb
MASIMINI PRIMARY SCHOOL,Primary,GAUTENG,V2 Adam Dison,true,5xT3Z789h3yD5HHDz,,None,E7KSgcfSqaoDb5BEE
LEEMA-MOKOTULI PRIMARY SCHOOL,Primary,GAUTENG,Sabelo1,true,NBxp9K9wKfaJRmS8d,,,2smWdy5ZETPXoRrYG
SIBONELO PRIMARY SCHOOL,Primary,GAUTENG,Sympathy verified,true,DRydeR3mstkSKkhFc,,,GQPE7rurt9bb7DM5a
IPHUTHENG PRIMARY SCHOOL,Primary,GAUTENG,Sympathy varified,true,f2CwNj7DHfNudg2oR,"[ ""Visual aids for the deaf"" ]",,tqMTBWRbAuYsAqATz
LETSEMA-ILIMA PRIMARY SCHOOL,Primary,GAUTENG,Symps,true,XvrMtKG4pwQGauCYv,"[ ""Visual aids for the deaf"" ]",,ZNXsgBEk2evJkTYso
BOKAMOSO SECONDARY SCHOOL,Secondary,GAUTENG,Zanele V1,true,ZzwQ7a6gR3aCbcoLM,,,H2wSN9EFbKzeSGjCh
KGOLAGANO PRIMARY SCHOOL,Primary,GAUTENG,Joseph verified,true,oAaA92gsk9bsy8neh,,,o6KRqZ8m5YyPCmxEu
STEVE BIKO PRIMARY SCHOOL,Primary,GAUTENG,SABELO VERIFIED,true,xbgpi8NMd6zPrjDHp,"[ ""Visual aids for the deaf"" ]",,g6orxjw6EmCqYup83
STRETFORD EXT 8 PRIMARY SCHOOL,Primary,GAUTENG,Sfiso v1,true,vgWqzhDkNvg2Z9S8S,"[ ""Visual aids for the deaf"" ]",,4zo5MNwbBvTPykbFg
ZIMISELE SECONDARY SCHOOL,Secondary,GAUTENG,Pontsho3,true,j6quhCMYd6o7iQrvu,"{ ""0"" : ""Ramps"" }",Didn't notice any of this,bEf9GjYAyqAqY3bhw
CARTER PRIMARY SCHOOL,Primary,GAUTENG,Joseph verified,true,6fq4mTGf8yizdCSLy,,,tdRzrm36MQJ2raFea
MAHLAHLE PRIMARY SCHOOL,Primary,GAUTENG,SABELO VERIFIED,true,JX8ktkLgJ6tC8zvDW,"[ ""Toilets for the disabled"" ]",,YLYWLt3BFmbGuRHBQ
QUANTUM SECONDARY SCHOOL,Secondary,GAUTENG,Tshepo2,true,8JgjxgP5sJC7MEJb5,,,cQQF5juB8JG3jNbNs
THOHO-YA-NDOU PRIMARY SCHOOL,Primary,GAUTENG,Joseph verified,true,p2HeN8SbvDCgF7m7d,"[ ""Ramps"" ]",,q7vvj7t7uptnim45G
SIPHIWE PRIMARY SCHOOL,Primary,GAUTENG,Zanele V1,true,BxGKnRcGi8RgcfMKZ,,,8EkWbb3qMosGvaWyT
PUDUMO PRIMARY SCHOOL,Primary,GAUTENG,SABELO 1,true,ybuWDCJfDdoeYerJK,"[ ""Visual aids for the deaf"" ]",,fXPmfwBo9N6rx7mLh
PHORORONG PRIMARY SCHOOL,Other,GAUTENG,Joseph,true,TspsJwAeqmm3trEJb,"[ ""Visual aids for the deaf"" ]",,qs4DrHmATWN59Tptg
THEMBALIHLE PRIMARY SCHOOL,Primary,GAUTENG,SABELO1,true,TpNJvFBNzDcvLczGv,,none,AHHiQixZscHdnSQpM
AMOS MAPHANGA SECONDARY,Secondary,GAUTENG,V2 Yossi Bank,true,pQRJvrZiNqvtEe6u6,,,ra2zX3jjBPguj6bc3
TEMBISA SECONDARY SCHOOL,Secondary,GAUTENG,V1,true,v8RvFmwG2HfN3XxPP,,,LTccQvtsRbQdnvd4x
DIEPDALE SECONDARY SCHOOL,Secondary,GAUTENG,V2-Jaydin krok,true,NP8CJXqPRTEDf6q5E,"[ ""Ramps"", ""Visual aids for the deaf"" ]",,EyHGQ2ctZRGcPQ4Lc
NTOKOZWENI PRIMARY SCHOOL,Primary,GAUTENG,Pontsho12,true,MzoYsGnXiNufsimYb,,Nonr,EtHDHYs97BCxasggi
AB XUMA PRIMARY SCHOOL,Primary,GAUTENG,V2-jaydin krok,true,YWuNYczn84eBWM7Rs,"[ ""Toilets for the disabled"", ""Visual aids for the deaf"" ]",,r8FrZJWZGiB9zPmmc
TSIETSI MASHININI PRIMARY SCHOOL,Primary,GAUTENG,Sympathy varified,true,jZqRBu4Me4vEWgKdD,,,n9gEojJ6K5eKYJ4c2
ZIFUNELENI JUNIOR SECONDARY  (COMB. PRIMARY) SCHOOL,Other,GAUTENG,SABELO VERIFIED,true,i6Sy2EjnDN9ek8zvY,"[ ""Ramps"" ]",,HE7QyZrdjZD4TwigW
VUYO PRIMARY SCHOOL,Primary,GAUTENG,Joseph,true,dGuT7Z8ccfHzpehnN,"[ ""Toilets for the disabled"" ]",,esLPjFoMCrf7aGwqS
MENZI PRIMARY SCHOOL,Primary,GAUTENG,Sympathy varified,true,nQbKP7rGrRSqrSoLF,,,eqJ28tbWRDYX6YPkp
SAPPHIRE SECONDARY SCHOOL,Secondary,GAUTENG,Joseph verified,true,MCP9kP4vi46uJ5MZ2,"[ ""Visual aids for the deaf"" ]",,mu6wNPMzZ754NLLnE
LUKHOLWENI PRIMARY SCHOOL,Primary,GAUTENG,Joseph verified,true,euDTJc9xysWuCwgpf,,,gpABZNKAeZxGARLNE
LEBOHANG SECONDARY SCHOOL,Secondary,GAUTENG,Sabelo1,true,a3oLsZqAsfwQrj2b6,"[ ""Ramps"" ]",,KrNZ7H2XmHuPpHRrN
EAST BANK HIGH SCHOOL,Secondary,GAUTENG,Sympathy varified,true,67qYfGgvqgrKNeREx,,,LD7hazozFmAuLNBgP
THUTO LORE SECONDARY SCHOOL,Secondary,GAUTENG,Tamir Shklaz,false,i3NgspSefa6QD8dbP,"[ ""Ramps"" ]",,A82Sqxg6dWo9BjRw7
KUZIMISELA PRIMARY SCHOOL,Primary,GAUTENG,Tshepo,true,94HwBxxStjTQvzpPx,,,HushLZncKDsTyJhfN
DITAU PRIMARY SCHOOL,Primary,GAUTENG,Sympathy varified,true,ip6p9Mtx78wR2QzxA,"[ ""Ramps"" ]",,SDQzcRxtroyWa7uGB
MOGOGODI PRIMARY SCHOOL,Primary,GAUTENG,Joseph1,true,nHPXD8YW3uuiMDZCp,"[ ""Ramps"" ]",,rgipwMLK9skQK2EuA
MICHAEL ZULU PRIMARY SCHOOL,Primary,GAUTENG,Sympathy varified,true,YFbaEEdqGyYH5YrJY,,,3tbjfT8zZ2fPGfiwc
LABAN MOTLHABI COMPREHENSIVE SCHOOL,Secondary,GAUTENG,Pontsho6,true,sM5W2MewcN2sfznCp,,None,922NEXkq8CZy6PH7L
GOVAN MBEKI PRIMARY SCHOOL,Primary,GAUTENG,Sabelo verified,false,yNbfQpxeFxLYqTv8Z,"[ ""Toilets for the disabled"" ]",,dBu8rGN6ZLKj4rb4e
MOYISELA PRIMARY SCHOOL,Primary,GAUTENG,Sabelo verified,true,rg2zbNkbCFcrcJrXo,"[ ""Parking for persons with disabilities"", ""Tactile/Braille signs for the blind"", ""Visual aids for the deaf"" ]",,XTL9gvLr9S2MmMsjJ
BHEKIMFUNDO PRIMARY SCHOOL,Primary,GAUTENG,Joseph verified,true,MT9xKYDkErdhkkL3k,,,JpDqQfLuuC9qJrici
NTSELE PRIMARY SCHOOL,Primary,GAUTENG,Sabelo1,true,x9j2hdmhmX59rQYfM,"[ ""Ramps"" ]",,aQ4BMeoFWmo4HrHqF
SAKHELWE PRIMARY SCHOOL,Primary,GAUTENG,Pontsho 10,true,GH4ybaiN5NKHZfeac,,None,7jdhLaYzWcCtFduQg
THUTOLORE SECONDARY SCHOOL,Secondary,GAUTENG,Joseph verified,true,nH5hGpRnftaxcRvE3,"[ ""Visual aids for the deaf"" ]",,BwK89vufnm6iCSJhQ
SELIBA PRIMARY SCHOOL,Other,GAUTENG,Joseph verified,true,yt7CWmDkRshSjv7Ft,,,RHG8484wnsaqifrig
KGALEMA PRIMARY SCHOOL,Primary,GAUTENG,V2-Jaydin krok,true,bGhLfS57sqJ4rmM54,"[ ""Ramps"", ""Parking for persons with disabilities"" ]",,MYybcL4ntNLDfPjZt
UMSOBOMVU PRIMARY SCHOOL,Primary,GAUTENG,KHOLWANI11,false,66d33LjyAzh4QvyZE,,,2Qm9dY2unum62oDu7
KGOMOCO PRIMARY SCHOOL,Primary,GAUTENG,Joseph verified,true,nD88kREAgT6ksHsCW,"[ ""Ramps"" ]",,METTMMRQRhoWxKdRt
REAKGONA PRIMARY SCHOOL,Primary,GAUTENG,Tamir Shklaz\,true,u7TrGbweTkzKZinZ9,"[ ""Visual aids for the deaf"" ]",,WdTssNZoaRHCT3LMG
NKABINDE PRIMARY SCHOOL,Primary,GAUTENG,V2 Yossi Bank,true,rCg7YKvenDqbFFkmw,"[ ""Ramps"", ""Toilets for the disabled"" ]",,LrmX8FAuJMKckWE6c
JOB MASEKO PRIMARY SCHOOL,Primary,GAUTENG,KHOLWANI12,true,oPH5wfHBkqsdFDLZC,"[ ""Ramps"" ]",,7Lt26udxHfpKtyAwY
ISIZIBA PRIMARY SCHOOL,Primary,GAUTENG,V1,true,zF5QgnAwe3ggwYoq6,"[ ""Toilets for the disabled"" ]",,vZkChYaMACHarXWxC
BUHLEBEMFUNDO SECONDARY SCHOOL,Secondary,GAUTENG,Joseph verified,true,R8QyecqHvgQf9XPDq,,,Ch6HJ6DZmFCYxKkww
NKUMBULO SECONDARY SCHOOL,Secondary,GAUTENG,Pontsho4,true,Za4dQPmoZGs5C7Zb3,,School doesn't cater to the above,2G6DH4Aiu8dpRQyrD
LETSATSING COMBINED SCHOOL,Secondary,GAUTENG,SABELO 1,true,kPzGauSnTW5xJXykK,"[ ""Toilets for the disabled"" ]",,hBG3H9epZYnScCbtp
TLHOLO INTERMEDIATE SCHOOL,Primary,GAUTENG,Joseph1,true,DsMK59oAuq4R58AQW,,,bPfY5thaXn4EAdkXw
ENDULWENI PRIMARY SCHOOL,Primary,GAUTENG,Joseph verified,true,kRZYt3q84kt59nCvG,,,ocFaNqXzeBvD5hiAZ
ORANGE FARM PRIMARY SCHOOL,Primary,GAUTENG,V1,true,gLeJkG3LcNRcLgLTW,"[ ""Ramps"", ""Visual aids for the deaf"" ]",,kY8pdvG9t8eN5CY4h
ISEKELO PRIMARY SCHOOL,Primary,GAUTENG,Joseph verified,true,mDYyLhofCSai5oqRt,,,rRCnvnKF3KB68xQfw
BUD MBELLE PRIMARY SCHOOL,Primary,GAUTENG,SABELO VERIFIED,true,Mjz7nM43gkXo6hKSS,,,bf5Ltec4dXsz7pEX9
NCHABELENG PRIMARY SCHOOL,Primary,GAUTENG,KHOLWANI9,true,kktCkz4uLSZFfDa5k,,,5iHufHeS6B2XBsHTB
ZAMANI PRIMARY SCHOOL,Primary,GAUTENG,Sympathy Varified,true,DTQBLmXuMxquzPMTu,,,sfN5HAvKti5hRvPxZ
MODUOPO PRIMARY SCHOOL,Primary,GAUTENG,Zanele V1,true,Zkw9bif6sYkt427WP,,every school should have a place for disable people and do not take things generally that every one in the community is able,Q2SemXMcpEX5NfYsD
BONA COMPREHENSIVE SCHOOL,Secondary,GAUTENG,SABELO VERIFIED,true,RDwNY8Y4KBG5P7oon,,none,xsLXqpcynPeYTwiXE
ESIKHISINI PRIMARY SCHOOL,Primary,GAUTENG,Joseph verified,true,s6rDAnAtTQeGEEK53,"[ ""Ramps"", ""Visual aids for the deaf"" ]",,CoWKa7AHpYehwgjN4
DAVID HELLEN PETA SECONDARY SCHOOL,Secondary,GAUTENG,Joseph verified,true,SSZJggKEkWmh5iE5y,"[ ""Visual aids for the deaf"" ]",,BpGigPup4eyijh28x
GOROGANG PRIMARY SCHOOL,Primary,GAUTENG,Pontsho5,true,p8twvo56iTyY9X4Zr,,None of the above,fkuEy7WKs5HL2NM6z
SELOPE-THEMA PRIMARY SCHOOL,Primary,GAUTENG,SABELO VERIFIED,true,KZbqtndBGknfA6JyG,,none,Kqq9XsRqsRQM6PjGn
GAHLANSO PRIMARY SCHOOL,Primary,GAUTENG,Zanele V1,true,sgzxnB3FdhdmE8ky2,,None,WeXHdZMumEMFyckHq
BOPASENATLA SECONDARY SCHOOL,Secondary,GAUTENG,Joseph verified,true,zK6tB36aE3A9Ndeuz,"[ ""Visual aids for the deaf"" ]",,cDYo2z98FGZzNHPMM
JORDAN SECONDARY SCHOOL,Secondary,GAUTENG,Sabelo1,true,kcjSSNqnbPxyM7bGa,"[ ""Ramps"" ]",,ZQvS49GgfM6XNnqij
RETLILE PRIMARY SCHOOL,Primary,GAUTENG,Jake Pencharz,true,mFNvQmvv28GQLfmyy,,,y8vNYzZpy3A9BHx6W
PHUTHADITSHABA PRIMARY SCHOOL,Primary,GAUTENG,SABELO VERIFIED,true,jkofPor4GzXzr4rFj,,,ojqksxwnmxWXpM8n6
LESHATA SECONDARY SCHOOL,Secondary,GAUTENG,Sabelo verified,true,fWdi2gwNYzEESyP5j,"[ ""Visual aids for the deaf"" ]",,opzRuPL9N8RSzCNsi
HLANGABEZA PRIMARY SCHOOL,Primary,GAUTENG,Symps,true,GzoRoARpZpPiTCjFE,"[ ""Visual aids for the deaf"" ]",,uyB7xpWYkTuuhsLzS
KHANGEZILE PRIMARY SCHOOL,Primary,GAUTENG,Pontsho9,true,qbN6YAvnKcc3oiZD5,,None,KDmkojmtPfcEEQ3vv
QHAKAZANI PRIMARY SCHOOL,Primary,GAUTENG,tshepo20,true,ZJzsgD4EGpm3CrFP6,"[ ""Visual aids for the deaf"" ]",,Y2gH7TZojYSgJ6J3i
TLHOKOMELO PRIMARY SCHOOL,Primary,GAUTENG,Joseph1,true,a6yNcGbBhAnMGtYzN,,,y3Rzmw2pDYqioZ8WC
HULWAZI SECONDARY SCHOOL,Secondary,GAUTENG,Tshepo1,true,ittxMjNNJraAgZki5,,,Tnm69CSqqbdHg9obr
MAKAPANE PRIMARY SCHOOL,Primary,GAUTENG,Joseph verified,true,63PvCJoneCi5EeP7d,"[ ""Ramps"" ]",,X4uSNwu6z2y2MdNwA
DUMEHLEZI INTERMEDIATE SCHOOL,Primary,GAUTENG,Joseph verified,true,duPFrTtch2BqTbq3r,"[ ""Parking for persons with disabilities"" ]",,uvAsG8PGNZNED5pxz
Nxineni Primary,Primary,GAUTENG,Nxineni Primary,true,NKFSiYtwfNAcrviwj,,,eiaeXipXaywPNGZ7X
CHARLOTTE MAXEKE SECONDARY SCHOOL,Secondary,GAUTENG,V2 Yossi Bank,true,iKY9hWjodNRRvTkcE,,,HMfiK9msnxvBpZRTv
TSHIRELETSO PRIMARY SCHOOL,Primary,GAUTENG,Joseph1,true,RNxSfoh88PmnNsLaC,"[ ""Visual aids for the deaf"" ]",,syBSsyuaG3J2rk8ky
DR WF NKOMO SECONDARY SCHOOL,Secondary,GAUTENG,Sympathy Varified,true,WhxD5fLdeuZdizpjc,"[ ""Visual aids for the deaf"" ]",,u2mAvGSYipuFCETW2
KHOMANANI PRIMARY SCHOOL,Primary,GAUTENG,SABELO VERIFIED,true,u9nndnoi9kPv8EBbW,"[ ""Visual aids for the deaf"" ]",,myEbntbNmwtRJAXXn
BOPHELONG SECONDARY SCHOOL,Secondary,GAUTENG,Joseph verified,true,CbJTwAZdv92XZQZCa,"[ ""Visual aids for the deaf"" ]",,AQmqsTKLbbQgfAmzP
MONTSOSI PRIMARY SCHOOL,Primary,GAUTENG,SABELO1,true,YM2gB9XB4yZCxh5j4,"[ ""Ramps"" ]",,rCApJ97XLJY5xuoJY
IKAGE PRIMARY SCHOOL,Primary,GAUTENG,Sympathy varified,true,jY88E8vhn59NmuNcq,"[ ""Visual aids for the deaf"" ]",,NY3CpQoLXKGkXkq8b
TSHIRELA PRIMARY SCHOOL,Primary,GAUTENG,Joseph verified,true,99vpurTKSQ8JkgLKu,"[ ""Ramps"" ]",,93KanXF8i8wGs4YKw
DR KNAK PRIMARY SCHOOL,Primary,GAUTENG,"SABELO VERIFIED
pontsho 20",true,EHWL6k4WdYthHPYP8,,none,FkDMg4ekjDHWExDuv
MABUYA SECONDARY SCHOOL,Secondary,GAUTENG,Joseph1,true,GSQN88MvbtsWC9SCf,,,656hyBavtd4QHF6yx
REAMOHETSOE PRIMARY SCHOOL,Primary,GAUTENG,V2-Jaydin Krok,true,jqL5EnDT9Js22mYBm,,,zpLEh72kC58ryRpxt
THUTHUKA PRIMARY SCHOOL,Primary,GAUTENG,SABELO VERIFIED,true,27wuELmK6cNaMrbaA,,None,q7rLbRb4nxtPxfoSc
BATLOUNG INTERMEDIATE SCHOOL,Primary,GAUTENG,Symps,true,eHTRkPudxw6TrAEmZ,"[ ""Ramps"" ]",,FEAD8jBu7LbHezy2j
ENTSHONALANGA PRIMARY SCHOOL,Primary,GAUTENG,SABELO VERIFIED,true,38XL5mettey4h4aT8,,None,qYqekSfSRExjXJrGM
PATOGENG PRIMARY SCHOOL,Primary,GAUTENG,Joseph verified,true,bXzsi3z63aEfm7ja7,"[ ""Visual aids for the deaf"" ]",,Rvf9JkpRBRozBsyiq
EMMANUEL PRIMARY SCHOOL,Primary,GAUTENG,Joseph verified,true,wZFJwwPzBZawaCDaW,"[ ""Ramps"" ]",,DwG2tAAFC8W79Ckxx
MADUME PRIMARY SCHOOL,Primary,GAUTENG,SABELO VERIFIED,true,F4LdPszHrBncq4rrG,"[ ""Ramps"", ""Handrails"", ""Parking for persons with disabilities"", ""Toilets for the disabled"", ""Tactile/Braille signs for the blind"", ""Visual aids for the deaf"" ]",,r5bdwdb45e7jr6JZB
MATSIE STEYN PRIMARY SCHOOL,Primary,GAUTENG,Joseph verified,true,7RdSMwhK4QPsWhxMv,"[ ""Ramps"" ]",,74LtY73iZk5nAgKN4
AHA-THUTO SECONDARY SCHOOL,Secondary,GAUTENG,Sabelo verified,true,FexT4ifcXQLxQRtyS,"[ ""Visual aids for the deaf"" ]",,5PhvChXDzSoaBymWp
TIYANI Junior secondary SCHOOL,Other,GAUTENG,SABELO VERIFIED,true,igZxWeyPJEz6w8P3a,,,gZKefKr3T7kQ7yZdd
UNITY SECONDARY SCHOOL,Secondary,GAUTENG,Tshepo3,true,SMXnvEEvth9LF5M7t,"[ ""Parking for persons with disabilities"" ]",,68f6ufafjEtTD87dK
LANGAVILLE PRIMARY SCHOOL,Primary,GAUTENG,Sympathy varified,true,hPvmpPyfpiHBM7uEf,"[ ""Toilets for the disabled"" ]",,3uXaw9N4tJkFZKXSt
POELANO SECONDARY SCHOOL,Secondary,GAUTENG,Joseph verified,true,rtmqEjT2uN5CBQBqN,"[ ""Ramps"" ]",,S3LbwsmZGkiiekXEX
LETSIE PRIMARY SCHOOL,Primary,GAUTENG,KHOLWANI8,true,C8NktKx5dZFFNpdwY,,,gPuKrSrjRHYQAhofp
REAGILE PRIMARY SCHOOL,Primary,GAUTENG,Freddy11,true,DsStBLKkx2TzAz2qs,,None,3CZM6LyxfbGxQ676w
RESIDENSIA SECONDARY SCHOOL,Secondary,GAUTENG,Symps,true,WT5S2JhwDH763BiKm,"[ ""Ramps"" ]",,Sa8QfeRArxjpbStqt
TSWELOPELE SECONDARY SCHOOL,Secondary,GAUTENG,Zanele V1,true,z2cqfDCL396R3LBGx,,None,bHZpmA7SpQzx29CQk
LESEDI LA KRESTE ANGLICAN PRIMARY SCHOOL,Primary,GAUTENG,V2-Jaydin Krok,true,i6NyrHpp3gps9GMDE,"[ ""Visual aids for the deaf"" ]",,BL89Y49hLjtAgtj9C
UMTHAMBEKA PRIMARY SCHOOL,Primary,GAUTENG,Freddy12,true,g9EELz7FskPPoJRuH,,None,MrCRY4JkG2RtXRzjf
MOSHOESHOE PRIMARY SCHOOL,Primary,GAUTENG,Joseph verified,true,nnnktauzA7FneAaAi,"[ ""Ramps"", ""Toilets for the disabled"" ]",,vPSPXjGpC6ABc9Szc
BOVET PRIMARY SCHOOL,Primary,GAUTENG,Joseph verified,true,mg6j8zcJHAfRCynXN,"[ ""Toilets for the disabled"", ""Visual aids for the deaf"" ]",,JMwctXTYdunvweNYD
KAMOHELO PUBLIC SCHOOL,Other,GAUTENG,Joseph,false,R4yc4s9FxTgrWvRsL,"[ ""Visual aids for the deaf"" ]",,hk4XMrnHxTastfL7s
MOSIOA PRIMARY SCHOOL,Primary,GAUTENG,Joseph verified,false,RcmLCCm2b7N8DiKoz,"[ ""Ramps"" ]",,AGiLx4gigQqYMN4fT
IPONTSHE PRIMARY SCHOOL,Primary,GAUTENG,V2 Adam Dison,true,ytfkc7LTqujGHiP6b,"[ ""Ramps"" ]",,x39JZC9Q749pXeEbY
KENNETH MASEKELA SECONDARY SCHOOL,Secondary,GAUTENG,Pontsho7,true,dLJXTtMX9dsSkn4hR,"[ ""Ramps"", ""Toilets for the disabled"" ]",,yuLFP8PQcXB6aAAm6
EVATON PRIMARY SCHOOL,Primary,GAUTENG,kholwani23,true,hKQLYGGXiDtpNwuuB,,,2gqMBsR5BKHB3TEv6
BOITUMELONG SECONDARY SCHOOL,Secondary,GAUTENG,Zanele V1,true,hPxDhFfQNEvikQHwF,,,XYLgc3p2tmFJ6nGJb
SOZIZWE PRIMARY SCHOOL,Primary,GAUTENG,Tshepo3,true,Lq5RsBDS4TSMaYhAi,,,6yXgt6quvcZfmQiWf
ZITHA PRIMARY,Primary,GAUTENG,sabelo1,true,EvkT6w8Qj3vWwL4hj,"[ ""Toilets for the disabled"" ]",,k652o58moXsybbDfm
TSITSIBOGA PRIMARY SCHOOL,Other,GAUTENG,SABELO1,true,3D4CBAzmCLmebbDTR,"[ ""Visual aids for the deaf"" ]",,hrfAaJLuuBvdukdf9
TSWELELANG PRIMARY SCHOOL,Primary,GAUTENG,Joseph verified,true,mnj6MZFPujzdPqLTi,"[ ""Visual aids for the deaf"" ]",,Dddj3YJBuiuGmAQFQ
JABULILE SECONDARY SCHOOL,Secondary,GAUTENG,SABELO VERIFIED,true,QuJ9QYYwMN5YyoSQm,"[ ""Visual aids for the deaf"" ]",,GdT4e3QnaH2fX4vAA
FRED HABEDI PRIMARY SCHOOL,Primary,GAUTENG,Pontsho11,true,uQ5ygaYMQSBot627N,,None,qCqx8rN4JLCHpEwF4
THEMBALIKAZULU PRIMARY SCHOOL,Primary,GAUTENG,KHOLWANI10,true,A3ynFGYJw3dERfBf7,,,jSDZSbr7cMPKgibe7
BOTLEHADI PRIMARY SCHOOL,Primary,GAUTENG,Sabelo1,true,CR5xJxH5ESjRbzT63,"[ ""Ramps"", ""Parking for persons with disabilities"", ""Toilets for the disabled"" ]",,FpTsqHm4D3ttwK8dY
SHADRACK MBAMBO PRIMARY SCHOOL,Primary,GAUTENG,Sympathy Varified,true,LFmCxQeT6r3CSbfEx,"[ ""Visual aids for the deaf"" ]",,7sAKJvmox8vK6GJBv
