school_name,school_province,school_classification,_id,name,startdate,enddate,isverified,school_id
NKUMBULO SECONDARY SCHOOL,GAUTENG,Secondary,2G6DH4Aiu8dpRQyrD,Pontsho4,2015-04-08T00:00:00.000Z,2015-04-08T00:00:00.000Z,true,bumrcJyBzLgQNsEkc
UMSOBOMVU PRIMARY SCHOOL,GAUTENG,Primary,2Qm9dY2unum62oDu7,KHOLWANI11,2015-10-04T00:00:00.000Z,2015-11-04T00:00:00.000Z,false,ZNpokSid5rjPdk9TN
EVATON PRIMARY SCHOOL,GAUTENG,Primary,2gqMBsR5BKHB3TEv6,kholwani23,2015-04-28T00:00:00.000Z,2015-04-29T00:00:00.000Z,true,wa9suRWqaroAXzGWK
ZITHEMBENI PRIMARY SCHOOL,GAUTENG,Primary,2rqTjwusZ8tc8nbYt,kholwani21,2015-04-28T00:00:00.000Z,2015-04-29T00:00:00.000Z,true,3yxp9hsueB7EJ5RXe
LEEMA-MOKOTULI PRIMARY SCHOOL,GAUTENG,Primary,2smWdy5ZETPXoRrYG,Sabelo1,2015-04-19T00:00:00.000Z,2015-04-20T00:00:00.000Z,true,HCCGxappCyNaGFgCX
THUTO KITSO SECONDARY SCHOOL,GAUTENG,Secondary,2zRbjDBfz4zB8Tv6q,sabelo1,2015-04-25T00:00:00.000Z,2015-04-26T00:00:00.000Z,true,pc95GYaJKjTcuz6NG
REAGILE PRIMARY SCHOOL,GAUTENG,Primary,3CZM6LyxfbGxQ676w,Freddy11,2015-04-10T00:00:00.000Z,2015-04-11T00:00:00.000Z,true,tjZuM97hcQSzs99qH
MABOELLENG PRIMARY SCHOOL,GAUTENG,Primary,3XdLNoiuCRA5T5Dfc,Joseph,2015-04-25T00:00:00.000Z,2015-04-28T00:00:00.000Z,true,7NJX7fCmnPexvMctm
TLHAKANANG PRIMARY SCHOOL,GAUTENG,Primary,3acdePaA3PaTzXLaP,Tlhakanang Primary School,2015-04-27T00:00:00.000Z,2015-04-27T00:00:00.000Z,true,AMkXecC8FdPoS8Wo7
LETSEMA-ILIMA PRIMARY SCHOOL,GAUTENG,Primary,3ppcMdRen9wtkQvnH,Sabelo,2015-04-25T00:00:00.000Z,2015-04-26T00:00:00.000Z,false,J3pxHaGGhxNMzyqbj
MICHAEL ZULU PRIMARY SCHOOL,GAUTENG,Primary,3tbjfT8zZ2fPGfiwc,Sympathy varified,2015-04-07T00:00:00.000Z,2015-04-08T00:00:00.000Z,true,WFiPd6sE8tpNj2fFi
LANGAVILLE PRIMARY SCHOOL,GAUTENG,Primary,3uXaw9N4tJkFZKXSt,Sympathy varified,2015-04-26T00:00:00.000Z,2015-04-27T00:00:00.000Z,true,sFD8SKsp8Pi36RoZc
VULAMAZIBUKO PRIMARY SCHOOL,GAUTENG,Other,4F5Qwq5cmL34WsvHP,V2 Yossi Bank,2015-04-27T00:00:00.000Z,2015-04-28T00:00:00.000Z,true,6Dq4eCtytGXrkKZnv
TEMBISA WEST SECONDARY SCHOOL,GAUTENG,Secondary,4avNjjRgrzrEpwKMN,Freddy10,2015-04-10T00:00:00.000Z,2015-04-11T00:00:00.000Z,true,9gqBpCL4tP3yzPLRL
JOB RATHEBE PRIMARY SCHOOL,GAUTENG,Other,4z6ESappfnPWNQ98D,Sabelo verified,2015-04-25T00:00:00.000Z,2015-04-26T00:00:00.000Z,true,naCm7anFfDFG8a8xr
STRETFORD EXT 8 PRIMARY SCHOOL,GAUTENG,Primary,4zo5MNwbBvTPykbFg,Sfiso v1,2015-04-08T00:00:00.000Z,2015-04-09T00:00:00.000Z,true,JvctsCdy3WnCyyjKa
FUNUKUKHANYA PRIMARY SCHOOL,GAUTENG,Primary,55foHoJLBDfwGwTWD,KHOLWANI3,2015-04-07T00:00:00.000Z,2015-04-08T00:00:00.000Z,true,6AYTGkkMTPEJvuWr5
AHA-THUTO SECONDARY SCHOOL,GAUTENG,Secondary,5PhvChXDzSoaBymWp,Sabelo verified,2015-04-25T00:00:00.000Z,2015-04-26T00:00:00.000Z,true,rgQXvwmDLMXMiuWDK
LEFA-IFA SECONDARY SCHOOL,GAUTENG,Secondary,5QzLWMPF8grmhh3G5,KHOLWANE13,,,true,4LJWLPBWTtZZG8du3
NCHABELENG PRIMARY SCHOOL,GAUTENG,Primary,5iHufHeS6B2XBsHTB,KHOLWANI9,2015-03-08T00:00:00.000Z,2015-03-09T00:00:00.000Z,true,ejjaqTbn849G5Gcoh
MABUYA SECONDARY SCHOOL,GAUTENG,Secondary,656hyBavtd4QHF6yx,Joseph1,2015-04-25T00:00:00.000Z,2015-04-26T00:00:00.000Z,true,pSsTbhxrkyzApe6Lo
UNITY SECONDARY SCHOOL,GAUTENG,Secondary,68f6ufafjEtTD87dK,Tshepo3,2015-04-10T00:00:00.000Z,2015-04-11T00:00:00.000Z,true,s2XqBHiCHwz2JtJv6
MQINISWA PRIMARY SCHOOL,GAUTENG,Primary,6XmRH2cDbjXJd8Zri,Joseph verified,2015-04-25T00:00:00.000Z,2015-04-27T00:00:00.000Z,true,44DgBedXuojbRPZ28
PHUTHUMANI PRIMARY SCHOOL,GAUTENG,Primary,6ZNqRnThWfJTjmtzh,Sympathy Varified,2015-04-26T00:00:00.000Z,2015-04-27T00:00:00.000Z,true,WBifQrurWcvmNESkH
NYIKO PRIMARY SCHOOL,GAUTENG,Primary,6cFA5fAxPtQzaP5bz,Freddy9,2015-04-10T00:00:00.000Z,2015-04-11T00:00:00.000Z,true,GFrWnYNdtjEEb5spW
REALO  SECONDARY SCHOOL,GAUTENG,Secondary,6iixm3MYropadAMjX,SABELO VERIFIED,2015-04-25T00:00:00.000Z,2015-04-26T00:00:00.000Z,true,Bi8x9CwissYRtPN4E
MELODI PRIMARY SCHOOL,GAUTENG,Primary,6nyrh8pzbNxMHyu4J,V2 - Daniel Kartun,2015-04-27T00:00:00.000Z,2015-04-28T00:00:00.000Z,true,35BCz7JqqhekBAr57
SOZIZWE PRIMARY SCHOOL,GAUTENG,Primary,6yXgt6quvcZfmQiWf,Tshepo3,2015-04-10T00:00:00.000Z,2015-04-11T00:00:00.000Z,true,wdRmNmSF7PZRcYwLT
MATSIE STEYN PRIMARY SCHOOL,GAUTENG,Primary,74LtY73iZk5nAgKN4,Joseph verified,2015-04-26T00:00:00.000Z,2015-04-27T00:00:00.000Z,true,rPNAmWbKhr7KMJ9KP
JOB MASEKO PRIMARY SCHOOL,GAUTENG,Primary,7Lt26udxHfpKtyAwY,KHOLWANI12,2015-04-10T00:00:00.000Z,2015-04-11T00:00:00.000Z,true,aMBB6CFrfqAgPbMrp
SAKHELWE PRIMARY SCHOOL,GAUTENG,Primary,7jdhLaYzWcCtFduQg,Pontsho 10,2015-04-10T00:00:00.000Z,2015-04-10T00:00:00.000Z,true,XsZR8DaRJjxqk2mqd
SHADRACK MBAMBO PRIMARY SCHOOL,GAUTENG,Primary,7sAKJvmox8vK6GJBv,Sympathy Varified,2015-04-26T00:00:00.000Z,2015-04-27T00:00:00.000Z,true,zNCZvqexkbEPXcoLq
SIPHIWE PRIMARY SCHOOL,GAUTENG,Primary,8EkWbb3qMosGvaWyT,Zanele V1,2015-04-07T00:00:00.000Z,2015-04-08T00:00:00.000Z,true,Lqv7fiyJJcCPNtP36
VEZUKHONO SECONDARY SCHOOL,GAUTENG,Secondary,8FucY8f4FTzL2XmhY,Joseph,2015-04-25T00:00:00.000Z,2015-04-26T00:00:00.000Z,true,P5eR9ewzqWvuTkbWN
LERATONG PRIMARY SCHOOL,GAUTENG,Primary,8Q8hLajqT7vMWrbeA,sfisov1,2015-04-20T00:00:00.000Z,2015-04-21T00:00:00.000Z,false,TSdyiMoNYjMMPuy4u
EMFUNDISWENI PRIMARY SCHOOL,GAUTENG,Primary,8TjXzm5mqedTkvZ5n,SABELO VERIFIED,2015-04-26T00:00:00.000Z,2015-04-27T00:00:00.000Z,true,L8puFwYJeSW79HGyo
SEDIBENG PRIMARY SCHOOL,GAUTENG,Primary,8pdqiKPuW9emmvdMA,Zanele V1,2015-04-10T00:00:00.000Z,2015-04-11T00:00:00.000Z,true,BxcrpWYpXGdfdAeH2
LETSEMA-ILIMA PRIMARY SCHOOL,GAUTENG,Primary,8qA6KspD8dEA9LYGN,Sabelo 1,2015-04-25T00:00:00.000Z,2015-04-26T00:00:00.000Z,false,J3pxHaGGhxNMzyqbj
LABAN MOTLHABI COMPREHENSIVE SCHOOL,GAUTENG,Secondary,922NEXkq8CZy6PH7L,Pontsho6,2015-04-08T00:00:00.000Z,2015-04-08T00:00:00.000Z,true,WmYzsTmyw84ogzq2N
TSHIRELA PRIMARY SCHOOL,GAUTENG,Primary,93KanXF8i8wGs4YKw,Joseph verified,2015-04-26T00:00:00.000Z,2015-04-27T00:00:00.000Z,true,pHLiPLSxDnkkEHThb
NTSIKANA PRIMARY SCHOOL,GAUTENG,Primary,95AYoAp6AiYz3KZ2t,Sympathy Varified,2015-04-26T00:00:00.000Z,2015-04-27T00:00:00.000Z,true,M4kBc3CXrLLZrCTvh
REKGUTLILE PRIMARY SCHOOL,GAUTENG,Primary,9NYELJLrE2z96eKGu,SABELO VERIFEID,2015-04-26T00:00:00.000Z,2015-04-27T00:00:00.000Z,true,5E7E8LdwQk5mN8SzJ
ZITIKENI SECONDARY SCHOOL,GAUTENG,Secondary,A7HS55Lmpv7eWduhv,SABELO VERIFIED,2015-04-26T00:00:00.000Z,2015-04-27T00:00:00.000Z,true,7iLx2BKSXXzQAzgZu
THUTO LORE SECONDARY SCHOOL,GAUTENG,Secondary,A82Sqxg6dWo9BjRw7,Tamir Shklaz,2015-04-27T00:00:00.000Z,2015-04-28T00:00:00.000Z,false,TNtgkwAcFivceX3cQ
HLABANGANE PRIMARY SCHOOL,GAUTENG,Primary,A9g2JXbafa9hggA23,Joseph verified,2015-04-25T00:00:00.000Z,2015-04-26T00:00:00.000Z,true,t6sdeSdyqSbTNYs3T
MOSIOA PRIMARY SCHOOL,GAUTENG,Primary,AGiLx4gigQqYMN4fT,Joseph verified,2015-04-26T00:00:00.000Z,2015-04-27T00:00:00.000Z,false,wTqoT6Fahb3qjxkq4
THEMBALIHLE PRIMARY SCHOOL,GAUTENG,Primary,AHHiQixZscHdnSQpM,SABELO1,2015-04-26T00:00:00.000Z,2015-04-27T00:00:00.000Z,true,NjL2nHXXzyGBzYMby
BOPHELONG SECONDARY SCHOOL,GAUTENG,Secondary,AQmqsTKLbbQgfAmzP,Joseph verified,2015-04-26T00:00:00.000Z,2015-04-27T00:00:00.000Z,true,oxkcsJw7ibHe3RXhu
Radibapi Primary,GAUTENG,Primary,Acd6f7D8RbhpthZHN,sabelo,2015-04-25T00:00:00.000Z,2015-04-26T00:00:00.000Z,true,8oabbzc7iuhD5qd4o
SELELEKELA SECONDARY SCHOOL,GAUTENG,Secondary,Ayck7PmsY3mNr3gZQ,SABELO 1,2015-04-26T00:00:00.000Z,2015-04-27T00:00:00.000Z,true,KLTSee3FuvFwZfFmT
LESEDI LA KRESTE ANGLICAN PRIMARY SCHOOL,GAUTENG,Primary,BL89Y49hLjtAgtj9C,V2-Jaydin Krok,,,true,uJLfbPeZPNeTPmQr2
testing,EASTERN_CAPE,Secondary,BQfg3z63ZB9CEwvQ8,test,,,false,idJ7MH9BBvWJfHR2d
LETSEMA-ILIMA PRIMARY SCHOOL,GAUTENG,Primary,BRsfRCgjvJjMdHvuH,Sabelo,2015-04-25T00:00:00.000Z,2015-04-26T00:00:00.000Z,false,J3pxHaGGhxNMzyqbj
DAVID HELLEN PETA SECONDARY SCHOOL,GAUTENG,Secondary,BpGigPup4eyijh28x,Joseph verified,2015-04-26T00:00:00.000Z,2015-04-27T00:00:00.000Z,true,gHYNiZyHqhSx6Svoa
THUTOLORE SECONDARY SCHOOL,GAUTENG,Secondary,BwK89vufnm6iCSJhQ,Joseph verified,2015-04-25T00:00:00.000Z,2015-04-26T00:00:00.000Z,true,Xx3PY7JWQk2SPaCKr
BUHLEBEMFUNDO SECONDARY SCHOOL,GAUTENG,Secondary,Ch6HJ6DZmFCYxKkww,Joseph verified,2015-04-26T00:00:00.000Z,2015-04-27T00:00:00.000Z,true,bNHtDf4FTJzuZSK2a
ESIKHISINI PRIMARY SCHOOL,GAUTENG,Primary,CoWKa7AHpYehwgjN4,Joseph verified,2015-04-26T00:00:00.000Z,2015-04-27T00:00:00.000Z,true,g2kpw4kMBJTN5E5JG
TSWELELANG PRIMARY SCHOOL,GAUTENG,Primary,Dddj3YJBuiuGmAQFQ,Joseph verified,2015-04-25T00:00:00.000Z,2015-04-26T00:00:00.000Z,true,xPBJwuF45am3zetom
EMMANUEL PRIMARY SCHOOL,GAUTENG,Primary,DwG2tAAFC8W79Ckxx,Joseph verified,2015-04-26T00:00:00.000Z,2015-04-27T00:00:00.000Z,true,qvpqRtiaKyB5mzEFo
SPHIWE PRIMARY SCHOOL,GAUTENG,Primary,E4srgmkj2uCu4Coxb,SFISOV1,2015-04-28T00:00:00.000Z,2015-04-29T00:00:00.000Z,true,g5qxXC3EzownrJoa4
MASIMINI PRIMARY SCHOOL,GAUTENG,Primary,E7KSgcfSqaoDb5BEE,V2 Adam Dison,2015-04-27T00:00:00.000Z,2015-04-28T00:00:00.000Z,true,Gp3CL67vEGgrnuXmA
EKUKHANYISWENI PRIMARY SCHOOL,GAUTENG,Primary,EbrJ8dHAyrQTpSaNj,SABELO VERIFIED,2015-04-26T00:00:00.000Z,2015-04-27T00:00:00.000Z,true,A69daYFMcq5dvJRuB
NTOKOZWENI PRIMARY SCHOOL,GAUTENG,Primary,EtHDHYs97BCxasggi,Pontsho12,2015-04-10T00:00:00.000Z,2015-04-10T00:00:00.000Z,true,Q8kiWauRtS5oKpcii
LEJOELEPUTSOA PRIMARY SCHOOL,GAUTENG,Primary,EtsNuLzuvqcqdM943,Freddy4,2015-04-08T00:00:00.000Z,2015-04-09T00:00:00.000Z,true,9cJb3PzMJw36hKbkS
DIEPDALE SECONDARY SCHOOL,GAUTENG,Secondary,EyHGQ2ctZRGcPQ4Lc,V2-Jaydin krok,,,true,Q6ou5sB273gFQ7JPr
BATLOUNG INTERMEDIATE SCHOOL,GAUTENG,Primary,FEAD8jBu7LbHezy2j,Symps,2015-04-25T00:00:00.000Z,2015-04-26T00:00:00.000Z,true,qNjtc48fcLm7nwuM7
DR KNAK PRIMARY SCHOOL,GAUTENG,Primary,FkDMg4ekjDHWExDuv,"SABELO VERIFIED
pontsho 20",2015-04-25T00:00:00.000Z,2015-04-26T00:00:00.000Z,true,pPoEM8Ngvupfmt6MD
BOTLEHADI PRIMARY SCHOOL,GAUTENG,Primary,FpTsqHm4D3ttwK8dY,Sabelo1,2015-04-19T00:00:00.000Z,2015-04-20T00:00:00.000Z,true,yeHXSQ7vQwnnsDxtM
KING DAVID PRIMARY (SANDTON) SCHOOL,GAUTENG,Unknown,GJjARmM57MEtGaW29,Survey 1,2015-04-02T00:00:00.000Z,2015-04-04T00:00:00.000Z,false,DBGW6FbD4wPM7FYz9
SIBONELO PRIMARY SCHOOL,GAUTENG,Primary,GQPE7rurt9bb7DM5a,Sympathy verified,2015-04-26T00:00:00.000Z,2015-04-27T00:00:00.000Z,true,HJw3AnsPG8vLrDhM8
LEFIKA PRIMARY SCHOOL,GAUTENG,Primary,GaE7jrBwPxNR4AK72,V1,,,true,2hjdgSkdwexMqzQzN
JABULILE SECONDARY SCHOOL,GAUTENG,Secondary,GdT4e3QnaH2fX4vAA,SABELO VERIFIED,2015-04-26T00:00:00.000Z,2015-04-27T00:00:00.000Z,true,xapETP39ebDL77Jvo
O.R TAMBO PRIMARY SCHOOL,GAUTENG,Primary,Gfj3WRS3Y8w4dmyph,Zanele V1,2015-04-07T00:00:00.000Z,2015-04-08T00:00:00.000Z,true,9z4RYqzf8npfTKKCf
BOKAMOSO SECONDARY SCHOOL,GAUTENG,Secondary,H2wSN9EFbKzeSGjCh,Zanele V1,2015-04-10T00:00:00.000Z,2015-04-11T00:00:00.000Z,true,JCCKjH2kYnzqyXkvJ
ZIFUNELENI JUNIOR SECONDARY  (COMB. PRIMARY) SCHOOL,GAUTENG,Other,HE7QyZrdjZD4TwigW,SABELO VERIFIED,2015-04-25T00:00:00.000Z,2015-04-26T00:00:00.000Z,true,R9K6phMQ6JYALhhYj
ZAKHENI PRIMARY SCHOOL,GAUTENG,Other,HKHTs5NYM9YcNKmA3,Sympathy varified,2015-04-25T00:00:00.000Z,2015-04-26T00:00:00.000Z,true,EWL7HMPvnGNmjoPZr
CHARLOTTE MAXEKE SECONDARY SCHOOL,GAUTENG,Secondary,HMfiK9msnxvBpZRTv,V2 Yossi Bank,2015-04-27T00:00:00.000Z,2015-04-28T00:00:00.000Z,true,nsZY5MpZj6Qv4hkQm
MANGWELE PRIMARY SCHOOL,GAUTENG,Primary,HZFjNDTejF5ga78Sx,SABELO VERIFIED,2015-04-26T00:00:00.000Z,2015-04-27T00:00:00.000Z,true,7hYDkCSvtTtfgZT4t
DR NHLAPO INTERMEDIATE SCHOOL,GAUTENG,Primary,Hjqy94n4PwNqwN5uA,Joseph verified,2015-04-26T00:00:00.000Z,2015-04-27T00:00:00.000Z,true,9yXCaJvFh7awMrTid
KUZIMISELA PRIMARY SCHOOL,GAUTENG,Primary,HushLZncKDsTyJhfN,Tshepo,2015-04-07T00:00:00.000Z,2015-04-08T00:00:00.000Z,true,Tb26t2ZJSaWdYhnHc
PHOMOLONG PRIMARY SCHOOL,GAUTENG,Primary,J8iGazpt3MwprEvbp,Sympathy varified,2015-04-26T00:00:00.000Z,2015-04-27T00:00:00.000Z,true,xwsCtAq2khrBdBGhZ
BOVET PRIMARY SCHOOL,GAUTENG,Primary,JMwctXTYdunvweNYD,Joseph verified,2015-04-26T00:00:00.000Z,2015-04-27T00:00:00.000Z,true,vghaztSbAbPBBYWRQ
SIVUSE PRIMARY SCHOOL,GAUTENG,Primary,JeGKrkaqdgboxbxAd,SABELO1,2015-04-26T00:00:00.000Z,2015-04-27T00:00:00.000Z,true,DNzFdwPm4uFHLRr2t
BHEKIMFUNDO PRIMARY SCHOOL,GAUTENG,Primary,JpDqQfLuuC9qJrici,Joseph verified,2015-05-02T00:00:00.000Z,2015-05-03T00:00:00.000Z,true,XAWapZvR3fXdrwTh8
KHANGEZILE PRIMARY SCHOOL,GAUTENG,Primary,KDmkojmtPfcEEQ3vv,Pontsho9,2015-04-10T00:00:00.000Z,2015-04-10T00:00:00.000Z,true,kdeFTgvbrBdvAZ3jo
LEBOWA PRIMARY SCHOOL,GAUTENG,Primary,KhtEcF9mnhkNyqnW3,Joseph,2015-04-25T00:00:00.000Z,2015-04-26T00:00:00.000Z,true,hC2rNb27tDwFm6ptZ
SELOPE-THEMA PRIMARY SCHOOL,GAUTENG,Primary,Kqq9XsRqsRQM6PjGn,SABELO VERIFIED,2015-04-25T00:00:00.000Z,2015-04-26T00:00:00.000Z,true,hMBoFadXyimpmAA9B
LEBOHANG SECONDARY SCHOOL,GAUTENG,Secondary,KrNZ7H2XmHuPpHRrN,Sabelo1,2015-04-19T00:00:00.000Z,2015-04-20T00:00:00.000Z,true,Sy6AABPcNMuLJpk3p
DITAWANA PRIMARY SCHOOL,GAUTENG,Primary,LBujyFwCgPkGzWSZy,pontsho 21,2015-04-20T00:00:00.000Z,2015-04-20T00:00:00.000Z,false,9LhJ56jMTXeQXaLk3
EAST BANK HIGH SCHOOL,GAUTENG,Secondary,LD7hazozFmAuLNBgP,Sympathy varified,2015-04-25T00:00:00.000Z,2015-04-26T00:00:00.000Z,true,TM3Yr4nxiBrZC7vgx
TSIMONA PRIMARY SCHOOL,GAUTENG,Other,LJC3JBYxgkbi8GzAP,Tsimona Primary School,2015-03-17T00:00:00.000Z,,false,JdGBhk6oj6eDyhDgR
TEMBISA SECONDARY SCHOOL,GAUTENG,Secondary,LTccQvtsRbQdnvd4x,V1,2015-03-17T00:00:00.000Z,,true,PcEFo3B4d7FgaiYvM
SEEISO PRIMARY SCHOOL,GAUTENG,Primary,LZ7sJWsXTML9asLdD,Joseph verified,2015-04-25T00:00:00.000Z,2015-04-26T00:00:00.000Z,true,2CdfbFJXguorK94qK
NKABINDE PRIMARY SCHOOL,GAUTENG,Primary,LrmX8FAuJMKckWE6c,V2 Yossi Bank,2015-04-27T00:00:00.000Z,2015-04-28T00:00:00.000Z,true,aFfw6EDMv6qz8ERao
KGOMOCO PRIMARY SCHOOL,GAUTENG,Primary,METTMMRQRhoWxKdRt,Joseph verified,2015-04-26T00:00:00.000Z,2015-04-27T00:00:00.000Z,true,ZeacF7828Qm5FX528
TSAKANE PRIMARY SCHOOL,GAUTENG,Primary,MYuCFef7Fjt8yRX8d,Sympathy Varified,2015-04-26T00:00:00.000Z,2015-04-27T00:00:00.000Z,true,7rBkk8yCFPSfvmtuE
KGALEMA PRIMARY SCHOOL,GAUTENG,Primary,MYybcL4ntNLDfPjZt,V2-Jaydin krok,,,true,YhEmH96RcvGizJDhw
UMTHAMBEKA PRIMARY SCHOOL,GAUTENG,Primary,MrCRY4JkG2RtXRzjf,Freddy12,2015-04-10T00:00:00.000Z,2015-04-11T00:00:00.000Z,true,vTEbgcvPSvM6MGQ9H
JABULANI THABANG PRIMARY SCHOOL,GAUTENG,Primary,MtKWmrDmPtx6hTjXm,Sabelo1,2015-04-19T00:00:00.000Z,2015-04-20T00:00:00.000Z,true,DYXn6ecBERtTFN7Wm
MUZOMSHA PRIMARY SCHOOL,GAUTENG,Primary,NTo8EK8jnLkjB93Hd,KHOLWANI18,2015-04-13T00:00:00.000Z,2015-04-14T00:00:00.000Z,true,iz79XoptMLverznfx
IKAGE PRIMARY SCHOOL,GAUTENG,Primary,NY3CpQoLXKGkXkq8b,Sympathy varified,2015-04-26T00:00:00.000Z,2015-04-27T00:00:00.000Z,true,pBBsxzJo5M4DoP4km
BATHOKWA PRIMARY SCHOOL,GAUTENG,Primary,P4wqK6rnJQahfhFTr,SABELO VERIFIED,2015-04-25T00:00:00.000Z,2015-04-26T00:00:00.000Z,true,zXpAz8Zm9eS5mYnYq
LIVHUWANI PRIMARY SCHOOL,GAUTENG,Primary,PySjA6yQMoXAyS2z8,SABELO VERIFIED,2015-04-26T00:00:00.000Z,2015-04-27T00:00:00.000Z,true,FzapHesR2dB8mohzY
MOHLOLI SECONDARY SCHOOL,GAUTENG,Secondary,Pye3fvQETS2TCPKyt,symps,2015-04-25T00:00:00.000Z,2015-04-26T00:00:00.000Z,true,uSLXTxcinmzfpJeZL
MODUOPO PRIMARY SCHOOL,GAUTENG,Primary,Q2SemXMcpEX5NfYsD,Zanele V1,2015-04-08T00:00:00.000Z,2015-04-09T00:00:00.000Z,true,fdwJZwXdpW8XykLgp
MOKGOME SECONDARY SCHOOL,GAUTENG,Secondary,QBmBALzw89kwmHz2B,Joseph verified,2015-04-25T00:00:00.000Z,2015-04-26T00:00:00.000Z,true,fyJ9yZamxLLkFQM6q
SEOTLOANA PRIMARY SCHOOL,GAUTENG,Primary,Qmhp6bLYHrRTc42wc,Zanele V1,2015-04-10T00:00:00.000Z,2015-04-11T00:00:00.000Z,true,BKGhGLeSJaeo9cavr
ROLIHLAHLA PRIMARY SCHOOL,GAUTENG,Primary,Qzm8u4imxajBRWLE5,Tshepo2,2015-04-08T00:00:00.000Z,2015-04-09T00:00:00.000Z,true,kYmSsD6sLNa48yq3B
SELIBA PRIMARY SCHOOL,GAUTENG,Other,RHG8484wnsaqifrig,Joseph verified,2015-04-26T00:00:00.000Z,2015-04-27T00:00:00.000Z,true,YFkP4HAR2yhDzgYNn
JET NTEO SECONDARY SCHOOL,GAUTENG,Secondary,RKz4SAhiQgbHCmTpZ,Sabelo1,2015-04-19T00:00:00.000Z,2015-04-20T00:00:00.000Z,true,FvMma23JtBNvvDmWP
LESIBA SECONDARY SCHOOL,GAUTENG,Unknown,RfniT8dpTobMmBWDg,Freddy1,,,true,gAMFiRZvaYx7vM2bX
PATOGENG PRIMARY SCHOOL,GAUTENG,Primary,Rvf9JkpRBRozBsyiq,Joseph verified,2015-04-26T00:00:00.000Z,2015-04-27T00:00:00.000Z,true,queoWSP7FQYoTfCw6
POELANO SECONDARY SCHOOL,GAUTENG,Secondary,S3LbwsmZGkiiekXEX,Joseph verified,2015-04-25T00:00:00.000Z,2015-04-26T00:00:00.000Z,true,sHepoMyGxu7vajjn9
N'WA MHINGA PRIMARY SCHOOL,GAUTENG,Primary,S47bpHzXts94zC2ke,V2-Jaydin krok,,,true,DQsKN7aEup4gKoRoq
DITAU PRIMARY SCHOOL,GAUTENG,Primary,SDQzcRxtroyWa7uGB,Sympathy varified,2015-04-25T00:00:00.000Z,2015-04-26T00:00:00.000Z,true,TfBu6LKq6gvHvgqQ3
DR HARRY GWALA SECONDARY SCHOOL,GAUTENG,Secondary,SNuf4DBJszmQrAzS4,Tshepo3,2015-04-10T00:00:00.000Z,2015-04-11T00:00:00.000Z,true,3qbofgHJxGRZS83Qg
RESIDENSIA SECONDARY SCHOOL,GAUTENG,Secondary,Sa8QfeRArxjpbStqt,Symps,2015-04-25T00:00:00.000Z,2015-04-26T00:00:00.000Z,true,tuAiDmTHjzXDEcQpm
EMMANGWENI PRIMARY SCHOOL,GAUTENG,Primary,SeRiR2xnt35DWtRzX,Zanele v1,2015-04-08T00:00:00.000Z,2015-04-09T00:00:00.000Z,true,BKf7wb4PzjWwNoj6v
NOMINI PRIMARY SCHOOL,GAUTENG,Other,Sue8DWeGKHPKAyQBi,Sabelo verified,2015-04-25T00:00:00.000Z,2015-04-26T00:00:00.000Z,true,suNMuozCzh9vzWxKv
HULWAZI SECONDARY SCHOOL,GAUTENG,Secondary,Tnm69CSqqbdHg9obr,Tshepo1,2015-04-07T00:00:00.000Z,2015-04-08T00:00:00.000Z,true,mqyhsJ2kLyY796ti3
REAKGONA PRIMARY SCHOOL,GAUTENG,Primary,WdTssNZoaRHCT3LMG,Tamir Shklaz\,2015-04-27T00:00:00.000Z,2015-04-28T00:00:00.000Z,true,a2rNv5xxsDsoWXzqi
GAHLANSO PRIMARY SCHOOL,GAUTENG,Primary,WeXHdZMumEMFyckHq,Zanele V1,2015-04-08T00:00:00.000Z,2015-04-09T00:00:00.000Z,true,hd5oYbd6gkWoKkWzC
TOKELO SECONDARY SCHOOL,GAUTENG,Secondary,WszeF9gAuQuHMNHLC,Joseph verified,2015-04-26T00:00:00.000Z,2015-04-27T00:00:00.000Z,true,GJv3W9ZAYjt9fmw2n
MAKAPANE PRIMARY SCHOOL,GAUTENG,Primary,X4uSNwu6z2y2MdNwA,Joseph verified,2015-04-26T00:00:00.000Z,2015-04-27T00:00:00.000Z,true,mvS7kQosyiAuq7y8o
LETSEMA-ILIMA PRIMARY SCHOOL,GAUTENG,Primary,X8iDZBx3CbJnWCRTb,,,,false,J3pxHaGGhxNMzyqbj
ORLANDO SECONDARY SCHOOL,GAUTENG,Secondary,XKxt23fR8Fujkyiim,SABELO VERIFIED,2015-04-26T00:00:00.000Z,2015-04-27T00:00:00.000Z,true,9GXAdy5eGoaooitqc
MOYISELA PRIMARY SCHOOL,GAUTENG,Primary,XTL9gvLr9S2MmMsjJ,Sabelo verified,2015-04-25T00:00:00.000Z,2015-04-26T00:00:00.000Z,true,WzudoSDAr9ApDajXY
BOITUMELONG SECONDARY SCHOOL,GAUTENG,Secondary,XYLgc3p2tmFJ6nGJb,Zanele V1,2015-04-08T00:00:00.000Z,2015-04-28T00:00:00.000Z,true,waYnGd3whuoW7bgRs
QHAKAZANI PRIMARY SCHOOL,GAUTENG,Primary,Y2gH7TZojYSgJ6J3i,tshepo20,2015-04-21T00:00:00.000Z,2015-04-22T00:00:00.000Z,true,mKSgTkpsYgDJ8KMoc
MAHLAHLE PRIMARY SCHOOL,GAUTENG,Primary,YLYWLt3BFmbGuRHBQ,SABELO VERIFIED,2015-04-25T00:00:00.000Z,2015-04-26T00:00:00.000Z,true,Kkd4pwSZjJYvH7u3c
HOFMEYR SECONDARY SCHOOL,GAUTENG,Secondary,Z9wz3QcLwmRfGuaeT,Joseph verified,2015-04-26T00:00:00.000Z,2015-04-27T00:00:00.000Z,true,EdAGhDjGAwR5QHqAf
LETSEMA-ILIMA PRIMARY SCHOOL,GAUTENG,Primary,ZBqGu3MqDqmm58rMH,Sabelo,2015-04-25T00:00:00.000Z,2015-04-26T00:00:00.000Z,false,J3pxHaGGhxNMzyqbj
FADIMEHA PRIMARY SCHOOL,GAUTENG,Primary,ZMuo7tqss7QrYPuwZ,Joseph verified,2015-04-26T00:00:00.000Z,2015-04-27T00:00:00.000Z,true,3YpZ8R44xWbRZBcnE
LETSEMA-ILIMA PRIMARY SCHOOL,GAUTENG,Primary,ZNXsgBEk2evJkTYso,Symps,2015-04-25T00:00:00.000Z,2015-04-26T00:00:00.000Z,true,J3pxHaGGhxNMzyqbj
DITAWANE PRIMARY SCHOOL,GAUTENG,Primary,ZQpQXXcpAjvZC2ony,Joseph verified,2015-04-26T00:00:00.000Z,2015-04-27T00:00:00.000Z,true,F97jeqwGDCLirEcc6
JORDAN SECONDARY SCHOOL,GAUTENG,Secondary,ZQvS49GgfM6XNnqij,Sabelo1,2015-04-19T00:00:00.000Z,2015-04-20T00:00:00.000Z,true,jdruTPMAFLZpR5Yor
SAULRIDGE SECONDARY SCHOOL,GAUTENG,Secondary,ZgR4zqFothSycL9hz,Sabelo verified,2015-04-26T00:00:00.000Z,2015-04-25T00:00:00.000Z,true,BNLjgKdhFJo4G8BEy
MONTSOSI PRIMARY SCHOOL,GAUTENG,Primary,ZkSpApRssvFyumacM,,,,false,p3gqoLjBQyybjyJEx
TSOELOPELE PRIMARY SCHOOL,GAUTENG,Primary,ZrghZT93L2bSWSofg,Joseph verified,2015-04-26T00:00:00.000Z,2015-04-27T00:00:00.000Z,true,FgGng3wJFQ7DunpM2
INKONJANE JUNIOR SECONDARY SCHOOL,GAUTENG,Other,Zyuc4wPBmxQPcNyjF,V2 Yossi Bank,2015-04-27T00:00:00.000Z,2015-04-28T00:00:00.000Z,true,46n4oyMnczZw2tJzv
MVELAPHANDA PRIMARY SCHOOL,GAUTENG,Primary,aMRD37JGNEmrz9FZ9,Freddy9,2015-04-10T00:00:00.000Z,2015-04-11T00:00:00.000Z,true,j4CyqoGhmbxFvTahz
NTSELE PRIMARY SCHOOL,GAUTENG,Primary,aQ4BMeoFWmo4HrHqF,Sabelo1,2015-04-19T00:00:00.000Z,2015-04-20T00:00:00.000Z,true,XRxiHzGGxzrbQiA5a
test,LIMPOPO,Other,aiBSX6cmH9icpEn7C,Test,2015-04-11T00:00:00.000Z,2015-04-11T00:00:00.000Z,false,eiPLFFjFBE5yqxYjj
KHULA SIZWE PRIMARY SCHOOL,GAUTENG,Primary,ayNNoGKj3iCnECzSg,Freddy7,2015-04-10T00:00:00.000Z,2015-04-11T00:00:00.000Z,true,MFJ4XwDAmN6Rs3SWC
ITSEBENG PRIMARY SCHOOL,GAUTENG,Primary,bAExKd8RN5BhHzb3z,SABELO1,2015-04-25T00:00:00.000Z,2015-04-26T00:00:00.000Z,true,Wi3o4uhSxQ8QXTp9J
ZIMISELE SECONDARY SCHOOL,GAUTENG,Secondary,bEf9GjYAyqAqY3bhw,Pontsho3,2015-04-08T00:00:00.000Z,2015-04-08T00:00:00.000Z,true,KeXNxzHvXARk3Qzy4
TSWELOPELE SECONDARY SCHOOL,GAUTENG,Secondary,bHZpmA7SpQzx29CQk,Zanele V1,2015-04-10T00:00:00.000Z,2015-04-11T00:00:00.000Z,true,u7DDHnAiuQME8Ea45
GEORGE MBILASE PRIMARY SCHOOL,GAUTENG,Primary,bMEYkfLEMjEHiTFux,Joseph,2015-04-25T00:00:00.000Z,2015-04-26T00:00:00.000Z,true,7Z9iXgHc86ag9ZN9o
TLHOLO INTERMEDIATE SCHOOL,GAUTENG,Primary,bPfY5thaXn4EAdkXw,Joseph1,2015-04-25T00:00:00.000Z,2015-04-26T00:00:00.000Z,true,cnvRjXuczr5WXr6cv
BUD MBELLE PRIMARY SCHOOL,GAUTENG,Primary,bf5Ltec4dXsz7pEX9,SABELO VERIFIED,2015-04-25T00:00:00.000Z,2015-04-26T00:00:00.000Z,true,eTTG2NKtGiBjR2u97
PHOLOSHO PRIMARY SCHOOL,GAUTENG,Unknown,c8PScP7JjuF3RvjuN,Sfiso V1,2015-04-07T00:00:00.000Z,2015-04-08T00:00:00.000Z,false,xX6znodofgALpAaJg
BOPASENATLA SECONDARY SCHOOL,GAUTENG,Secondary,cDYo2z98FGZzNHPMM,Joseph verified,2015-04-26T00:00:00.000Z,2015-04-27T00:00:00.000Z,true,iQdoyzzN7cXbiJDaH
QUANTUM SECONDARY SCHOOL,GAUTENG,Secondary,cQQF5juB8JG3jNbNs,Tshepo2,2015-04-08T00:00:00.000Z,2015-04-09T00:00:00.000Z,true,Km2TibRg8zHBr7Tku
GOVAN MBEKI PRIMARY SCHOOL,GAUTENG,Primary,dBu8rGN6ZLKj4rb4e,Sabelo verified,2015-04-25T00:00:00.000Z,2015-04-26T00:00:00.000Z,false,WphoZsNMeQiHdoo2a
REALO  SECONDARY SCHOOL,GAUTENG,Secondary,dEqT3NZnQzHYKNnog,,,,false,Bi8x9CwissYRtPN4E
CAIPHUS NYOKA SECONDARY SCHOOL,GAUTENG,Secondary,dLHdmSdFbLWF2kJqy,Joseph veried,2015-05-02T00:00:00.000Z,2015-05-03T00:00:00.000Z,true,wqkQz5WCK925Bo5eq
ALEXANDRA SECONDARY SCHOOL,GAUTENG,Secondary,dmcSwWf7Zcge6eHR8,Jake Pencharz,2015-04-27T00:00:00.000Z,2015-04-28T00:00:00.000Z,true,xh94G3hSG7NoS7bcY
THETHA SECONDARY SCHOOL,GAUTENG,Secondary,dnFyeB4sC6kfmj2Q6,SABELO VERFIED,2015-04-26T00:00:00.000Z,2015-04-25T00:00:00.000Z,true,q87zen5HgKKxJ99Lc
LEBONE PRIMARY SCHOOL,GAUTENG,Primary,drsWF9n9G7CxbrANB,KHOLWANI7,2015-04-07T00:00:00.000Z,2015-04-07T00:00:00.000Z,true,8kaaLjfjqaem9NM3H
MASIQHAKAZE SECONDARY SCHOOL,GAUTENG,Secondary,e6s5EEf389EeLo6Tz,V1,2015-03-16T00:00:00.000Z,,true,GdFRz8SxGfrcssASy
THOPODI PRIMARY SCHOOL,GAUTENG,Primary,eaN2HpTXfZTyuJHLY,SABELO VERIFIED,2015-04-26T00:00:00.000Z,2015-04-27T00:00:00.000Z,true,tXNX7HXf8MFPj694L
LEHLASEDI PRIMARY SCHOOL,GAUTENG,Primary,efr9txWNfPHw3AhD7,Sabelo1,2015-04-19T00:00:00.000Z,2015-04-20T00:00:00.000Z,true,GN7JXs9sADiNKDxm4
PHAMEHLO PRIMARY SCHOOL,GAUTENG,Primary,eg2P5ZFGTcwctmdcA,Symps,2015-04-25T00:00:00.000Z,2015-04-26T00:00:00.000Z,true,9CYsZozoyHucNv5Pt
Nxineni Primary,GAUTENG,Primary,eiaeXipXaywPNGZ7X,Nxineni Primary,,,true,nNfgmGgefJT292PrQ
MENZI PRIMARY SCHOOL,GAUTENG,Primary,eqJ28tbWRDYX6YPkp,Sympathy varified,2015-04-26T00:00:00.000Z,2015-04-27T00:00:00.000Z,true,Rero3Wud7LEDr2pHL
VUYO PRIMARY SCHOOL,GAUTENG,Primary,esLPjFoMCrf7aGwqS,Joseph,2015-04-25T00:00:00.000Z,2015-04-26T00:00:00.000Z,true,REHfqEX7MAj9DjLY2
PUDUMO PRIMARY SCHOOL,GAUTENG,Primary,fXPmfwBo9N6rx7mLh,SABELO 1,2015-04-26T00:00:00.000Z,2015-04-27T00:00:00.000Z,true,N672sLBwGEggxopdN
GOROGANG PRIMARY SCHOOL,GAUTENG,Primary,fkuEy7WKs5HL2NM6z,Pontsho5,2015-04-08T00:00:00.000Z,2015-04-08T00:00:00.000Z,true,ge7wR8Paoq8B8ytis
INXIWENI PRIMARY SCHOOL,GAUTENG,Primary,g2zngXhSLP6Xe7qtg,Freddy8,2015-04-08T00:00:00.000Z,2015-04-09T00:00:00.000Z,true,W22behkCwKSmtyJhy
STEVE BIKO PRIMARY SCHOOL,GAUTENG,Primary,g6orxjw6EmCqYup83,SABELO VERIFIED,2015-04-26T00:00:00.000Z,2015-04-27T00:00:00.000Z,true,JoB4YjDLLtcLF9uno
LETSEMA-ILIMA PRIMARY SCHOOL,GAUTENG,Primary,gHKvcd2hMaXTtiNbj,,,,false,J3pxHaGGhxNMzyqbj
LETSIE PRIMARY SCHOOL,GAUTENG,Primary,gPuKrSrjRHYQAhofp,KHOLWANI8,2015-04-08T00:00:00.000Z,2015-04-09T00:00:00.000Z,true,tPF56zuAa7Yv4h5pR
TIYANI Junior secondary SCHOOL,GAUTENG,Other,gZKefKr3T7kQ7yZdd,SABELO VERIFIED,2015-04-26T00:00:00.000Z,2015-04-27T00:00:00.000Z,true,ruLNBjshmg9GFZfoi
WESTFIELDS PRIMARY SCHOOL,GAUTENG,Primary,ghEZdTPoThhpWNWiw,SABELO 1,2015-04-26T00:00:00.000Z,2015-04-27T00:00:00.000Z,true,FA898nv2euY5CHoZo
LERESCHE PRIMARY SCHOOL,GAUTENG,Primary,giGaTXuXxZQxCGaMd,Mabuza verified,2015-04-26T00:00:00.000Z,2015-04-27T00:00:00.000Z,true,FeywHD5TCRfMtzcwp
LUKHOLWENI PRIMARY SCHOOL,GAUTENG,Primary,gpABZNKAeZxGARLNE,Joseph verified,2015-04-26T00:00:00.000Z,2015-04-27T00:00:00.000Z,true,S42Aq6eoMDgrb9SuJ
LETSEMA-ILIMA PRIMARY SCHOOL,GAUTENG,Primary,h35vTG52Xd5j7Kz6R,Sabelo,2015-04-25T00:00:00.000Z,2015-04-26T00:00:00.000Z,false,J3pxHaGGhxNMzyqbj
LETSATSING COMBINED SCHOOL,GAUTENG,Secondary,hBG3H9epZYnScCbtp,SABELO 1,2015-04-15T00:00:00.000Z,2015-04-15T00:00:00.000Z,true,cCRbYn4tyhNhPfpko
LOTUS GARDENS PRIMARY SCHOOL,GAUTENG,Primary,hJppCjP9YgzQPhsxp,Joseph verified,2015-04-26T00:00:00.000Z,2015-04-27T00:00:00.000Z,true,2kCbh8W54SDKDo7Gi
ZENZELENI PRIMARY SCHOOL,GAUTENG,Primary,hTroeBPPurCSNxDGe,Sympathy Varification,2015-04-26T00:00:00.000Z,2015-04-27T00:00:00.000Z,true,A4DgHftdfZSCoGKGP
KAMOHELO PUBLIC SCHOOL,GAUTENG,Other,hk4XMrnHxTastfL7s,Joseph,2015-04-25T00:00:00.000Z,2015-04-26T00:00:00.000Z,false,vwgqKGm5RQon5hXHo
TSITSIBOGA PRIMARY SCHOOL,GAUTENG,Other,hrfAaJLuuBvdukdf9,SABELO1,2015-04-25T00:00:00.000Z,2015-04-26T00:00:00.000Z,true,x7MgCDNYKaFzg98QY
TSIMONG PRIMARY SCHOOL,GAUTENG,Primary,jR3LMPDnnHi7xvLcp,Kholwani19,2015-04-13T00:00:00.000Z,2015-04-14T00:00:00.000Z,true,BdjGYXX4M4zzPWhqi
THEMBALIKAZULU PRIMARY SCHOOL,GAUTENG,Primary,jSDZSbr7cMPKgibe7,KHOLWANI10,2015-04-08T00:00:00.000Z,2015-04-09T00:00:00.000Z,true,xuGqaBapphciMGBKD
ZITHA PRIMARY,GAUTENG,Primary,k652o58moXsybbDfm,sabelo1,2015-04-25T00:00:00.000Z,2015-04-28T00:00:00.000Z,true,wxGvzQKnBHb83AErS
ORANGE FARM PRIMARY SCHOOL,GAUTENG,Primary,kY8pdvG9t8eN5CY4h,V1,,,true,dTfGpbfWJJ2yeYDoy
VEZUKHONO SECONDARY SCHOOL,GAUTENG,Secondary,mDwDpssp9xiy5oAgB,Joseph1,2015-04-25T00:00:00.000Z,2015-04-26T00:00:00.000Z,false,P5eR9ewzqWvuTkbWN
NQUBELA PRIMARY SCHOOL,GAUTENG,Primary,mobhBo8uKGxkvNsjR,Sympathy Varified,2015-04-26T00:00:00.000Z,2015-04-27T00:00:00.000Z,true,jxdvnitGhmmJmf3RZ
SAPPHIRE SECONDARY SCHOOL,GAUTENG,Secondary,mu6wNPMzZ754NLLnE,Joseph verified,2015-04-26T00:00:00.000Z,2015-04-27T00:00:00.000Z,true,S3yfktPSheRWDHbkd
KHOMANANI PRIMARY SCHOOL,GAUTENG,Primary,myEbntbNmwtRJAXXn,SABELO VERIFIED,2015-04-26T00:00:00.000Z,2015-04-27T00:00:00.000Z,true,oZeuq2GwT7HarAkif
TSIETSI MASHININI PRIMARY SCHOOL,GAUTENG,Primary,n9gEojJ6K5eKYJ4c2,Sympathy varified,2015-04-25T00:00:00.000Z,2015-04-26T00:00:00.000Z,true,R7ZEvEyPtbpXisuq8
KGOLAGANO PRIMARY SCHOOL,GAUTENG,Primary,o6KRqZ8m5YyPCmxEu,Joseph verified,2015-04-26T00:00:00.000Z,2015-04-27T00:00:00.000Z,true,JYs5rzkSpqxpx7Apu
ENDULWENI PRIMARY SCHOOL,GAUTENG,Primary,ocFaNqXzeBvD5hiAZ,Joseph verified,2015-04-26T00:00:00.000Z,2015-04-27T00:00:00.000Z,true,cqdqqFn7tTnwNbmqR
MEADOWLANDS PRIMARY SCHOOL,GAUTENG,Primary,ogTK6SAt8Ndg38xPc,Tamir Shklaz,2015-04-27T00:00:00.000Z,2015-04-28T00:00:00.000Z,true,JyzopMX2fBSfZnAxG
PHUTHADITSHABA PRIMARY SCHOOL,GAUTENG,Primary,ojqksxwnmxWXpM8n6,SABELO VERIFIED,2015-04-25T00:00:00.000Z,2015-04-26T00:00:00.000Z,true,jyJWjSxpyzaFi5xzy
LESHATA SECONDARY SCHOOL,GAUTENG,Secondary,opzRuPL9N8RSzCNsi,Sabelo verified,2015-04-25T00:00:00.000Z,2015-04-26T00:00:00.000Z,true,kXSCDEKFavFjWwRh6
PHUTHULLA PRIMARY SCHOOL,GAUTENG,Primary,pRKnFJGLubdAiTZEy,Joseph verified,2015-04-26T00:00:00.000Z,2015-04-27T00:00:00.000Z,true,AtpXn8bGpdjDXkX2X
IMFUNDO MIDDLE SCHOOL,GAUTENG,Primary,pamnvbjX3nHtQtv4D,Tshepo25,2015-04-28T00:00:00.000Z,2015-04-29T00:00:00.000Z,true,p7KxBwZy7u74Aokfv
DINOTO TECHNICAL SECONDARY SCHOOL,GAUTENG,Secondary,pqm6NksjcwAhrDwyH,Tshepo3,2015-04-10T00:00:00.000Z,2015-04-11T00:00:00.000Z,true,jFLvrx8qbcRhdcMWk
THUTHUKA PRIMARY SCHOOL,GAUTENG,Primary,q7rLbRb4nxtPxfoSc,SABELO VERIFIED,2015-04-26T00:00:00.000Z,2015-04-27T00:00:00.000Z,true,psEg38R6mppLMtMyG
THOHO-YA-NDOU PRIMARY SCHOOL,GAUTENG,Primary,q7vvj7t7uptnim45G,Joseph verified,2015-04-26T00:00:00.000Z,2015-04-27T00:00:00.000Z,true,LbosSJ2EtBgbSeWHe
FRED HABEDI PRIMARY SCHOOL,GAUTENG,Primary,qCqx8rN4JLCHpEwF4,Pontsho11,2015-04-10T00:00:00.000Z,2015-04-10T00:00:00.000Z,true,xjBMtwSX3K5LMHFte
TSHITSO PRIMARY SCHOOL,GAUTENG,Primary,qNgGZm2CTNoa336qY,V1,,,true,25aYgPkZaSp4W98Sc
ENTSHONALANGA PRIMARY SCHOOL,GAUTENG,Primary,qYqekSfSRExjXJrGM,SABELO VERIFIED,2015-04-26T00:00:00.000Z,2015-04-27T00:00:00.000Z,true,qjiPzjesbNgJySiAF
WINNIE MANDELA PRIMARY SCHOOL,GAUTENG,Primary,qqTGPEnmDQRrarBSw,SABELO VERIFIED,2015-04-26T00:00:00.000Z,2015-04-27T00:00:00.000Z,true,KDJeNL8gnrwaBb4Fb
PHORORONG PRIMARY SCHOOL,GAUTENG,Other,qs4DrHmATWN59Tptg,Joseph,2015-04-25T00:00:00.000Z,2015-04-28T00:00:00.000Z,true,NFuNLMWvy5qoXxFHG
GORDON PRIMARY SCHOOL,GAUTENG,Primary,qsXPNNQE3pWkdTbfb,SFISO V1,2015-04-07T00:00:00.000Z,2015-04-08T00:00:00.000Z,true,GXKZ8zc5YLJjTqKmX
MADUME PRIMARY SCHOOL,GAUTENG,Primary,r5bdwdb45e7jr6JZB,SABELO VERIFIED,2015-04-13T00:00:00.000Z,2015-04-14T00:00:00.000Z,true,r6uCPiS8JbRQREE7K
AB XUMA PRIMARY SCHOOL,GAUTENG,Primary,r8FrZJWZGiB9zPmmc,V2-jaydin krok,,,true,QiCCzcdEYnZPtdHf5
MONTSOSI PRIMARY SCHOOL,GAUTENG,Primary,rCApJ97XLJY5xuoJY,SABELO1,2015-04-25T00:00:00.000Z,2015-04-28T00:00:00.000Z,true,p3gqoLjBQyybjyJEx
ISEKELO PRIMARY SCHOOL,GAUTENG,Primary,rRCnvnKF3KB68xQfw,Joseph verified,2015-04-26T00:00:00.000Z,2015-04-27T00:00:00.000Z,true,eDwuJ6JBxC5YEBRAi
AMOS MAPHANGA SECONDARY,GAUTENG,Secondary,ra2zX3jjBPguj6bc3,V2 Yossi Bank,2015-04-27T00:00:00.000Z,2015-04-28T00:00:00.000Z,true,PE8JfrpWJJssfiaXM
MOGOGODI PRIMARY SCHOOL,GAUTENG,Primary,rgipwMLK9skQK2EuA,Joseph1,2015-04-25T00:00:00.000Z,2015-04-26T00:00:00.000Z,true,W2dNTH3v95vkD26c3
ZITHATHELE PRIMARY SCHOOL,GAUTENG,Primary,sXauHMaoiXsoSamWK,Joseph verified,2015-04-26T00:00:00.000Z,2015-04-27T00:00:00.000Z,true,5Cg9DLfWgmYJt9c9C
ZAMANI PRIMARY SCHOOL,GAUTENG,Primary,sfN5HAvKti5hRvPxZ,Sympathy Varified,2015-04-26T00:00:00.000Z,2015-04-27T00:00:00.000Z,true,fFQ2beYFprTjRdcKG
KOKOSI PRIMARY SCHOOL,GAUTENG,Primary,sfgS3CrJFoTBvFQ72,Mabuza verified,2015-04-25T00:00:00.000Z,2015-04-26T00:00:00.000Z,true,ZxPRDSKN5webdJeMr
KING DAVID HIGH SCHOOL (VICTORY PARK),GAUTENG,Secondary,siZhhkH29MMEnswvu,Version 2,2015-04-07T00:00:00.000Z,2015-04-12T00:00:00.000Z,false,4RdAodhbn5cykY9bf
INKATHA KA ZULU PRIMARY SCHOOL,GAUTENG,Primary,srdTLx3pxML3nwKPr,Tshepo1,2015-04-07T00:00:00.000Z,2015-04-08T00:00:00.000Z,true,Cfwoys8TWgMPWSjTW
TSHIRELETSO PRIMARY SCHOOL,GAUTENG,Primary,syBSsyuaG3J2rk8ky,Joseph1,2015-04-25T00:00:00.000Z,2015-04-28T00:00:00.000Z,true,nxtbufhDB5w8FKhfn
QEDUSIZI PRIMARY SCHOOL,GAUTENG,Primary,tC7ee9TXmJ8oDEcRe,Pontsho8,2015-04-08T00:00:00.000Z,2015-04-08T00:00:00.000Z,true,5prheirjAwbuLafca
KING DAVID HIGH SCHOOL (VICTORY PARK),GAUTENG,Secondary,tCtKh6DnzT7ZXMeHw,Version 1,2015-03-31T00:00:00.000Z,2015-04-02T00:00:00.000Z,false,4RdAodhbn5cykY9bf
PHANDIMFUNDO SECONDARY SCHOOL,GAUTENG,Secondary,tDKj5hfjzok3tbGs9,SABELO VERIFIED,2015-04-26T00:00:00.000Z,2015-04-27T00:00:00.000Z,true,QeinGxEF8GwFQvDvR
TOTOMENG PRIMARY SCHOOL,GAUTENG,Primary,tMjiiRvEEAsNmSJGx,Joseph verified,2015-04-25T00:00:00.000Z,2015-04-26T00:00:00.000Z,true,MJ7eLcP3Knb7rM5ay
CARTER PRIMARY SCHOOL,GAUTENG,Primary,tdRzrm36MQJ2raFea,Joseph verified,2015-04-26T00:00:00.000Z,2015-04-27T00:00:00.000Z,true,KjBZWW5QuieebNEWn
ITHUTE PRIMARY SCHOOL,GAUTENG,Primary,tkbM3Jp4KjPx4H5qC,Sympathy Varified,2015-04-26T00:00:00.000Z,2015-04-27T00:00:00.000Z,true,WgbderTpsZqAGyWQG
IPHUTHENG PRIMARY SCHOOL,GAUTENG,Primary,tqMTBWRbAuYsAqATz,Sympathy varified,2015-04-26T00:00:00.000Z,2015-04-27T00:00:00.000Z,true,HMDP7QPixBHanbGzA
DR WF NKOMO SECONDARY SCHOOL,GAUTENG,Secondary,u2mAvGSYipuFCETW2,Sympathy Varified,2015-04-26T00:00:00.000Z,2015-04-27T00:00:00.000Z,true,oWbeFZNmb5sYLH9ua
SECHABA PRIMARY SCHOOL,GAUTENG,Primary,ufaeHuMMa97ge5aCK,KHOLWANI14,2015-04-10T00:00:00.000Z,2015-04-11T00:00:00.000Z,true,9QdZCixvMkkYuEni3
TLAKULA SECONDARY SCHOOL,GAUTENG,Secondary,uiiC6LpdXHBickDqX,Sympathy Varified,2015-04-26T00:00:00.000Z,2015-04-27T00:00:00.000Z,true,A9hamtpiXA3HvTcRd
DUMEHLEZI INTERMEDIATE SCHOOL,GAUTENG,Primary,uvAsG8PGNZNED5pxz,Joseph verified,2015-04-26T00:00:00.000Z,2015-04-27T00:00:00.000Z,true,mzvEj75w7giNPw42h
HLANGABEZA PRIMARY SCHOOL,GAUTENG,Primary,uyB7xpWYkTuuhsLzS,Symps,2015-04-25T00:00:00.000Z,2015-04-26T00:00:00.000Z,true,kYCce5RHTuifpGEjD
MOSHOESHOE PRIMARY SCHOOL,GAUTENG,Primary,vPSPXjGpC6ABc9Szc,Joseph verified,2015-04-26T00:00:00.000Z,2015-04-27T00:00:00.000Z,true,vaowCxxLXhwWz2Pho
MASISEBENZE COMPREHENSIVE SCHOOL,GAUTENG,Secondary,vQsgY2cMuHRHHxN5X,Zanele V1,2015-04-10T00:00:00.000Z,2015-04-11T00:00:00.000Z,true,tzX8JpuRB7btgHLFJ
ISIZIBA PRIMARY SCHOOL,GAUTENG,Primary,vZkChYaMACHarXWxC,V1,2015-04-10T00:00:00.000Z,2015-04-11T00:00:00.000Z,true,bELHecSip3AKdyrkn
WINNIE MANDELA SECONDARY SCHOOL,GAUTENG,Secondary,wDCWL3rxm6NDcHY37,SABELO VERIFIED,2015-04-26T00:00:00.000Z,2015-04-27T00:00:00.000Z,true,SfguRdqMXPhGK5HsN
MASHEMONG PRIMARY SCHOOL,GAUTENG,Primary,wfdMKsnKg56v7y6uJ,Joseph verified,2015-04-26T00:00:00.000Z,2015-04-27T00:00:00.000Z,true,4iDQuLTfWizgi77wM
IPONTSHE PRIMARY SCHOOL,GAUTENG,Primary,x39JZC9Q749pXeEbY,V2 Adam Dison,2015-04-27T00:00:00.000Z,2015-04-28T00:00:00.000Z,true,wXEutByfDcCbHu5Qd
OR TAMBO PRIMARY SCHOOL,GAUTENG,Primary,xp2bxhMm4Yoeu9jho,Sympathy verified,2015-04-26T00:00:00.000Z,2015-04-27T00:00:00.000Z,false,ARd8kqPAKk8cggX8q
BONA COMPREHENSIVE SCHOOL,GAUTENG,Secondary,xsLXqpcynPeYTwiXE,SABELO VERIFIED,2015-04-25T00:00:00.000Z,2015-04-26T00:00:00.000Z,true,fytoqzYYGd99GNWKT
PHOMOLONG SECONDARY SCHOOL,GAUTENG,Secondary,xuTGawqPYaYusxnm8,V2 - Adam Dison,2015-04-27T00:00:00.000Z,,true,9R2gy3wRvgn2YPY8n
TLHOKOMELO PRIMARY SCHOOL,GAUTENG,Primary,y3Rzmw2pDYqioZ8WC,Joseph1,2015-04-25T00:00:00.000Z,2015-04-26T00:00:00.000Z,true,miijuHXTgknAEpauD
RETLILE PRIMARY SCHOOL,GAUTENG,Primary,y8vNYzZpy3A9BHx6W,Jake Pencharz,2015-04-27T00:00:00.000Z,2015-04-28T00:00:00.000Z,true,jwu8BDHqbWbZCiB7N
PHELINDABA SECONDARY SCHOOL,GAUTENG,Secondary,yAYPTyMxnk5pj2zT9,Sabelo verified,2015-04-25T00:00:00.000Z,2015-04-26T00:00:00.000Z,true,FDBLyYsKbbGzy2m99
KENNETH MASEKELA SECONDARY SCHOOL,GAUTENG,Secondary,yuLFP8PQcXB6aAAm6,Pontsho7,2015-04-08T00:00:00.000Z,2015-04-08T00:00:00.000Z,true,wZZXQGomrEjj5a2uY
REAMOHETSOE PRIMARY SCHOOL,GAUTENG,Primary,zpLEh72kC58ryRpxt,V2-Jaydin Krok,,,true,pm6BHERh3juv98LzD
