Statistics for Gauteng Province,Number,Total observed,Percentage
Schools with 1+ classes with 35+ students/teacher,72,127,56.69
Schools with 1+ classes with 40+ students/teacher,65,127,51.18
Schools with 1+ classes with 45+ students/teacher,58,127,45.67
Schools with 1+ classes with 50+ students/teacher,41,127,32.28
Schools with 1+ teachers without a desk,112,127,88.19
Schools with over 10 students without a chair,2,127,1.57
Schools with over 10 students without a desk,1,127,0.79
Schools with classrooms with a hole in ceiling or floor,64,127,50.39
Schools with irregular use of a classroom[1],20,127,15.75
Broken desks (percentage represents percentage of total desks observed),2496,28302,8.82
Broken chairs (percentage represents percentage of total chairs observed),4339,45707,9.49
Broken windows (percentage represents percentage of total chairs observed),1277,12029,10.62
